Demand_Month,Region,Material_ID,Material_Name,Historical_Usage_Qty,Open_Project_Demand_Qty,Seasonality_Index,Trend_Index,Forecast_Need_Qty,Safety_Stock_Qty,Total_Required_Qty,Available_Qty,Projected_Shortage_Qty,Projected_Shortage_Cost_$,Forecast_Scenario
2022-01-01,North,MAT-1001,Composite Utility Pole,214,19,0.87,1.0,203,41,244,242,2,4200,Base
2022-02-01,North,MAT-1001,Composite Utility Pole,192,11,0.92,1.01,189,38,227,219,8,16800,Base
2022-03-01,North,MAT-1001,Composite Utility Pole,230,14,1.0,1.02,249,50,299,255,44,92400,Base
2022-04-01,North,MAT-1001,Composite Utility Pole,206,84,1.08,1.03,323,65,388,353,35,73500,Base
2022-05-01,North,MAT-1001,Composite Utility Pole,282,26,1.13,1.041,362,72,434,420,14,29400,Base
2022-06-01,North,MAT-1001,Composite Utility Pole,220,63,1.15,1.051,342,68,410,475,0,0,Base
2022-07-01,North,MAT-1001,Composite Utility Pole,251,44,1.13,1.062,354,71,425,513,0,0,Base
2022-08-01,North,MAT-1001,Composite Utility Pole,241,99,1.08,1.072,394,79,473,454,19,39900,Base
2022-09-01,North,MAT-1001,Composite Utility Pole,208,40,1.0,1.083,269,54,323,366,0,0,Base
2022-10-01,North,MAT-1001,Composite Utility Pole,176,34,0.92,1.094,211,42,253,323,0,0,Base
2022-11-01,North,MAT-1001,Composite Utility Pole,218,12,0.87,1.105,221,44,265,233,32,67200,Base
2022-12-01,North,MAT-1001,Composite Utility Pole,154,41,0.85,1.116,185,37,222,208,14,29400,Base
2023-01-01,North,MAT-1001,Composite Utility Pole,169,57,0.87,1.127,222,44,266,383,0,0,Base
2023-02-01,North,MAT-1001,Composite Utility Pole,228,12,0.92,1.138,251,50,301,290,11,23100,Base
2023-03-01,North,MAT-1001,Composite Utility Pole,229,27,1.0,1.149,294,59,353,360,0,0,Base
2023-04-01,North,MAT-1001,Composite Utility Pole,241,35,1.08,1.161,346,69,415,576,0,0,Base
2023-05-01,North,MAT-1001,Composite Utility Pole,203,34,1.13,1.173,314,63,377,341,36,75600,Base
2023-06-01,North,MAT-1001,Composite Utility Pole,216,87,1.15,1.184,413,83,496,654,0,0,Base
2023-07-01,North,MAT-1001,Composite Utility Pole,283,22,1.13,1.196,412,82,494,435,59,123900,Base
2023-08-01,North,MAT-1001,Composite Utility Pole,223,48,1.08,1.208,354,71,425,491,0,0,Base
2023-09-01,North,MAT-1001,Composite Utility Pole,234,23,1.0,1.22,314,63,377,338,39,81900,Base
2023-10-01,North,MAT-1001,Composite Utility Pole,210,62,0.92,1.232,308,62,370,374,0,0,Base
2023-11-01,North,MAT-1001,Composite Utility Pole,214,68,0.87,1.245,305,61,366,357,9,18900,Base
2023-12-01,North,MAT-1001,Composite Utility Pole,204,87,0.85,1.257,311,62,373,447,0,0,Base
2024-01-01,North,MAT-1001,Composite Utility Pole,189,76,0.87,1.27,293,59,352,333,19,39900,Base
2024-02-01,North,MAT-1001,Composite Utility Pole,224,35,0.92,1.282,306,61,367,525,0,0,Base
2024-03-01,North,MAT-1001,Composite Utility Pole,212,78,1.0,1.295,376,75,451,586,0,0,Base
2024-04-01,North,MAT-1001,Composite Utility Pole,203,66,1.08,1.308,380,76,456,656,0,0,Base
2024-05-01,North,MAT-1001,Composite Utility Pole,272,111,1.13,1.321,572,114,686,761,0,0,Base
2024-06-01,North,MAT-1001,Composite Utility Pole,250,76,1.15,1.335,500,100,600,721,0,0,Base
2024-07-01,North,MAT-1001,Composite Utility Pole,287,41,1.13,1.348,500,100,600,580,20,42000,Base
2024-08-01,North,MAT-1001,Composite Utility Pole,205,64,1.08,1.361,395,79,474,468,6,12600,Base
2024-09-01,North,MAT-1001,Composite Utility Pole,180,22,1.0,1.375,278,56,334,300,34,71400,Base
2024-10-01,North,MAT-1001,Composite Utility Pole,214,85,0.92,1.389,382,76,458,650,0,0,Base
2024-11-01,North,MAT-1001,Composite Utility Pole,208,79,0.87,1.403,350,70,420,544,0,0,Base
2024-12-01,North,MAT-1001,Composite Utility Pole,185,23,0.85,1.417,250,50,300,287,13,27300,Base
2025-01-01,North,MAT-1001,Composite Utility Pole,155,25,0.87,1.431,224,45,269,270,0,0,Base
2025-02-01,North,MAT-1001,Composite Utility Pole,240,104,0.92,1.445,457,91,548,747,0,0,Base
2025-03-01,North,MAT-1001,Composite Utility Pole,249,27,1.0,1.46,403,81,484,687,0,0,Base
2025-04-01,North,MAT-1001,Composite Utility Pole,241,16,1.08,1.474,409,82,491,548,0,0,Base
2025-05-01,North,MAT-1001,Composite Utility Pole,203,64,1.13,1.489,449,90,539,475,64,134400,Base
2025-06-01,North,MAT-1001,Composite Utility Pole,278,47,1.15,1.504,562,112,674,600,74,155400,Base
2025-07-01,North,MAT-1001,Composite Utility Pole,267,113,1.13,1.519,652,130,782,1098,0,0,Base
2025-08-01,North,MAT-1001,Composite Utility Pole,192,50,1.08,1.534,401,80,481,547,0,0,Base
2025-09-01,North,MAT-1001,Composite Utility Pole,231,16,1.0,1.549,383,77,460,413,47,98700,Base
2025-10-01,North,MAT-1001,Composite Utility Pole,219,29,0.92,1.565,357,71,428,579,0,0,Base
2025-11-01,North,MAT-1001,Composite Utility Pole,194,52,0.87,1.58,338,68,406,362,44,92400,Base
2025-12-01,North,MAT-1001,Composite Utility Pole,159,36,0.85,1.596,265,53,318,336,0,0,Base
2026-01-01,North,MAT-1001,Composite Utility Pole,227,35,0.87,1.612,367,73,440,406,34,71400,Base
2026-02-01,North,MAT-1001,Composite Utility Pole,205,89,0.92,1.628,440,88,528,556,0,0,Base
2026-03-01,North,MAT-1001,Composite Utility Pole,251,102,1.0,1.645,581,116,697,956,0,0,Base
2026-04-01,North,MAT-1001,Composite Utility Pole,196,81,1.08,1.661,497,99,596,675,0,0,Base
2026-05-01,North,MAT-1001,Composite Utility Pole,232,51,1.13,1.678,537,107,644,556,88,184800,Base
2026-06-01,North,MAT-1001,Composite Utility Pole,274,78,1.15,1.694,686,137,823,1169,0,0,Base
2026-07-01,North,MAT-1001,Composite Utility Pole,238,52,1.13,1.711,561,112,673,732,0,0,Base
2026-08-01,North,MAT-1001,Composite Utility Pole,219,53,1.08,1.729,508,102,610,546,64,134400,Base
2026-09-01,North,MAT-1001,Composite Utility Pole,214,67,1.0,1.746,491,98,589,643,0,0,Base
2026-10-01,North,MAT-1001,Composite Utility Pole,238,38,0.92,1.763,448,90,538,599,0,0,Base
2026-11-01,North,MAT-1001,Composite Utility Pole,193,80,0.87,1.781,423,85,508,522,0,0,Base
2026-12-01,North,MAT-1001,Composite Utility Pole,163,11,0.85,1.799,266,53,319,409,0,0,Base
2022-01-01,South,MAT-1001,Composite Utility Pole,161,52,0.87,1.0,185,37,222,314,0,0,Base
2022-02-01,South,MAT-1001,Composite Utility Pole,177,66,0.92,1.01,226,45,271,259,12,25200,Base
2022-03-01,South,MAT-1001,Composite Utility Pole,202,51,1.0,1.02,258,52,310,317,0,0,Base
2022-04-01,South,MAT-1001,Composite Utility Pole,239,66,1.08,1.03,339,68,407,479,0,0,Base
2022-05-01,South,MAT-1001,Composite Utility Pole,204,19,1.13,1.041,262,52,314,301,13,27300,Base
2022-06-01,South,MAT-1001,Composite Utility Pole,218,85,1.15,1.051,366,73,439,487,0,0,Base
2022-07-01,South,MAT-1001,Composite Utility Pole,246,23,1.13,1.062,323,65,388,550,0,0,Base
2022-08-01,South,MAT-1001,Composite Utility Pole,226,36,1.08,1.072,303,61,364,478,0,0,Base
2022-09-01,South,MAT-1001,Composite Utility Pole,223,90,1.0,1.083,339,68,407,512,0,0,Base
2022-10-01,South,MAT-1001,Composite Utility Pole,178,13,0.92,1.094,192,38,230,210,20,42000,Base
2022-11-01,South,MAT-1001,Composite Utility Pole,213,62,0.87,1.105,264,53,317,368,0,0,Base
2022-12-01,South,MAT-1001,Composite Utility Pole,149,11,0.85,1.116,152,30,182,200,0,0,Base
2023-01-01,South,MAT-1001,Composite Utility Pole,179,53,0.87,1.127,227,45,272,237,35,73500,Base
2023-02-01,South,MAT-1001,Composite Utility Pole,169,60,0.92,1.138,240,48,288,285,3,6300,Base
2023-03-01,South,MAT-1001,Composite Utility Pole,189,60,1.0,1.149,286,57,343,493,0,0,Base
2023-04-01,South,MAT-1001,Composite Utility Pole,265,60,1.08,1.161,408,82,490,702,0,0,Base
2023-05-01,South,MAT-1001,Composite Utility Pole,277,49,1.13,1.173,432,86,518,701,0,0,Base
2023-06-01,South,MAT-1001,Composite Utility Pole,237,48,1.15,1.184,388,78,466,524,0,0,Base
2023-07-01,South,MAT-1001,Composite Utility Pole,217,30,1.13,1.196,334,67,401,511,0,0,Base
2023-08-01,South,MAT-1001,Composite Utility Pole,187,47,1.08,1.208,305,61,366,510,0,0,Base
2023-09-01,South,MAT-1001,Composite Utility Pole,175,41,1.0,1.22,264,53,317,369,0,0,Base
2023-10-01,South,MAT-1001,Composite Utility Pole,221,49,0.92,1.232,306,61,367,318,49,102900,Base
2023-11-01,South,MAT-1001,Composite Utility Pole,161,64,0.87,1.245,244,49,293,414,0,0,Base
2023-12-01,South,MAT-1001,Composite Utility Pole,170,20,0.85,1.257,203,41,244,323,0,0,Base
2024-01-01,South,MAT-1001,Composite Utility Pole,196,72,0.87,1.27,296,59,355,478,0,0,Base
2024-02-01,South,MAT-1001,Composite Utility Pole,163,45,0.92,1.282,245,49,294,410,0,0,Base
2024-03-01,South,MAT-1001,Composite Utility Pole,246,35,1.0,1.295,364,73,437,417,20,42000,Base
2024-04-01,South,MAT-1001,Composite Utility Pole,229,42,1.08,1.308,383,77,460,558,0,0,Base
2024-05-01,South,MAT-1001,Composite Utility Pole,265,58,1.13,1.321,482,96,578,649,0,0,Base
2024-06-01,South,MAT-1001,Composite Utility Pole,257,97,1.15,1.335,543,109,652,626,26,54600,Base
2024-07-01,South,MAT-1001,Composite Utility Pole,263,32,1.13,1.348,449,90,539,640,0,0,Base
2024-08-01,South,MAT-1001,Composite Utility Pole,251,16,1.08,1.361,393,79,472,597,0,0,Base
2024-09-01,South,MAT-1001,Composite Utility Pole,210,43,1.0,1.375,348,70,418,541,0,0,Base
2024-10-01,South,MAT-1001,Composite Utility Pole,173,20,0.92,1.389,247,49,296,262,34,71400,Base
2024-11-01,South,MAT-1001,Composite Utility Pole,157,64,0.87,1.403,270,54,324,420,0,0,Base
2024-12-01,South,MAT-1001,Composite Utility Pole,199,50,0.85,1.417,300,60,360,497,0,0,Base
2025-01-01,South,MAT-1001,Composite Utility Pole,177,13,0.87,1.431,237,47,284,267,17,35700,Base
2025-02-01,South,MAT-1001,Composite Utility Pole,201,68,0.92,1.445,358,72,430,495,0,0,Base
2025-03-01,South,MAT-1001,Composite Utility Pole,170,54,1.0,1.46,327,65,392,488,0,0,Base
2025-04-01,South,MAT-1001,Composite Utility Pole,220,46,1.08,1.474,423,85,508,732,0,0,Base
2025-05-01,South,MAT-1001,Composite Utility Pole,267,70,1.13,1.489,567,113,680,838,0,0,Base
2025-06-01,South,MAT-1001,Composite Utility Pole,193,83,1.15,1.504,477,95,572,683,0,0,Base
2025-07-01,South,MAT-1001,Composite Utility Pole,192,34,1.13,1.519,388,78,466,673,0,0,Base
2025-08-01,South,MAT-1001,Composite Utility Pole,255,98,1.08,1.534,585,117,702,943,0,0,Base
2025-09-01,South,MAT-1001,Composite Utility Pole,219,98,1.0,1.549,491,98,589,845,0,0,Base
2025-10-01,South,MAT-1001,Composite Utility Pole,225,57,0.92,1.565,406,81,487,473,14,29400,Base
2025-11-01,South,MAT-1001,Composite Utility Pole,178,19,0.87,1.58,271,54,325,294,31,65100,Base
2025-12-01,South,MAT-1001,Composite Utility Pole,172,41,0.85,1.596,289,58,347,350,0,0,Base
2026-01-01,South,MAT-1001,Composite Utility Pole,205,76,0.87,1.612,394,79,473,607,0,0,Base
2026-02-01,South,MAT-1001,Composite Utility Pole,160,54,0.92,1.628,321,64,385,399,0,0,Base
2026-03-01,South,MAT-1001,Composite Utility Pole,234,40,1.0,1.645,451,90,541,647,0,0,Base
2026-04-01,South,MAT-1001,Composite Utility Pole,260,36,1.08,1.661,531,106,637,910,0,0,Base
2026-05-01,South,MAT-1001,Composite Utility Pole,189,15,1.13,1.678,387,77,464,628,0,0,Base
2026-06-01,South,MAT-1001,Composite Utility Pole,278,101,1.15,1.694,739,148,887,840,47,98700,Base
2026-07-01,South,MAT-1001,Composite Utility Pole,262,116,1.13,1.711,731,146,877,852,25,52500,Base
2026-08-01,South,MAT-1001,Composite Utility Pole,221,52,1.08,1.729,510,102,612,803,0,0,Base
2026-09-01,South,MAT-1001,Composite Utility Pole,202,67,1.0,1.746,470,94,564,542,22,46200,Base
2026-10-01,South,MAT-1001,Composite Utility Pole,155,65,0.92,1.763,357,71,428,433,0,0,Base
2026-11-01,South,MAT-1001,Composite Utility Pole,164,69,0.87,1.781,361,72,433,535,0,0,Base
2026-12-01,South,MAT-1001,Composite Utility Pole,158,25,0.85,1.799,280,56,336,417,0,0,Base
2022-01-01,East,MAT-1001,Composite Utility Pole,209,19,0.87,1.0,198,40,238,278,0,0,Base
2022-02-01,East,MAT-1001,Composite Utility Pole,291,95,0.92,1.01,359,72,431,608,0,0,Base
2022-03-01,East,MAT-1001,Composite Utility Pole,309,47,1.0,1.02,363,73,436,593,0,0,Base
2022-04-01,East,MAT-1001,Composite Utility Pole,256,82,1.08,1.03,376,75,451,597,0,0,Base
2022-05-01,East,MAT-1001,Composite Utility Pole,267,38,1.13,1.041,359,72,431,429,2,4200,Base
2022-06-01,East,MAT-1001,Composite Utility Pole,332,22,1.15,1.051,428,86,514,552,0,0,Base
2022-07-01,East,MAT-1001,Composite Utility Pole,350,148,1.13,1.062,597,119,716,853,0,0,Base
2022-08-01,East,MAT-1001,Composite Utility Pole,281,61,1.08,1.072,396,79,475,573,0,0,Base
2022-09-01,East,MAT-1001,Composite Utility Pole,259,77,1.0,1.083,364,73,437,589,0,0,Base
2022-10-01,East,MAT-1001,Composite Utility Pole,231,65,0.92,1.094,298,60,358,316,42,88200,Base
2022-11-01,East,MAT-1001,Composite Utility Pole,210,55,0.87,1.105,255,51,306,362,0,0,Base
2022-12-01,East,MAT-1001,Composite Utility Pole,258,18,0.85,1.116,262,52,314,395,0,0,Base
2023-01-01,East,MAT-1001,Composite Utility Pole,260,80,0.87,1.127,333,67,400,435,0,0,Base
2023-02-01,East,MAT-1001,Composite Utility Pole,265,92,0.92,1.138,374,75,449,639,0,0,Base
2023-03-01,East,MAT-1001,Composite Utility Pole,232,21,1.0,1.149,291,58,349,327,22,46200,Base
2023-04-01,East,MAT-1001,Composite Utility Pole,272,32,1.08,1.161,381,76,457,661,0,0,Base
2023-05-01,East,MAT-1001,Composite Utility Pole,254,111,1.13,1.173,484,97,581,592,0,0,Base
2023-06-01,East,MAT-1001,Composite Utility Pole,286,82,1.15,1.184,501,100,601,672,0,0,Base
2023-07-01,East,MAT-1001,Composite Utility Pole,355,59,1.13,1.196,560,112,672,604,68,142800,Base
2023-08-01,East,MAT-1001,Composite Utility Pole,237,43,1.08,1.208,365,73,438,441,0,0,Base
2023-09-01,East,MAT-1001,Composite Utility Pole,307,107,1.0,1.22,505,101,606,808,0,0,Base
2023-10-01,East,MAT-1001,Composite Utility Pole,210,11,0.92,1.232,251,50,301,362,0,0,Base
2023-11-01,East,MAT-1001,Composite Utility Pole,215,39,0.87,1.245,275,55,330,399,0,0,Base
2023-12-01,East,MAT-1001,Composite Utility Pole,205,80,0.85,1.257,305,61,366,527,0,0,Base
2024-01-01,East,MAT-1001,Composite Utility Pole,269,32,0.87,1.27,333,67,400,486,0,0,Base
2024-02-01,East,MAT-1001,Composite Utility Pole,273,112,0.92,1.282,454,91,545,751,0,0,Base
2024-03-01,East,MAT-1001,Composite Utility Pole,281,61,1.0,1.295,443,89,532,710,0,0,Base
2024-04-01,East,MAT-1001,Composite Utility Pole,251,34,1.08,1.308,403,81,484,531,0,0,Base
2024-05-01,East,MAT-1001,Composite Utility Pole,274,31,1.13,1.321,455,91,546,545,1,2100,Base
2024-06-01,East,MAT-1001,Composite Utility Pole,327,76,1.15,1.335,618,124,742,1037,0,0,Base
2024-07-01,East,MAT-1001,Composite Utility Pole,245,48,1.13,1.348,446,89,535,589,0,0,Base
2024-08-01,East,MAT-1001,Composite Utility Pole,337,86,1.08,1.361,622,124,746,661,85,178500,Base
2024-09-01,East,MAT-1001,Composite Utility Pole,215,53,1.0,1.375,368,74,442,527,0,0,Base
2024-10-01,East,MAT-1001,Composite Utility Pole,242,77,0.92,1.389,408,82,490,425,65,136500,Base
2024-11-01,East,MAT-1001,Composite Utility Pole,239,101,0.87,1.403,415,83,498,635,0,0,Base
2024-12-01,East,MAT-1001,Composite Utility Pole,248,84,0.85,1.417,400,80,480,529,0,0,Base
2025-01-01,East,MAT-1001,Composite Utility Pole,190,83,0.87,1.431,340,68,408,486,0,0,Base
2025-02-01,East,MAT-1001,Composite Utility Pole,248,39,0.92,1.445,382,76,458,434,24,50400,Base
2025-03-01,East,MAT-1001,Composite Utility Pole,219,66,1.0,1.46,416,83,499,510,0,0,Base
2025-04-01,East,MAT-1001,Composite Utility Pole,250,62,1.08,1.474,497,99,596,860,0,0,Base
2025-05-01,East,MAT-1001,Composite Utility Pole,296,113,1.13,1.489,688,138,826,953,0,0,Base
2025-06-01,East,MAT-1001,Composite Utility Pole,291,96,1.15,1.504,669,134,803,1016,0,0,Base
2025-07-01,East,MAT-1001,Composite Utility Pole,346,94,1.13,1.519,755,151,906,1283,0,0,Base
2025-08-01,East,MAT-1001,Composite Utility Pole,244,29,1.08,1.534,452,90,542,684,0,0,Base
2025-09-01,East,MAT-1001,Composite Utility Pole,223,36,1.0,1.549,401,80,481,438,43,90300,Base
2025-10-01,East,MAT-1001,Composite Utility Pole,289,66,0.92,1.565,511,102,613,617,0,0,Base
2025-11-01,East,MAT-1001,Composite Utility Pole,191,78,0.87,1.58,370,74,444,598,0,0,Base
2025-12-01,East,MAT-1001,Composite Utility Pole,198,28,0.85,1.596,307,61,368,325,43,90300,Base
2026-01-01,East,MAT-1001,Composite Utility Pole,188,45,0.87,1.612,327,65,392,566,0,0,Base
2026-02-01,East,MAT-1001,Composite Utility Pole,272,60,0.92,1.628,497,99,596,704,0,0,Base
2026-03-01,East,MAT-1001,Composite Utility Pole,223,84,1.0,1.645,505,101,606,526,80,168000,Base
2026-04-01,East,MAT-1001,Composite Utility Pole,341,65,1.08,1.661,728,146,874,825,49,102900,Base
2026-05-01,East,MAT-1001,Composite Utility Pole,335,61,1.13,1.678,751,150,901,888,13,27300,Base
2026-06-01,East,MAT-1001,Composite Utility Pole,325,123,1.15,1.694,873,175,1048,1357,0,0,Base
2026-07-01,East,MAT-1001,Composite Utility Pole,333,30,1.13,1.711,702,140,842,1139,0,0,Base
2026-08-01,East,MAT-1001,Composite Utility Pole,282,23,1.08,1.729,569,114,683,647,36,75600,Base
2026-09-01,East,MAT-1001,Composite Utility Pole,225,78,1.0,1.746,529,106,635,845,0,0,Base
2026-10-01,East,MAT-1001,Composite Utility Pole,266,55,0.92,1.763,521,104,625,879,0,0,Base
2026-11-01,East,MAT-1001,Composite Utility Pole,240,47,0.87,1.781,445,89,534,635,0,0,Base
2026-12-01,East,MAT-1001,Composite Utility Pole,260,26,0.85,1.799,437,87,524,709,0,0,Base
2022-01-01,West,MAT-1001,Composite Utility Pole,232,94,0.87,1.0,284,57,341,350,0,0,Base
2022-02-01,West,MAT-1001,Composite Utility Pole,192,12,0.92,1.01,190,38,228,205,23,48300,Base
2022-03-01,West,MAT-1001,Composite Utility Pole,255,55,1.0,1.02,316,63,379,334,45,94500,Base
2022-04-01,West,MAT-1001,Composite Utility Pole,230,86,1.08,1.03,352,70,422,416,6,12600,Base
2022-05-01,West,MAT-1001,Composite Utility Pole,305,128,1.13,1.041,509,102,611,689,0,0,Base
2022-06-01,West,MAT-1001,Composite Utility Pole,233,47,1.15,1.051,338,68,406,419,0,0,Base
2022-07-01,West,MAT-1001,Composite Utility Pole,252,67,1.13,1.062,383,77,460,439,21,44100,Base
2022-08-01,West,MAT-1001,Composite Utility Pole,221,77,1.08,1.072,345,69,414,353,61,128100,Base
2022-09-01,West,MAT-1001,Composite Utility Pole,228,69,1.0,1.083,322,64,386,540,0,0,Base
2022-10-01,West,MAT-1001,Composite Utility Pole,250,103,0.92,1.094,355,71,426,575,0,0,Base
2022-11-01,West,MAT-1001,Composite Utility Pole,164,24,0.87,1.105,181,36,217,254,0,0,Base
2022-12-01,West,MAT-1001,Composite Utility Pole,211,83,0.85,1.116,279,56,335,476,0,0,Base
2023-01-01,West,MAT-1001,Composite Utility Pole,237,19,0.87,1.127,251,50,301,316,0,0,Base
2023-02-01,West,MAT-1001,Composite Utility Pole,174,24,0.92,1.138,207,41,248,240,8,16800,Base
2023-03-01,West,MAT-1001,Composite Utility Pole,249,106,1.0,1.149,408,82,490,481,9,18900,Base
2023-04-01,West,MAT-1001,Composite Utility Pole,218,66,1.08,1.161,356,71,427,564,0,0,Base
2023-05-01,West,MAT-1001,Composite Utility Pole,263,91,1.13,1.173,469,94,563,515,48,100800,Base
2023-06-01,West,MAT-1001,Composite Utility Pole,279,108,1.15,1.184,527,105,632,713,0,0,Base
2023-07-01,West,MAT-1001,Composite Utility Pole,224,96,1.13,1.196,433,87,520,459,61,128100,Base
2023-08-01,West,MAT-1001,Composite Utility Pole,238,89,1.08,1.208,427,85,512,657,0,0,Base
2023-09-01,West,MAT-1001,Composite Utility Pole,257,19,1.0,1.22,337,67,404,554,0,0,Base
2023-10-01,West,MAT-1001,Composite Utility Pole,203,54,0.92,1.232,291,58,349,481,0,0,Base
2023-11-01,West,MAT-1001,Composite Utility Pole,171,28,0.87,1.245,215,43,258,349,0,0,Base
2023-12-01,West,MAT-1001,Composite Utility Pole,232,52,0.85,1.257,303,61,364,334,30,63000,Base
2024-01-01,West,MAT-1001,Composite Utility Pole,224,12,0.87,1.27,261,52,313,341,0,0,Base
2024-02-01,West,MAT-1001,Composite Utility Pole,206,54,0.92,1.282,307,61,368,405,0,0,Base
2024-03-01,West,MAT-1001,Composite Utility Pole,254,52,1.0,1.295,396,79,475,496,0,0,Base
2024-04-01,West,MAT-1001,Composite Utility Pole,276,14,1.08,1.308,410,82,492,455,37,77700,Base
2024-05-01,West,MAT-1001,Composite Utility Pole,300,49,1.13,1.321,521,104,625,801,0,0,Base
2024-06-01,West,MAT-1001,Composite Utility Pole,255,17,1.15,1.335,417,83,500,506,0,0,Base
2024-07-01,West,MAT-1001,Composite Utility Pole,253,63,1.13,1.348,481,96,577,573,4,8400,Base
2024-08-01,West,MAT-1001,Composite Utility Pole,245,32,1.08,1.361,407,81,488,657,0,0,Base
2024-09-01,West,MAT-1001,Composite Utility Pole,187,42,1.0,1.375,315,63,378,503,0,0,Base
2024-10-01,West,MAT-1001,Composite Utility Pole,251,102,0.92,1.389,451,90,541,709,0,0,Base
2024-11-01,West,MAT-1001,Composite Utility Pole,183,41,0.87,1.403,273,55,328,434,0,0,Base
2024-12-01,West,MAT-1001,Composite Utility Pole,219,62,0.85,1.417,338,68,406,407,0,0,Base
2025-01-01,West,MAT-1001,Composite Utility Pole,175,75,0.87,1.431,311,62,373,433,0,0,Base
2025-02-01,West,MAT-1001,Composite Utility Pole,226,84,0.92,1.445,412,82,494,617,0,0,Base
2025-03-01,West,MAT-1001,Composite Utility Pole,221,15,1.0,1.46,344,69,413,482,0,0,Base
2025-04-01,West,MAT-1001,Composite Utility Pole,243,83,1.08,1.474,519,104,623,697,0,0,Base
2025-05-01,West,MAT-1001,Composite Utility Pole,274,36,1.13,1.489,522,104,626,707,0,0,Base
2025-06-01,West,MAT-1001,Composite Utility Pole,291,97,1.15,1.504,671,134,805,1130,0,0,Base
2025-07-01,West,MAT-1001,Composite Utility Pole,234,59,1.13,1.519,503,101,604,851,0,0,Base
2025-08-01,West,MAT-1001,Composite Utility Pole,284,77,1.08,1.534,598,120,718,611,107,224700,Base
2025-09-01,West,MAT-1001,Composite Utility Pole,238,104,1.0,1.549,530,106,636,631,5,10500,Base
2025-10-01,West,MAT-1001,Composite Utility Pole,247,26,0.92,1.565,393,79,472,436,36,75600,Base
2025-11-01,West,MAT-1001,Composite Utility Pole,195,31,0.87,1.58,311,62,373,492,0,0,Base
2025-12-01,West,MAT-1001,Composite Utility Pole,189,20,0.85,1.596,284,57,341,451,0,0,Base
2026-01-01,West,MAT-1001,Composite Utility Pole,216,46,0.87,1.612,367,73,440,401,39,81900,Base
2026-02-01,West,MAT-1001,Composite Utility Pole,200,86,0.92,1.628,428,86,514,673,0,0,Base
2026-03-01,West,MAT-1001,Composite Utility Pole,213,72,1.0,1.645,469,94,563,785,0,0,Base
2026-04-01,West,MAT-1001,Composite Utility Pole,282,86,1.08,1.661,660,132,792,933,0,0,Base
2026-05-01,West,MAT-1001,Composite Utility Pole,285,84,1.13,1.678,700,140,840,817,23,48300,Base
2026-06-01,West,MAT-1001,Composite Utility Pole,218,87,1.15,1.694,594,119,713,1009,0,0,Base
2026-07-01,West,MAT-1001,Composite Utility Pole,293,99,1.13,1.711,758,152,910,961,0,0,Base
2026-08-01,West,MAT-1001,Composite Utility Pole,261,100,1.08,1.729,674,135,809,1057,0,0,Base
2026-09-01,West,MAT-1001,Composite Utility Pole,219,17,1.0,1.746,412,82,494,471,23,48300,Base
2026-10-01,West,MAT-1001,Composite Utility Pole,215,86,0.92,1.763,488,98,586,560,26,54600,Base
2026-11-01,West,MAT-1001,Composite Utility Pole,240,90,0.87,1.781,511,102,613,823,0,0,Base
2026-12-01,West,MAT-1001,Composite Utility Pole,194,31,0.85,1.799,344,69,413,462,0,0,Base
2022-01-01,North,MAT-1002,Crossarm Assembly,75,30,0.87,1.0,91,18,109,154,0,0,Base
2022-02-01,North,MAT-1002,Crossarm Assembly,82,8,0.92,1.01,84,17,101,91,10,4200,Base
2022-03-01,North,MAT-1002,Crossarm Assembly,73,21,1.0,1.02,96,19,115,151,0,0,Base
2022-04-01,North,MAT-1002,Crossarm Assembly,94,18,1.08,1.03,125,25,150,141,9,3780,Base
2022-05-01,North,MAT-1002,Crossarm Assembly,84,22,1.13,1.041,125,25,150,139,11,4620,Base
2022-06-01,North,MAT-1002,Crossarm Assembly,86,35,1.15,1.051,146,29,175,156,19,7980,Base
2022-07-01,North,MAT-1002,Crossarm Assembly,78,27,1.13,1.062,126,25,151,200,0,0,Base
2022-08-01,North,MAT-1002,Crossarm Assembly,104,38,1.08,1.072,164,33,197,190,7,2940,Base
2022-09-01,North,MAT-1002,Crossarm Assembly,74,11,1.0,1.083,92,18,110,133,0,0,Base
2022-10-01,North,MAT-1002,Crossarm Assembly,81,27,0.92,1.094,109,22,131,124,7,2940,Base
2022-11-01,North,MAT-1002,Crossarm Assembly,60,15,0.87,1.105,72,14,86,75,11,4620,Base
2022-12-01,North,MAT-1002,Crossarm Assembly,75,24,0.85,1.116,94,19,113,134,0,0,Base
2023-01-01,North,MAT-1002,Crossarm Assembly,74,20,0.87,1.127,92,18,110,151,0,0,Base
2023-02-01,North,MAT-1002,Crossarm Assembly,86,36,0.92,1.138,128,26,154,175,0,0,Base
2023-03-01,North,MAT-1002,Crossarm Assembly,68,22,1.0,1.149,103,21,124,129,0,0,Base
2023-04-01,North,MAT-1002,Crossarm Assembly,78,11,1.08,1.161,112,22,134,129,5,2100,Base
2023-05-01,North,MAT-1002,Crossarm Assembly,81,26,1.13,1.173,142,28,170,240,0,0,Base
2023-06-01,North,MAT-1002,Crossarm Assembly,81,28,1.15,1.184,148,30,178,255,0,0,Base
2023-07-01,North,MAT-1002,Crossarm Assembly,87,15,1.13,1.196,138,28,166,191,0,0,Base
2023-08-01,North,MAT-1002,Crossarm Assembly,110,34,1.08,1.208,188,38,226,222,4,1680,Base
2023-09-01,North,MAT-1002,Crossarm Assembly,78,19,1.0,1.22,118,24,142,173,0,0,Base
2023-10-01,North,MAT-1002,Crossarm Assembly,92,19,0.92,1.232,126,25,151,151,0,0,Base
2023-11-01,North,MAT-1002,Crossarm Assembly,84,24,0.87,1.245,117,23,140,170,0,0,Base
2023-12-01,North,MAT-1002,Crossarm Assembly,73,30,0.85,1.257,110,22,132,145,0,0,Base
2024-01-01,North,MAT-1002,Crossarm Assembly,61,11,0.87,1.27,80,16,96,125,0,0,Base
2024-02-01,North,MAT-1002,Crossarm Assembly,89,28,0.92,1.282,138,28,166,238,0,0,Base
2024-03-01,North,MAT-1002,Crossarm Assembly,98,21,1.0,1.295,154,31,185,212,0,0,Base
2024-04-01,North,MAT-1002,Crossarm Assembly,110,34,1.08,1.308,203,41,244,343,0,0,Base
2024-05-01,North,MAT-1002,Crossarm Assembly,96,6,1.13,1.321,152,30,182,236,0,0,Base
2024-06-01,North,MAT-1002,Crossarm Assembly,111,47,1.15,1.335,242,48,290,276,14,5880,Base
2024-07-01,North,MAT-1002,Crossarm Assembly,103,36,1.13,1.348,212,42,254,253,1,420,Base
2024-08-01,North,MAT-1002,Crossarm Assembly,101,8,1.08,1.361,160,32,192,206,0,0,Base
2024-09-01,North,MAT-1002,Crossarm Assembly,90,26,1.0,1.375,159,32,191,185,6,2520,Base
2024-10-01,North,MAT-1002,Crossarm Assembly,84,18,0.92,1.389,130,26,156,223,0,0,Base
2024-11-01,North,MAT-1002,Crossarm Assembly,83,15,0.87,1.403,120,24,144,155,0,0,Base
2024-12-01,North,MAT-1002,Crossarm Assembly,59,9,0.85,1.417,82,16,98,118,0,0,Base
2025-01-01,North,MAT-1002,Crossarm Assembly,73,8,0.87,1.431,101,20,121,113,8,3360,Base
2025-02-01,North,MAT-1002,Crossarm Assembly,88,6,0.92,1.445,125,25,150,184,0,0,Base
2025-03-01,North,MAT-1002,Crossarm Assembly,71,25,1.0,1.46,140,28,168,223,0,0,Base
2025-04-01,North,MAT-1002,Crossarm Assembly,86,14,1.08,1.474,159,32,191,271,0,0,Base
2025-05-01,North,MAT-1002,Crossarm Assembly,89,15,1.13,1.489,175,35,210,289,0,0,Base
2025-06-01,North,MAT-1002,Crossarm Assembly,106,26,1.15,1.504,228,46,274,317,0,0,Base
2025-07-01,North,MAT-1002,Crossarm Assembly,115,41,1.13,1.519,268,54,322,369,0,0,Base
2025-08-01,North,MAT-1002,Crossarm Assembly,99,27,1.08,1.534,209,42,251,245,6,2520,Base
2025-09-01,North,MAT-1002,Crossarm Assembly,83,7,1.0,1.549,139,28,167,167,0,0,Base
2025-10-01,North,MAT-1002,Crossarm Assembly,77,14,0.92,1.565,131,26,157,169,0,0,Base
2025-11-01,North,MAT-1002,Crossarm Assembly,88,39,0.87,1.58,175,35,210,180,30,12600,Base
2025-12-01,North,MAT-1002,Crossarm Assembly,68,23,0.85,1.596,123,25,148,172,0,0,Base
2026-01-01,North,MAT-1002,Crossarm Assembly,69,28,0.87,1.612,136,27,163,190,0,0,Base
2026-02-01,North,MAT-1002,Crossarm Assembly,68,19,0.92,1.628,130,26,156,187,0,0,Base
2026-03-01,North,MAT-1002,Crossarm Assembly,72,9,1.0,1.645,133,27,160,147,13,5460,Base
2026-04-01,North,MAT-1002,Crossarm Assembly,96,41,1.08,1.661,246,49,295,323,0,0,Base
2026-05-01,North,MAT-1002,Crossarm Assembly,89,20,1.13,1.678,207,41,248,254,0,0,Base
2026-06-01,North,MAT-1002,Crossarm Assembly,81,23,1.15,1.694,203,41,244,270,0,0,Base
2026-07-01,North,MAT-1002,Crossarm Assembly,106,12,1.13,1.711,228,46,274,291,0,0,Base
2026-08-01,North,MAT-1002,Crossarm Assembly,83,19,1.08,1.729,190,38,228,245,0,0,Base
2026-09-01,North,MAT-1002,Crossarm Assembly,78,29,1.0,1.746,187,37,224,312,0,0,Base
2026-10-01,North,MAT-1002,Crossarm Assembly,69,8,0.92,1.763,125,25,150,204,0,0,Base
2026-11-01,North,MAT-1002,Crossarm Assembly,67,11,0.87,1.781,121,24,145,134,11,4620,Base
2026-12-01,North,MAT-1002,Crossarm Assembly,74,30,0.85,1.799,159,32,191,191,0,0,Base
2022-01-01,South,MAT-1002,Crossarm Assembly,70,24,0.87,1.0,82,16,98,107,0,0,Base
2022-02-01,South,MAT-1002,Crossarm Assembly,60,14,0.92,1.01,69,14,83,106,0,0,Base
2022-03-01,South,MAT-1002,Crossarm Assembly,75,15,1.0,1.02,92,18,110,129,0,0,Base
2022-04-01,South,MAT-1002,Crossarm Assembly,80,25,1.08,1.03,117,23,140,187,0,0,Base
2022-05-01,South,MAT-1002,Crossarm Assembly,87,15,1.13,1.041,120,24,144,163,0,0,Base
2022-06-01,South,MAT-1002,Crossarm Assembly,79,11,1.15,1.051,109,22,131,189,0,0,Base
2022-07-01,South,MAT-1002,Crossarm Assembly,92,17,1.13,1.062,131,26,157,149,8,3360,Base
2022-08-01,South,MAT-1002,Crossarm Assembly,94,20,1.08,1.072,132,26,158,200,0,0,Base
2022-09-01,South,MAT-1002,Crossarm Assembly,80,10,1.0,1.083,97,19,116,126,0,0,Base
2022-10-01,South,MAT-1002,Crossarm Assembly,78,27,0.92,1.094,106,21,127,134,0,0,Base
2022-11-01,South,MAT-1002,Crossarm Assembly,69,19,0.87,1.105,85,17,102,140,0,0,Base
2022-12-01,South,MAT-1002,Crossarm Assembly,78,17,0.85,1.116,90,18,108,94,14,5880,Base
2023-01-01,South,MAT-1002,Crossarm Assembly,79,24,0.87,1.127,101,20,121,174,0,0,Base
2023-02-01,South,MAT-1002,Crossarm Assembly,89,15,0.92,1.138,109,22,131,162,0,0,Base
2023-03-01,South,MAT-1002,Crossarm Assembly,71,5,1.0,1.149,87,17,104,122,0,0,Base
2023-04-01,South,MAT-1002,Crossarm Assembly,86,4,1.08,1.161,113,23,136,150,0,0,Base
2023-05-01,South,MAT-1002,Crossarm Assembly,79,20,1.13,1.173,131,26,157,135,22,9240,Base
2023-06-01,South,MAT-1002,Crossarm Assembly,77,29,1.15,1.184,144,29,173,192,0,0,Base
2023-07-01,South,MAT-1002,Crossarm Assembly,108,36,1.13,1.196,195,39,234,207,27,11340,Base
2023-08-01,South,MAT-1002,Crossarm Assembly,102,43,1.08,1.208,189,38,227,267,0,0,Base
2023-09-01,South,MAT-1002,Crossarm Assembly,76,8,1.0,1.22,102,20,122,170,0,0,Base
2023-10-01,South,MAT-1002,Crossarm Assembly,71,8,0.92,1.232,90,18,108,143,0,0,Base
2023-11-01,South,MAT-1002,Crossarm Assembly,67,13,0.87,1.245,87,17,104,130,0,0,Base
2023-12-01,South,MAT-1002,Crossarm Assembly,74,21,0.85,1.257,102,20,122,150,0,0,Base
2024-01-01,South,MAT-1002,Crossarm Assembly,78,14,0.87,1.27,102,20,122,166,0,0,Base
2024-02-01,South,MAT-1002,Crossarm Assembly,87,9,0.92,1.282,113,23,136,182,0,0,Base
2024-03-01,South,MAT-1002,Crossarm Assembly,82,10,1.0,1.295,119,24,143,185,0,0,Base
2024-04-01,South,MAT-1002,Crossarm Assembly,87,16,1.08,1.308,146,29,175,224,0,0,Base
2024-05-01,South,MAT-1002,Crossarm Assembly,96,15,1.13,1.321,166,33,199,240,0,0,Base
2024-06-01,South,MAT-1002,Crossarm Assembly,111,49,1.15,1.335,246,49,295,400,0,0,Base
2024-07-01,South,MAT-1002,Crossarm Assembly,95,35,1.13,1.348,198,40,238,248,0,0,Base
2024-08-01,South,MAT-1002,Crossarm Assembly,75,32,1.08,1.361,157,31,188,181,7,2940,Base
2024-09-01,South,MAT-1002,Crossarm Assembly,85,35,1.0,1.375,165,33,198,192,6,2520,Base
2024-10-01,South,MAT-1002,Crossarm Assembly,63,14,0.92,1.389,98,20,118,108,10,4200,Base
2024-11-01,South,MAT-1002,Crossarm Assembly,75,18,0.87,1.403,113,23,136,133,3,1260,Base
2024-12-01,South,MAT-1002,Crossarm Assembly,78,26,0.85,1.417,125,25,150,146,4,1680,Base
2025-01-01,South,MAT-1002,Crossarm Assembly,61,22,0.87,1.431,103,21,124,174,0,0,Base
2025-02-01,South,MAT-1002,Crossarm Assembly,78,5,0.92,1.445,110,22,132,133,0,0,Base
2025-03-01,South,MAT-1002,Crossarm Assembly,71,13,1.0,1.46,123,25,148,157,0,0,Base
2025-04-01,South,MAT-1002,Crossarm Assembly,89,6,1.08,1.474,151,30,181,213,0,0,Base
2025-05-01,South,MAT-1002,Crossarm Assembly,105,28,1.13,1.489,224,45,269,241,28,11760,Base
2025-06-01,South,MAT-1002,Crossarm Assembly,87,11,1.15,1.504,169,34,203,263,0,0,Base
2025-07-01,South,MAT-1002,Crossarm Assembly,94,13,1.13,1.519,184,37,221,292,0,0,Base
2025-08-01,South,MAT-1002,Crossarm Assembly,90,14,1.08,1.534,172,34,206,214,0,0,Base
2025-09-01,South,MAT-1002,Crossarm Assembly,91,14,1.0,1.549,163,33,196,265,0,0,Base
2025-10-01,South,MAT-1002,Crossarm Assembly,84,17,0.92,1.565,145,29,174,206,0,0,Base
2025-11-01,South,MAT-1002,Crossarm Assembly,77,29,0.87,1.58,146,29,175,224,0,0,Base
2025-12-01,South,MAT-1002,Crossarm Assembly,56,19,0.85,1.596,102,20,122,124,0,0,Base
2026-01-01,South,MAT-1002,Crossarm Assembly,64,9,0.87,1.612,102,20,122,159,0,0,Base
2026-02-01,South,MAT-1002,Crossarm Assembly,80,14,0.92,1.628,141,28,169,180,0,0,Base
2026-03-01,South,MAT-1002,Crossarm Assembly,97,8,1.0,1.645,173,35,208,281,0,0,Base
2026-04-01,South,MAT-1002,Crossarm Assembly,81,6,1.08,1.661,156,31,187,185,2,840,Base
2026-05-01,South,MAT-1002,Crossarm Assembly,93,28,1.13,1.678,229,46,275,252,23,9660,Base
2026-06-01,South,MAT-1002,Crossarm Assembly,76,6,1.15,1.694,160,32,192,274,0,0,Base
2026-07-01,South,MAT-1002,Crossarm Assembly,74,17,1.13,1.711,176,35,211,188,23,9660,Base
2026-08-01,South,MAT-1002,Crossarm Assembly,93,16,1.08,1.729,203,41,244,291,0,0,Base
2026-09-01,South,MAT-1002,Crossarm Assembly,77,23,1.0,1.746,175,35,210,196,14,5880,Base
2026-10-01,South,MAT-1002,Crossarm Assembly,78,31,0.92,1.763,177,35,212,296,0,0,Base
2026-11-01,South,MAT-1002,Crossarm Assembly,63,24,0.87,1.781,135,27,162,145,17,7140,Base
2026-12-01,South,MAT-1002,Crossarm Assembly,79,31,0.85,1.799,168,34,202,257,0,0,Base
2022-01-01,East,MAT-1002,Crossarm Assembly,72,14,0.87,1.0,75,15,90,127,0,0,Base
2022-02-01,East,MAT-1002,Crossarm Assembly,78,9,0.92,1.01,81,16,97,96,1,420,Base
2022-03-01,East,MAT-1002,Crossarm Assembly,96,7,1.0,1.02,105,21,126,120,6,2520,Base
2022-04-01,East,MAT-1002,Crossarm Assembly,129,14,1.08,1.03,159,32,191,235,0,0,Base
2022-05-01,East,MAT-1002,Crossarm Assembly,124,47,1.13,1.041,201,40,241,243,0,0,Base
2022-06-01,East,MAT-1002,Crossarm Assembly,140,56,1.15,1.051,237,47,284,369,0,0,Base
2022-07-01,East,MAT-1002,Crossarm Assembly,129,9,1.13,1.062,166,33,199,213,0,0,Base
2022-08-01,East,MAT-1002,Crossarm Assembly,115,49,1.08,1.072,190,38,228,240,0,0,Base
2022-09-01,East,MAT-1002,Crossarm Assembly,87,11,1.0,1.083,106,21,127,162,0,0,Base
2022-10-01,East,MAT-1002,Crossarm Assembly,111,44,0.92,1.094,156,31,187,209,0,0,Base
2022-11-01,East,MAT-1002,Crossarm Assembly,97,8,0.87,1.105,101,20,121,118,3,1260,Base
2022-12-01,East,MAT-1002,Crossarm Assembly,97,35,0.85,1.116,125,25,150,211,0,0,Base
2023-01-01,East,MAT-1002,Crossarm Assembly,85,8,0.87,1.127,91,18,109,97,12,5040,Base
2023-02-01,East,MAT-1002,Crossarm Assembly,112,35,0.92,1.138,154,31,185,250,0,0,Base
2023-03-01,East,MAT-1002,Crossarm Assembly,113,29,1.0,1.149,163,33,196,257,0,0,Base
2023-04-01,East,MAT-1002,Crossarm Assembly,118,46,1.08,1.161,206,41,247,342,0,0,Base
2023-05-01,East,MAT-1002,Crossarm Assembly,126,19,1.13,1.173,192,38,230,207,23,9660,Base
2023-06-01,East,MAT-1002,Crossarm Assembly,106,38,1.15,1.184,196,39,235,220,15,6300,Base
2023-07-01,East,MAT-1002,Crossarm Assembly,125,32,1.13,1.196,212,42,254,311,0,0,Base
2023-08-01,East,MAT-1002,Crossarm Assembly,124,41,1.08,1.208,215,43,258,290,0,0,Base
2023-09-01,East,MAT-1002,Crossarm Assembly,95,14,1.0,1.22,133,27,160,167,0,0,Base
2023-10-01,East,MAT-1002,Crossarm Assembly,105,19,0.92,1.232,141,28,169,170,0,0,Base
2023-11-01,East,MAT-1002,Crossarm Assembly,74,32,0.87,1.245,115,23,138,147,0,0,Base
2023-12-01,East,MAT-1002,Crossarm Assembly,83,33,0.85,1.257,124,25,149,167,0,0,Base
2024-01-01,East,MAT-1002,Crossarm Assembly,102,36,0.87,1.27,152,30,182,254,0,0,Base
2024-02-01,East,MAT-1002,Crossarm Assembly,112,23,0.92,1.282,159,32,191,200,0,0,Base
2024-03-01,East,MAT-1002,Crossarm Assembly,124,22,1.0,1.295,189,38,227,263,0,0,Base
2024-04-01,East,MAT-1002,Crossarm Assembly,130,39,1.08,1.308,239,48,287,328,0,0,Base
2024-05-01,East,MAT-1002,Crossarm Assembly,126,13,1.13,1.321,208,42,250,264,0,0,Base
2024-06-01,East,MAT-1002,Crossarm Assembly,129,55,1.15,1.335,282,56,338,433,0,0,Base
2024-07-01,East,MAT-1002,Crossarm Assembly,121,24,1.13,1.348,221,44,265,226,39,16380,Base
2024-08-01,East,MAT-1002,Crossarm Assembly,122,25,1.08,1.361,216,43,259,296,0,0,Base
2024-09-01,East,MAT-1002,Crossarm Assembly,106,10,1.0,1.375,159,32,191,218,0,0,Base
2024-10-01,East,MAT-1002,Crossarm Assembly,81,27,0.92,1.389,138,28,166,227,0,0,Base
2024-11-01,East,MAT-1002,Crossarm Assembly,77,12,0.87,1.403,109,22,131,155,0,0,Base
2024-12-01,East,MAT-1002,Crossarm Assembly,75,22,0.85,1.417,117,23,140,144,0,0,Base
2025-01-01,East,MAT-1002,Crossarm Assembly,85,11,0.87,1.431,119,24,143,136,7,2940,Base
2025-02-01,East,MAT-1002,Crossarm Assembly,78,13,0.92,1.445,121,24,145,178,0,0,Base
2025-03-01,East,MAT-1002,Crossarm Assembly,95,18,1.0,1.46,165,33,198,171,27,11340,Base
2025-04-01,East,MAT-1002,Crossarm Assembly,106,18,1.08,1.474,197,39,236,270,0,0,Base
2025-05-01,East,MAT-1002,Crossarm Assembly,96,35,1.13,1.489,220,44,264,268,0,0,Base
2025-06-01,East,MAT-1002,Crossarm Assembly,122,46,1.15,1.504,291,58,349,449,0,0,Base
2025-07-01,East,MAT-1002,Crossarm Assembly,122,31,1.13,1.519,263,53,316,390,0,0,Base
2025-08-01,East,MAT-1002,Crossarm Assembly,127,13,1.08,1.534,232,46,278,239,39,16380,Base
2025-09-01,East,MAT-1002,Crossarm Assembly,111,11,1.0,1.549,189,38,227,256,0,0,Base
2025-10-01,East,MAT-1002,Crossarm Assembly,101,32,0.92,1.565,191,38,229,291,0,0,Base
2025-11-01,East,MAT-1002,Crossarm Assembly,100,11,0.87,1.58,153,31,184,259,0,0,Base
2025-12-01,East,MAT-1002,Crossarm Assembly,102,19,0.85,1.596,164,33,197,226,0,0,Base
2026-01-01,East,MAT-1002,Crossarm Assembly,96,41,0.87,1.612,192,38,230,268,0,0,Base
2026-02-01,East,MAT-1002,Crossarm Assembly,103,19,0.92,1.628,183,37,220,236,0,0,Base
2026-03-01,East,MAT-1002,Crossarm Assembly,97,41,1.0,1.645,227,45,272,366,0,0,Base
2026-04-01,East,MAT-1002,Crossarm Assembly,89,39,1.08,1.661,230,46,276,300,0,0,Base
2026-05-01,East,MAT-1002,Crossarm Assembly,97,13,1.13,1.678,209,42,251,283,0,0,Base
2026-06-01,East,MAT-1002,Crossarm Assembly,99,23,1.15,1.694,238,48,286,250,36,15120,Base
2026-07-01,East,MAT-1002,Crossarm Assembly,125,33,1.13,1.711,306,61,367,504,0,0,Base
2026-08-01,East,MAT-1002,Crossarm Assembly,95,22,1.08,1.729,218,44,262,310,0,0,Base
2026-09-01,East,MAT-1002,Crossarm Assembly,96,13,1.0,1.746,190,38,228,199,29,12180,Base
2026-10-01,East,MAT-1002,Crossarm Assembly,106,7,0.92,1.763,183,37,220,316,0,0,Base
2026-11-01,East,MAT-1002,Crossarm Assembly,78,33,0.87,1.781,172,34,206,180,26,10920,Base
2026-12-01,East,MAT-1002,Crossarm Assembly,74,18,0.85,1.799,141,28,169,204,0,0,Base
2022-01-01,West,MAT-1002,Crossarm Assembly,73,19,0.87,1.0,80,16,96,132,0,0,Base
2022-02-01,West,MAT-1002,Crossarm Assembly,89,30,0.92,1.01,111,22,133,115,18,7560,Base
2022-03-01,West,MAT-1002,Crossarm Assembly,97,16,1.0,1.02,115,23,138,158,0,0,Base
2022-04-01,West,MAT-1002,Crossarm Assembly,95,42,1.08,1.03,152,30,182,236,0,0,Base
2022-05-01,West,MAT-1002,Crossarm Assembly,115,32,1.13,1.041,173,35,208,294,0,0,Base
2022-06-01,West,MAT-1002,Crossarm Assembly,102,26,1.15,1.051,155,31,186,206,0,0,Base
2022-07-01,West,MAT-1002,Crossarm Assembly,116,37,1.13,1.062,184,37,221,302,0,0,Base
2022-08-01,West,MAT-1002,Crossarm Assembly,115,46,1.08,1.072,186,37,223,260,0,0,Base
2022-09-01,West,MAT-1002,Crossarm Assembly,75,32,1.0,1.083,116,23,139,165,0,0,Base
2022-10-01,West,MAT-1002,Crossarm Assembly,93,41,0.92,1.094,135,27,162,205,0,0,Base
2022-11-01,West,MAT-1002,Crossarm Assembly,67,19,0.87,1.105,83,17,100,108,0,0,Base
2022-12-01,West,MAT-1002,Crossarm Assembly,62,23,0.85,1.116,81,16,97,90,7,2940,Base
2023-01-01,West,MAT-1002,Crossarm Assembly,63,5,0.87,1.127,67,13,80,78,2,840,Base
2023-02-01,West,MAT-1002,Crossarm Assembly,71,13,0.92,1.138,88,18,106,131,0,0,Base
2023-03-01,West,MAT-1002,Crossarm Assembly,94,9,1.0,1.149,118,24,142,170,0,0,Base
2023-04-01,West,MAT-1002,Crossarm Assembly,115,33,1.08,1.161,186,37,223,258,0,0,Base
2023-05-01,West,MAT-1002,Crossarm Assembly,112,8,1.13,1.173,159,32,191,172,19,7980,Base
2023-06-01,West,MAT-1002,Crossarm Assembly,116,35,1.15,1.184,206,41,247,277,0,0,Base
2023-07-01,West,MAT-1002,Crossarm Assembly,88,36,1.13,1.196,168,34,202,201,1,420,Base
2023-08-01,West,MAT-1002,Crossarm Assembly,99,33,1.08,1.208,172,34,206,224,0,0,Base
2023-09-01,West,MAT-1002,Crossarm Assembly,82,6,1.0,1.22,107,21,128,143,0,0,Base
2023-10-01,West,MAT-1002,Crossarm Assembly,76,33,0.92,1.232,124,25,149,182,0,0,Base
2023-11-01,West,MAT-1002,Crossarm Assembly,76,17,0.87,1.245,101,20,121,162,0,0,Base
2023-12-01,West,MAT-1002,Crossarm Assembly,83,21,0.85,1.257,111,22,133,174,0,0,Base
2024-01-01,West,MAT-1002,Crossarm Assembly,66,22,0.87,1.27,97,19,116,111,5,2100,Base
2024-02-01,West,MAT-1002,Crossarm Assembly,82,26,0.92,1.282,127,25,152,194,0,0,Base
2024-03-01,West,MAT-1002,Crossarm Assembly,100,33,1.0,1.295,172,34,206,237,0,0,Base
2024-04-01,West,MAT-1002,Crossarm Assembly,91,35,1.08,1.308,178,36,214,267,0,0,Base
2024-05-01,West,MAT-1002,Crossarm Assembly,121,23,1.13,1.321,215,43,258,304,0,0,Base
2024-06-01,West,MAT-1002,Crossarm Assembly,85,30,1.15,1.335,176,35,211,226,0,0,Base
2024-07-01,West,MAT-1002,Crossarm Assembly,82,17,1.13,1.348,151,30,181,232,0,0,Base
2024-08-01,West,MAT-1002,Crossarm Assembly,82,16,1.08,1.361,144,29,173,177,0,0,Base
2024-09-01,West,MAT-1002,Crossarm Assembly,90,6,1.0,1.375,132,26,158,140,18,7560,Base
2024-10-01,West,MAT-1002,Crossarm Assembly,85,19,0.92,1.389,133,27,160,170,0,0,Base
2024-11-01,West,MAT-1002,Crossarm Assembly,84,23,0.87,1.403,131,26,157,217,0,0,Base
2024-12-01,West,MAT-1002,Crossarm Assembly,86,17,0.85,1.417,124,25,149,150,0,0,Base
2025-01-01,West,MAT-1002,Crossarm Assembly,70,22,0.87,1.431,115,23,138,192,0,0,Base
2025-02-01,West,MAT-1002,Crossarm Assembly,78,28,0.92,1.445,141,28,169,149,20,8400,Base
2025-03-01,West,MAT-1002,Crossarm Assembly,89,23,1.0,1.46,163,33,196,271,0,0,Base
2025-04-01,West,MAT-1002,Crossarm Assembly,82,26,1.08,1.474,172,34,206,258,0,0,Base
2025-05-01,West,MAT-1002,Crossarm Assembly,92,38,1.13,1.489,219,44,263,251,12,5040,Base
2025-06-01,West,MAT-1002,Crossarm Assembly,122,13,1.15,1.504,233,47,280,377,0,0,Base
2025-07-01,West,MAT-1002,Crossarm Assembly,98,11,1.13,1.519,187,37,224,269,0,0,Base
2025-08-01,West,MAT-1002,Crossarm Assembly,99,26,1.08,1.534,207,41,248,324,0,0,Base
2025-09-01,West,MAT-1002,Crossarm Assembly,81,16,1.0,1.549,150,30,180,248,0,0,Base
2025-10-01,West,MAT-1002,Crossarm Assembly,67,28,0.92,1.565,137,27,164,237,0,0,Base
2025-11-01,West,MAT-1002,Crossarm Assembly,75,26,0.87,1.58,139,28,167,161,6,2520,Base
2025-12-01,West,MAT-1002,Crossarm Assembly,88,31,0.85,1.596,161,32,193,262,0,0,Base
2026-01-01,West,MAT-1002,Crossarm Assembly,72,20,0.87,1.612,129,26,155,152,3,1260,Base
2026-02-01,West,MAT-1002,Crossarm Assembly,93,15,0.92,1.628,162,32,194,228,0,0,Base
2026-03-01,West,MAT-1002,Crossarm Assembly,81,36,1.0,1.645,192,38,230,300,0,0,Base
2026-04-01,West,MAT-1002,Crossarm Assembly,115,20,1.08,1.661,242,48,290,300,0,0,Base
2026-05-01,West,MAT-1002,Crossarm Assembly,100,30,1.13,1.678,246,49,295,251,44,18480,Base
2026-06-01,West,MAT-1002,Crossarm Assembly,109,35,1.15,1.694,281,56,337,477,0,0,Base
2026-07-01,West,MAT-1002,Crossarm Assembly,88,9,1.13,1.711,188,38,226,301,0,0,Base
2026-08-01,West,MAT-1002,Crossarm Assembly,110,23,1.08,1.729,248,50,298,399,0,0,Base
2026-09-01,West,MAT-1002,Crossarm Assembly,96,29,1.0,1.746,218,44,262,273,0,0,Base
2026-10-01,West,MAT-1002,Crossarm Assembly,76,23,0.92,1.763,161,32,193,189,4,1680,Base
2026-11-01,West,MAT-1002,Crossarm Assembly,77,20,0.87,1.781,150,30,180,252,0,0,Base
2026-12-01,West,MAT-1002,Crossarm Assembly,70,5,0.85,1.799,115,23,138,169,0,0,Base
2022-01-01,North,MAT-1003,15 kV Cable,7117,1495,0.87,1.0,7492,1498,8990,11260,0,0,Base
2022-02-01,North,MAT-1003,15 kV Cable,7577,3158,0.92,1.01,9975,1995,11970,14935,0,0,Base
2022-03-01,North,MAT-1003,15 kV Cable,8688,2460,1.0,1.02,11372,2274,13646,19092,0,0,Base
2022-04-01,North,MAT-1003,15 kV Cable,8109,3083,1.08,1.03,12454,2491,14945,14520,425,5100,Base
2022-05-01,North,MAT-1003,15 kV Cable,9947,2712,1.13,1.041,14885,2977,17862,15229,2633,31596,Base
2022-06-01,North,MAT-1003,15 kV Cable,11094,1792,1.15,1.051,15575,3115,18690,24613,0,0,Base
2022-07-01,North,MAT-1003,15 kV Cable,8820,1322,1.13,1.062,12166,2433,14599,19904,0,0,Base
2022-08-01,North,MAT-1003,15 kV Cable,8370,3436,1.08,1.072,13670,2734,16404,17016,0,0,Base
2022-09-01,North,MAT-1003,15 kV Cable,9871,4166,1.0,1.083,15200,3040,18240,16309,1931,23172,Base
2022-10-01,North,MAT-1003,15 kV Cable,8382,2789,0.92,1.094,11240,2248,13488,11798,1690,20280,Base
2022-11-01,North,MAT-1003,15 kV Cable,6962,1282,0.87,1.105,7923,1585,9508,12445,0,0,Base
2022-12-01,North,MAT-1003,15 kV Cable,6795,1305,0.85,1.116,7681,1536,9217,10989,0,0,Base
2023-01-01,North,MAT-1003,15 kV Cable,6890,644,0.87,1.127,7386,1477,8863,10837,0,0,Base
2023-02-01,North,MAT-1003,15 kV Cable,8159,2321,0.92,1.138,10973,2195,13168,15922,0,0,Base
2023-03-01,North,MAT-1003,15 kV Cable,8681,1366,1.0,1.149,11549,2310,13859,19917,0,0,Base
2023-04-01,North,MAT-1003,15 kV Cable,8246,1346,1.08,1.161,12027,2405,14432,15547,0,0,Base
2023-05-01,North,MAT-1003,15 kV Cable,10002,1882,1.13,1.173,15746,3149,18895,21308,0,0,Base
2023-06-01,North,MAT-1003,15 kV Cable,11511,3125,1.15,1.184,19934,3987,23921,25452,0,0,Base
2023-07-01,North,MAT-1003,15 kV Cable,10633,2879,1.13,1.196,18263,3653,21916,22043,0,0,Base
2023-08-01,North,MAT-1003,15 kV Cable,8776,635,1.08,1.208,12279,2456,14735,15735,0,0,Base
2023-09-01,North,MAT-1003,15 kV Cable,8053,3623,1.0,1.22,14247,2849,17096,16784,312,3744,Base
2023-10-01,North,MAT-1003,15 kV Cable,8695,588,0.92,1.232,10525,2105,12630,13829,0,0,Base
2023-11-01,North,MAT-1003,15 kV Cable,6894,3030,0.87,1.245,10747,2149,12896,13725,0,0,Base
2023-12-01,North,MAT-1003,15 kV Cable,7751,3098,0.85,1.257,11593,2319,13912,15825,0,0,Base
2024-01-01,North,MAT-1003,15 kV Cable,8468,3312,0.87,1.27,13013,2603,15616,13310,2306,27672,Base
2024-02-01,North,MAT-1003,15 kV Cable,9294,3447,0.92,1.282,15032,3006,18038,15871,2167,26004,Base
2024-03-01,North,MAT-1003,15 kV Cable,9633,503,1.0,1.295,13129,2626,15755,22023,0,0,Base
2024-04-01,North,MAT-1003,15 kV Cable,9635,881,1.08,1.308,14858,2972,17830,18196,0,0,Base
2024-05-01,North,MAT-1003,15 kV Cable,10682,4634,1.13,1.321,22868,4574,27442,26846,596,7152,Base
2024-06-01,North,MAT-1003,15 kV Cable,9326,2346,1.15,1.335,17913,3583,21496,18363,3133,37596,Base
2024-07-01,North,MAT-1003,15 kV Cable,8784,1016,1.13,1.348,14926,2985,17911,24405,0,0,Base
2024-08-01,North,MAT-1003,15 kV Cable,9924,3137,1.08,1.361,19203,3841,23044,23437,0,0,Base
2024-09-01,North,MAT-1003,15 kV Cable,7273,2330,1.0,1.375,13204,2641,15845,17459,0,0,Base
2024-10-01,North,MAT-1003,15 kV Cable,7658,771,0.92,1.389,10769,2154,12923,14672,0,0,Base
2024-11-01,North,MAT-1003,15 kV Cable,6528,1496,0.87,1.403,9791,1958,11749,12484,0,0,Base
2024-12-01,North,MAT-1003,15 kV Cable,6427,1250,0.85,1.417,9244,1849,11093,14075,0,0,Base
2025-01-01,North,MAT-1003,15 kV Cable,8207,2795,0.87,1.431,13695,2739,16434,19745,0,0,Base
2025-02-01,North,MAT-1003,15 kV Cable,7667,930,0.92,1.445,11429,2286,13715,15561,0,0,Base
2025-03-01,North,MAT-1003,15 kV Cable,8602,2710,1.0,1.46,16510,3302,19812,19190,622,7464,Base
2025-04-01,North,MAT-1003,15 kV Cable,9015,1724,1.08,1.474,17097,3419,20516,25700,0,0,Base
2025-05-01,North,MAT-1003,15 kV Cable,10816,2702,1.13,1.489,22743,4549,27292,35528,0,0,Base
2025-06-01,North,MAT-1003,15 kV Cable,11651,814,1.15,1.504,21556,4311,25867,27681,0,0,Base
2025-07-01,North,MAT-1003,15 kV Cable,11433,2978,1.13,1.519,24733,4947,29680,38803,0,0,Base
2025-08-01,North,MAT-1003,15 kV Cable,10968,1089,1.08,1.534,19975,3995,23970,22688,1282,15384,Base
2025-09-01,North,MAT-1003,15 kV Cable,8699,1556,1.0,1.549,15888,3178,19066,19423,0,0,Base
2025-10-01,North,MAT-1003,15 kV Cable,8768,3444,0.92,1.565,17581,3516,21097,26491,0,0,Base
2025-11-01,North,MAT-1003,15 kV Cable,8292,2542,0.87,1.58,14897,2979,17876,20658,0,0,Base
2025-12-01,North,MAT-1003,15 kV Cable,5960,885,0.85,1.596,9287,1857,11144,14424,0,0,Base
2026-01-01,North,MAT-1003,15 kV Cable,8140,2016,0.87,1.612,14245,2849,17094,16877,217,2604,Base
2026-02-01,North,MAT-1003,15 kV Cable,8717,3673,0.92,1.628,18561,3712,22273,20303,1970,23640,Base
2026-03-01,North,MAT-1003,15 kV Cable,10102,3326,1.0,1.645,22084,4417,26501,37391,0,0,Base
2026-04-01,North,MAT-1003,15 kV Cable,7842,2490,1.08,1.661,18535,3707,22242,26466,0,0,Base
2026-05-01,North,MAT-1003,15 kV Cable,10801,4241,1.13,1.678,28516,5703,34219,36398,0,0,Base
2026-06-01,North,MAT-1003,15 kV Cable,9381,3020,1.15,1.694,24165,4833,28998,29908,0,0,Base
2026-07-01,North,MAT-1003,15 kV Cable,11105,4156,1.13,1.711,29513,5903,35416,34177,1239,14868,Base
2026-08-01,North,MAT-1003,15 kV Cable,7943,2399,1.08,1.729,19307,3861,23168,24180,0,0,Base
2026-09-01,North,MAT-1003,15 kV Cable,8726,2273,1.0,1.746,19202,3840,23042,30321,0,0,Base
2026-10-01,North,MAT-1003,15 kV Cable,6504,1560,0.92,1.763,13081,2616,15697,19385,0,0,Base
2026-11-01,North,MAT-1003,15 kV Cable,7036,1289,0.87,1.781,12899,2580,15479,18892,0,0,Base
2026-12-01,North,MAT-1003,15 kV Cable,7875,1876,0.85,1.799,14908,2982,17890,19794,0,0,Base
2022-01-01,South,MAT-1003,15 kV Cable,7273,1005,0.87,1.0,7202,1440,8642,8402,240,2880,Base
2022-02-01,South,MAT-1003,15 kV Cable,8210,3119,0.92,1.01,10527,2105,12632,11037,1595,19140,Base
2022-03-01,South,MAT-1003,15 kV Cable,9248,1930,1.0,1.02,11403,2281,13684,19524,0,0,Base
2022-04-01,South,MAT-1003,15 kV Cable,9646,622,1.08,1.03,11425,2285,13710,12055,1655,19860,Base
2022-05-01,South,MAT-1003,15 kV Cable,9137,3926,1.13,1.041,15361,3072,18433,23313,0,0,Base
2022-06-01,South,MAT-1003,15 kV Cable,9400,595,1.15,1.051,12081,2416,14497,19490,0,0,Base
2022-07-01,South,MAT-1003,15 kV Cable,7794,2777,1.13,1.062,12680,2536,15216,20205,0,0,Base
2022-08-01,South,MAT-1003,15 kV Cable,7289,462,1.08,1.072,8975,1795,10770,14506,0,0,Base
2022-09-01,South,MAT-1003,15 kV Cable,8694,2186,1.0,1.083,11781,2356,14137,13617,520,6240,Base
2022-10-01,South,MAT-1003,15 kV Cable,6668,1863,0.92,1.094,8584,1717,10301,11688,0,0,Base
2022-11-01,South,MAT-1003,15 kV Cable,7890,2042,0.87,1.105,9545,1909,11454,13605,0,0,Base
2022-12-01,South,MAT-1003,15 kV Cable,6586,1171,0.85,1.116,7356,1471,8827,12281,0,0,Base
2023-01-01,South,MAT-1003,15 kV Cable,7301,465,0.87,1.127,7613,1523,9136,10360,0,0,Base
2023-02-01,South,MAT-1003,15 kV Cable,6516,1475,0.92,1.138,8367,1673,10040,14076,0,0,Base
2023-03-01,South,MAT-1003,15 kV Cable,8899,1612,1.0,1.149,12082,2416,14498,13717,781,9372,Base
2023-04-01,South,MAT-1003,15 kV Cable,7279,440,1.08,1.161,9678,1936,11614,12291,0,0,Base
2023-05-01,South,MAT-1003,15 kV Cable,7707,943,1.13,1.173,11461,2292,13753,16574,0,0,Base
2023-06-01,South,MAT-1003,15 kV Cable,7652,1780,1.15,1.184,12846,2569,15415,15593,0,0,Base
2023-07-01,South,MAT-1003,15 kV Cable,9766,3492,1.13,1.196,17920,3584,21504,25760,0,0,Base
2023-08-01,South,MAT-1003,15 kV Cable,7933,776,1.08,1.208,11363,2273,13636,17785,0,0,Base
2023-09-01,South,MAT-1003,15 kV Cable,9288,3310,1.0,1.22,15372,3074,18446,16854,1592,19104,Base
2023-10-01,South,MAT-1003,15 kV Cable,8389,2838,0.92,1.232,12729,2546,15275,21976,0,0,Base
2023-11-01,South,MAT-1003,15 kV Cable,6891,2655,0.87,1.245,10337,2067,12404,14300,0,0,Base
2023-12-01,South,MAT-1003,15 kV Cable,7391,2668,0.85,1.257,10749,2150,12899,11434,1465,17580,Base
2024-01-01,South,MAT-1003,15 kV Cable,8022,3004,0.87,1.27,12180,2436,14616,16714,0,0,Base
2024-02-01,South,MAT-1003,15 kV Cable,6853,2138,0.92,1.282,10608,2122,12730,14244,0,0,Base
2024-03-01,South,MAT-1003,15 kV Cable,7301,2568,1.0,1.295,12783,2557,15340,21460,0,0,Base
2024-04-01,South,MAT-1003,15 kV Cable,9118,4092,1.08,1.308,18664,3733,22397,24322,0,0,Base
2024-05-01,South,MAT-1003,15 kV Cable,9267,1181,1.13,1.321,15599,3120,18719,20461,0,0,Base
2024-06-01,South,MAT-1003,15 kV Cable,7621,1220,1.15,1.335,13568,2714,16282,20748,0,0,Base
2024-07-01,South,MAT-1003,15 kV Cable,8644,1433,1.13,1.348,15348,3070,18418,17649,769,9228,Base
2024-08-01,South,MAT-1003,15 kV Cable,10139,2029,1.08,1.361,17890,3578,21468,21584,0,0,Base
2024-09-01,South,MAT-1003,15 kV Cable,8234,1229,1.0,1.375,13011,2602,15613,17643,0,0,Base
2024-10-01,South,MAT-1003,15 kV Cable,8162,2275,0.92,1.389,13334,2667,16001,20558,0,0,Base
2024-11-01,South,MAT-1003,15 kV Cable,7074,2560,0.87,1.403,11756,2351,14107,19645,0,0,Base
2024-12-01,South,MAT-1003,15 kV Cable,5816,1662,0.85,1.417,9004,1801,10805,11943,0,0,Base
2025-01-01,South,MAT-1003,15 kV Cable,6235,1070,0.87,1.431,9093,1819,10912,15407,0,0,Base
2025-02-01,South,MAT-1003,15 kV Cable,6637,1299,0.92,1.445,10551,2110,12661,14006,0,0,Base
2025-03-01,South,MAT-1003,15 kV Cable,7481,2453,1.0,1.46,14499,2900,17399,19725,0,0,Base
2025-04-01,South,MAT-1003,15 kV Cable,7350,2478,1.08,1.474,15647,3129,18776,23606,0,0,Base
2025-05-01,South,MAT-1003,15 kV Cable,8341,1595,1.13,1.489,16716,3343,20059,18259,1800,21600,Base
2025-06-01,South,MAT-1003,15 kV Cable,7677,3226,1.15,1.504,18855,3771,22626,29628,0,0,Base
2025-07-01,South,MAT-1003,15 kV Cable,9462,693,1.13,1.519,17428,3486,20914,27639,0,0,Base
2025-08-01,South,MAT-1003,15 kV Cable,8980,3344,1.08,1.534,20417,4083,24500,24036,464,5568,Base
2025-09-01,South,MAT-1003,15 kV Cable,8039,1915,1.0,1.549,15422,3084,18506,26174,0,0,Base
2025-10-01,South,MAT-1003,15 kV Cable,8930,1171,0.92,1.565,14542,2908,17450,19944,0,0,Base
2025-11-01,South,MAT-1003,15 kV Cable,7012,3009,0.87,1.58,13779,2756,16535,17087,0,0,Base
2025-12-01,South,MAT-1003,15 kV Cable,8212,2170,0.85,1.596,14087,2817,16904,22472,0,0,Base
2026-01-01,South,MAT-1003,15 kV Cable,7834,1416,0.87,1.612,12974,2595,15569,14674,895,10740,Base
2026-02-01,South,MAT-1003,15 kV Cable,6203,2231,0.92,1.628,12635,2527,15162,21037,0,0,Base
2026-03-01,South,MAT-1003,15 kV Cable,7603,469,1.0,1.645,13275,2655,15930,15346,584,7008,Base
2026-04-01,South,MAT-1003,15 kV Cable,8539,3106,1.08,1.661,20891,4178,25069,22537,2532,30384,Base
2026-05-01,South,MAT-1003,15 kV Cable,9559,1642,1.13,1.678,21235,4247,25482,34015,0,0,Base
2026-06-01,South,MAT-1003,15 kV Cable,9922,3004,1.15,1.694,25188,5038,30226,39341,0,0,Base
2026-07-01,South,MAT-1003,15 kV Cable,7522,1240,1.13,1.711,16945,3389,20334,18014,2320,27840,Base
2026-08-01,South,MAT-1003,15 kV Cable,9240,561,1.08,1.729,18297,3659,21956,26902,0,0,Base
2026-09-01,South,MAT-1003,15 kV Cable,9622,2121,1.0,1.746,20501,4100,24601,22550,2051,24612,Base
2026-10-01,South,MAT-1003,15 kV Cable,6768,2466,0.92,1.763,14979,2996,17975,23421,0,0,Base
2026-11-01,South,MAT-1003,15 kV Cable,6884,429,0.87,1.781,11331,2266,13597,16672,0,0,Base
2026-12-01,South,MAT-1003,15 kV Cable,6684,1249,0.85,1.799,12129,2426,14555,17728,0,0,Base
2022-01-01,East,MAT-1003,15 kV Cable,10685,1925,0.87,1.0,10971,2194,13165,17085,0,0,Base
2022-02-01,East,MAT-1003,15 kV Cable,8152,579,0.92,1.01,8113,1623,9736,10535,0,0,Base
2022-03-01,East,MAT-1003,15 kV Cable,8356,2961,1.0,1.02,11544,2309,13853,18691,0,0,Base
2022-04-01,East,MAT-1003,15 kV Cable,12366,2445,1.08,1.03,16481,3296,19777,21599,0,0,Base
2022-05-01,East,MAT-1003,15 kV Cable,13121,2864,1.13,1.041,18796,3759,22555,21932,623,7476,Base
2022-06-01,East,MAT-1003,15 kV Cable,14253,3994,1.15,1.051,22054,4411,26465,24986,1479,17748,Base
2022-07-01,East,MAT-1003,15 kV Cable,13874,6176,1.13,1.062,24050,4810,28860,31072,0,0,Base
2022-08-01,East,MAT-1003,15 kV Cable,9792,3527,1.08,1.072,15422,3084,18506,19844,0,0,Base
2022-09-01,East,MAT-1003,15 kV Cable,9563,2399,1.0,1.083,12953,2591,15544,14276,1268,15216,Base
2022-10-01,East,MAT-1003,15 kV Cable,8483,2466,0.92,1.094,11017,2203,13220,16615,0,0,Base
2022-11-01,East,MAT-1003,15 kV Cable,9457,1197,0.87,1.105,10239,2048,12287,15700,0,0,Base
2022-12-01,East,MAT-1003,15 kV Cable,8321,2139,0.85,1.116,9919,1984,11903,13325,0,0,Base
2023-01-01,East,MAT-1003,15 kV Cable,7395,1179,0.87,1.127,8405,1681,10086,14364,0,0,Base
2023-02-01,East,MAT-1003,15 kV Cable,9262,3147,0.92,1.138,12993,2599,15592,13491,2101,25212,Base
2023-03-01,East,MAT-1003,15 kV Cable,11700,4960,1.0,1.149,19150,3830,22980,30957,0,0,Base
2023-04-01,East,MAT-1003,15 kV Cable,12102,1536,1.08,1.161,17100,3420,20520,17514,3006,36072,Base
2023-05-01,East,MAT-1003,15 kV Cable,9796,1394,1.13,1.173,14827,2965,17792,21228,0,0,Base
2023-06-01,East,MAT-1003,15 kV Cable,14179,3204,1.15,1.184,23675,4735,28410,31551,0,0,Base
2023-07-01,East,MAT-1003,15 kV Cable,10634,576,1.13,1.196,15152,3030,18182,22590,0,0,Base
2023-08-01,East,MAT-1003,15 kV Cable,12354,2150,1.08,1.208,18924,3785,22709,26786,0,0,Base
2023-09-01,East,MAT-1003,15 kV Cable,8597,1340,1.0,1.22,12125,2425,14550,15199,0,0,Base
2023-10-01,East,MAT-1003,15 kV Cable,11212,3054,0.92,1.232,16175,3235,19410,24919,0,0,Base
2023-11-01,East,MAT-1003,15 kV Cable,10196,3768,0.87,1.245,15122,3024,18146,20024,0,0,Base
2023-12-01,East,MAT-1003,15 kV Cable,7292,1821,0.85,1.257,9738,1948,11686,11844,0,0,Base
2024-01-01,East,MAT-1003,15 kV Cable,9234,1971,0.87,1.27,12378,2476,14854,15352,0,0,Base
2024-02-01,East,MAT-1003,15 kV Cable,10815,2264,0.92,1.282,15431,3086,18517,19286,0,0,Base
2024-03-01,East,MAT-1003,15 kV Cable,9071,3881,1.0,1.295,16776,3355,20131,17720,2411,28932,Base
2024-04-01,East,MAT-1003,15 kV Cable,9713,2116,1.08,1.308,16713,3343,20056,18137,1919,23028,Base
2024-05-01,East,MAT-1003,15 kV Cable,13063,2441,1.13,1.321,23148,4630,27778,26708,1070,12840,Base
2024-06-01,East,MAT-1003,15 kV Cable,11948,5234,1.15,1.335,26369,5274,31643,35857,0,0,Base
2024-07-01,East,MAT-1003,15 kV Cable,9614,694,1.13,1.348,15700,3140,18840,22523,0,0,Base
2024-08-01,East,MAT-1003,15 kV Cable,11998,2107,1.08,1.361,20738,4148,24886,33587,0,0,Base
2024-09-01,East,MAT-1003,15 kV Cable,8600,3282,1.0,1.375,16337,3267,19604,19730,0,0,Base
2024-10-01,East,MAT-1003,15 kV Cable,9927,1178,0.92,1.389,14188,2838,17026,18519,0,0,Base
2024-11-01,East,MAT-1003,15 kV Cable,8711,787,0.87,1.403,11590,2318,13908,12946,962,11544,Base
2024-12-01,East,MAT-1003,15 kV Cable,9009,535,0.85,1.417,11492,2298,13790,15087,0,0,Base
2025-01-01,East,MAT-1003,15 kV Cable,10327,1954,0.87,1.431,15287,3057,18344,18037,307,3684,Base
2025-02-01,East,MAT-1003,15 kV Cable,10986,2056,0.92,1.445,17339,3468,20807,17915,2892,34704,Base
2025-03-01,East,MAT-1003,15 kV Cable,10616,2387,1.0,1.46,18978,3796,22774,30132,0,0,Base
2025-04-01,East,MAT-1003,15 kV Cable,12573,3536,1.08,1.474,25646,5129,30775,27863,2912,34944,Base
2025-05-01,East,MAT-1003,15 kV Cable,9639,2849,1.13,1.489,21010,4202,25212,31909,0,0,Base
2025-06-01,East,MAT-1003,15 kV Cable,11689,3933,1.15,1.504,27015,5403,32418,35633,0,0,Base
2025-07-01,East,MAT-1003,15 kV Cable,13088,2673,1.13,1.519,27050,5410,32460,27593,4867,58404,Base
2025-08-01,East,MAT-1003,15 kV Cable,12705,3149,1.08,1.534,26265,5253,31518,35523,0,0,Base
2025-09-01,East,MAT-1003,15 kV Cable,10951,1840,1.0,1.549,19817,3963,23780,31299,0,0,Base
2025-10-01,East,MAT-1003,15 kV Cable,9123,2994,0.92,1.565,17444,3489,20933,26532,0,0,Base
2025-11-01,East,MAT-1003,15 kV Cable,8891,2863,0.87,1.58,16162,3232,19394,18472,922,11064,Base
2025-12-01,East,MAT-1003,15 kV Cable,7802,2723,0.85,1.596,14281,2856,17137,24708,0,0,Base
2026-01-01,East,MAT-1003,15 kV Cable,7767,1390,0.87,1.612,12844,2569,15413,19270,0,0,Base
2026-02-01,East,MAT-1003,15 kV Cable,10355,2800,0.92,1.628,19707,3941,23648,24049,0,0,Base
2026-03-01,East,MAT-1003,15 kV Cable,11445,3230,1.0,1.645,24135,4827,28962,39381,0,0,Base
2026-04-01,East,MAT-1003,15 kV Cable,10338,2413,1.08,1.661,22875,4575,27450,23928,3522,42264,Base
2026-05-01,East,MAT-1003,15 kV Cable,13061,1832,1.13,1.678,28234,5647,33881,31490,2391,28692,Base
2026-06-01,East,MAT-1003,15 kV Cable,12297,3991,1.15,1.694,31739,6348,38087,44129,0,0,Base
2026-07-01,East,MAT-1003,15 kV Cable,9715,3853,1.13,1.711,26239,5248,31487,41382,0,0,Base
2026-08-01,East,MAT-1003,15 kV Cable,11612,5015,1.08,1.729,31039,6208,37247,48059,0,0,Base
2026-09-01,East,MAT-1003,15 kV Cable,10413,3086,1.0,1.746,23567,4713,28280,38499,0,0,Base
2026-10-01,East,MAT-1003,15 kV Cable,7730,1325,0.92,1.763,14689,2938,17627,15992,1635,19620,Base
2026-11-01,East,MAT-1003,15 kV Cable,10005,2951,0.87,1.781,20074,4015,24089,32672,0,0,Base
2026-12-01,East,MAT-1003,15 kV Cable,9234,3629,0.85,1.799,19666,3933,23599,30402,0,0,Base
2022-01-01,West,MAT-1003,15 kV Cable,6593,2212,0.87,1.0,7660,1532,9192,13232,0,0,Base
2022-02-01,West,MAT-1003,15 kV Cable,9721,2646,0.92,1.01,11491,2298,13789,19149,0,0,Base
2022-03-01,West,MAT-1003,15 kV Cable,9544,1301,1.0,1.02,11063,2213,13276,11794,1482,17784,Base
2022-04-01,West,MAT-1003,15 kV Cable,9605,1212,1.08,1.03,12036,2407,14443,15052,0,0,Base
2022-05-01,West,MAT-1003,15 kV Cable,11756,4349,1.13,1.041,18938,3788,22726,24857,0,0,Base
2022-06-01,West,MAT-1003,15 kV Cable,8340,1519,1.15,1.051,11916,2383,14299,14809,0,0,Base
2022-07-01,West,MAT-1003,15 kV Cable,9655,2928,1.13,1.062,15094,3019,18113,24677,0,0,Base
2022-08-01,West,MAT-1003,15 kV Cable,9703,3909,1.08,1.072,15761,3152,18913,19880,0,0,Base
2022-09-01,West,MAT-1003,15 kV Cable,9770,3721,1.0,1.083,14609,2922,17531,22137,0,0,Base
2022-10-01,West,MAT-1003,15 kV Cable,8669,3371,0.92,1.094,12115,2423,14538,13309,1229,14748,Base
2022-11-01,West,MAT-1003,15 kV Cable,9284,1165,0.87,1.105,10042,2008,12050,15961,0,0,Base
2022-12-01,West,MAT-1003,15 kV Cable,7040,411,0.85,1.116,7066,1413,8479,10425,0,0,Base
2023-01-01,West,MAT-1003,15 kV Cable,7931,560,0.87,1.127,8324,1665,9989,11423,0,0,Base
2023-02-01,West,MAT-1003,15 kV Cable,7710,1079,0.92,1.138,9202,1840,11042,15202,0,0,Base
2023-03-01,West,MAT-1003,15 kV Cable,7407,3058,1.0,1.149,12029,2406,14435,15103,0,0,Base
2023-04-01,West,MAT-1003,15 kV Cable,7867,749,1.08,1.161,10803,2161,12964,12521,443,5316,Base
2023-05-01,West,MAT-1003,15 kV Cable,9212,3689,1.13,1.173,17094,3419,20513,28117,0,0,Base
2023-06-01,West,MAT-1003,15 kV Cable,8769,3417,1.15,1.184,16597,3319,19916,23776,0,0,Base
2023-07-01,West,MAT-1003,15 kV Cable,9872,2367,1.13,1.196,16543,3309,19852,16965,2887,34644,Base
2023-08-01,West,MAT-1003,15 kV Cable,11138,1542,1.08,1.208,16544,3309,19853,28567,0,0,Base
2023-09-01,West,MAT-1003,15 kV Cable,7899,875,1.0,1.22,10706,2141,12847,16341,0,0,Base
2023-10-01,West,MAT-1003,15 kV Cable,6829,1364,0.92,1.232,9289,1858,11147,13921,0,0,Base
2023-11-01,West,MAT-1003,15 kV Cable,6357,1569,0.87,1.245,8583,1717,10300,12720,0,0,Base
2023-12-01,West,MAT-1003,15 kV Cable,8921,1269,0.85,1.257,10889,2178,13067,15887,0,0,Base
2024-01-01,West,MAT-1003,15 kV Cable,8625,3726,0.87,1.27,13644,2729,16373,15718,655,7860,Base
2024-02-01,West,MAT-1003,15 kV Cable,8658,1826,0.92,1.282,12369,2474,14843,19042,0,0,Base
2024-03-01,West,MAT-1003,15 kV Cable,8477,1042,1.0,1.295,12330,2466,14796,20873,0,0,Base
2024-04-01,West,MAT-1003,15 kV Cable,11359,1618,1.08,1.308,18335,3667,22002,24994,0,0,Base
2024-05-01,West,MAT-1003,15 kV Cable,11050,1780,1.13,1.321,19156,3831,22987,21756,1231,14772,Base
2024-06-01,West,MAT-1003,15 kV Cable,8766,1622,1.15,1.335,15942,3188,19130,25938,0,0,Base
2024-07-01,West,MAT-1003,15 kV Cable,8857,473,1.13,1.348,14210,2842,17052,23372,0,0,Base
2024-08-01,West,MAT-1003,15 kV Cable,8282,1700,1.08,1.361,14676,2935,17611,21473,0,0,Base
2024-09-01,West,MAT-1003,15 kV Cable,9402,3702,1.0,1.375,18017,3603,21620,25410,0,0,Base
2024-10-01,West,MAT-1003,15 kV Cable,7499,454,0.92,1.389,10161,2032,12193,16086,0,0,Base
2024-11-01,West,MAT-1003,15 kV Cable,7118,1126,0.87,1.403,10060,2012,12072,15525,0,0,Base
2024-12-01,West,MAT-1003,15 kV Cable,6445,1555,0.85,1.417,9633,1927,11560,10624,936,11232,Base
2025-01-01,West,MAT-1003,15 kV Cable,6865,2934,0.87,1.431,12197,2439,14636,20557,0,0,Base
2025-02-01,West,MAT-1003,15 kV Cable,7495,2254,0.92,1.445,12961,2592,15553,22521,0,0,Base
2025-03-01,West,MAT-1003,15 kV Cable,9846,1828,1.0,1.46,17039,3408,20447,19656,791,9492,Base
2025-04-01,West,MAT-1003,15 kV Cable,9399,2150,1.08,1.474,18387,3677,22064,27918,0,0,Base
2025-05-01,West,MAT-1003,15 kV Cable,11212,922,1.13,1.489,20414,4083,24497,30724,0,0,Base
2025-06-01,West,MAT-1003,15 kV Cable,8722,2875,1.15,1.504,20055,4011,24066,22737,1329,15948,Base
2025-07-01,West,MAT-1003,15 kV Cable,10502,2003,1.13,1.519,21461,4292,25753,26905,0,0,Base
2025-08-01,West,MAT-1003,15 kV Cable,11386,3446,1.08,1.534,24572,4914,29486,28895,591,7092,Base
2025-09-01,West,MAT-1003,15 kV Cable,7789,1026,1.0,1.549,13657,2731,16388,17881,0,0,Base
2025-10-01,West,MAT-1003,15 kV Cable,8899,471,0.92,1.565,13489,2698,16187,21672,0,0,Base
2025-11-01,West,MAT-1003,15 kV Cable,6902,730,0.87,1.58,10494,2099,12593,15092,0,0,Base
2025-12-01,West,MAT-1003,15 kV Cable,6642,1673,0.85,1.596,11282,2256,13538,14836,0,0,Base
2026-01-01,West,MAT-1003,15 kV Cable,8206,979,0.87,1.612,12883,2577,15460,15038,422,5064,Base
2026-02-01,West,MAT-1003,15 kV Cable,8019,1483,0.92,1.628,14235,2847,17082,15145,1937,23244,Base
2026-03-01,West,MAT-1003,15 kV Cable,8238,1576,1.0,1.645,16140,3228,19368,17774,1594,19128,Base
2026-04-01,West,MAT-1003,15 kV Cable,9961,1448,1.08,1.661,20467,4093,24560,29780,0,0,Base
2026-05-01,West,MAT-1003,15 kV Cable,9630,729,1.13,1.678,19638,3928,23566,28165,0,0,Base
2026-06-01,West,MAT-1003,15 kV Cable,10849,597,1.15,1.694,22304,4461,26765,37077,0,0,Base
2026-07-01,West,MAT-1003,15 kV Cable,8822,3523,1.13,1.711,23874,4775,28649,29984,0,0,Base
2026-08-01,West,MAT-1003,15 kV Cable,9403,1351,1.08,1.729,20076,4015,24091,28466,0,0,Base
2026-09-01,West,MAT-1003,15 kV Cable,8262,3215,1.0,1.746,20037,4007,24044,30968,0,0,Base
2026-10-01,West,MAT-1003,15 kV Cable,6979,393,0.92,1.763,11959,2392,14351,13954,397,4764,Base
2026-11-01,West,MAT-1003,15 kV Cable,7783,1475,0.87,1.781,14344,2869,17213,21755,0,0,Base
2026-12-01,West,MAT-1003,15 kV Cable,8039,3019,0.85,1.799,16907,3381,20288,20242,46,552,Base
2022-01-01,North,MAT-1004,35 kV Cable,7924,3483,0.87,1.0,9924,1985,11909,15257,0,0,Base
2022-02-01,North,MAT-1004,35 kV Cable,8037,521,0.92,1.01,7952,1590,9542,12615,0,0,Base
2022-03-01,North,MAT-1004,35 kV Cable,6593,1480,1.0,1.02,8235,1647,9882,9538,344,9288,Base
2022-04-01,North,MAT-1004,35 kV Cable,7887,865,1.08,1.03,9739,1948,11687,13121,0,0,Base
2022-05-01,North,MAT-1004,35 kV Cable,9427,1790,1.13,1.041,13190,2638,15828,21909,0,0,Base
2022-06-01,North,MAT-1004,35 kV Cable,10208,1176,1.15,1.051,13759,2752,16511,23324,0,0,Base
2022-07-01,North,MAT-1004,35 kV Cable,7344,924,1.13,1.062,9918,1984,11902,16341,0,0,Base
2022-08-01,North,MAT-1004,35 kV Cable,7978,1641,1.08,1.072,11138,2228,13366,17383,0,0,Base
2022-09-01,North,MAT-1004,35 kV Cable,8786,890,1.0,1.083,10478,2096,12574,16103,0,0,Base
2022-10-01,North,MAT-1004,35 kV Cable,6625,2927,0.92,1.094,9611,1922,11533,12679,0,0,Base
2022-11-01,North,MAT-1004,35 kV Cable,8017,3071,0.87,1.105,10656,2131,12787,11873,914,24678,Base
2022-12-01,North,MAT-1004,35 kV Cable,7526,2151,0.85,1.116,9177,1835,11012,9672,1340,36180,Base
2023-01-01,North,MAT-1004,35 kV Cable,5797,2043,0.87,1.127,7686,1537,9223,13202,0,0,Base
2023-02-01,North,MAT-1004,35 kV Cable,8475,608,0.92,1.138,9510,1902,11412,11954,0,0,Base
2023-03-01,North,MAT-1004,35 kV Cable,8346,3205,1.0,1.149,13278,2656,15934,17828,0,0,Base
2023-04-01,North,MAT-1004,35 kV Cable,9019,3992,1.08,1.161,16314,3263,19577,19407,170,4590,Base
2023-05-01,North,MAT-1004,35 kV Cable,7354,2815,1.13,1.173,13474,2695,16169,18773,0,0,Base
2023-06-01,North,MAT-1004,35 kV Cable,9615,1012,1.15,1.184,14473,2895,17368,18100,0,0,Base
2023-07-01,North,MAT-1004,35 kV Cable,7230,1078,1.13,1.196,11229,2246,13475,17015,0,0,Base
2023-08-01,North,MAT-1004,35 kV Cable,7059,2704,1.08,1.208,12738,2548,15286,18353,0,0,Base
2023-09-01,North,MAT-1004,35 kV Cable,7973,3152,1.0,1.22,13575,2715,16290,22931,0,0,Base
2023-10-01,North,MAT-1004,35 kV Cable,5904,1647,0.92,1.232,8561,1712,10273,10211,62,1674,Base
2023-11-01,North,MAT-1004,35 kV Cable,7972,1571,0.87,1.245,10334,2067,12401,12063,338,9126,Base
2023-12-01,North,MAT-1004,35 kV Cable,7556,2224,0.85,1.257,10451,2090,12541,14550,0,0,Base
2024-01-01,North,MAT-1004,35 kV Cable,6283,2347,0.87,1.27,9533,1907,11440,11762,0,0,Base
2024-02-01,North,MAT-1004,35 kV Cable,6974,1727,0.92,1.282,10266,2053,12319,16037,0,0,Base
2024-03-01,North,MAT-1004,35 kV Cable,6449,1598,1.0,1.295,10423,2085,12508,15781,0,0,Base
2024-04-01,North,MAT-1004,35 kV Cable,7246,2463,1.08,1.308,13718,2744,16462,17714,0,0,Base
2024-05-01,North,MAT-1004,35 kV Cable,7402,1611,1.13,1.321,13457,2691,16148,19440,0,0,Base
2024-06-01,North,MAT-1004,35 kV Cable,9934,2137,1.15,1.335,18525,3705,22230,28073,0,0,Base
2024-07-01,North,MAT-1004,35 kV Cable,8346,916,1.13,1.348,14107,2821,16928,17771,0,0,Base
2024-08-01,North,MAT-1004,35 kV Cable,8092,3231,1.08,1.361,16647,3329,19976,17308,2668,72036,Base
2024-09-01,North,MAT-1004,35 kV Cable,8153,2958,1.0,1.375,15277,3055,18332,25832,0,0,Base
2024-10-01,North,MAT-1004,35 kV Cable,6465,1995,0.92,1.389,10808,2162,12970,15925,0,0,Base
2024-11-01,North,MAT-1004,35 kV Cable,7081,2389,0.87,1.403,11556,2311,13867,17680,0,0,Base
2024-12-01,North,MAT-1004,35 kV Cable,5495,1012,0.85,1.417,7835,1567,9402,12474,0,0,Base
2025-01-01,North,MAT-1004,35 kV Cable,5813,2269,0.87,1.431,10060,2012,12072,17413,0,0,Base
2025-02-01,North,MAT-1004,35 kV Cable,7224,633,0.92,1.445,10446,2089,12535,13382,0,0,Base
2025-03-01,North,MAT-1004,35 kV Cable,6440,561,1.0,1.46,10218,2044,12262,13658,0,0,Base
2025-04-01,North,MAT-1004,35 kV Cable,7153,2312,1.08,1.474,15069,3014,18083,22799,0,0,Base
2025-05-01,North,MAT-1004,35 kV Cable,9596,3201,1.13,1.489,21530,4306,25836,35020,0,0,Base
2025-06-01,North,MAT-1004,35 kV Cable,10299,2924,1.15,1.504,22867,4573,27440,38589,0,0,Base
2025-07-01,North,MAT-1004,35 kV Cable,7163,2953,1.13,1.519,17361,3472,20833,21557,0,0,Base
2025-08-01,North,MAT-1004,35 kV Cable,8260,1613,1.08,1.534,16357,3271,19628,18005,1623,43821,Base
2025-09-01,North,MAT-1004,35 kV Cable,7767,1250,1.0,1.549,13970,2794,16764,18083,0,0,Base
2025-10-01,North,MAT-1004,35 kV Cable,6145,1330,0.92,1.565,10761,2152,12913,11993,920,24840,Base
2025-11-01,North,MAT-1004,35 kV Cable,6829,1140,0.87,1.58,10957,2191,13148,15537,0,0,Base
2025-12-01,North,MAT-1004,35 kV Cable,7793,2061,0.85,1.596,13370,2674,16044,22478,0,0,Base
2026-01-01,North,MAT-1004,35 kV Cable,6632,526,0.87,1.612,10040,2008,12048,11669,379,10233,Base
2026-02-01,North,MAT-1004,35 kV Cable,7047,781,0.92,1.628,11727,2345,14072,15213,0,0,Base
2026-03-01,North,MAT-1004,35 kV Cable,6334,1608,1.0,1.645,13062,2612,15674,21142,0,0,Base
2026-04-01,North,MAT-1004,35 kV Cable,7075,2335,1.08,1.661,16881,3376,20257,20376,0,0,Base
2026-05-01,North,MAT-1004,35 kV Cable,8865,1296,1.13,1.678,19263,3853,23116,27611,0,0,Base
2026-06-01,North,MAT-1004,35 kV Cable,7997,983,1.15,1.694,17499,3500,20999,19273,1726,46602,Base
2026-07-01,North,MAT-1004,35 kV Cable,7203,1054,1.13,1.711,15968,3194,19162,17514,1648,44496,Base
2026-08-01,North,MAT-1004,35 kV Cable,6741,2246,1.08,1.729,16777,3355,20132,18241,1891,51057,Base
2026-09-01,North,MAT-1004,35 kV Cable,8043,2598,1.0,1.746,18577,3715,22292,31399,0,0,Base
2026-10-01,North,MAT-1004,35 kV Cable,5803,1807,0.92,1.763,12345,2469,14814,19078,0,0,Base
2026-11-01,North,MAT-1004,35 kV Cable,8133,1957,0.87,1.781,15633,3127,18760,25409,0,0,Base
2026-12-01,North,MAT-1004,35 kV Cable,6730,1412,0.85,1.799,12448,2490,14938,14899,39,1053,Base
2022-01-01,South,MAT-1004,35 kV Cable,6534,357,0.87,1.0,5995,1199,7194,6696,498,13446,Base
2022-02-01,South,MAT-1004,35 kV Cable,6883,755,0.92,1.01,7097,1419,8516,8216,300,8100,Base
2022-03-01,South,MAT-1004,35 kV Cable,6440,2259,1.0,1.02,8874,1775,10649,14941,0,0,Base
2022-04-01,South,MAT-1004,35 kV Cable,6580,1570,1.08,1.03,9069,1814,10883,13763,0,0,Base
2022-05-01,South,MAT-1004,35 kV Cable,8959,3531,1.13,1.041,14687,2937,17624,18245,0,0,Base
2022-06-01,South,MAT-1004,35 kV Cable,9923,576,1.15,1.051,12690,2538,15228,16238,0,0,Base
2022-07-01,South,MAT-1004,35 kV Cable,9951,3827,1.13,1.062,16527,3305,19832,26086,0,0,Base
2022-08-01,South,MAT-1004,35 kV Cable,6850,360,1.08,1.072,8349,1670,10019,8625,1394,37638,Base
2022-09-01,South,MAT-1004,35 kV Cable,8121,1267,1.0,1.083,10166,2033,12199,14463,0,0,Base
2022-10-01,South,MAT-1004,35 kV Cable,6500,2731,0.92,1.094,9288,1858,11146,15509,0,0,Base
2022-11-01,South,MAT-1004,35 kV Cable,5507,2449,0.87,1.105,7646,1529,9175,10367,0,0,Base
2022-12-01,South,MAT-1004,35 kV Cable,5606,976,0.85,1.116,6242,1248,7490,8978,0,0,Base
2023-01-01,South,MAT-1004,35 kV Cable,5664,652,0.87,1.127,6192,1238,7430,6995,435,11745,Base
2023-02-01,South,MAT-1004,35 kV Cable,5656,1958,0.92,1.138,7972,1594,9566,13747,0,0,Base
2023-03-01,South,MAT-1004,35 kV Cable,8703,2781,1.0,1.149,13201,2640,15841,21339,0,0,Base
2023-04-01,South,MAT-1004,35 kV Cable,8550,2202,1.08,1.161,13481,2696,16177,17563,0,0,Base
2023-05-01,South,MAT-1004,35 kV Cable,7354,708,1.13,1.173,10682,2136,12818,18341,0,0,Base
2023-06-01,South,MAT-1004,35 kV Cable,8385,805,1.15,1.184,12516,2503,15019,17883,0,0,Base
2023-07-01,South,MAT-1004,35 kV Cable,8255,2457,1.13,1.196,14479,2896,17375,18573,0,0,Base
2023-08-01,South,MAT-1004,35 kV Cable,8933,682,1.08,1.208,12545,2509,15054,21094,0,0,Base
2023-09-01,South,MAT-1004,35 kV Cable,7108,2535,1.0,1.22,11766,2353,14119,17100,0,0,Base
2023-10-01,South,MAT-1004,35 kV Cable,7133,2307,0.92,1.232,10703,2141,12844,16546,0,0,Base
2023-11-01,South,MAT-1004,35 kV Cable,5940,1007,0.87,1.245,7523,1505,9028,9498,0,0,Base
2023-12-01,South,MAT-1004,35 kV Cable,5139,387,0.85,1.257,5905,1181,7086,7133,0,0,Base
2024-01-01,South,MAT-1004,35 kV Cable,6610,1637,0.87,1.27,9110,1822,10932,13243,0,0,Base
2024-02-01,South,MAT-1004,35 kV Cable,5698,297,0.92,1.282,7073,1415,8488,11661,0,0,Base
2024-03-01,South,MAT-1004,35 kV Cable,8853,682,1.0,1.295,12350,2470,14820,14465,355,9585,Base
2024-04-01,South,MAT-1004,35 kV Cable,6515,1869,1.08,1.308,11845,2369,14214,12913,1301,35127,Base
2024-05-01,South,MAT-1004,35 kV Cable,8012,3356,1.13,1.321,16973,3395,20368,21444,0,0,Base
2024-06-01,South,MAT-1004,35 kV Cable,7506,1993,1.15,1.335,14578,2916,17494,23497,0,0,Base
2024-07-01,South,MAT-1004,35 kV Cable,8343,2715,1.13,1.348,16842,3368,20210,20012,198,5346,Base
2024-08-01,South,MAT-1004,35 kV Cable,9310,1913,1.08,1.361,16500,3300,19800,18111,1689,45603,Base
2024-09-01,South,MAT-1004,35 kV Cable,6346,1879,1.0,1.375,11309,2262,13571,15006,0,0,Base
2024-10-01,South,MAT-1004,35 kV Cable,7484,1162,0.92,1.389,11046,2209,13255,16707,0,0,Base
2024-11-01,South,MAT-1004,35 kV Cable,6431,1609,0.87,1.403,9811,1962,11773,13897,0,0,Base
2024-12-01,South,MAT-1004,35 kV Cable,6908,3091,0.85,1.417,12040,2408,14448,13836,612,16524,Base
2025-01-01,South,MAT-1004,35 kV Cable,7634,3420,0.87,1.431,13760,2752,16512,22294,0,0,Base
2025-02-01,South,MAT-1004,35 kV Cable,8077,2422,0.92,1.445,13958,2792,16750,21110,0,0,Base
2025-03-01,South,MAT-1004,35 kV Cable,8154,3594,1.0,1.46,17147,3429,20576,28489,0,0,Base
2025-04-01,South,MAT-1004,35 kV Cable,6461,899,1.08,1.474,11718,2344,14062,18325,0,0,Base
2025-05-01,South,MAT-1004,35 kV Cable,9182,2361,1.13,1.489,19420,3884,23304,23211,93,2511,Base
2025-06-01,South,MAT-1004,35 kV Cable,8330,3053,1.15,1.504,19685,3937,23622,29240,0,0,Base
2025-07-01,South,MAT-1004,35 kV Cable,9760,2323,1.13,1.519,20737,4147,24884,31039,0,0,Base
2025-08-01,South,MAT-1004,35 kV Cable,7824,3468,1.08,1.534,18707,3741,22448,20625,1823,49221,Base
2025-09-01,South,MAT-1004,35 kV Cable,6059,2586,1.0,1.549,13394,2679,16073,18859,0,0,Base
2025-10-01,South,MAT-1004,35 kV Cable,5767,2299,0.92,1.565,11612,2322,13934,15478,0,0,Base
2025-11-01,South,MAT-1004,35 kV Cable,7501,2353,0.87,1.58,13549,2710,16259,22630,0,0,Base
2025-12-01,South,MAT-1004,35 kV Cable,5327,1575,0.85,1.596,9365,1873,11238,10712,526,14202,Base
2026-01-01,South,MAT-1004,35 kV Cable,7232,964,0.87,1.612,11496,2299,13795,18108,0,0,Base
2026-02-01,South,MAT-1004,35 kV Cable,6638,2919,0.92,1.628,14317,2863,17180,18673,0,0,Base
2026-03-01,South,MAT-1004,35 kV Cable,7186,2683,1.0,1.645,16231,3246,19477,22280,0,0,Base
2026-04-01,South,MAT-1004,35 kV Cable,7801,3380,1.08,1.661,20058,4012,24070,25636,0,0,Base
2026-05-01,South,MAT-1004,35 kV Cable,7198,481,1.13,1.678,14558,2912,17470,21952,0,0,Base
2026-06-01,South,MAT-1004,35 kV Cable,7114,807,1.15,1.694,15435,3087,18522,25421,0,0,Base
2026-07-01,South,MAT-1004,35 kV Cable,9013,2009,1.13,1.711,21315,4263,25578,31746,0,0,Base
2026-08-01,South,MAT-1004,35 kV Cable,8828,3625,1.08,1.729,23247,4649,27896,27448,448,12096,Base
2026-09-01,South,MAT-1004,35 kV Cable,6328,1942,1.0,1.746,14438,2888,17326,14967,2359,63693,Base
2026-10-01,South,MAT-1004,35 kV Cable,7321,1238,0.92,1.763,13884,2777,16661,14642,2019,54513,Base
2026-11-01,South,MAT-1004,35 kV Cable,6222,2310,0.87,1.781,13219,2644,15863,13633,2230,60210,Base
2026-12-01,South,MAT-1004,35 kV Cable,7114,2201,0.85,1.799,14242,2848,17090,17051,39,1053,Base
2022-01-01,East,MAT-1004,35 kV Cable,7294,2858,0.87,1.0,8832,1766,10598,15212,0,0,Base
2022-02-01,East,MAT-1004,35 kV Cable,8991,1379,0.92,1.01,9636,1927,11563,14813,0,0,Base
2022-03-01,East,MAT-1004,35 kV Cable,8501,1197,1.0,1.02,9893,1979,11872,10639,1233,33291,Base
2022-04-01,East,MAT-1004,35 kV Cable,8600,1169,1.08,1.03,10870,2174,13044,18386,0,0,Base
2022-05-01,East,MAT-1004,35 kV Cable,8548,2124,1.13,1.041,12549,2510,15059,19439,0,0,Base
2022-06-01,East,MAT-1004,35 kV Cable,12682,5694,1.15,1.051,22210,4442,26652,38557,0,0,Base
2022-07-01,East,MAT-1004,35 kV Cable,11181,1414,1.13,1.062,15108,3022,18130,24112,0,0,Base
2022-08-01,East,MAT-1004,35 kV Cable,8636,3318,1.08,1.072,13842,2768,16610,22668,0,0,Base
2022-09-01,East,MAT-1004,35 kV Cable,9561,2713,1.0,1.083,13291,2658,15949,14198,1751,47277,Base
2022-10-01,East,MAT-1004,35 kV Cable,8198,1188,0.92,1.094,9444,1889,11333,12866,0,0,Base
2022-11-01,East,MAT-1004,35 kV Cable,6884,439,0.87,1.105,7038,1408,8446,10197,0,0,Base
2022-12-01,East,MAT-1004,35 kV Cable,6774,2250,0.85,1.116,8558,1712,10270,12959,0,0,Base
2023-01-01,East,MAT-1004,35 kV Cable,8243,2194,0.87,1.127,10232,2046,12278,10613,1665,44955,Base
2023-02-01,East,MAT-1004,35 kV Cable,7188,526,0.92,1.138,8077,1615,9692,11035,0,0,Base
2023-03-01,East,MAT-1004,35 kV Cable,10209,1723,1.0,1.149,13716,2743,16459,15192,1267,34209,Base
2023-04-01,East,MAT-1004,35 kV Cable,9454,1668,1.08,1.161,13945,2789,16734,21116,0,0,Base
2023-05-01,East,MAT-1004,35 kV Cable,11280,1883,1.13,1.173,17441,3488,20929,26338,0,0,Base
2023-06-01,East,MAT-1004,35 kV Cable,8843,1733,1.15,1.184,14404,2881,17285,15207,2078,56106,Base
2023-07-01,East,MAT-1004,35 kV Cable,10940,1235,1.13,1.196,16456,3291,19747,26715,0,0,Base
2023-08-01,East,MAT-1004,35 kV Cable,8674,3735,1.08,1.208,16191,3238,19429,17547,1882,50814,Base
2023-09-01,East,MAT-1004,35 kV Cable,8143,3585,1.0,1.22,14310,2862,17172,17638,0,0,Base
2023-10-01,East,MAT-1004,35 kV Cable,7909,3429,0.92,1.232,12855,2571,15426,15725,0,0,Base
2023-11-01,East,MAT-1004,35 kV Cable,7706,752,0.87,1.245,9159,1832,10991,12812,0,0,Base
2023-12-01,East,MAT-1004,35 kV Cable,8960,1881,0.85,1.257,11585,2317,13902,19434,0,0,Base
2024-01-01,East,MAT-1004,35 kV Cable,7893,1847,0.87,1.27,10759,2152,12911,16324,0,0,Base
2024-02-01,East,MAT-1004,35 kV Cable,7640,2699,0.92,1.282,12198,2440,14638,19574,0,0,Base
2024-03-01,East,MAT-1004,35 kV Cable,7891,1660,1.0,1.295,12371,2474,14845,13921,924,24948,Base
2024-04-01,East,MAT-1004,35 kV Cable,9456,502,1.08,1.308,14069,2814,16883,20264,0,0,Base
2024-05-01,East,MAT-1004,35 kV Cable,12020,4103,1.13,1.321,24073,4815,28888,33233,0,0,Base
2024-06-01,East,MAT-1004,35 kV Cable,12133,915,1.15,1.335,20024,4005,24029,20927,3102,83754,Base
2024-07-01,East,MAT-1004,35 kV Cable,12347,1919,1.13,1.348,21728,4346,26074,25791,283,7641,Base
2024-08-01,East,MAT-1004,35 kV Cable,10814,3368,1.08,1.361,20851,4170,25021,29911,0,0,Base
2024-09-01,East,MAT-1004,35 kV Cable,8154,2089,1.0,1.375,14084,2817,16901,19259,0,0,Base
2024-10-01,East,MAT-1004,35 kV Cable,8455,1696,0.92,1.389,12969,2594,15563,17025,0,0,Base
2024-11-01,East,MAT-1004,35 kV Cable,6692,604,0.87,1.403,8903,1781,10684,12223,0,0,Base
2024-12-01,East,MAT-1004,35 kV Cable,6523,1136,0.85,1.417,9222,1844,11066,13631,0,0,Base
2025-01-01,East,MAT-1004,35 kV Cable,9788,3920,0.87,1.431,17063,3413,20476,20479,0,0,Base
2025-02-01,East,MAT-1004,35 kV Cable,8130,1717,0.92,1.445,13091,2618,15709,16675,0,0,Base
2025-03-01,East,MAT-1004,35 kV Cable,10141,758,1.0,1.46,15907,3181,19088,18336,752,20304,Base
2025-04-01,East,MAT-1004,35 kV Cable,8335,3391,1.08,1.474,18668,3734,22402,30263,0,0,Base
2025-05-01,East,MAT-1004,35 kV Cable,10956,3061,1.13,1.489,23582,4716,28298,38204,0,0,Base
2025-06-01,East,MAT-1004,35 kV Cable,9009,3987,1.15,1.504,22474,4495,26969,29680,0,0,Base
2025-07-01,East,MAT-1004,35 kV Cable,12178,5299,1.13,1.519,29995,5999,35994,46707,0,0,Base
2025-08-01,East,MAT-1004,35 kV Cable,10638,2237,1.08,1.534,21330,4266,25596,30769,0,0,Base
2025-09-01,East,MAT-1004,35 kV Cable,9811,1858,1.0,1.549,18079,3616,21695,27204,0,0,Base
2025-10-01,East,MAT-1004,35 kV Cable,7845,1367,0.92,1.565,13262,2652,15914,20880,0,0,Base
2025-11-01,East,MAT-1004,35 kV Cable,8004,1038,0.87,1.58,12433,2487,14920,21102,0,0,Base
2025-12-01,East,MAT-1004,35 kV Cable,9548,1952,0.85,1.596,15603,3121,18724,18738,0,0,Base
2026-01-01,East,MAT-1004,35 kV Cable,7187,633,0.87,1.612,10969,2194,13163,14458,0,0,Base
2026-02-01,East,MAT-1004,35 kV Cable,9427,3727,0.92,1.628,19706,3941,23647,30393,0,0,Base
2026-03-01,East,MAT-1004,35 kV Cable,10073,875,1.0,1.645,18005,3601,21606,28972,0,0,Base
2026-04-01,East,MAT-1004,35 kV Cable,11974,2867,1.08,1.661,26624,5325,31949,35157,0,0,Base
2026-05-01,East,MAT-1004,35 kV Cable,11864,2360,1.13,1.678,26966,5393,32359,40528,0,0,Base
2026-06-01,East,MAT-1004,35 kV Cable,11272,1150,1.15,1.694,24206,4841,29047,36043,0,0,Base
2026-07-01,East,MAT-1004,35 kV Cable,12176,5026,1.13,1.711,33267,6653,39920,45364,0,0,Base
2026-08-01,East,MAT-1004,35 kV Cable,10846,2439,1.08,1.729,24801,4960,29761,31147,0,0,Base
2026-09-01,East,MAT-1004,35 kV Cable,9831,1667,1.0,1.746,20073,4015,24088,31272,0,0,Base
2026-10-01,East,MAT-1004,35 kV Cable,9621,870,0.92,1.763,17019,3404,20423,18706,1717,46359,Base
2026-11-01,East,MAT-1004,35 kV Cable,6617,754,0.87,1.781,11421,2284,13705,14382,0,0,Base
2026-12-01,East,MAT-1004,35 kV Cable,7757,669,0.85,1.799,12883,2577,15460,18443,0,0,Base
2022-01-01,West,MAT-1004,35 kV Cable,8327,2018,0.87,1.0,9000,1800,10800,11215,0,0,Base
2022-02-01,West,MAT-1004,35 kV Cable,8358,1080,0.92,1.01,8770,1754,10524,9337,1187,32049,Base
2022-03-01,West,MAT-1004,35 kV Cable,7861,941,1.0,1.02,8979,1796,10775,14279,0,0,Base
2022-04-01,West,MAT-1004,35 kV Cable,7869,472,1.08,1.03,9281,1856,11137,15375,0,0,Base
2022-05-01,West,MAT-1004,35 kV Cable,9739,3022,1.13,1.041,15005,3001,18006,18900,0,0,Base
2022-06-01,West,MAT-1004,35 kV Cable,8419,666,1.15,1.051,10981,2196,13177,14535,0,0,Base
2022-07-01,West,MAT-1004,35 kV Cable,8200,2916,1.13,1.062,13334,2667,16001,15468,533,14391,Base
2022-08-01,West,MAT-1004,35 kV Cable,10233,2404,1.08,1.072,14632,2926,17558,15756,1802,48654,Base
2022-09-01,West,MAT-1004,35 kV Cable,7577,2660,1.0,1.083,11085,2217,13302,17492,0,0,Base
2022-10-01,West,MAT-1004,35 kV Cable,6066,1876,0.92,1.094,7991,1598,9589,11768,0,0,Base
2022-11-01,West,MAT-1004,35 kV Cable,7213,2697,0.87,1.105,9524,1905,11429,13705,0,0,Base
2022-12-01,West,MAT-1004,35 kV Cable,6474,604,0.85,1.116,6712,1342,8054,7955,99,2673,Base
2023-01-01,West,MAT-1004,35 kV Cable,6180,634,0.87,1.127,6680,1336,8016,8290,0,0,Base
2023-02-01,West,MAT-1004,35 kV Cable,8397,2557,0.92,1.138,11469,2294,13763,17382,0,0,Base
2023-03-01,West,MAT-1004,35 kV Cable,6991,1162,1.0,1.149,9372,1874,11246,10607,639,17253,Base
2023-04-01,West,MAT-1004,35 kV Cable,10475,546,1.08,1.161,13819,2764,16583,18266,0,0,Base
2023-05-01,West,MAT-1004,35 kV Cable,8512,3770,1.13,1.173,16274,3255,19529,25094,0,0,Base
2023-06-01,West,MAT-1004,35 kV Cable,7618,1277,1.15,1.184,12115,2423,14538,18502,0,0,Base
2023-07-01,West,MAT-1004,35 kV Cable,9183,3204,1.13,1.196,16743,3349,20092,26746,0,0,Base
2023-08-01,West,MAT-1004,35 kV Cable,7789,3212,1.08,1.208,14354,2871,17225,19989,0,0,Base
2023-09-01,West,MAT-1004,35 kV Cable,9064,3903,1.0,1.22,15822,3164,18986,17346,1640,44280,Base
2023-10-01,West,MAT-1004,35 kV Cable,6414,394,0.92,1.232,7719,1544,9263,11490,0,0,Base
2023-11-01,West,MAT-1004,35 kV Cable,8319,2760,0.87,1.245,11997,2399,14396,17414,0,0,Base
2023-12-01,West,MAT-1004,35 kV Cable,7702,696,0.85,1.257,8974,1795,10769,14169,0,0,Base
2024-01-01,West,MAT-1004,35 kV Cable,7299,2031,0.87,1.27,10307,2061,12368,13539,0,0,Base
2024-02-01,West,MAT-1004,35 kV Cable,6812,2359,0.92,1.282,10820,2164,12984,17588,0,0,Base
2024-03-01,West,MAT-1004,35 kV Cable,9786,1486,1.0,1.295,14600,2920,17520,25136,0,0,Base
2024-04-01,West,MAT-1004,35 kV Cable,8111,3207,1.08,1.308,15991,3198,19189,18913,276,7452,Base
2024-05-01,West,MAT-1004,35 kV Cable,9420,3213,1.13,1.321,18862,3772,22634,25868,0,0,Base
2024-06-01,West,MAT-1004,35 kV Cable,8938,1794,1.15,1.335,16470,3294,19764,24838,0,0,Base
2024-07-01,West,MAT-1004,35 kV Cable,9043,953,1.13,1.348,15225,3045,18270,20189,0,0,Base
2024-08-01,West,MAT-1004,35 kV Cable,10444,4586,1.08,1.361,22098,4420,26518,33595,0,0,Base
2024-09-01,West,MAT-1004,35 kV Cable,6736,1812,1.0,1.375,11753,2351,14104,18474,0,0,Base
2024-10-01,West,MAT-1004,35 kV Cable,8383,1630,0.92,1.389,12793,2559,15352,16958,0,0,Base
2024-11-01,West,MAT-1004,35 kV Cable,6350,2782,0.87,1.403,11143,2229,13372,19061,0,0,Base
2024-12-01,West,MAT-1004,35 kV Cable,7087,1716,0.85,1.417,10600,2120,12720,11266,1454,39258,Base
2025-01-01,West,MAT-1004,35 kV Cable,7565,2746,0.87,1.431,12835,2567,15402,19534,0,0,Base
2025-02-01,West,MAT-1004,35 kV Cable,7457,2119,0.92,1.445,12731,2546,15277,18187,0,0,Base
2025-03-01,West,MAT-1004,35 kV Cable,9282,1854,1.0,1.46,16253,3251,19504,23712,0,0,Base
2025-04-01,West,MAT-1004,35 kV Cable,9272,2948,1.08,1.474,19455,3891,23346,21323,2023,54621,Base
2025-05-01,West,MAT-1004,35 kV Cable,9336,3143,1.13,1.489,20995,4199,25194,34290,0,0,Base
2025-06-01,West,MAT-1004,35 kV Cable,8509,2780,1.15,1.504,19522,3904,23426,29376,0,0,Base
2025-07-01,West,MAT-1004,35 kV Cable,7950,2143,1.13,1.519,17322,3464,20786,22075,0,0,Base
2025-08-01,West,MAT-1004,35 kV Cable,10434,3297,1.08,1.534,22748,4550,27298,34706,0,0,Base
2025-09-01,West,MAT-1004,35 kV Cable,8640,1224,1.0,1.549,15282,3056,18338,17886,452,12204,Base
2025-10-01,West,MAT-1004,35 kV Cable,8128,2949,0.92,1.565,15947,3189,19136,18212,924,24948,Base
2025-11-01,West,MAT-1004,35 kV Cable,6899,1119,0.87,1.58,11025,2205,13230,18864,0,0,Base
2025-12-01,West,MAT-1004,35 kV Cable,5812,2125,0.85,1.596,10769,2154,12923,16393,0,0,Base
2026-01-01,West,MAT-1004,35 kV Cable,5740,1719,0.87,1.612,10462,2092,12554,16846,0,0,Base
2026-02-01,West,MAT-1004,35 kV Cable,7519,2037,0.92,1.628,14316,2863,17179,16482,697,18819,Base
2026-03-01,West,MAT-1004,35 kV Cable,9380,3103,1.0,1.645,20530,4106,24636,23638,998,26946,Base
2026-04-01,West,MAT-1004,35 kV Cable,8290,808,1.08,1.661,16321,3264,19585,23180,0,0,Base
2026-05-01,West,MAT-1004,35 kV Cable,10011,1937,1.13,1.678,22651,4530,27181,39326,0,0,Base
2026-06-01,West,MAT-1004,35 kV Cable,8658,3634,1.15,1.694,23953,4791,28744,33628,0,0,Base
2026-07-01,West,MAT-1004,35 kV Cable,10657,3811,1.13,1.711,27980,5596,33576,39028,0,0,Base
2026-08-01,West,MAT-1004,35 kV Cable,7575,1776,1.08,1.729,17457,3491,20948,22054,0,0,Base
2026-09-01,West,MAT-1004,35 kV Cable,8604,3039,1.0,1.746,20326,4065,24391,33482,0,0,Base
2026-10-01,West,MAT-1004,35 kV Cable,7031,1457,0.92,1.763,13769,2754,16523,17557,0,0,Base
2026-11-01,West,MAT-1004,35 kV Cable,7253,3202,0.87,1.781,16199,3240,19439,22147,0,0,Base
2026-12-01,West,MAT-1004,35 kV Cable,5649,544,0.85,1.799,9468,1894,11362,13203,0,0,Base
2022-01-01,North,MAT-1005,Pad-Mount Transformer 500 kVA,148,33,0.87,1.0,157,31,188,178,10,260000,Base
2022-02-01,North,MAT-1005,Pad-Mount Transformer 500 kVA,152,59,0.92,1.01,196,39,235,325,0,0,Base
2022-03-01,North,MAT-1005,Pad-Mount Transformer 500 kVA,161,21,1.0,1.02,186,37,223,190,33,858000,Base
2022-04-01,North,MAT-1005,Pad-Mount Transformer 500 kVA,147,53,1.08,1.03,223,45,268,332,0,0,Base
2022-05-01,North,MAT-1005,Pad-Mount Transformer 500 kVA,145,12,1.13,1.041,185,37,222,206,16,416000,Base
2022-06-01,North,MAT-1005,Pad-Mount Transformer 500 kVA,192,78,1.15,1.051,326,65,391,511,0,0,Base
2022-07-01,North,MAT-1005,Pad-Mount Transformer 500 kVA,142,54,1.13,1.062,235,47,282,252,30,780000,Base
2022-08-01,North,MAT-1005,Pad-Mount Transformer 500 kVA,171,76,1.08,1.072,286,57,343,370,0,0,Base
2022-09-01,North,MAT-1005,Pad-Mount Transformer 500 kVA,149,28,1.0,1.083,192,38,230,238,0,0,Base
2022-10-01,North,MAT-1005,Pad-Mount Transformer 500 kVA,155,50,0.92,1.094,206,41,247,261,0,0,Base
2022-11-01,North,MAT-1005,Pad-Mount Transformer 500 kVA,124,38,0.87,1.105,156,31,187,185,2,52000,Base
2022-12-01,North,MAT-1005,Pad-Mount Transformer 500 kVA,125,55,0.85,1.116,171,34,205,276,0,0,Base
2023-01-01,North,MAT-1005,Pad-Mount Transformer 500 kVA,106,45,0.87,1.127,148,30,178,173,5,130000,Base
2023-02-01,North,MAT-1005,Pad-Mount Transformer 500 kVA,142,45,0.92,1.138,196,39,235,209,26,676000,Base
2023-03-01,North,MAT-1005,Pad-Mount Transformer 500 kVA,114,47,1.0,1.149,185,37,222,317,0,0,Base
2023-04-01,North,MAT-1005,Pad-Mount Transformer 500 kVA,141,30,1.08,1.161,214,43,257,344,0,0,Base
2023-05-01,North,MAT-1005,Pad-Mount Transformer 500 kVA,166,36,1.13,1.173,268,54,322,361,0,0,Base
2023-06-01,North,MAT-1005,Pad-Mount Transformer 500 kVA,168,54,1.15,1.184,302,60,362,338,24,624000,Base
2023-07-01,North,MAT-1005,Pad-Mount Transformer 500 kVA,132,42,1.13,1.196,235,47,282,369,0,0,Base
2023-08-01,North,MAT-1005,Pad-Mount Transformer 500 kVA,130,58,1.08,1.208,245,49,294,316,0,0,Base
2023-09-01,North,MAT-1005,Pad-Mount Transformer 500 kVA,162,68,1.0,1.22,281,56,337,384,0,0,Base
2023-10-01,North,MAT-1005,Pad-Mount Transformer 500 kVA,140,49,0.92,1.232,214,43,257,361,0,0,Base
2023-11-01,North,MAT-1005,Pad-Mount Transformer 500 kVA,143,46,0.87,1.245,205,41,246,221,25,650000,Base
2023-12-01,North,MAT-1005,Pad-Mount Transformer 500 kVA,100,20,0.85,1.257,128,26,154,170,0,0,Base
2024-01-01,North,MAT-1005,Pad-Mount Transformer 500 kVA,104,12,0.87,1.27,128,26,154,216,0,0,Base
2024-02-01,North,MAT-1005,Pad-Mount Transformer 500 kVA,130,27,0.92,1.282,185,37,222,261,0,0,Base
2024-03-01,North,MAT-1005,Pad-Mount Transformer 500 kVA,140,43,1.0,1.295,237,47,284,366,0,0,Base
2024-04-01,North,MAT-1005,Pad-Mount Transformer 500 kVA,179,80,1.08,1.308,366,73,439,629,0,0,Base
2024-05-01,North,MAT-1005,Pad-Mount Transformer 500 kVA,163,14,1.13,1.321,264,53,317,375,0,0,Base
2024-06-01,North,MAT-1005,Pad-Mount Transformer 500 kVA,189,79,1.15,1.335,411,82,493,481,12,312000,Base
2024-07-01,North,MAT-1005,Pad-Mount Transformer 500 kVA,135,54,1.13,1.348,288,58,346,439,0,0,Base
2024-08-01,North,MAT-1005,Pad-Mount Transformer 500 kVA,129,28,1.08,1.361,231,46,277,242,35,910000,Base
2024-09-01,North,MAT-1005,Pad-Mount Transformer 500 kVA,120,18,1.0,1.375,190,38,228,268,0,0,Base
2024-10-01,North,MAT-1005,Pad-Mount Transformer 500 kVA,113,14,0.92,1.389,162,32,194,278,0,0,Base
2024-11-01,North,MAT-1005,Pad-Mount Transformer 500 kVA,138,29,0.87,1.403,204,41,245,247,0,0,Base
2024-12-01,North,MAT-1005,Pad-Mount Transformer 500 kVA,129,32,0.85,1.417,194,39,233,199,34,884000,Base
2025-01-01,North,MAT-1005,Pad-Mount Transformer 500 kVA,139,43,0.87,1.431,227,45,272,259,13,338000,Base
2025-02-01,North,MAT-1005,Pad-Mount Transformer 500 kVA,119,29,0.92,1.445,197,39,236,320,0,0,Base
2025-03-01,North,MAT-1005,Pad-Mount Transformer 500 kVA,123,32,1.0,1.46,226,45,271,325,0,0,Base
2025-04-01,North,MAT-1005,Pad-Mount Transformer 500 kVA,159,38,1.08,1.474,314,63,377,386,0,0,Base
2025-05-01,North,MAT-1005,Pad-Mount Transformer 500 kVA,177,40,1.13,1.489,365,73,438,571,0,0,Base
2025-06-01,North,MAT-1005,Pad-Mount Transformer 500 kVA,174,40,1.15,1.504,370,74,444,437,7,182000,Base
2025-07-01,North,MAT-1005,Pad-Mount Transformer 500 kVA,150,51,1.13,1.519,345,69,414,495,0,0,Base
2025-08-01,North,MAT-1005,Pad-Mount Transformer 500 kVA,175,24,1.08,1.534,330,66,396,366,30,780000,Base
2025-09-01,North,MAT-1005,Pad-Mount Transformer 500 kVA,164,10,1.0,1.549,270,54,324,372,0,0,Base
2025-10-01,North,MAT-1005,Pad-Mount Transformer 500 kVA,129,25,0.92,1.565,222,44,266,305,0,0,Base
2025-11-01,North,MAT-1005,Pad-Mount Transformer 500 kVA,135,11,0.87,1.58,201,40,241,230,11,286000,Base
2025-12-01,North,MAT-1005,Pad-Mount Transformer 500 kVA,129,22,0.85,1.596,205,41,246,332,0,0,Base
2026-01-01,North,MAT-1005,Pad-Mount Transformer 500 kVA,108,39,0.87,1.612,206,41,247,276,0,0,Base
2026-02-01,North,MAT-1005,Pad-Mount Transformer 500 kVA,107,13,0.92,1.628,180,36,216,272,0,0,Base
2026-03-01,North,MAT-1005,Pad-Mount Transformer 500 kVA,166,40,1.0,1.645,339,68,407,365,42,1092000,Base
2026-04-01,North,MAT-1005,Pad-Mount Transformer 500 kVA,177,25,1.08,1.661,362,72,434,598,0,0,Base
2026-05-01,North,MAT-1005,Pad-Mount Transformer 500 kVA,138,13,1.13,1.678,286,57,343,493,0,0,Base
2026-06-01,North,MAT-1005,Pad-Mount Transformer 500 kVA,148,12,1.15,1.694,312,62,374,520,0,0,Base
2026-07-01,North,MAT-1005,Pad-Mount Transformer 500 kVA,156,42,1.13,1.711,383,77,460,533,0,0,Base
2026-08-01,North,MAT-1005,Pad-Mount Transformer 500 kVA,155,40,1.08,1.729,364,73,437,412,25,650000,Base
2026-09-01,North,MAT-1005,Pad-Mount Transformer 500 kVA,152,31,1.0,1.746,319,64,383,551,0,0,Base
2026-10-01,North,MAT-1005,Pad-Mount Transformer 500 kVA,137,59,0.92,1.763,318,64,382,531,0,0,Base
2026-11-01,North,MAT-1005,Pad-Mount Transformer 500 kVA,116,32,0.87,1.781,229,46,275,245,30,780000,Base
2026-12-01,North,MAT-1005,Pad-Mount Transformer 500 kVA,101,33,0.85,1.799,205,41,246,257,0,0,Base
2022-01-01,South,MAT-1005,Pad-Mount Transformer 500 kVA,123,13,0.87,1.0,118,24,142,163,0,0,Base
2022-02-01,South,MAT-1005,Pad-Mount Transformer 500 kVA,141,46,0.92,1.01,174,35,209,222,0,0,Base
2022-03-01,South,MAT-1005,Pad-Mount Transformer 500 kVA,150,64,1.0,1.02,218,44,262,233,29,754000,Base
2022-04-01,South,MAT-1005,Pad-Mount Transformer 500 kVA,174,31,1.08,1.03,228,46,274,379,0,0,Base
2022-05-01,South,MAT-1005,Pad-Mount Transformer 500 kVA,141,56,1.13,1.041,232,46,278,363,0,0,Base
2022-06-01,South,MAT-1005,Pad-Mount Transformer 500 kVA,167,27,1.15,1.051,234,47,281,329,0,0,Base
2022-07-01,South,MAT-1005,Pad-Mount Transformer 500 kVA,135,19,1.13,1.062,185,37,222,276,0,0,Base
2022-08-01,South,MAT-1005,Pad-Mount Transformer 500 kVA,140,43,1.08,1.072,212,42,254,237,17,442000,Base
2022-09-01,South,MAT-1005,Pad-Mount Transformer 500 kVA,132,20,1.0,1.083,165,33,198,239,0,0,Base
2022-10-01,South,MAT-1005,Pad-Mount Transformer 500 kVA,124,25,0.92,1.094,150,30,180,165,15,390000,Base
2022-11-01,South,MAT-1005,Pad-Mount Transformer 500 kVA,122,36,0.87,1.105,152,30,182,200,0,0,Base
2022-12-01,South,MAT-1005,Pad-Mount Transformer 500 kVA,126,35,0.85,1.116,153,31,184,266,0,0,Base
2023-01-01,South,MAT-1005,Pad-Mount Transformer 500 kVA,122,10,0.87,1.127,129,26,155,133,22,572000,Base
2023-02-01,South,MAT-1005,Pad-Mount Transformer 500 kVA,146,63,0.92,1.138,219,44,263,331,0,0,Base
2023-03-01,South,MAT-1005,Pad-Mount Transformer 500 kVA,129,49,1.0,1.149,205,41,246,306,0,0,Base
2023-04-01,South,MAT-1005,Pad-Mount Transformer 500 kVA,144,17,1.08,1.161,202,40,242,296,0,0,Base
2023-05-01,South,MAT-1005,Pad-Mount Transformer 500 kVA,140,31,1.13,1.173,227,45,272,312,0,0,Base
2023-06-01,South,MAT-1005,Pad-Mount Transformer 500 kVA,160,23,1.15,1.184,249,50,299,345,0,0,Base
2023-07-01,South,MAT-1005,Pad-Mount Transformer 500 kVA,181,69,1.13,1.196,338,68,406,569,0,0,Base
2023-08-01,South,MAT-1005,Pad-Mount Transformer 500 kVA,156,8,1.08,1.208,214,43,257,332,0,0,Base
2023-09-01,South,MAT-1005,Pad-Mount Transformer 500 kVA,138,37,1.0,1.22,214,43,257,317,0,0,Base
2023-10-01,South,MAT-1005,Pad-Mount Transformer 500 kVA,134,35,0.92,1.232,192,38,230,237,0,0,Base
2023-11-01,South,MAT-1005,Pad-Mount Transformer 500 kVA,119,28,0.87,1.245,159,32,191,260,0,0,Base
2023-12-01,South,MAT-1005,Pad-Mount Transformer 500 kVA,95,28,0.85,1.257,131,26,157,225,0,0,Base
2024-01-01,South,MAT-1005,Pad-Mount Transformer 500 kVA,102,39,0.87,1.27,156,31,187,227,0,0,Base
2024-02-01,South,MAT-1005,Pad-Mount Transformer 500 kVA,117,14,0.92,1.282,155,31,186,173,13,338000,Base
2024-03-01,South,MAT-1005,Pad-Mount Transformer 500 kVA,116,25,1.0,1.295,183,37,220,216,4,104000,Base
2024-04-01,South,MAT-1005,Pad-Mount Transformer 500 kVA,171,52,1.08,1.308,315,63,378,395,0,0,Base
2024-05-01,South,MAT-1005,Pad-Mount Transformer 500 kVA,144,19,1.13,1.321,243,49,292,382,0,0,Base
2024-06-01,South,MAT-1005,Pad-Mount Transformer 500 kVA,156,12,1.15,1.335,258,52,310,437,0,0,Base
2024-07-01,South,MAT-1005,Pad-Mount Transformer 500 kVA,126,16,1.13,1.348,216,43,259,332,0,0,Base
2024-08-01,South,MAT-1005,Pad-Mount Transformer 500 kVA,130,48,1.08,1.361,262,52,314,408,0,0,Base
2024-09-01,South,MAT-1005,Pad-Mount Transformer 500 kVA,144,17,1.0,1.375,221,44,265,357,0,0,Base
2024-10-01,South,MAT-1005,Pad-Mount Transformer 500 kVA,115,44,0.92,1.389,203,41,244,231,13,338000,Base
2024-11-01,South,MAT-1005,Pad-Mount Transformer 500 kVA,106,42,0.87,1.403,181,36,217,194,23,598000,Base
2024-12-01,South,MAT-1005,Pad-Mount Transformer 500 kVA,105,27,0.85,1.417,159,32,191,206,0,0,Base
2025-01-01,South,MAT-1005,Pad-Mount Transformer 500 kVA,124,11,0.87,1.431,168,34,202,281,0,0,Base
2025-02-01,South,MAT-1005,Pad-Mount Transformer 500 kVA,101,32,0.92,1.445,177,35,212,230,0,0,Base
2025-03-01,South,MAT-1005,Pad-Mount Transformer 500 kVA,159,34,1.0,1.46,282,56,338,473,0,0,Base
2025-04-01,South,MAT-1005,Pad-Mount Transformer 500 kVA,142,33,1.08,1.474,279,56,335,429,0,0,Base
2025-05-01,South,MAT-1005,Pad-Mount Transformer 500 kVA,124,25,1.13,1.489,251,50,301,385,0,0,Base
2025-06-01,South,MAT-1005,Pad-Mount Transformer 500 kVA,149,53,1.15,1.504,349,70,419,356,63,1638000,Base
2025-07-01,South,MAT-1005,Pad-Mount Transformer 500 kVA,168,53,1.13,1.519,379,76,455,561,0,0,Base
2025-08-01,South,MAT-1005,Pad-Mount Transformer 500 kVA,117,33,1.08,1.534,249,50,299,279,20,520000,Base
2025-09-01,South,MAT-1005,Pad-Mount Transformer 500 kVA,128,42,1.0,1.549,263,53,316,270,46,1196000,Base
2025-10-01,South,MAT-1005,Pad-Mount Transformer 500 kVA,105,13,0.92,1.565,170,34,204,184,20,520000,Base
2025-11-01,South,MAT-1005,Pad-Mount Transformer 500 kVA,132,50,0.87,1.58,250,50,300,390,0,0,Base
2025-12-01,South,MAT-1005,Pad-Mount Transformer 500 kVA,110,25,0.85,1.596,183,37,220,316,0,0,Base
2026-01-01,South,MAT-1005,Pad-Mount Transformer 500 kVA,137,52,0.87,1.612,265,53,318,402,0,0,Base
2026-02-01,South,MAT-1005,Pad-Mount Transformer 500 kVA,149,30,0.92,1.628,268,54,322,413,0,0,Base
2026-03-01,South,MAT-1005,Pad-Mount Transformer 500 kVA,147,16,1.0,1.645,268,54,322,458,0,0,Base
2026-04-01,South,MAT-1005,Pad-Mount Transformer 500 kVA,171,71,1.08,1.661,434,87,521,520,1,26000,Base
2026-05-01,South,MAT-1005,Pad-Mount Transformer 500 kVA,144,56,1.13,1.678,379,76,455,541,0,0,Base
2026-06-01,South,MAT-1005,Pad-Mount Transformer 500 kVA,156,58,1.15,1.694,417,83,500,616,0,0,Base
2026-07-01,South,MAT-1005,Pad-Mount Transformer 500 kVA,178,30,1.13,1.711,402,80,482,462,20,520000,Base
2026-08-01,South,MAT-1005,Pad-Mount Transformer 500 kVA,162,52,1.08,1.729,399,80,479,691,0,0,Base
2026-09-01,South,MAT-1005,Pad-Mount Transformer 500 kVA,123,29,1.0,1.746,265,53,318,442,0,0,Base
2026-10-01,South,MAT-1005,Pad-Mount Transformer 500 kVA,108,9,0.92,1.763,190,38,228,290,0,0,Base
2026-11-01,South,MAT-1005,Pad-Mount Transformer 500 kVA,115,8,0.87,1.781,191,38,229,303,0,0,Base
2026-12-01,South,MAT-1005,Pad-Mount Transformer 500 kVA,120,25,0.85,1.799,222,44,266,252,14,364000,Base
2022-01-01,East,MAT-1005,Pad-Mount Transformer 500 kVA,140,29,0.87,1.0,147,29,176,253,0,0,Base
2022-02-01,East,MAT-1005,Pad-Mount Transformer 500 kVA,167,43,0.92,1.01,195,39,234,247,0,0,Base
2022-03-01,East,MAT-1005,Pad-Mount Transformer 500 kVA,157,28,1.0,1.02,189,38,227,316,0,0,Base
2022-04-01,East,MAT-1005,Pad-Mount Transformer 500 kVA,177,27,1.08,1.03,227,45,272,365,0,0,Base
2022-05-01,East,MAT-1005,Pad-Mount Transformer 500 kVA,165,11,1.13,1.041,207,41,248,326,0,0,Base
2022-06-01,East,MAT-1005,Pad-Mount Transformer 500 kVA,197,51,1.15,1.051,300,60,360,487,0,0,Base
2022-07-01,East,MAT-1005,Pad-Mount Transformer 500 kVA,211,32,1.13,1.062,291,58,349,483,0,0,Base
2022-08-01,East,MAT-1005,Pad-Mount Transformer 500 kVA,191,33,1.08,1.072,259,52,311,443,0,0,Base
2022-09-01,East,MAT-1005,Pad-Mount Transformer 500 kVA,161,57,1.0,1.083,236,47,283,345,0,0,Base
2022-10-01,East,MAT-1005,Pad-Mount Transformer 500 kVA,160,15,0.92,1.094,176,35,211,182,29,754000,Base
2022-11-01,East,MAT-1005,Pad-Mount Transformer 500 kVA,135,54,0.87,1.105,182,36,218,313,0,0,Base
2022-12-01,East,MAT-1005,Pad-Mount Transformer 500 kVA,129,34,0.85,1.116,155,31,186,209,0,0,Base
2023-01-01,East,MAT-1005,Pad-Mount Transformer 500 kVA,142,9,0.87,1.127,148,30,178,248,0,0,Base
2023-02-01,East,MAT-1005,Pad-Mount Transformer 500 kVA,173,13,0.92,1.138,195,39,234,312,0,0,Base
2023-03-01,East,MAT-1005,Pad-Mount Transformer 500 kVA,156,68,1.0,1.149,257,51,308,322,0,0,Base
2023-04-01,East,MAT-1005,Pad-Mount Transformer 500 kVA,193,31,1.08,1.161,281,56,337,365,0,0,Base
2023-05-01,East,MAT-1005,Pad-Mount Transformer 500 kVA,167,66,1.13,1.173,309,62,371,403,0,0,Base
2023-06-01,East,MAT-1005,Pad-Mount Transformer 500 kVA,215,12,1.15,1.184,309,62,371,353,18,468000,Base
2023-07-01,East,MAT-1005,Pad-Mount Transformer 500 kVA,174,34,1.13,1.196,281,56,337,411,0,0,Base
2023-08-01,East,MAT-1005,Pad-Mount Transformer 500 kVA,223,31,1.08,1.208,331,66,397,347,50,1300000,Base
2023-09-01,East,MAT-1005,Pad-Mount Transformer 500 kVA,163,27,1.0,1.22,232,46,278,385,0,0,Base
2023-10-01,East,MAT-1005,Pad-Mount Transformer 500 kVA,187,75,0.92,1.232,297,59,356,315,41,1066000,Base
2023-11-01,East,MAT-1005,Pad-Mount Transformer 500 kVA,140,39,0.87,1.245,194,39,233,320,0,0,Base
2023-12-01,East,MAT-1005,Pad-Mount Transformer 500 kVA,165,40,0.85,1.257,219,44,263,361,0,0,Base
2024-01-01,East,MAT-1005,Pad-Mount Transformer 500 kVA,122,23,0.87,1.27,160,32,192,224,0,0,Base
2024-02-01,East,MAT-1005,Pad-Mount Transformer 500 kVA,143,43,0.92,1.282,219,44,263,263,0,0,Base
2024-03-01,East,MAT-1005,Pad-Mount Transformer 500 kVA,185,10,1.0,1.295,253,51,304,364,0,0,Base
2024-04-01,East,MAT-1005,Pad-Mount Transformer 500 kVA,206,39,1.08,1.308,346,69,415,396,19,494000,Base
2024-05-01,East,MAT-1005,Pad-Mount Transformer 500 kVA,164,68,1.13,1.321,346,69,415,384,31,806000,Base
2024-06-01,East,MAT-1005,Pad-Mount Transformer 500 kVA,207,92,1.15,1.335,459,92,551,695,0,0,Base
2024-07-01,East,MAT-1005,Pad-Mount Transformer 500 kVA,202,19,1.13,1.348,337,67,404,511,0,0,Base
2024-08-01,East,MAT-1005,Pad-Mount Transformer 500 kVA,183,29,1.08,1.361,312,62,374,483,0,0,Base
2024-09-01,East,MAT-1005,Pad-Mount Transformer 500 kVA,161,15,1.0,1.375,242,48,290,391,0,0,Base
2024-10-01,East,MAT-1005,Pad-Mount Transformer 500 kVA,146,39,0.92,1.389,236,47,283,366,0,0,Base
2024-11-01,East,MAT-1005,Pad-Mount Transformer 500 kVA,140,61,0.87,1.403,245,49,294,334,0,0,Base
2024-12-01,East,MAT-1005,Pad-Mount Transformer 500 kVA,157,46,0.85,1.417,244,49,293,379,0,0,Base
2025-01-01,East,MAT-1005,Pad-Mount Transformer 500 kVA,131,53,0.87,1.431,229,46,275,297,0,0,Base
2025-02-01,East,MAT-1005,Pad-Mount Transformer 500 kVA,133,14,0.92,1.445,195,39,234,244,0,0,Base
2025-03-01,East,MAT-1005,Pad-Mount Transformer 500 kVA,201,66,1.0,1.46,390,78,468,506,0,0,Base
2025-04-01,East,MAT-1005,Pad-Mount Transformer 500 kVA,163,40,1.08,1.474,323,65,388,500,0,0,Base
2025-05-01,East,MAT-1005,Pad-Mount Transformer 500 kVA,214,27,1.13,1.489,405,81,486,657,0,0,Base
2025-06-01,East,MAT-1005,Pad-Mount Transformer 500 kVA,238,57,1.15,1.504,510,102,612,684,0,0,Base
2025-07-01,East,MAT-1005,Pad-Mount Transformer 500 kVA,158,52,1.13,1.519,360,72,432,614,0,0,Base
2025-08-01,East,MAT-1005,Pad-Mount Transformer 500 kVA,161,55,1.08,1.534,358,72,430,541,0,0,Base
2025-09-01,East,MAT-1005,Pad-Mount Transformer 500 kVA,162,54,1.0,1.549,335,67,402,358,44,1144000,Base
2025-10-01,East,MAT-1005,Pad-Mount Transformer 500 kVA,173,69,0.92,1.565,348,70,418,549,0,0,Base
2025-11-01,East,MAT-1005,Pad-Mount Transformer 500 kVA,136,18,0.87,1.58,212,42,254,269,0,0,Base
2025-12-01,East,MAT-1005,Pad-Mount Transformer 500 kVA,156,69,0.85,1.596,305,61,366,468,0,0,Base
2026-01-01,East,MAT-1005,Pad-Mount Transformer 500 kVA,133,36,0.87,1.612,237,47,284,368,0,0,Base
2026-02-01,East,MAT-1005,Pad-Mount Transformer 500 kVA,145,44,0.92,1.628,283,57,340,424,0,0,Base
2026-03-01,East,MAT-1005,Pad-Mount Transformer 500 kVA,163,65,1.0,1.645,375,75,450,429,21,546000,Base
2026-04-01,East,MAT-1005,Pad-Mount Transformer 500 kVA,186,66,1.08,1.661,452,90,542,558,0,0,Base
2026-05-01,East,MAT-1005,Pad-Mount Transformer 500 kVA,205,64,1.13,1.678,510,102,612,720,0,0,Base
2026-06-01,East,MAT-1005,Pad-Mount Transformer 500 kVA,217,74,1.15,1.694,567,113,680,893,0,0,Base
2026-07-01,East,MAT-1005,Pad-Mount Transformer 500 kVA,221,96,1.13,1.711,613,123,736,762,0,0,Base
2026-08-01,East,MAT-1005,Pad-Mount Transformer 500 kVA,161,8,1.08,1.729,315,63,378,442,0,0,Base
2026-09-01,East,MAT-1005,Pad-Mount Transformer 500 kVA,160,39,1.0,1.746,347,69,416,442,0,0,Base
2026-10-01,East,MAT-1005,Pad-Mount Transformer 500 kVA,139,56,0.92,1.763,316,63,379,425,0,0,Base
2026-11-01,East,MAT-1005,Pad-Mount Transformer 500 kVA,142,61,0.87,1.781,315,63,378,483,0,0,Base
2026-12-01,East,MAT-1005,Pad-Mount Transformer 500 kVA,123,42,0.85,1.799,252,50,302,365,0,0,Base
2022-01-01,West,MAT-1005,Pad-Mount Transformer 500 kVA,115,44,0.87,1.0,138,28,166,174,0,0,Base
2022-02-01,West,MAT-1005,Pad-Mount Transformer 500 kVA,125,24,0.92,1.01,138,28,166,161,5,130000,Base
2022-03-01,West,MAT-1005,Pad-Mount Transformer 500 kVA,168,68,1.0,1.02,241,48,289,381,0,0,Base
2022-04-01,West,MAT-1005,Pad-Mount Transformer 500 kVA,137,28,1.08,1.03,184,37,221,320,0,0,Base
2022-05-01,West,MAT-1005,Pad-Mount Transformer 500 kVA,192,83,1.13,1.041,323,65,388,418,0,0,Base
2022-06-01,West,MAT-1005,Pad-Mount Transformer 500 kVA,175,41,1.15,1.051,261,52,313,392,0,0,Base
2022-07-01,West,MAT-1005,Pad-Mount Transformer 500 kVA,136,51,1.13,1.062,224,45,269,251,18,468000,Base
2022-08-01,West,MAT-1005,Pad-Mount Transformer 500 kVA,181,50,1.08,1.072,267,53,320,287,33,858000,Base
2022-09-01,West,MAT-1005,Pad-Mount Transformer 500 kVA,172,30,1.0,1.083,219,44,263,227,36,936000,Base
2022-10-01,West,MAT-1005,Pad-Mount Transformer 500 kVA,159,42,0.92,1.094,202,40,242,340,0,0,Base
2022-11-01,West,MAT-1005,Pad-Mount Transformer 500 kVA,154,34,0.87,1.105,181,36,217,213,4,104000,Base
2022-12-01,West,MAT-1005,Pad-Mount Transformer 500 kVA,118,32,0.85,1.116,142,28,170,180,0,0,Base
2023-01-01,West,MAT-1005,Pad-Mount Transformer 500 kVA,150,36,0.87,1.127,182,36,218,209,9,234000,Base
2023-02-01,West,MAT-1005,Pad-Mount Transformer 500 kVA,164,12,0.92,1.138,184,37,221,220,1,26000,Base
2023-03-01,West,MAT-1005,Pad-Mount Transformer 500 kVA,127,30,1.0,1.149,180,36,216,289,0,0,Base
2023-04-01,West,MAT-1005,Pad-Mount Transformer 500 kVA,175,64,1.08,1.161,300,60,360,342,18,468000,Base
2023-05-01,West,MAT-1005,Pad-Mount Transformer 500 kVA,181,69,1.13,1.173,331,66,397,418,0,0,Base
2023-06-01,West,MAT-1005,Pad-Mount Transformer 500 kVA,187,55,1.15,1.184,330,66,396,414,0,0,Base
2023-07-01,West,MAT-1005,Pad-Mount Transformer 500 kVA,153,30,1.13,1.196,247,49,296,270,26,676000,Base
2023-08-01,West,MAT-1005,Pad-Mount Transformer 500 kVA,174,43,1.08,1.208,283,57,340,424,0,0,Base
2023-09-01,West,MAT-1005,Pad-Mount Transformer 500 kVA,166,53,1.0,1.22,267,53,320,346,0,0,Base
2023-10-01,West,MAT-1005,Pad-Mount Transformer 500 kVA,161,60,0.92,1.232,251,50,301,384,0,0,Base
2023-11-01,West,MAT-1005,Pad-Mount Transformer 500 kVA,147,53,0.87,1.245,217,43,260,312,0,0,Base
2023-12-01,West,MAT-1005,Pad-Mount Transformer 500 kVA,146,15,0.85,1.257,172,34,206,255,0,0,Base
2024-01-01,West,MAT-1005,Pad-Mount Transformer 500 kVA,133,13,0.87,1.27,161,32,193,255,0,0,Base
2024-02-01,West,MAT-1005,Pad-Mount Transformer 500 kVA,162,43,0.92,1.282,242,48,290,334,0,0,Base
2024-03-01,West,MAT-1005,Pad-Mount Transformer 500 kVA,176,33,1.0,1.295,271,54,325,432,0,0,Base
2024-04-01,West,MAT-1005,Pad-Mount Transformer 500 kVA,162,62,1.08,1.308,316,63,379,406,0,0,Base
2024-05-01,West,MAT-1005,Pad-Mount Transformer 500 kVA,186,80,1.13,1.321,397,79,476,684,0,0,Base
2024-06-01,West,MAT-1005,Pad-Mount Transformer 500 kVA,184,49,1.15,1.335,358,72,430,433,0,0,Base
2024-07-01,West,MAT-1005,Pad-Mount Transformer 500 kVA,174,67,1.13,1.348,367,73,440,606,0,0,Base
2024-08-01,West,MAT-1005,Pad-Mount Transformer 500 kVA,147,35,1.08,1.361,268,54,322,351,0,0,Base
2024-09-01,West,MAT-1005,Pad-Mount Transformer 500 kVA,146,51,1.0,1.375,271,54,325,455,0,0,Base
2024-10-01,West,MAT-1005,Pad-Mount Transformer 500 kVA,157,8,0.92,1.389,211,42,253,261,0,0,Base
2024-11-01,West,MAT-1005,Pad-Mount Transformer 500 kVA,118,44,0.87,1.403,198,40,238,249,0,0,Base
2024-12-01,West,MAT-1005,Pad-Mount Transformer 500 kVA,115,36,0.85,1.417,182,36,218,243,0,0,Base
2025-01-01,West,MAT-1005,Pad-Mount Transformer 500 kVA,148,64,0.87,1.431,264,53,317,379,0,0,Base
2025-02-01,West,MAT-1005,Pad-Mount Transformer 500 kVA,151,10,0.92,1.445,214,43,257,260,0,0,Base
2025-03-01,West,MAT-1005,Pad-Mount Transformer 500 kVA,126,22,1.0,1.46,216,43,259,311,0,0,Base
2025-04-01,West,MAT-1005,Pad-Mount Transformer 500 kVA,166,12,1.08,1.474,283,57,340,431,0,0,Base
2025-05-01,West,MAT-1005,Pad-Mount Transformer 500 kVA,150,40,1.13,1.489,320,64,384,431,0,0,Base
2025-06-01,West,MAT-1005,Pad-Mount Transformer 500 kVA,149,37,1.15,1.504,322,64,386,444,0,0,Base
2025-07-01,West,MAT-1005,Pad-Mount Transformer 500 kVA,154,57,1.13,1.519,362,72,434,519,0,0,Base
2025-08-01,West,MAT-1005,Pad-Mount Transformer 500 kVA,156,40,1.08,1.534,325,65,390,398,0,0,Base
2025-09-01,West,MAT-1005,Pad-Mount Transformer 500 kVA,165,42,1.0,1.549,321,64,385,519,0,0,Base
2025-10-01,West,MAT-1005,Pad-Mount Transformer 500 kVA,133,58,0.92,1.565,275,55,330,342,0,0,Base
2025-11-01,West,MAT-1005,Pad-Mount Transformer 500 kVA,108,43,0.87,1.58,208,42,250,319,0,0,Base
2025-12-01,West,MAT-1005,Pad-Mount Transformer 500 kVA,142,41,0.85,1.596,248,50,298,389,0,0,Base
2026-01-01,West,MAT-1005,Pad-Mount Transformer 500 kVA,153,14,0.87,1.612,234,47,281,308,0,0,Base
2026-02-01,West,MAT-1005,Pad-Mount Transformer 500 kVA,134,17,0.92,1.628,226,45,271,360,0,0,Base
2026-03-01,West,MAT-1005,Pad-Mount Transformer 500 kVA,144,49,1.0,1.645,317,63,380,542,0,0,Base
2026-04-01,West,MAT-1005,Pad-Mount Transformer 500 kVA,136,20,1.08,1.661,280,56,336,474,0,0,Base
2026-05-01,West,MAT-1005,Pad-Mount Transformer 500 kVA,148,19,1.13,1.678,317,63,380,350,30,780000,Base
2026-06-01,West,MAT-1005,Pad-Mount Transformer 500 kVA,150,16,1.15,1.694,323,65,388,349,39,1014000,Base
2026-07-01,West,MAT-1005,Pad-Mount Transformer 500 kVA,164,41,1.13,1.711,396,79,475,420,55,1430000,Base
2026-08-01,West,MAT-1005,Pad-Mount Transformer 500 kVA,187,63,1.08,1.729,467,93,560,659,0,0,Base
2026-09-01,West,MAT-1005,Pad-Mount Transformer 500 kVA,150,15,1.0,1.746,288,58,346,433,0,0,Base
2026-10-01,West,MAT-1005,Pad-Mount Transformer 500 kVA,132,57,0.92,1.763,307,61,368,484,0,0,Base
2026-11-01,West,MAT-1005,Pad-Mount Transformer 500 kVA,108,26,0.87,1.781,208,42,250,308,0,0,Base
2026-12-01,West,MAT-1005,Pad-Mount Transformer 500 kVA,118,51,0.85,1.799,258,52,310,415,0,0,Base
2022-01-01,North,MAT-1006,Pole-Mount Transformer 50 kVA,183,12,0.87,1.0,170,34,204,178,26,161200,Base
2022-02-01,North,MAT-1006,Pole-Mount Transformer 50 kVA,221,48,0.92,1.01,250,50,300,267,33,204600,Base
2022-03-01,North,MAT-1006,Pole-Mount Transformer 50 kVA,192,55,1.0,1.02,252,50,302,273,29,179800,Base
2022-04-01,North,MAT-1006,Pole-Mount Transformer 50 kVA,192,61,1.08,1.03,282,56,338,328,10,62000,Base
2022-05-01,North,MAT-1006,Pole-Mount Transformer 50 kVA,224,38,1.13,1.041,308,62,370,319,51,316200,Base
2022-06-01,North,MAT-1006,Pole-Mount Transformer 50 kVA,271,88,1.15,1.051,434,87,521,725,0,0,Base
2022-07-01,North,MAT-1006,Pole-Mount Transformer 50 kVA,208,65,1.13,1.062,327,65,392,343,49,303800,Base
2022-08-01,North,MAT-1006,Pole-Mount Transformer 50 kVA,267,53,1.08,1.072,371,74,445,600,0,0,Base
2022-09-01,North,MAT-1006,Pole-Mount Transformer 50 kVA,191,35,1.0,1.083,245,49,294,294,0,0,Base
2022-10-01,North,MAT-1006,Pole-Mount Transformer 50 kVA,184,58,0.92,1.094,243,49,292,370,0,0,Base
2022-11-01,North,MAT-1006,Pole-Mount Transformer 50 kVA,186,68,0.87,1.105,244,49,293,296,0,0,Base
2022-12-01,North,MAT-1006,Pole-Mount Transformer 50 kVA,189,13,0.85,1.116,192,38,230,230,0,0,Base
2023-01-01,North,MAT-1006,Pole-Mount Transformer 50 kVA,199,84,0.87,1.127,277,55,332,363,0,0,Base
2023-02-01,North,MAT-1006,Pole-Mount Transformer 50 kVA,159,31,0.92,1.138,199,40,239,298,0,0,Base
2023-03-01,North,MAT-1006,Pole-Mount Transformer 50 kVA,173,70,1.0,1.149,279,56,335,390,0,0,Base
2023-04-01,North,MAT-1006,Pole-Mount Transformer 50 kVA,181,49,1.08,1.161,288,58,346,356,0,0,Base
2023-05-01,North,MAT-1006,Pole-Mount Transformer 50 kVA,235,35,1.13,1.173,358,72,430,598,0,0,Base
2023-06-01,North,MAT-1006,Pole-Mount Transformer 50 kVA,204,28,1.15,1.184,316,63,379,353,26,161200,Base
2023-07-01,North,MAT-1006,Pole-Mount Transformer 50 kVA,208,44,1.13,1.196,341,68,409,553,0,0,Base
2023-08-01,North,MAT-1006,Pole-Mount Transformer 50 kVA,202,59,1.08,1.208,341,68,409,429,0,0,Base
2023-09-01,North,MAT-1006,Pole-Mount Transformer 50 kVA,169,57,1.0,1.22,276,55,331,381,0,0,Base
2023-10-01,North,MAT-1006,Pole-Mount Transformer 50 kVA,208,60,0.92,1.232,304,61,365,446,0,0,Base
2023-11-01,North,MAT-1006,Pole-Mount Transformer 50 kVA,157,67,0.87,1.245,243,49,292,317,0,0,Base
2023-12-01,North,MAT-1006,Pole-Mount Transformer 50 kVA,187,13,0.85,1.257,214,43,257,367,0,0,Base
2024-01-01,North,MAT-1006,Pole-Mount Transformer 50 kVA,198,75,0.87,1.27,302,60,362,367,0,0,Base
2024-02-01,North,MAT-1006,Pole-Mount Transformer 50 kVA,159,20,0.92,1.282,211,42,253,335,0,0,Base
2024-03-01,North,MAT-1006,Pole-Mount Transformer 50 kVA,182,56,1.0,1.295,308,62,370,513,0,0,Base
2024-04-01,North,MAT-1006,Pole-Mount Transformer 50 kVA,231,64,1.08,1.308,417,83,500,588,0,0,Base
2024-05-01,North,MAT-1006,Pole-Mount Transformer 50 kVA,222,57,1.13,1.321,417,83,500,587,0,0,Base
2024-06-01,North,MAT-1006,Pole-Mount Transformer 50 kVA,239,19,1.15,1.335,396,79,475,513,0,0,Base
2024-07-01,North,MAT-1006,Pole-Mount Transformer 50 kVA,273,59,1.13,1.348,506,101,607,657,0,0,Base
2024-08-01,North,MAT-1006,Pole-Mount Transformer 50 kVA,205,15,1.08,1.361,323,65,388,518,0,0,Base
2024-09-01,North,MAT-1006,Pole-Mount Transformer 50 kVA,223,34,1.0,1.375,353,71,424,513,0,0,Base
2024-10-01,North,MAT-1006,Pole-Mount Transformer 50 kVA,155,24,0.92,1.389,229,46,275,308,0,0,Base
2024-11-01,North,MAT-1006,Pole-Mount Transformer 50 kVA,202,27,0.87,1.403,279,56,335,305,30,186000,Base
2024-12-01,North,MAT-1006,Pole-Mount Transformer 50 kVA,208,38,0.85,1.417,296,59,355,514,0,0,Base
2025-01-01,North,MAT-1006,Pole-Mount Transformer 50 kVA,183,16,0.87,1.431,248,50,298,342,0,0,Base
2025-02-01,North,MAT-1006,Pole-Mount Transformer 50 kVA,184,65,0.92,1.445,331,66,397,528,0,0,Base
2025-03-01,North,MAT-1006,Pole-Mount Transformer 50 kVA,217,85,1.0,1.46,441,88,529,463,66,409200,Base
2025-04-01,North,MAT-1006,Pole-Mount Transformer 50 kVA,225,57,1.08,1.474,449,90,539,470,69,427800,Base
2025-05-01,North,MAT-1006,Pole-Mount Transformer 50 kVA,272,109,1.13,1.489,641,128,769,684,85,527000,Base
2025-06-01,North,MAT-1006,Pole-Mount Transformer 50 kVA,287,108,1.15,1.504,683,137,820,996,0,0,Base
2025-07-01,North,MAT-1006,Pole-Mount Transformer 50 kVA,236,27,1.13,1.519,451,90,541,521,20,124000,Base
2025-08-01,North,MAT-1006,Pole-Mount Transformer 50 kVA,261,107,1.08,1.534,610,122,732,857,0,0,Base
2025-09-01,North,MAT-1006,Pole-Mount Transformer 50 kVA,244,46,1.0,1.549,449,90,539,611,0,0,Base
2025-10-01,North,MAT-1006,Pole-Mount Transformer 50 kVA,210,85,0.92,1.565,425,85,510,439,71,440200,Base
2025-11-01,North,MAT-1006,Pole-Mount Transformer 50 kVA,191,19,0.87,1.58,289,58,347,377,0,0,Base
2025-12-01,North,MAT-1006,Pole-Mount Transformer 50 kVA,168,48,0.85,1.596,293,59,352,474,0,0,Base
2026-01-01,North,MAT-1006,Pole-Mount Transformer 50 kVA,150,50,0.87,1.612,281,56,337,370,0,0,Base
2026-02-01,North,MAT-1006,Pole-Mount Transformer 50 kVA,187,43,0.92,1.628,345,69,414,465,0,0,Base
2026-03-01,North,MAT-1006,Pole-Mount Transformer 50 kVA,193,79,1.0,1.645,447,89,536,535,1,6200,Base
2026-04-01,North,MAT-1006,Pole-Mount Transformer 50 kVA,199,13,1.08,1.661,380,76,456,402,54,334800,Base
2026-05-01,North,MAT-1006,Pole-Mount Transformer 50 kVA,230,31,1.13,1.678,495,99,594,741,0,0,Base
2026-06-01,North,MAT-1006,Pole-Mount Transformer 50 kVA,208,77,1.15,1.694,555,111,666,795,0,0,Base
2026-07-01,North,MAT-1006,Pole-Mount Transformer 50 kVA,254,79,1.13,1.711,644,129,773,749,24,148800,Base
2026-08-01,North,MAT-1006,Pole-Mount Transformer 50 kVA,247,36,1.08,1.729,528,106,634,832,0,0,Base
2026-09-01,North,MAT-1006,Pole-Mount Transformer 50 kVA,224,100,1.0,1.746,566,113,679,605,74,458800,Base
2026-10-01,North,MAT-1006,Pole-Mount Transformer 50 kVA,182,75,0.92,1.763,417,83,500,671,0,0,Base
2026-11-01,North,MAT-1006,Pole-Mount Transformer 50 kVA,147,57,0.87,1.781,316,63,379,445,0,0,Base
2026-12-01,North,MAT-1006,Pole-Mount Transformer 50 kVA,190,24,0.85,1.799,327,65,392,440,0,0,Base
2022-01-01,South,MAT-1006,Pole-Mount Transformer 50 kVA,184,76,0.87,1.0,226,45,271,251,20,124000,Base
2022-02-01,South,MAT-1006,Pole-Mount Transformer 50 kVA,189,56,0.92,1.01,228,46,274,368,0,0,Base
2022-03-01,South,MAT-1006,Pole-Mount Transformer 50 kVA,204,49,1.0,1.02,258,52,310,331,0,0,Base
2022-04-01,South,MAT-1006,Pole-Mount Transformer 50 kVA,173,50,1.08,1.03,248,50,298,315,0,0,Base
2022-05-01,South,MAT-1006,Pole-Mount Transformer 50 kVA,182,11,1.13,1.041,227,45,272,379,0,0,Base
2022-06-01,South,MAT-1006,Pole-Mount Transformer 50 kVA,271,63,1.15,1.051,404,81,485,431,54,334800,Base
2022-07-01,South,MAT-1006,Pole-Mount Transformer 50 kVA,218,31,1.13,1.062,299,60,359,498,0,0,Base
2022-08-01,South,MAT-1006,Pole-Mount Transformer 50 kVA,249,54,1.08,1.072,351,70,421,474,0,0,Base
2022-09-01,South,MAT-1006,Pole-Mount Transformer 50 kVA,182,26,1.0,1.083,225,45,270,326,0,0,Base
2022-10-01,South,MAT-1006,Pole-Mount Transformer 50 kVA,183,61,0.92,1.094,246,49,295,300,0,0,Base
2022-11-01,South,MAT-1006,Pole-Mount Transformer 50 kVA,165,47,0.87,1.105,204,41,245,303,0,0,Base
2022-12-01,South,MAT-1006,Pole-Mount Transformer 50 kVA,159,31,0.85,1.116,180,36,216,284,0,0,Base
2023-01-01,South,MAT-1006,Pole-Mount Transformer 50 kVA,205,91,0.87,1.127,290,58,348,395,0,0,Base
2023-02-01,South,MAT-1006,Pole-Mount Transformer 50 kVA,168,9,0.92,1.138,185,37,222,221,1,6200,Base
2023-03-01,South,MAT-1006,Pole-Mount Transformer 50 kVA,204,25,1.0,1.149,263,53,316,406,0,0,Base
2023-04-01,South,MAT-1006,Pole-Mount Transformer 50 kVA,173,27,1.08,1.161,251,50,301,398,0,0,Base
2023-05-01,South,MAT-1006,Pole-Mount Transformer 50 kVA,251,78,1.13,1.173,436,87,523,494,29,179800,Base
2023-06-01,South,MAT-1006,Pole-Mount Transformer 50 kVA,215,88,1.15,1.184,413,83,496,441,55,341000,Base
2023-07-01,South,MAT-1006,Pole-Mount Transformer 50 kVA,261,72,1.13,1.196,450,90,540,769,0,0,Base
2023-08-01,South,MAT-1006,Pole-Mount Transformer 50 kVA,178,24,1.08,1.208,264,53,317,369,0,0,Base
2023-09-01,South,MAT-1006,Pole-Mount Transformer 50 kVA,204,77,1.0,1.22,343,69,412,483,0,0,Base
2023-10-01,South,MAT-1006,Pole-Mount Transformer 50 kVA,180,36,0.92,1.232,245,49,294,415,0,0,Base
2023-11-01,South,MAT-1006,Pole-Mount Transformer 50 kVA,206,11,0.87,1.245,235,47,282,254,28,173600,Base
2023-12-01,South,MAT-1006,Pole-Mount Transformer 50 kVA,180,67,0.85,1.257,264,53,317,325,0,0,Base
2024-01-01,South,MAT-1006,Pole-Mount Transformer 50 kVA,197,12,0.87,1.27,231,46,277,303,0,0,Base
2024-02-01,South,MAT-1006,Pole-Mount Transformer 50 kVA,148,23,0.92,1.282,202,40,242,278,0,0,Base
2024-03-01,South,MAT-1006,Pole-Mount Transformer 50 kVA,222,91,1.0,1.295,405,81,486,633,0,0,Base
2024-04-01,South,MAT-1006,Pole-Mount Transformer 50 kVA,189,40,1.08,1.308,324,65,389,462,0,0,Base
2024-05-01,South,MAT-1006,Pole-Mount Transformer 50 kVA,229,16,1.13,1.321,366,73,439,492,0,0,Base
2024-06-01,South,MAT-1006,Pole-Mount Transformer 50 kVA,230,88,1.15,1.335,488,98,586,746,0,0,Base
2024-07-01,South,MAT-1006,Pole-Mount Transformer 50 kVA,196,18,1.13,1.348,326,65,391,468,0,0,Base
2024-08-01,South,MAT-1006,Pole-Mount Transformer 50 kVA,211,58,1.08,1.361,395,79,474,550,0,0,Base
2024-09-01,South,MAT-1006,Pole-Mount Transformer 50 kVA,162,58,1.0,1.375,302,60,362,343,19,117800,Base
2024-10-01,South,MAT-1006,Pole-Mount Transformer 50 kVA,198,48,0.92,1.389,314,63,377,368,9,55800,Base
2024-11-01,South,MAT-1006,Pole-Mount Transformer 50 kVA,147,12,0.87,1.403,194,39,233,267,0,0,Base
2024-12-01,South,MAT-1006,Pole-Mount Transformer 50 kVA,136,52,0.85,1.417,226,45,271,246,25,155000,Base
2025-01-01,South,MAT-1006,Pole-Mount Transformer 50 kVA,154,67,0.87,1.431,275,55,330,438,0,0,Base
2025-02-01,South,MAT-1006,Pole-Mount Transformer 50 kVA,162,53,0.92,1.445,286,57,343,417,0,0,Base
2025-03-01,South,MAT-1006,Pole-Mount Transformer 50 kVA,209,83,1.0,1.46,426,85,511,660,0,0,Base
2025-04-01,South,MAT-1006,Pole-Mount Transformer 50 kVA,208,31,1.08,1.474,381,76,457,461,0,0,Base
2025-05-01,South,MAT-1006,Pole-Mount Transformer 50 kVA,230,65,1.13,1.489,496,99,595,830,0,0,Base
2025-06-01,South,MAT-1006,Pole-Mount Transformer 50 kVA,264,72,1.15,1.504,581,116,697,894,0,0,Base
2025-07-01,South,MAT-1006,Pole-Mount Transformer 50 kVA,201,47,1.13,1.519,426,85,511,530,0,0,Base
2025-08-01,South,MAT-1006,Pole-Mount Transformer 50 kVA,241,71,1.08,1.534,517,103,620,827,0,0,Base
2025-09-01,South,MAT-1006,Pole-Mount Transformer 50 kVA,216,39,1.0,1.549,395,79,474,646,0,0,Base
2025-10-01,South,MAT-1006,Pole-Mount Transformer 50 kVA,192,14,0.92,1.565,297,59,356,457,0,0,Base
2025-11-01,South,MAT-1006,Pole-Mount Transformer 50 kVA,188,72,0.87,1.58,357,71,428,617,0,0,Base
2025-12-01,South,MAT-1006,Pole-Mount Transformer 50 kVA,197,23,0.85,1.596,299,60,359,349,10,62000,Base
2026-01-01,South,MAT-1006,Pole-Mount Transformer 50 kVA,177,72,0.87,1.612,349,70,419,466,0,0,Base
2026-02-01,South,MAT-1006,Pole-Mount Transformer 50 kVA,210,75,0.92,1.628,427,85,512,647,0,0,Base
2026-03-01,South,MAT-1006,Pole-Mount Transformer 50 kVA,169,48,1.0,1.645,357,71,428,615,0,0,Base
2026-04-01,South,MAT-1006,Pole-Mount Transformer 50 kVA,178,44,1.08,1.661,398,80,478,685,0,0,Base
2026-05-01,South,MAT-1006,Pole-Mount Transformer 50 kVA,221,32,1.13,1.678,480,96,576,783,0,0,Base
2026-06-01,South,MAT-1006,Pole-Mount Transformer 50 kVA,259,13,1.15,1.694,530,106,636,628,8,49600,Base
2026-07-01,South,MAT-1006,Pole-Mount Transformer 50 kVA,238,82,1.13,1.711,619,124,743,789,0,0,Base
2026-08-01,South,MAT-1006,Pole-Mount Transformer 50 kVA,239,41,1.08,1.729,523,105,628,825,0,0,Base
2026-09-01,South,MAT-1006,Pole-Mount Transformer 50 kVA,204,87,1.0,1.746,508,102,610,544,66,409200,Base
2026-10-01,South,MAT-1006,Pole-Mount Transformer 50 kVA,213,73,0.92,1.763,464,93,557,612,0,0,Base
2026-11-01,South,MAT-1006,Pole-Mount Transformer 50 kVA,161,21,0.87,1.781,282,56,338,295,43,266600,Base
2026-12-01,South,MAT-1006,Pole-Mount Transformer 50 kVA,191,52,0.85,1.799,372,74,446,547,0,0,Base
2022-01-01,East,MAT-1006,Pole-Mount Transformer 50 kVA,224,58,0.87,1.0,245,49,294,382,0,0,Base
2022-02-01,East,MAT-1006,Pole-Mount Transformer 50 kVA,266,80,0.92,1.01,322,64,386,462,0,0,Base
2022-03-01,East,MAT-1006,Pole-Mount Transformer 50 kVA,271,34,1.0,1.02,311,62,373,515,0,0,Base
2022-04-01,East,MAT-1006,Pole-Mount Transformer 50 kVA,291,16,1.08,1.03,342,68,410,574,0,0,Base
2022-05-01,East,MAT-1006,Pole-Mount Transformer 50 kVA,296,125,1.13,1.041,495,99,594,675,0,0,Base
2022-06-01,East,MAT-1006,Pole-Mount Transformer 50 kVA,238,16,1.15,1.051,307,61,368,488,0,0,Base
2022-07-01,East,MAT-1006,Pole-Mount Transformer 50 kVA,282,87,1.13,1.062,443,89,532,480,52,322400,Base
2022-08-01,East,MAT-1006,Pole-Mount Transformer 50 kVA,265,51,1.08,1.072,366,73,439,586,0,0,Base
2022-09-01,East,MAT-1006,Pole-Mount Transformer 50 kVA,209,27,1.0,1.083,256,51,307,342,0,0,Base
2022-10-01,East,MAT-1006,Pole-Mount Transformer 50 kVA,192,15,0.92,1.094,208,42,250,343,0,0,Base
2022-11-01,East,MAT-1006,Pole-Mount Transformer 50 kVA,205,21,0.87,1.105,217,43,260,292,0,0,Base
2022-12-01,East,MAT-1006,Pole-Mount Transformer 50 kVA,244,24,0.85,1.116,254,51,305,402,0,0,Base
2023-01-01,East,MAT-1006,Pole-Mount Transformer 50 kVA,264,99,0.87,1.127,356,71,427,465,0,0,Base
2023-02-01,East,MAT-1006,Pole-Mount Transformer 50 kVA,256,98,0.92,1.138,371,74,445,641,0,0,Base
2023-03-01,East,MAT-1006,Pole-Mount Transformer 50 kVA,279,19,1.0,1.149,343,69,412,575,0,0,Base
2023-04-01,East,MAT-1006,Pole-Mount Transformer 50 kVA,220,29,1.08,1.161,312,62,374,395,0,0,Base
2023-05-01,East,MAT-1006,Pole-Mount Transformer 50 kVA,319,121,1.13,1.173,583,117,700,789,0,0,Base
2023-06-01,East,MAT-1006,Pole-Mount Transformer 50 kVA,256,23,1.15,1.184,380,76,456,635,0,0,Base
2023-07-01,East,MAT-1006,Pole-Mount Transformer 50 kVA,275,63,1.13,1.196,457,91,548,591,0,0,Base
2023-08-01,East,MAT-1006,Pole-Mount Transformer 50 kVA,301,22,1.08,1.208,421,84,505,444,61,378200,Base
2023-09-01,East,MAT-1006,Pole-Mount Transformer 50 kVA,213,51,1.0,1.22,322,64,386,552,0,0,Base
2023-10-01,East,MAT-1006,Pole-Mount Transformer 50 kVA,258,112,0.92,1.232,420,84,504,575,0,0,Base
2023-11-01,East,MAT-1006,Pole-Mount Transformer 50 kVA,183,70,0.87,1.245,274,55,329,431,0,0,Base
2023-12-01,East,MAT-1006,Pole-Mount Transformer 50 kVA,189,56,0.85,1.257,262,52,314,415,0,0,Base
2024-01-01,East,MAT-1006,Pole-Mount Transformer 50 kVA,176,60,0.87,1.27,261,52,313,435,0,0,Base
2024-02-01,East,MAT-1006,Pole-Mount Transformer 50 kVA,251,92,0.92,1.282,405,81,486,440,46,285200,Base
2024-03-01,East,MAT-1006,Pole-Mount Transformer 50 kVA,281,71,1.0,1.295,456,91,547,667,0,0,Base
2024-04-01,East,MAT-1006,Pole-Mount Transformer 50 kVA,267,55,1.08,1.308,455,91,546,652,0,0,Base
2024-05-01,East,MAT-1006,Pole-Mount Transformer 50 kVA,240,24,1.13,1.321,394,79,473,661,0,0,Base
2024-06-01,East,MAT-1006,Pole-Mount Transformer 50 kVA,334,63,1.15,1.335,609,122,731,671,60,372000,Base
2024-07-01,East,MAT-1006,Pole-Mount Transformer 50 kVA,306,134,1.13,1.348,670,134,804,727,77,477400,Base
2024-08-01,East,MAT-1006,Pole-Mount Transformer 50 kVA,242,28,1.08,1.361,397,79,476,482,0,0,Base
2024-09-01,East,MAT-1006,Pole-Mount Transformer 50 kVA,279,85,1.0,1.375,500,100,600,802,0,0,Base
2024-10-01,East,MAT-1006,Pole-Mount Transformer 50 kVA,278,101,0.92,1.389,484,97,581,785,0,0,Base
2024-11-01,East,MAT-1006,Pole-Mount Transformer 50 kVA,177,15,0.87,1.403,234,47,281,274,7,43400,Base
2024-12-01,East,MAT-1006,Pole-Mount Transformer 50 kVA,199,68,0.85,1.417,321,64,385,530,0,0,Base
2025-01-01,East,MAT-1006,Pole-Mount Transformer 50 kVA,219,12,0.87,1.431,288,58,346,489,0,0,Base
2025-02-01,East,MAT-1006,Pole-Mount Transformer 50 kVA,259,93,0.92,1.445,468,94,562,786,0,0,Base
2025-03-01,East,MAT-1006,Pole-Mount Transformer 50 kVA,279,67,1.0,1.46,505,101,606,782,0,0,Base
2025-04-01,East,MAT-1006,Pole-Mount Transformer 50 kVA,233,68,1.08,1.474,479,96,575,534,41,254200,Base
2025-05-01,East,MAT-1006,Pole-Mount Transformer 50 kVA,305,24,1.13,1.489,554,111,665,768,0,0,Base
2025-06-01,East,MAT-1006,Pole-Mount Transformer 50 kVA,317,90,1.15,1.504,704,141,845,800,45,279000,Base
2025-07-01,East,MAT-1006,Pole-Mount Transformer 50 kVA,305,24,1.13,1.519,565,113,678,756,0,0,Base
2025-08-01,East,MAT-1006,Pole-Mount Transformer 50 kVA,287,96,1.08,1.534,635,127,762,1057,0,0,Base
2025-09-01,East,MAT-1006,Pole-Mount Transformer 50 kVA,261,84,1.0,1.549,535,107,642,772,0,0,Base
2025-10-01,East,MAT-1006,Pole-Mount Transformer 50 kVA,190,40,0.92,1.565,331,66,397,401,0,0,Base
2025-11-01,East,MAT-1006,Pole-Mount Transformer 50 kVA,261,99,0.87,1.58,495,99,594,749,0,0,Base
2025-12-01,East,MAT-1006,Pole-Mount Transformer 50 kVA,227,95,0.85,1.596,437,87,524,538,0,0,Base
2026-01-01,East,MAT-1006,Pole-Mount Transformer 50 kVA,260,70,0.87,1.612,463,93,556,538,18,111600,Base
2026-02-01,East,MAT-1006,Pole-Mount Transformer 50 kVA,237,36,0.92,1.628,409,82,491,563,0,0,Base
2026-03-01,East,MAT-1006,Pole-Mount Transformer 50 kVA,205,38,1.0,1.645,400,80,480,554,0,0,Base
2026-04-01,East,MAT-1006,Pole-Mount Transformer 50 kVA,320,23,1.08,1.661,615,123,738,773,0,0,Base
2026-05-01,East,MAT-1006,Pole-Mount Transformer 50 kVA,247,34,1.13,1.678,533,107,640,753,0,0,Base
2026-06-01,East,MAT-1006,Pole-Mount Transformer 50 kVA,268,25,1.15,1.694,571,114,685,754,0,0,Base
2026-07-01,East,MAT-1006,Pole-Mount Transformer 50 kVA,291,41,1.13,1.711,642,128,770,981,0,0,Base
2026-08-01,East,MAT-1006,Pole-Mount Transformer 50 kVA,287,107,1.08,1.729,736,147,883,923,0,0,Base
2026-09-01,East,MAT-1006,Pole-Mount Transformer 50 kVA,235,56,1.0,1.746,508,102,610,612,0,0,Base
2026-10-01,East,MAT-1006,Pole-Mount Transformer 50 kVA,202,28,0.92,1.763,373,75,448,646,0,0,Base
2026-11-01,East,MAT-1006,Pole-Mount Transformer 50 kVA,251,14,0.87,1.781,411,82,493,667,0,0,Base
2026-12-01,East,MAT-1006,Pole-Mount Transformer 50 kVA,203,72,0.85,1.799,420,84,504,683,0,0,Base
2022-01-01,West,MAT-1006,Pole-Mount Transformer 50 kVA,189,27,0.87,1.0,188,38,226,212,14,86800,Base
2022-02-01,West,MAT-1006,Pole-Mount Transformer 50 kVA,218,48,0.92,1.01,247,49,296,367,0,0,Base
2022-03-01,West,MAT-1006,Pole-Mount Transformer 50 kVA,195,81,1.0,1.02,282,56,338,447,0,0,Base
2022-04-01,West,MAT-1006,Pole-Mount Transformer 50 kVA,275,75,1.08,1.03,389,78,467,401,66,409200,Base
2022-05-01,West,MAT-1006,Pole-Mount Transformer 50 kVA,243,17,1.13,1.041,306,61,367,398,0,0,Base
2022-06-01,West,MAT-1006,Pole-Mount Transformer 50 kVA,207,29,1.15,1.051,285,57,342,399,0,0,Base
2022-07-01,West,MAT-1006,Pole-Mount Transformer 50 kVA,250,41,1.13,1.062,349,70,419,553,0,0,Base
2022-08-01,West,MAT-1006,Pole-Mount Transformer 50 kVA,227,46,1.08,1.072,316,63,379,437,0,0,Base
2022-09-01,West,MAT-1006,Pole-Mount Transformer 50 kVA,253,46,1.0,1.083,324,65,389,489,0,0,Base
2022-10-01,West,MAT-1006,Pole-Mount Transformer 50 kVA,164,40,0.92,1.094,205,41,246,303,0,0,Base
2022-11-01,West,MAT-1006,Pole-Mount Transformer 50 kVA,188,30,0.87,1.105,210,42,252,355,0,0,Base
2022-12-01,West,MAT-1006,Pole-Mount Transformer 50 kVA,205,48,0.85,1.116,240,48,288,350,0,0,Base
2023-01-01,West,MAT-1006,Pole-Mount Transformer 50 kVA,174,18,0.87,1.127,188,38,226,316,0,0,Base
2023-02-01,West,MAT-1006,Pole-Mount Transformer 50 kVA,210,23,0.92,1.138,244,49,293,266,27,167400,Base
2023-03-01,West,MAT-1006,Pole-Mount Transformer 50 kVA,183,26,1.0,1.149,240,48,288,258,30,186000,Base
2023-04-01,West,MAT-1006,Pole-Mount Transformer 50 kVA,283,81,1.08,1.161,456,91,547,718,0,0,Base
2023-05-01,West,MAT-1006,Pole-Mount Transformer 50 kVA,269,96,1.13,1.173,484,97,581,535,46,285200,Base
2023-06-01,West,MAT-1006,Pole-Mount Transformer 50 kVA,299,56,1.15,1.184,483,97,580,564,16,99200,Base
2023-07-01,West,MAT-1006,Pole-Mount Transformer 50 kVA,200,45,1.13,1.196,331,66,397,395,2,12400,Base
2023-08-01,West,MAT-1006,Pole-Mount Transformer 50 kVA,232,97,1.08,1.208,429,86,515,557,0,0,Base
2023-09-01,West,MAT-1006,Pole-Mount Transformer 50 kVA,220,52,1.0,1.22,332,66,398,470,0,0,Base
2023-10-01,West,MAT-1006,Pole-Mount Transformer 50 kVA,187,70,0.92,1.232,291,58,349,413,0,0,Base
2023-11-01,West,MAT-1006,Pole-Mount Transformer 50 kVA,172,16,0.87,1.245,204,41,245,346,0,0,Base
2023-12-01,West,MAT-1006,Pole-Mount Transformer 50 kVA,223,27,0.85,1.257,267,53,320,357,0,0,Base
2024-01-01,West,MAT-1006,Pole-Mount Transformer 50 kVA,172,44,0.87,1.27,239,48,287,349,0,0,Base
2024-02-01,West,MAT-1006,Pole-Mount Transformer 50 kVA,216,92,0.92,1.282,363,73,436,483,0,0,Base
2024-03-01,West,MAT-1006,Pole-Mount Transformer 50 kVA,259,102,1.0,1.295,468,94,562,625,0,0,Base
2024-04-01,West,MAT-1006,Pole-Mount Transformer 50 kVA,198,38,1.08,1.308,333,67,400,436,0,0,Base
2024-05-01,West,MAT-1006,Pole-Mount Transformer 50 kVA,282,41,1.13,1.321,482,96,578,712,0,0,Base
2024-06-01,West,MAT-1006,Pole-Mount Transformer 50 kVA,284,99,1.15,1.335,588,118,706,1001,0,0,Base
2024-07-01,West,MAT-1006,Pole-Mount Transformer 50 kVA,267,68,1.13,1.348,510,102,612,727,0,0,Base
2024-08-01,West,MAT-1006,Pole-Mount Transformer 50 kVA,225,41,1.08,1.361,391,78,469,673,0,0,Base
2024-09-01,West,MAT-1006,Pole-Mount Transformer 50 kVA,258,21,1.0,1.375,384,77,461,550,0,0,Base
2024-10-01,West,MAT-1006,Pole-Mount Transformer 50 kVA,203,90,0.92,1.389,374,75,449,552,0,0,Base
2024-11-01,West,MAT-1006,Pole-Mount Transformer 50 kVA,153,32,0.87,1.403,226,45,271,381,0,0,Base
2024-12-01,West,MAT-1006,Pole-Mount Transformer 50 kVA,157,50,0.85,1.417,249,50,299,417,0,0,Base
2025-01-01,West,MAT-1006,Pole-Mount Transformer 50 kVA,229,79,0.87,1.431,383,77,460,469,0,0,Base
2025-02-01,West,MAT-1006,Pole-Mount Transformer 50 kVA,186,63,0.92,1.445,331,66,397,486,0,0,Base
2025-03-01,West,MAT-1006,Pole-Mount Transformer 50 kVA,203,63,1.0,1.46,388,78,466,546,0,0,Base
2025-04-01,West,MAT-1006,Pole-Mount Transformer 50 kVA,248,83,1.08,1.474,527,105,632,732,0,0,Base
2025-05-01,West,MAT-1006,Pole-Mount Transformer 50 kVA,218,22,1.13,1.489,404,81,485,467,18,111600,Base
2025-06-01,West,MAT-1006,Pole-Mount Transformer 50 kVA,204,28,1.15,1.504,401,80,481,602,0,0,Base
2025-07-01,West,MAT-1006,Pole-Mount Transformer 50 kVA,230,31,1.13,1.519,448,90,538,476,62,384400,Base
2025-08-01,West,MAT-1006,Pole-Mount Transformer 50 kVA,229,51,1.08,1.534,464,93,557,691,0,0,Base
2025-09-01,West,MAT-1006,Pole-Mount Transformer 50 kVA,217,93,1.0,1.549,480,96,576,615,0,0,Base
2025-10-01,West,MAT-1006,Pole-Mount Transformer 50 kVA,239,75,0.92,1.565,452,90,542,743,0,0,Base
2025-11-01,West,MAT-1006,Pole-Mount Transformer 50 kVA,166,11,0.87,1.58,243,49,292,273,19,117800,Base
2025-12-01,West,MAT-1006,Pole-Mount Transformer 50 kVA,196,31,0.85,1.596,308,62,370,437,0,0,Base
2026-01-01,West,MAT-1006,Pole-Mount Transformer 50 kVA,195,59,0.87,1.612,356,71,427,555,0,0,Base
2026-02-01,West,MAT-1006,Pole-Mount Transformer 50 kVA,212,12,0.92,1.628,336,67,403,349,54,334800,Base
2026-03-01,West,MAT-1006,Pole-Mount Transformer 50 kVA,249,100,1.0,1.645,574,115,689,984,0,0,Base
2026-04-01,West,MAT-1006,Pole-Mount Transformer 50 kVA,196,33,1.08,1.661,411,82,493,444,49,303800,Base
2026-05-01,West,MAT-1006,Pole-Mount Transformer 50 kVA,232,55,1.13,1.678,544,109,653,795,0,0,Base
2026-06-01,West,MAT-1006,Pole-Mount Transformer 50 kVA,253,62,1.15,1.694,614,123,737,705,32,198400,Base
2026-07-01,West,MAT-1006,Pole-Mount Transformer 50 kVA,252,85,1.13,1.711,652,130,782,1124,0,0,Base
2026-08-01,West,MAT-1006,Pole-Mount Transformer 50 kVA,246,36,1.08,1.729,526,105,631,833,0,0,Base
2026-09-01,West,MAT-1006,Pole-Mount Transformer 50 kVA,231,80,1.0,1.746,543,109,652,683,0,0,Base
2026-10-01,West,MAT-1006,Pole-Mount Transformer 50 kVA,169,57,0.92,1.763,367,73,440,505,0,0,Base
2026-11-01,West,MAT-1006,Pole-Mount Transformer 50 kVA,154,29,0.87,1.781,284,57,341,482,0,0,Base
2026-12-01,West,MAT-1006,Pole-Mount Transformer 50 kVA,179,47,0.85,1.799,346,69,415,574,0,0,Base
2022-01-01,North,MAT-1007,Recloser Control Package,203,58,0.87,1.0,227,45,272,394,0,0,Base
2022-02-01,North,MAT-1007,Recloser Control Package,203,16,0.92,1.01,203,41,244,284,0,0,Base
2022-03-01,North,MAT-1007,Recloser Control Package,295,120,1.0,1.02,423,85,508,489,19,275500,Base
2022-04-01,North,MAT-1007,Recloser Control Package,291,112,1.08,1.03,448,90,538,535,3,43500,Base
2022-05-01,North,MAT-1007,Recloser Control Package,234,22,1.13,1.041,301,60,361,489,0,0,Base
2022-06-01,North,MAT-1007,Recloser Control Package,300,105,1.15,1.051,490,98,588,729,0,0,Base
2022-07-01,North,MAT-1007,Recloser Control Package,289,72,1.13,1.062,433,87,520,514,6,87000,Base
2022-08-01,North,MAT-1007,Recloser Control Package,289,112,1.08,1.072,464,93,557,656,0,0,Base
2022-09-01,North,MAT-1007,Recloser Control Package,285,89,1.0,1.083,405,81,486,678,0,0,Base
2022-10-01,North,MAT-1007,Recloser Control Package,236,103,0.92,1.094,341,68,409,507,0,0,Base
2022-11-01,North,MAT-1007,Recloser Control Package,186,29,0.87,1.105,207,41,248,211,37,536500,Base
2022-12-01,North,MAT-1007,Recloser Control Package,195,42,0.85,1.116,225,45,270,390,0,0,Base
2023-01-01,North,MAT-1007,Recloser Control Package,265,93,0.87,1.127,351,70,421,534,0,0,Base
2023-02-01,North,MAT-1007,Recloser Control Package,208,69,0.92,1.138,290,58,348,485,0,0,Base
2023-03-01,North,MAT-1007,Recloser Control Package,260,59,1.0,1.149,367,73,440,493,0,0,Base
2023-04-01,North,MAT-1007,Recloser Control Package,248,106,1.08,1.161,444,89,533,498,35,507500,Base
2023-05-01,North,MAT-1007,Recloser Control Package,307,128,1.13,1.173,576,115,691,812,0,0,Base
2023-06-01,North,MAT-1007,Recloser Control Package,302,61,1.15,1.184,494,99,593,622,0,0,Base
2023-07-01,North,MAT-1007,Recloser Control Package,296,43,1.13,1.196,458,92,550,579,0,0,Base
2023-08-01,North,MAT-1007,Recloser Control Package,272,80,1.08,1.208,459,92,551,471,80,1160000,Base
2023-09-01,North,MAT-1007,Recloser Control Package,275,89,1.0,1.22,444,89,533,593,0,0,Base
2023-10-01,North,MAT-1007,Recloser Control Package,210,86,0.92,1.232,336,67,403,369,34,493000,Base
2023-11-01,North,MAT-1007,Recloser Control Package,204,86,0.87,1.245,314,63,377,513,0,0,Base
2023-12-01,North,MAT-1007,Recloser Control Package,194,70,0.85,1.257,282,56,338,407,0,0,Base
2024-01-01,North,MAT-1007,Recloser Control Package,187,45,0.87,1.27,256,51,307,286,21,304500,Base
2024-02-01,North,MAT-1007,Recloser Control Package,279,119,0.92,1.282,470,94,564,530,34,493000,Base
2024-03-01,North,MAT-1007,Recloser Control Package,274,34,1.0,1.295,399,80,479,498,0,0,Base
2024-04-01,North,MAT-1007,Recloser Control Package,329,72,1.08,1.308,567,113,680,700,0,0,Base
2024-05-01,North,MAT-1007,Recloser Control Package,313,43,1.13,1.321,532,106,638,789,0,0,Base
2024-06-01,North,MAT-1007,Recloser Control Package,286,69,1.15,1.335,545,109,654,685,0,0,Base
2024-07-01,North,MAT-1007,Recloser Control Package,232,38,1.13,1.348,411,82,493,648,0,0,Base
2024-08-01,North,MAT-1007,Recloser Control Package,304,55,1.08,1.361,528,106,634,900,0,0,Base
2024-09-01,North,MAT-1007,Recloser Control Package,273,16,1.0,1.375,397,79,476,517,0,0,Base
2024-10-01,North,MAT-1007,Recloser Control Package,272,77,0.92,1.389,446,89,535,490,45,652500,Base
2024-11-01,North,MAT-1007,Recloser Control Package,234,27,0.87,1.403,318,64,382,377,5,72500,Base
2024-12-01,North,MAT-1007,Recloser Control Package,192,65,0.85,1.417,309,62,371,483,0,0,Base
2025-01-01,North,MAT-1007,Recloser Control Package,245,43,0.87,1.431,358,72,430,369,61,884500,Base
2025-02-01,North,MAT-1007,Recloser Control Package,196,46,0.92,1.445,322,64,386,362,24,348000,Base
2025-03-01,North,MAT-1007,Recloser Control Package,245,41,1.0,1.46,417,83,500,512,0,0,Base
2025-04-01,North,MAT-1007,Recloser Control Package,321,82,1.08,1.474,642,128,770,761,9,130500,Base
2025-05-01,North,MAT-1007,Recloser Control Package,310,112,1.13,1.489,710,142,852,1046,0,0,Base
2025-06-01,North,MAT-1007,Recloser Control Package,244,14,1.15,1.504,446,89,535,491,44,638000,Base
2025-07-01,North,MAT-1007,Recloser Control Package,334,23,1.13,1.519,613,123,736,762,0,0,Base
2025-08-01,North,MAT-1007,Recloser Control Package,245,56,1.08,1.534,499,100,599,681,0,0,Base
2025-09-01,North,MAT-1007,Recloser Control Package,302,91,1.0,1.549,609,122,731,663,68,986000,Base
2025-10-01,North,MAT-1007,Recloser Control Package,280,123,0.92,1.565,580,116,696,796,0,0,Base
2025-11-01,North,MAT-1007,Recloser Control Package,258,92,0.87,1.58,481,96,577,780,0,0,Base
2025-12-01,North,MAT-1007,Recloser Control Package,203,34,0.85,1.596,322,64,386,464,0,0,Base
2026-01-01,North,MAT-1007,Recloser Control Package,215,14,0.87,1.612,321,64,385,337,48,696000,Base
2026-02-01,North,MAT-1007,Recloser Control Package,262,16,0.92,1.628,416,83,499,688,0,0,Base
2026-03-01,North,MAT-1007,Recloser Control Package,291,81,1.0,1.645,612,122,734,923,0,0,Base
2026-04-01,North,MAT-1007,Recloser Control Package,256,56,1.08,1.661,560,112,672,593,79,1145500,Base
2026-05-01,North,MAT-1007,Recloser Control Package,300,109,1.13,1.678,775,155,930,1190,0,0,Base
2026-06-01,North,MAT-1007,Recloser Control Package,330,50,1.15,1.694,740,148,888,936,0,0,Base
2026-07-01,North,MAT-1007,Recloser Control Package,272,81,1.13,1.711,683,137,820,1032,0,0,Base
2026-08-01,North,MAT-1007,Recloser Control Package,273,83,1.08,1.729,665,133,798,875,0,0,Base
2026-09-01,North,MAT-1007,Recloser Control Package,271,110,1.0,1.746,665,133,798,907,0,0,Base
2026-10-01,North,MAT-1007,Recloser Control Package,273,104,0.92,1.763,612,122,734,749,0,0,Base
2026-11-01,North,MAT-1007,Recloser Control Package,242,89,0.87,1.781,513,103,616,698,0,0,Base
2026-12-01,North,MAT-1007,Recloser Control Package,176,39,0.85,1.799,329,66,395,480,0,0,Base
2022-01-01,South,MAT-1007,Recloser Control Package,228,44,0.87,1.0,237,47,284,285,0,0,Base
2022-02-01,South,MAT-1007,Recloser Control Package,211,21,0.92,1.01,216,43,259,242,17,246500,Base
2022-03-01,South,MAT-1007,Recloser Control Package,233,80,1.0,1.02,319,64,383,450,0,0,Base
2022-04-01,South,MAT-1007,Recloser Control Package,228,101,1.08,1.03,366,73,439,517,0,0,Base
2022-05-01,South,MAT-1007,Recloser Control Package,228,15,1.13,1.041,286,57,343,418,0,0,Base
2022-06-01,South,MAT-1007,Recloser Control Package,287,114,1.15,1.051,485,97,582,800,0,0,Base
2022-07-01,South,MAT-1007,Recloser Control Package,308,137,1.13,1.062,534,107,641,733,0,0,Base
2022-08-01,South,MAT-1007,Recloser Control Package,300,78,1.08,1.072,438,88,526,519,7,101500,Base
2022-09-01,South,MAT-1007,Recloser Control Package,263,52,1.0,1.083,341,68,409,402,7,101500,Base
2022-10-01,South,MAT-1007,Recloser Control Package,209,14,0.92,1.094,224,45,269,333,0,0,Base
2022-11-01,South,MAT-1007,Recloser Control Package,176,68,0.87,1.105,234,47,281,291,0,0,Base
2022-12-01,South,MAT-1007,Recloser Control Package,196,35,0.85,1.116,219,44,263,364,0,0,Base
2023-01-01,South,MAT-1007,Recloser Control Package,202,74,0.87,1.127,271,54,325,429,0,0,Base
2023-02-01,South,MAT-1007,Recloser Control Package,266,89,0.92,1.138,372,74,446,467,0,0,Base
2023-03-01,South,MAT-1007,Recloser Control Package,265,31,1.0,1.149,340,68,408,568,0,0,Base
2023-04-01,South,MAT-1007,Recloser Control Package,211,77,1.08,1.161,361,72,433,475,0,0,Base
2023-05-01,South,MAT-1007,Recloser Control Package,297,85,1.13,1.173,506,101,607,757,0,0,Base
2023-06-01,South,MAT-1007,Recloser Control Package,298,55,1.15,1.184,481,96,577,648,0,0,Base
2023-07-01,South,MAT-1007,Recloser Control Package,248,110,1.13,1.196,484,97,581,523,58,841000,Base
2023-08-01,South,MAT-1007,Recloser Control Package,291,16,1.08,1.208,401,80,481,692,0,0,Base
2023-09-01,South,MAT-1007,Recloser Control Package,226,87,1.0,1.22,382,76,458,530,0,0,Base
2023-10-01,South,MAT-1007,Recloser Control Package,195,33,0.92,1.232,259,52,311,305,6,87000,Base
2023-11-01,South,MAT-1007,Recloser Control Package,247,14,0.87,1.245,283,57,340,339,1,14500,Base
2023-12-01,South,MAT-1007,Recloser Control Package,172,70,0.85,1.257,259,52,311,380,0,0,Base
2024-01-01,South,MAT-1007,Recloser Control Package,184,16,0.87,1.27,221,44,265,261,4,58000,Base
2024-02-01,South,MAT-1007,Recloser Control Package,195,85,0.92,1.282,330,66,396,541,0,0,Base
2024-03-01,South,MAT-1007,Recloser Control Package,230,82,1.0,1.295,404,81,485,684,0,0,Base
2024-04-01,South,MAT-1007,Recloser Control Package,261,113,1.08,1.308,528,106,634,899,0,0,Base
2024-05-01,South,MAT-1007,Recloser Control Package,229,102,1.13,1.321,494,99,593,535,58,841000,Base
2024-06-01,South,MAT-1007,Recloser Control Package,281,19,1.15,1.335,460,92,552,470,82,1189000,Base
2024-07-01,South,MAT-1007,Recloser Control Package,294,42,1.13,1.348,512,102,614,723,0,0,Base
2024-08-01,South,MAT-1007,Recloser Control Package,224,100,1.08,1.361,476,95,571,752,0,0,Base
2024-09-01,South,MAT-1007,Recloser Control Package,201,81,1.0,1.375,388,78,466,409,57,826500,Base
2024-10-01,South,MAT-1007,Recloser Control Package,240,33,0.92,1.389,349,70,419,411,8,116000,Base
2024-11-01,South,MAT-1007,Recloser Control Package,216,48,0.87,1.403,322,64,386,556,0,0,Base
2024-12-01,South,MAT-1007,Recloser Control Package,177,42,0.85,1.417,264,53,317,433,0,0,Base
2025-01-01,South,MAT-1007,Recloser Control Package,196,25,0.87,1.431,275,55,330,307,23,333500,Base
2025-02-01,South,MAT-1007,Recloser Control Package,221,53,0.92,1.445,364,73,437,577,0,0,Base
2025-03-01,South,MAT-1007,Recloser Control Package,257,103,1.0,1.46,525,105,630,644,0,0,Base
2025-04-01,South,MAT-1007,Recloser Control Package,308,107,1.08,1.474,661,132,793,776,17,246500,Base
2025-05-01,South,MAT-1007,Recloser Control Package,317,49,1.13,1.489,616,123,739,718,21,304500,Base
2025-06-01,South,MAT-1007,Recloser Control Package,276,48,1.15,1.504,560,112,672,775,0,0,Base
2025-07-01,South,MAT-1007,Recloser Control Package,234,28,1.13,1.519,450,90,540,653,0,0,Base
2025-08-01,South,MAT-1007,Recloser Control Package,225,57,1.08,1.534,467,93,560,482,78,1131000,Base
2025-09-01,South,MAT-1007,Recloser Control Package,224,46,1.0,1.549,418,84,502,542,0,0,Base
2025-10-01,South,MAT-1007,Recloser Control Package,195,68,0.92,1.565,379,76,455,473,0,0,Base
2025-11-01,South,MAT-1007,Recloser Control Package,175,27,0.87,1.58,278,56,334,439,0,0,Base
2025-12-01,South,MAT-1007,Recloser Control Package,211,70,0.85,1.596,381,76,457,638,0,0,Base
2026-01-01,South,MAT-1007,Recloser Control Package,200,18,0.87,1.612,306,61,367,399,0,0,Base
2026-02-01,South,MAT-1007,Recloser Control Package,265,54,0.92,1.628,478,96,574,506,68,986000,Base
2026-03-01,South,MAT-1007,Recloser Control Package,196,79,1.0,1.645,452,90,542,676,0,0,Base
2026-04-01,South,MAT-1007,Recloser Control Package,311,94,1.08,1.661,727,145,872,1244,0,0,Base
2026-05-01,South,MAT-1007,Recloser Control Package,275,43,1.13,1.678,603,121,724,895,0,0,Base
2026-06-01,South,MAT-1007,Recloser Control Package,335,40,1.15,1.694,731,146,877,1207,0,0,Base
2026-07-01,South,MAT-1007,Recloser Control Package,290,29,1.13,1.711,617,123,740,888,0,0,Base
2026-08-01,South,MAT-1007,Recloser Control Package,297,78,1.08,1.729,700,140,840,745,95,1377500,Base
2026-09-01,South,MAT-1007,Recloser Control Package,233,50,1.0,1.746,494,99,593,716,0,0,Base
2026-10-01,South,MAT-1007,Recloser Control Package,185,58,0.92,1.763,394,79,473,420,53,768500,Base
2026-11-01,South,MAT-1007,Recloser Control Package,196,24,0.87,1.781,341,68,409,551,0,0,Base
2026-12-01,South,MAT-1007,Recloser Control Package,225,87,0.85,1.799,477,95,572,494,78,1131000,Base
2022-01-01,East,MAT-1007,Recloser Control Package,235,72,0.87,1.0,267,53,320,292,28,406000,Base
2022-02-01,East,MAT-1007,Recloser Control Package,245,24,0.92,1.01,250,50,300,287,13,188500,Base
2022-03-01,East,MAT-1007,Recloser Control Package,252,22,1.0,1.02,280,56,336,484,0,0,Base
2022-04-01,East,MAT-1007,Recloser Control Package,401,76,1.08,1.03,531,106,637,787,0,0,Base
2022-05-01,East,MAT-1007,Recloser Control Package,410,116,1.13,1.041,619,124,743,670,73,1058500,Base
2022-06-01,East,MAT-1007,Recloser Control Package,358,34,1.15,1.051,474,95,569,699,0,0,Base
2022-07-01,East,MAT-1007,Recloser Control Package,369,23,1.13,1.062,470,94,564,643,0,0,Base
2022-08-01,East,MAT-1007,Recloser Control Package,398,147,1.08,1.072,631,126,757,819,0,0,Base
2022-09-01,East,MAT-1007,Recloser Control Package,336,80,1.0,1.083,450,90,540,648,0,0,Base
2022-10-01,East,MAT-1007,Recloser Control Package,264,75,0.92,1.094,341,68,409,469,0,0,Base
2022-11-01,East,MAT-1007,Recloser Control Package,217,61,0.87,1.105,267,53,320,396,0,0,Base
2022-12-01,East,MAT-1007,Recloser Control Package,220,17,0.85,1.116,225,45,270,298,0,0,Base
2023-01-01,East,MAT-1007,Recloser Control Package,289,111,0.87,1.127,392,78,470,609,0,0,Base
2023-02-01,East,MAT-1007,Recloser Control Package,328,97,0.92,1.138,445,89,534,558,0,0,Base
2023-03-01,East,MAT-1007,Recloser Control Package,343,151,1.0,1.149,568,114,682,714,0,0,Base
2023-04-01,East,MAT-1007,Recloser Control Package,309,53,1.08,1.161,454,91,545,585,0,0,Base
2023-05-01,East,MAT-1007,Recloser Control Package,409,92,1.13,1.173,664,133,797,719,78,1131000,Base
2023-06-01,East,MAT-1007,Recloser Control Package,293,64,1.15,1.184,486,97,583,592,0,0,Base
2023-07-01,East,MAT-1007,Recloser Control Package,294,36,1.13,1.196,446,89,535,518,17,246500,Base
2023-08-01,East,MAT-1007,Recloser Control Package,270,15,1.08,1.208,372,74,446,583,0,0,Base
2023-09-01,East,MAT-1007,Recloser Control Package,312,97,1.0,1.22,499,100,599,862,0,0,Base
2023-10-01,East,MAT-1007,Recloser Control Package,337,90,0.92,1.232,484,97,581,690,0,0,Base
2023-11-01,East,MAT-1007,Recloser Control Package,228,47,0.87,1.245,298,60,358,328,30,435000,Base
2023-12-01,East,MAT-1007,Recloser Control Package,298,68,0.85,1.257,391,78,469,651,0,0,Base
2024-01-01,East,MAT-1007,Recloser Control Package,280,95,0.87,1.27,414,83,497,478,19,275500,Base
2024-02-01,East,MAT-1007,Recloser Control Package,306,117,0.92,1.282,499,100,599,783,0,0,Base
2024-03-01,East,MAT-1007,Recloser Control Package,364,121,1.0,1.295,628,126,754,1043,0,0,Base
2024-04-01,East,MAT-1007,Recloser Control Package,282,113,1.08,1.308,558,112,670,730,0,0,Base
2024-05-01,East,MAT-1007,Recloser Control Package,324,23,1.13,1.321,518,104,622,575,47,681500,Base
2024-06-01,East,MAT-1007,Recloser Control Package,366,143,1.15,1.335,781,156,937,1350,0,0,Base
2024-07-01,East,MAT-1007,Recloser Control Package,378,20,1.13,1.348,606,121,727,944,0,0,Base
2024-08-01,East,MAT-1007,Recloser Control Package,369,88,1.08,1.361,672,134,806,1058,0,0,Base
2024-09-01,East,MAT-1007,Recloser Control Package,303,37,1.0,1.375,467,93,560,619,0,0,Base
2024-10-01,East,MAT-1007,Recloser Control Package,314,94,0.92,1.389,521,104,625,639,0,0,Base
2024-11-01,East,MAT-1007,Recloser Control Package,233,54,0.87,1.403,350,70,420,538,0,0,Base
2024-12-01,East,MAT-1007,Recloser Control Package,305,52,0.85,1.417,430,86,516,487,29,420500,Base
2025-01-01,East,MAT-1007,Recloser Control Package,234,80,0.87,1.431,391,78,469,443,26,377000,Base
2025-02-01,East,MAT-1007,Recloser Control Package,295,18,0.92,1.445,416,83,499,434,65,942500,Base
2025-03-01,East,MAT-1007,Recloser Control Package,255,51,1.0,1.46,447,89,536,613,0,0,Base
2025-04-01,East,MAT-1007,Recloser Control Package,332,106,1.08,1.474,697,139,836,785,51,739500,Base
2025-05-01,East,MAT-1007,Recloser Control Package,369,28,1.13,1.489,668,134,802,915,0,0,Base
2025-06-01,East,MAT-1007,Recloser Control Package,291,73,1.15,1.504,629,126,755,762,0,0,Base
2025-07-01,East,MAT-1007,Recloser Control Package,334,47,1.13,1.519,654,131,785,695,90,1305000,Base
2025-08-01,East,MAT-1007,Recloser Control Package,352,108,1.08,1.534,762,152,914,988,0,0,Base
2025-09-01,East,MAT-1007,Recloser Control Package,264,38,1.0,1.549,468,94,562,677,0,0,Base
2025-10-01,East,MAT-1007,Recloser Control Package,242,56,0.92,1.565,429,86,515,664,0,0,Base
2025-11-01,East,MAT-1007,Recloser Control Package,246,68,0.87,1.58,432,86,518,625,0,0,Base
2025-12-01,East,MAT-1007,Recloser Control Package,228,47,0.85,1.596,373,75,448,491,0,0,Base
2026-01-01,East,MAT-1007,Recloser Control Package,275,75,0.87,1.612,491,98,589,642,0,0,Base
2026-02-01,East,MAT-1007,Recloser Control Package,341,52,0.92,1.628,589,118,707,943,0,0,Base
2026-03-01,East,MAT-1007,Recloser Control Package,278,74,1.0,1.645,579,116,695,744,0,0,Base
2026-04-01,East,MAT-1007,Recloser Control Package,360,74,1.08,1.661,779,156,935,1293,0,0,Base
2026-05-01,East,MAT-1007,Recloser Control Package,329,98,1.13,1.678,810,162,972,1002,0,0,Base
2026-06-01,East,MAT-1007,Recloser Control Package,344,55,1.15,1.694,778,156,934,970,0,0,Base
2026-07-01,East,MAT-1007,Recloser Control Package,319,90,1.13,1.711,791,158,949,1322,0,0,Base
2026-08-01,East,MAT-1007,Recloser Control Package,347,132,1.08,1.729,894,179,1073,1263,0,0,Base
2026-09-01,East,MAT-1007,Recloser Control Package,343,130,1.0,1.746,826,165,991,1238,0,0,Base
2026-10-01,East,MAT-1007,Recloser Control Package,251,35,0.92,1.763,464,93,557,772,0,0,Base
2026-11-01,East,MAT-1007,Recloser Control Package,309,57,0.87,1.781,567,113,680,718,0,0,Base
2026-12-01,East,MAT-1007,Recloser Control Package,247,58,0.85,1.799,466,93,559,640,0,0,Base
2022-01-01,West,MAT-1007,Recloser Control Package,194,57,0.87,1.0,218,44,262,295,0,0,Base
2022-02-01,West,MAT-1007,Recloser Control Package,204,32,0.92,1.01,219,44,263,283,0,0,Base
2022-03-01,West,MAT-1007,Recloser Control Package,321,20,1.0,1.02,348,70,418,594,0,0,Base
2022-04-01,West,MAT-1007,Recloser Control Package,255,34,1.08,1.03,322,64,386,332,54,783000,Base
2022-05-01,West,MAT-1007,Recloser Control Package,249,60,1.13,1.041,363,73,436,488,0,0,Base
2022-06-01,West,MAT-1007,Recloser Control Package,280,125,1.15,1.051,490,98,588,736,0,0,Base
2022-07-01,West,MAT-1007,Recloser Control Package,309,29,1.13,1.062,405,81,486,483,3,43500,Base
2022-08-01,West,MAT-1007,Recloser Control Package,340,21,1.08,1.072,418,84,502,666,0,0,Base
2022-09-01,West,MAT-1007,Recloser Control Package,239,15,1.0,1.083,275,55,330,362,0,0,Base
2022-10-01,West,MAT-1007,Recloser Control Package,297,97,0.92,1.094,396,79,475,590,0,0,Base
2022-11-01,West,MAT-1007,Recloser Control Package,220,30,0.87,1.105,240,48,288,297,0,0,Base
2022-12-01,West,MAT-1007,Recloser Control Package,212,73,0.85,1.116,270,54,324,347,0,0,Base
2023-01-01,West,MAT-1007,Recloser Control Package,211,66,0.87,1.127,272,54,326,360,0,0,Base
2023-02-01,West,MAT-1007,Recloser Control Package,256,27,0.92,1.138,296,59,355,391,0,0,Base
2023-03-01,West,MAT-1007,Recloser Control Package,244,54,1.0,1.149,343,69,412,438,0,0,Base
2023-04-01,West,MAT-1007,Recloser Control Package,312,32,1.08,1.161,431,86,517,609,0,0,Base
2023-05-01,West,MAT-1007,Recloser Control Package,365,74,1.13,1.173,582,116,698,614,84,1218000,Base
2023-06-01,West,MAT-1007,Recloser Control Package,366,86,1.15,1.184,616,123,739,1039,0,0,Base
2023-07-01,West,MAT-1007,Recloser Control Package,282,74,1.13,1.196,481,96,577,701,0,0,Base
2023-08-01,West,MAT-1007,Recloser Control Package,334,47,1.08,1.208,497,99,596,728,0,0,Base
2023-09-01,West,MAT-1007,Recloser Control Package,313,93,1.0,1.22,495,99,594,627,0,0,Base
2023-10-01,West,MAT-1007,Recloser Control Package,293,28,0.92,1.232,364,73,437,455,0,0,Base
2023-11-01,West,MAT-1007,Recloser Control Package,233,28,0.87,1.245,283,57,340,427,0,0,Base
2023-12-01,West,MAT-1007,Recloser Control Package,257,68,0.85,1.257,347,69,416,523,0,0,Base
2024-01-01,West,MAT-1007,Recloser Control Package,228,21,0.87,1.27,275,55,330,410,0,0,Base
2024-02-01,West,MAT-1007,Recloser Control Package,227,76,0.92,1.282,357,71,428,543,0,0,Base
2024-03-01,West,MAT-1007,Recloser Control Package,273,32,1.0,1.295,395,79,474,539,0,0,Base
2024-04-01,West,MAT-1007,Recloser Control Package,243,73,1.08,1.308,446,89,535,677,0,0,Base
2024-05-01,West,MAT-1007,Recloser Control Package,322,51,1.13,1.321,557,111,668,765,0,0,Base
2024-06-01,West,MAT-1007,Recloser Control Package,281,81,1.15,1.335,556,111,667,872,0,0,Base
2024-07-01,West,MAT-1007,Recloser Control Package,334,106,1.13,1.348,670,134,804,720,84,1218000,Base
2024-08-01,West,MAT-1007,Recloser Control Package,290,33,1.08,1.361,475,95,570,790,0,0,Base
2024-09-01,West,MAT-1007,Recloser Control Package,300,81,1.0,1.375,524,105,629,870,0,0,Base
2024-10-01,West,MAT-1007,Recloser Control Package,252,90,0.92,1.389,437,87,524,490,34,493000,Base
2024-11-01,West,MAT-1007,Recloser Control Package,247,83,0.87,1.403,403,81,484,477,7,101500,Base
2024-12-01,West,MAT-1007,Recloser Control Package,200,71,0.85,1.417,326,65,391,557,0,0,Base
2025-01-01,West,MAT-1007,Recloser Control Package,211,28,0.87,1.431,297,59,356,322,34,493000,Base
2025-02-01,West,MAT-1007,Recloser Control Package,265,45,0.92,1.445,412,82,494,565,0,0,Base
2025-03-01,West,MAT-1007,Recloser Control Package,308,77,1.0,1.46,562,112,674,913,0,0,Base
2025-04-01,West,MAT-1007,Recloser Control Package,327,146,1.08,1.474,753,151,904,986,0,0,Base
2025-05-01,West,MAT-1007,Recloser Control Package,340,67,1.13,1.489,685,137,822,769,53,768500,Base
2025-06-01,West,MAT-1007,Recloser Control Package,283,98,1.15,1.504,659,132,791,972,0,0,Base
2025-07-01,West,MAT-1007,Recloser Control Package,285,74,1.13,1.519,616,123,739,903,0,0,Base
2025-08-01,West,MAT-1007,Recloser Control Package,253,100,1.08,1.534,585,117,702,703,0,0,Base
2025-09-01,West,MAT-1007,Recloser Control Package,322,57,1.0,1.549,587,117,704,856,0,0,Base
2025-10-01,West,MAT-1007,Recloser Control Package,280,23,0.92,1.565,436,87,523,757,0,0,Base
2025-11-01,West,MAT-1007,Recloser Control Package,273,86,0.87,1.58,494,99,593,789,0,0,Base
2025-12-01,West,MAT-1007,Recloser Control Package,250,43,0.85,1.596,398,80,478,464,14,203000,Base
2026-01-01,West,MAT-1007,Recloser Control Package,244,94,0.87,1.612,474,95,569,659,0,0,Base
2026-02-01,West,MAT-1007,Recloser Control Package,247,111,0.92,1.628,536,107,643,668,0,0,Base
2026-03-01,West,MAT-1007,Recloser Control Package,270,17,1.0,1.645,472,94,566,520,46,667000,Base
2026-04-01,West,MAT-1007,Recloser Control Package,338,62,1.08,1.661,718,144,862,1011,0,0,Base
2026-05-01,West,MAT-1007,Recloser Control Package,259,67,1.13,1.678,618,124,742,788,0,0,Base
2026-06-01,West,MAT-1007,Recloser Control Package,332,47,1.15,1.694,739,148,887,1228,0,0,Base
2026-07-01,West,MAT-1007,Recloser Control Package,252,97,1.13,1.711,675,135,810,959,0,0,Base
2026-08-01,West,MAT-1007,Recloser Control Package,270,54,1.08,1.729,605,121,726,776,0,0,Base
2026-09-01,West,MAT-1007,Recloser Control Package,308,138,1.0,1.746,779,156,935,986,0,0,Base
2026-10-01,West,MAT-1007,Recloser Control Package,258,28,0.92,1.763,464,93,557,480,77,1116500,Base
2026-11-01,West,MAT-1007,Recloser Control Package,203,59,0.87,1.781,406,81,487,634,0,0,Base
2026-12-01,West,MAT-1007,Recloser Control Package,226,99,0.85,1.799,497,99,596,668,0,0,Base
2022-01-01,North,MAT-1008,Switchgear Cabinet,270,25,0.87,1.0,257,51,308,262,46,874000,Base
2022-02-01,North,MAT-1008,Switchgear Cabinet,249,77,0.92,1.01,303,61,364,369,0,0,Base
2022-03-01,North,MAT-1008,Switchgear Cabinet,355,80,1.0,1.02,444,89,533,662,0,0,Base
2022-04-01,North,MAT-1008,Switchgear Cabinet,401,24,1.08,1.03,473,95,568,768,0,0,Base
2022-05-01,North,MAT-1008,Switchgear Cabinet,304,90,1.13,1.041,463,93,556,567,0,0,Base
2022-06-01,North,MAT-1008,Switchgear Cabinet,339,41,1.15,1.051,459,92,551,791,0,0,Base
2022-07-01,North,MAT-1008,Switchgear Cabinet,376,124,1.13,1.062,600,120,720,880,0,0,Base
2022-08-01,North,MAT-1008,Switchgear Cabinet,384,119,1.08,1.072,582,116,698,863,0,0,Base
2022-09-01,North,MAT-1008,Switchgear Cabinet,258,39,1.0,1.083,322,64,386,403,0,0,Base
2022-10-01,North,MAT-1008,Switchgear Cabinet,312,119,0.92,1.094,434,87,521,537,0,0,Base
2022-11-01,North,MAT-1008,Switchgear Cabinet,300,127,0.87,1.105,410,82,492,487,5,95000,Base
2022-12-01,North,MAT-1008,Switchgear Cabinet,218,73,0.85,1.116,276,55,331,352,0,0,Base
2023-01-01,North,MAT-1008,Switchgear Cabinet,310,71,0.87,1.127,374,75,449,398,51,969000,Base
2023-02-01,North,MAT-1008,Switchgear Cabinet,323,21,0.92,1.138,360,72,432,617,0,0,Base
2023-03-01,North,MAT-1008,Switchgear Cabinet,291,107,1.0,1.149,457,91,548,728,0,0,Base
2023-04-01,North,MAT-1008,Switchgear Cabinet,362,99,1.08,1.161,578,116,694,719,0,0,Base
2023-05-01,North,MAT-1008,Switchgear Cabinet,317,60,1.13,1.173,500,100,600,609,0,0,Base
2023-06-01,North,MAT-1008,Switchgear Cabinet,418,177,1.15,1.184,810,162,972,1272,0,0,Base
2023-07-01,North,MAT-1008,Switchgear Cabinet,378,132,1.13,1.196,689,138,827,899,0,0,Base
2023-08-01,North,MAT-1008,Switchgear Cabinet,358,54,1.08,1.208,538,108,646,837,0,0,Base
2023-09-01,North,MAT-1008,Switchgear Cabinet,339,24,1.0,1.22,443,89,532,551,0,0,Base
2023-10-01,North,MAT-1008,Switchgear Cabinet,283,77,0.92,1.232,408,82,490,674,0,0,Base
2023-11-01,North,MAT-1008,Switchgear Cabinet,292,90,0.87,1.245,414,83,497,539,0,0,Base
2023-12-01,North,MAT-1008,Switchgear Cabinet,284,27,0.85,1.257,332,66,398,397,1,19000,Base
2024-01-01,North,MAT-1008,Switchgear Cabinet,250,89,0.87,1.27,374,75,449,414,35,665000,Base
2024-02-01,North,MAT-1008,Switchgear Cabinet,259,99,0.92,1.282,422,84,506,638,0,0,Base
2024-03-01,North,MAT-1008,Switchgear Cabinet,268,23,1.0,1.295,377,75,452,584,0,0,Base
2024-04-01,North,MAT-1008,Switchgear Cabinet,289,31,1.08,1.308,452,90,542,647,0,0,Base
2024-05-01,North,MAT-1008,Switchgear Cabinet,367,137,1.13,1.321,753,151,904,1056,0,0,Base
2024-06-01,North,MAT-1008,Switchgear Cabinet,367,137,1.15,1.335,773,155,928,965,0,0,Base
2024-07-01,North,MAT-1008,Switchgear Cabinet,353,51,1.13,1.348,615,123,738,770,0,0,Base
2024-08-01,North,MAT-1008,Switchgear Cabinet,282,64,1.08,1.361,509,102,611,619,0,0,Base
2024-09-01,North,MAT-1008,Switchgear Cabinet,320,94,1.0,1.375,569,114,683,693,0,0,Base
2024-10-01,North,MAT-1008,Switchgear Cabinet,256,92,0.92,1.389,445,89,534,637,0,0,Base
2024-11-01,North,MAT-1008,Switchgear Cabinet,286,92,0.87,1.403,461,92,553,754,0,0,Base
2024-12-01,North,MAT-1008,Switchgear Cabinet,283,16,0.85,1.417,360,72,432,421,11,209000,Base
2025-01-01,North,MAT-1008,Switchgear Cabinet,284,25,0.87,1.431,385,77,462,512,0,0,Base
2025-02-01,North,MAT-1008,Switchgear Cabinet,310,101,0.92,1.445,546,109,655,907,0,0,Base
2025-03-01,North,MAT-1008,Switchgear Cabinet,301,102,1.0,1.46,588,118,706,915,0,0,Base
2025-04-01,North,MAT-1008,Switchgear Cabinet,389,44,1.08,1.474,689,138,827,823,4,76000,Base
2025-05-01,North,MAT-1008,Switchgear Cabinet,334,22,1.13,1.489,599,120,719,629,90,1710000,Base
2025-06-01,North,MAT-1008,Switchgear Cabinet,425,104,1.15,1.504,915,183,1098,1079,19,361000,Base
2025-07-01,North,MAT-1008,Switchgear Cabinet,423,125,1.13,1.519,940,188,1128,1248,0,0,Base
2025-08-01,North,MAT-1008,Switchgear Cabinet,355,157,1.08,1.534,848,170,1018,1291,0,0,Base
2025-09-01,North,MAT-1008,Switchgear Cabinet,338,44,1.0,1.549,592,118,710,779,0,0,Base
2025-10-01,North,MAT-1008,Switchgear Cabinet,234,71,0.92,1.565,439,88,527,703,0,0,Base
2025-11-01,North,MAT-1008,Switchgear Cabinet,315,126,0.87,1.58,606,121,727,714,13,247000,Base
2025-12-01,North,MAT-1008,Switchgear Cabinet,221,94,0.85,1.596,427,85,512,714,0,0,Base
2026-01-01,North,MAT-1008,Switchgear Cabinet,316,67,0.87,1.612,537,107,644,897,0,0,Base
2026-02-01,North,MAT-1008,Switchgear Cabinet,306,114,0.92,1.628,629,126,755,748,7,133000,Base
2026-03-01,North,MAT-1008,Switchgear Cabinet,261,14,1.0,1.645,452,90,542,487,55,1045000,Base
2026-04-01,North,MAT-1008,Switchgear Cabinet,293,104,1.08,1.661,712,142,854,942,0,0,Base
2026-05-01,North,MAT-1008,Switchgear Cabinet,357,21,1.13,1.678,717,143,860,756,104,1976000,Base
2026-06-01,North,MAT-1008,Switchgear Cabinet,401,85,1.15,1.694,947,189,1136,1132,4,76000,Base
2026-07-01,North,MAT-1008,Switchgear Cabinet,398,134,1.13,1.711,1029,206,1235,1513,0,0,Base
2026-08-01,North,MAT-1008,Switchgear Cabinet,295,75,1.08,1.729,691,138,829,778,51,969000,Base
2026-09-01,North,MAT-1008,Switchgear Cabinet,368,113,1.0,1.746,840,168,1008,1260,0,0,Base
2026-10-01,North,MAT-1008,Switchgear Cabinet,328,132,0.92,1.763,746,149,895,1145,0,0,Base
2026-11-01,North,MAT-1008,Switchgear Cabinet,289,93,0.87,1.781,592,118,710,949,0,0,Base
2026-12-01,North,MAT-1008,Switchgear Cabinet,279,79,0.85,1.799,547,109,656,732,0,0,Base
2022-01-01,South,MAT-1008,Switchgear Cabinet,210,38,0.87,1.0,216,43,259,337,0,0,Base
2022-02-01,South,MAT-1008,Switchgear Cabinet,263,31,0.92,1.01,273,55,328,469,0,0,Base
2022-03-01,South,MAT-1008,Switchgear Cabinet,295,117,1.0,1.02,420,84,504,667,0,0,Base
2022-04-01,South,MAT-1008,Switchgear Cabinet,313,61,1.08,1.03,416,83,499,441,58,1102000,Base
2022-05-01,South,MAT-1008,Switchgear Cabinet,340,83,1.13,1.041,497,99,596,781,0,0,Base
2022-06-01,South,MAT-1008,Switchgear Cabinet,298,44,1.15,1.051,413,83,496,593,0,0,Base
2022-07-01,South,MAT-1008,Switchgear Cabinet,342,115,1.13,1.062,548,110,658,757,0,0,Base
2022-08-01,South,MAT-1008,Switchgear Cabinet,294,113,1.08,1.072,471,94,565,632,0,0,Base
2022-09-01,South,MAT-1008,Switchgear Cabinet,268,103,1.0,1.083,402,80,482,484,0,0,Base
2022-10-01,South,MAT-1008,Switchgear Cabinet,264,79,0.92,1.094,345,69,414,479,0,0,Base
2022-11-01,South,MAT-1008,Switchgear Cabinet,279,110,0.87,1.105,374,75,449,406,43,817000,Base
2022-12-01,South,MAT-1008,Switchgear Cabinet,236,99,0.85,1.116,318,64,382,541,0,0,Base
2023-01-01,South,MAT-1008,Switchgear Cabinet,305,58,0.87,1.127,356,71,427,496,0,0,Base
2023-02-01,South,MAT-1008,Switchgear Cabinet,307,31,0.92,1.138,354,71,425,570,0,0,Base
2023-03-01,South,MAT-1008,Switchgear Cabinet,322,73,1.0,1.149,454,91,545,689,0,0,Base
2023-04-01,South,MAT-1008,Switchgear Cabinet,271,55,1.08,1.161,409,82,491,420,71,1349000,Base
2023-05-01,South,MAT-1008,Switchgear Cabinet,304,65,1.13,1.173,489,98,587,847,0,0,Base
2023-06-01,South,MAT-1008,Switchgear Cabinet,352,71,1.15,1.184,576,115,691,887,0,0,Base
2023-07-01,South,MAT-1008,Switchgear Cabinet,274,100,1.13,1.196,506,101,607,851,0,0,Base
2023-08-01,South,MAT-1008,Switchgear Cabinet,294,37,1.08,1.208,432,86,518,459,59,1121000,Base
2023-09-01,South,MAT-1008,Switchgear Cabinet,283,61,1.0,1.22,420,84,504,481,23,437000,Base
2023-10-01,South,MAT-1008,Switchgear Cabinet,268,109,0.92,1.232,427,85,512,608,0,0,Base
2023-11-01,South,MAT-1008,Switchgear Cabinet,229,87,0.87,1.245,342,68,410,440,0,0,Base
2023-12-01,South,MAT-1008,Switchgear Cabinet,245,77,0.85,1.257,344,69,413,435,0,0,Base
2024-01-01,South,MAT-1008,Switchgear Cabinet,296,43,0.87,1.27,374,75,449,531,0,0,Base
2024-02-01,South,MAT-1008,Switchgear Cabinet,258,89,0.92,1.282,409,82,491,710,0,0,Base
2024-03-01,South,MAT-1008,Switchgear Cabinet,270,57,1.0,1.295,424,85,509,530,0,0,Base
2024-04-01,South,MAT-1008,Switchgear Cabinet,302,82,1.08,1.308,543,109,652,598,54,1026000,Base
2024-05-01,South,MAT-1008,Switchgear Cabinet,317,65,1.13,1.321,570,114,684,640,44,836000,Base
2024-06-01,South,MAT-1008,Switchgear Cabinet,401,123,1.15,1.335,804,161,965,849,116,2204000,Base
2024-07-01,South,MAT-1008,Switchgear Cabinet,399,116,1.13,1.348,784,157,941,981,0,0,Base
2024-08-01,South,MAT-1008,Switchgear Cabinet,257,107,1.08,1.361,535,107,642,701,0,0,Base
2024-09-01,South,MAT-1008,Switchgear Cabinet,308,35,1.0,1.375,472,94,566,502,64,1216000,Base
2024-10-01,South,MAT-1008,Switchgear Cabinet,304,44,0.92,1.389,445,89,534,647,0,0,Base
2024-11-01,South,MAT-1008,Switchgear Cabinet,239,81,0.87,1.403,390,78,468,426,42,798000,Base
2024-12-01,South,MAT-1008,Switchgear Cabinet,284,89,0.85,1.417,449,90,539,548,0,0,Base
2025-01-01,South,MAT-1008,Switchgear Cabinet,259,18,0.87,1.431,345,69,414,446,0,0,Base
2025-02-01,South,MAT-1008,Switchgear Cabinet,295,101,0.92,1.445,526,105,631,564,67,1273000,Base
2025-03-01,South,MAT-1008,Switchgear Cabinet,267,25,1.0,1.46,426,85,511,615,0,0,Base
2025-04-01,South,MAT-1008,Switchgear Cabinet,271,35,1.08,1.474,487,97,584,715,0,0,Base
2025-05-01,South,MAT-1008,Switchgear Cabinet,294,76,1.13,1.489,622,124,746,681,65,1235000,Base
2025-06-01,South,MAT-1008,Switchgear Cabinet,371,107,1.15,1.504,827,165,992,978,14,266000,Base
2025-07-01,South,MAT-1008,Switchgear Cabinet,372,27,1.13,1.519,685,137,822,847,0,0,Base
2025-08-01,South,MAT-1008,Switchgear Cabinet,257,88,1.08,1.534,572,114,686,978,0,0,Base
2025-09-01,South,MAT-1008,Switchgear Cabinet,335,53,1.0,1.549,601,120,721,1008,0,0,Base
2025-10-01,South,MAT-1008,Switchgear Cabinet,273,37,0.92,1.565,446,89,535,493,42,798000,Base
2025-11-01,South,MAT-1008,Switchgear Cabinet,227,89,0.87,1.58,434,87,521,622,0,0,Base
2025-12-01,South,MAT-1008,Switchgear Cabinet,289,125,0.85,1.596,562,112,674,899,0,0,Base
2026-01-01,South,MAT-1008,Switchgear Cabinet,307,94,0.87,1.612,562,112,674,708,0,0,Base
2026-02-01,South,MAT-1008,Switchgear Cabinet,221,65,0.92,1.628,428,86,514,540,0,0,Base
2026-03-01,South,MAT-1008,Switchgear Cabinet,327,40,1.0,1.645,604,121,725,810,0,0,Base
2026-04-01,South,MAT-1008,Switchgear Cabinet,288,32,1.08,1.661,574,115,689,952,0,0,Base
2026-05-01,South,MAT-1008,Switchgear Cabinet,338,70,1.13,1.678,773,155,928,1076,0,0,Base
2026-06-01,South,MAT-1008,Switchgear Cabinet,406,93,1.15,1.694,972,194,1166,1574,0,0,Base
2026-07-01,South,MAT-1008,Switchgear Cabinet,296,77,1.13,1.711,721,144,865,1089,0,0,Base
2026-08-01,South,MAT-1008,Switchgear Cabinet,271,97,1.08,1.729,687,137,824,925,0,0,Base
2026-09-01,South,MAT-1008,Switchgear Cabinet,312,65,1.0,1.746,658,132,790,686,104,1976000,Base
2026-10-01,South,MAT-1008,Switchgear Cabinet,305,76,0.92,1.763,618,124,742,862,0,0,Base
2026-11-01,South,MAT-1008,Switchgear Cabinet,244,48,0.87,1.781,452,90,542,619,0,0,Base
2026-12-01,South,MAT-1008,Switchgear Cabinet,228,25,0.85,1.799,387,77,464,562,0,0,Base
2022-01-01,East,MAT-1008,Switchgear Cabinet,379,129,0.87,1.0,442,88,530,634,0,0,Base
2022-02-01,East,MAT-1008,Switchgear Cabinet,341,106,0.92,1.01,415,83,498,472,26,494000,Base
2022-03-01,East,MAT-1008,Switchgear Cabinet,341,74,1.0,1.02,423,85,508,515,0,0,Base
2022-04-01,East,MAT-1008,Switchgear Cabinet,445,182,1.08,1.03,698,140,838,1072,0,0,Base
2022-05-01,East,MAT-1008,Switchgear Cabinet,373,163,1.13,1.041,630,126,756,981,0,0,Base
2022-06-01,East,MAT-1008,Switchgear Cabinet,391,89,1.15,1.051,580,116,696,648,48,912000,Base
2022-07-01,East,MAT-1008,Switchgear Cabinet,366,28,1.13,1.062,473,95,568,809,0,0,Base
2022-08-01,East,MAT-1008,Switchgear Cabinet,368,75,1.08,1.072,513,103,616,541,75,1425000,Base
2022-09-01,East,MAT-1008,Switchgear Cabinet,364,68,1.0,1.083,468,94,562,628,0,0,Base
2022-10-01,East,MAT-1008,Switchgear Cabinet,414,36,0.92,1.094,453,91,544,546,0,0,Base
2022-11-01,East,MAT-1008,Switchgear Cabinet,366,79,0.87,1.105,428,86,514,672,0,0,Base
2022-12-01,East,MAT-1008,Switchgear Cabinet,291,25,0.85,1.116,300,60,360,439,0,0,Base
2023-01-01,East,MAT-1008,Switchgear Cabinet,303,118,0.87,1.127,413,83,496,585,0,0,Base
2023-02-01,East,MAT-1008,Switchgear Cabinet,306,131,0.92,1.138,458,92,550,695,0,0,Base
2023-03-01,East,MAT-1008,Switchgear Cabinet,421,156,1.0,1.149,663,133,796,826,0,0,Base
2023-04-01,East,MAT-1008,Switchgear Cabinet,380,43,1.08,1.161,530,106,636,850,0,0,Base
2023-05-01,East,MAT-1008,Switchgear Cabinet,420,92,1.13,1.173,678,136,814,702,112,2128000,Base
2023-06-01,East,MAT-1008,Switchgear Cabinet,401,106,1.15,1.184,691,138,829,1041,0,0,Base
2023-07-01,East,MAT-1008,Switchgear Cabinet,351,45,1.13,1.196,535,107,642,750,0,0,Base
2023-08-01,East,MAT-1008,Switchgear Cabinet,437,187,1.08,1.208,814,163,977,931,46,874000,Base
2023-09-01,East,MAT-1008,Switchgear Cabinet,309,104,1.0,1.22,504,101,605,773,0,0,Base
2023-10-01,East,MAT-1008,Switchgear Cabinet,375,90,0.92,1.232,527,105,632,783,0,0,Base
2023-11-01,East,MAT-1008,Switchgear Cabinet,286,74,0.87,1.245,390,78,468,526,0,0,Base
2023-12-01,East,MAT-1008,Switchgear Cabinet,285,103,0.85,1.257,415,83,498,676,0,0,Base
2024-01-01,East,MAT-1008,Switchgear Cabinet,377,73,0.87,1.27,497,99,596,608,0,0,Base
2024-02-01,East,MAT-1008,Switchgear Cabinet,287,62,0.92,1.282,412,82,494,519,0,0,Base
2024-03-01,East,MAT-1008,Switchgear Cabinet,330,28,1.0,1.295,464,93,557,600,0,0,Base
2024-04-01,East,MAT-1008,Switchgear Cabinet,448,106,1.08,1.308,783,157,940,1037,0,0,Base
2024-05-01,East,MAT-1008,Switchgear Cabinet,404,82,1.13,1.321,726,145,871,1200,0,0,Base
2024-06-01,East,MAT-1008,Switchgear Cabinet,438,161,1.15,1.335,919,184,1103,1504,0,0,Base
2024-07-01,East,MAT-1008,Switchgear Cabinet,420,151,1.13,1.348,870,174,1044,1354,0,0,Base
2024-08-01,East,MAT-1008,Switchgear Cabinet,419,138,1.08,1.361,819,164,983,1105,0,0,Base
2024-09-01,East,MAT-1008,Switchgear Cabinet,331,64,1.0,1.375,543,109,652,685,0,0,Base
2024-10-01,East,MAT-1008,Switchgear Cabinet,329,111,0.92,1.389,562,112,674,634,40,760000,Base
2024-11-01,East,MAT-1008,Switchgear Cabinet,354,68,0.87,1.403,515,103,618,634,0,0,Base
2024-12-01,East,MAT-1008,Switchgear Cabinet,272,38,0.85,1.417,373,75,448,532,0,0,Base
2025-01-01,East,MAT-1008,Switchgear Cabinet,266,94,0.87,1.431,448,90,538,462,76,1444000,Base
2025-02-01,East,MAT-1008,Switchgear Cabinet,355,29,0.92,1.445,511,102,613,695,0,0,Base
2025-03-01,East,MAT-1008,Switchgear Cabinet,348,73,1.0,1.46,614,123,737,1003,0,0,Base
2025-04-01,East,MAT-1008,Switchgear Cabinet,452,115,1.08,1.474,903,181,1084,1557,0,0,Base
2025-05-01,East,MAT-1008,Switchgear Cabinet,481,116,1.13,1.489,1004,201,1205,1194,11,209000,Base
2025-06-01,East,MAT-1008,Switchgear Cabinet,499,160,1.15,1.504,1140,228,1368,1954,0,0,Base
2025-07-01,East,MAT-1008,Switchgear Cabinet,457,200,1.13,1.519,1128,226,1354,1727,0,0,Base
2025-08-01,East,MAT-1008,Switchgear Cabinet,397,38,1.08,1.534,721,144,865,982,0,0,Base
2025-09-01,East,MAT-1008,Switchgear Cabinet,370,129,1.0,1.549,773,155,928,978,0,0,Base
2025-10-01,East,MAT-1008,Switchgear Cabinet,376,94,0.92,1.565,677,135,812,1011,0,0,Base
2025-11-01,East,MAT-1008,Switchgear Cabinet,284,49,0.87,1.58,458,92,550,520,30,570000,Base
2025-12-01,East,MAT-1008,Switchgear Cabinet,357,143,0.85,1.596,678,136,814,1065,0,0,Base
2026-01-01,East,MAT-1008,Switchgear Cabinet,305,26,0.87,1.612,464,93,557,693,0,0,Base
2026-02-01,East,MAT-1008,Switchgear Cabinet,280,100,0.92,1.628,569,114,683,659,24,456000,Base
2026-03-01,East,MAT-1008,Switchgear Cabinet,431,162,1.0,1.645,975,195,1170,1211,0,0,Base
2026-04-01,East,MAT-1008,Switchgear Cabinet,443,50,1.08,1.661,884,177,1061,1121,0,0,Base
2026-05-01,East,MAT-1008,Switchgear Cabinet,450,80,1.13,1.678,1005,201,1206,1308,0,0,Base
2026-06-01,East,MAT-1008,Switchgear Cabinet,375,85,1.15,1.694,896,179,1075,1343,0,0,Base
2026-07-01,East,MAT-1008,Switchgear Cabinet,484,62,1.13,1.711,1056,211,1267,1279,0,0,Base
2026-08-01,East,MAT-1008,Switchgear Cabinet,358,39,1.08,1.729,741,148,889,983,0,0,Base
2026-09-01,East,MAT-1008,Switchgear Cabinet,409,171,1.0,1.746,1013,203,1216,1641,0,0,Base
2026-10-01,East,MAT-1008,Switchgear Cabinet,396,35,0.92,1.763,699,140,839,869,0,0,Base
2026-11-01,East,MAT-1008,Switchgear Cabinet,333,80,0.87,1.781,640,128,768,765,3,57000,Base
2026-12-01,East,MAT-1008,Switchgear Cabinet,352,73,0.85,1.799,650,130,780,683,97,1843000,Base
2022-01-01,West,MAT-1008,Switchgear Cabinet,280,60,0.87,1.0,296,59,355,503,0,0,Base
2022-02-01,West,MAT-1008,Switchgear Cabinet,250,103,0.92,1.01,328,66,394,521,0,0,Base
2022-03-01,West,MAT-1008,Switchgear Cabinet,346,81,1.0,1.02,436,87,523,600,0,0,Base
2022-04-01,West,MAT-1008,Switchgear Cabinet,338,89,1.08,1.03,475,95,570,808,0,0,Base
2022-05-01,West,MAT-1008,Switchgear Cabinet,302,34,1.13,1.041,395,79,474,538,0,0,Base
2022-06-01,West,MAT-1008,Switchgear Cabinet,428,135,1.15,1.051,680,136,816,983,0,0,Base
2022-07-01,West,MAT-1008,Switchgear Cabinet,342,151,1.13,1.062,591,118,709,946,0,0,Base
2022-08-01,West,MAT-1008,Switchgear Cabinet,372,99,1.08,1.072,545,109,654,626,28,532000,Base
2022-09-01,West,MAT-1008,Switchgear Cabinet,335,136,1.0,1.083,510,102,612,767,0,0,Base
2022-10-01,West,MAT-1008,Switchgear Cabinet,250,82,0.92,1.094,334,67,401,389,12,228000,Base
2022-11-01,West,MAT-1008,Switchgear Cabinet,237,37,0.87,1.105,263,53,316,427,0,0,Base
2022-12-01,West,MAT-1008,Switchgear Cabinet,240,46,0.85,1.116,271,54,325,323,2,38000,Base
2023-01-01,West,MAT-1008,Switchgear Cabinet,321,127,0.87,1.127,439,88,527,684,0,0,Base
2023-02-01,West,MAT-1008,Switchgear Cabinet,328,84,0.92,1.138,431,86,517,637,0,0,Base
2023-03-01,West,MAT-1008,Switchgear Cabinet,361,139,1.0,1.149,575,115,690,709,0,0,Base
2023-04-01,West,MAT-1008,Switchgear Cabinet,321,84,1.08,1.161,508,102,610,661,0,0,Base
2023-05-01,West,MAT-1008,Switchgear Cabinet,354,67,1.13,1.173,558,112,670,773,0,0,Base
2023-06-01,West,MAT-1008,Switchgear Cabinet,440,181,1.15,1.184,846,169,1015,1116,0,0,Base
2023-07-01,West,MAT-1008,Switchgear Cabinet,424,88,1.13,1.196,692,138,830,925,0,0,Base
2023-08-01,West,MAT-1008,Switchgear Cabinet,359,103,1.08,1.208,603,121,724,635,89,1691000,Base
2023-09-01,West,MAT-1008,Switchgear Cabinet,288,71,1.0,1.22,438,88,526,608,0,0,Base
2023-10-01,West,MAT-1008,Switchgear Cabinet,251,43,0.92,1.232,333,67,400,499,0,0,Base
2023-11-01,West,MAT-1008,Switchgear Cabinet,249,56,0.87,1.245,330,66,396,482,0,0,Base
2023-12-01,West,MAT-1008,Switchgear Cabinet,264,79,0.85,1.257,367,73,440,452,0,0,Base
2024-01-01,West,MAT-1008,Switchgear Cabinet,263,92,0.87,1.27,392,78,470,678,0,0,Base
2024-02-01,West,MAT-1008,Switchgear Cabinet,267,53,0.92,1.282,378,76,454,447,7,133000,Base
2024-03-01,West,MAT-1008,Switchgear Cabinet,295,79,1.0,1.295,484,97,581,661,0,0,Base
2024-04-01,West,MAT-1008,Switchgear Cabinet,314,85,1.08,1.308,564,113,677,634,43,817000,Base
2024-05-01,West,MAT-1008,Switchgear Cabinet,306,81,1.13,1.321,578,116,694,701,0,0,Base
2024-06-01,West,MAT-1008,Switchgear Cabinet,439,125,1.15,1.335,866,173,1039,1222,0,0,Base
2024-07-01,West,MAT-1008,Switchgear Cabinet,446,154,1.13,1.348,914,183,1097,1547,0,0,Base
2024-08-01,West,MAT-1008,Switchgear Cabinet,361,133,1.08,1.361,726,145,871,838,33,627000,Base
2024-09-01,West,MAT-1008,Switchgear Cabinet,347,139,1.0,1.375,668,134,802,1042,0,0,Base
2024-10-01,West,MAT-1008,Switchgear Cabinet,333,35,0.92,1.389,470,94,564,557,7,133000,Base
2024-11-01,West,MAT-1008,Switchgear Cabinet,344,79,0.87,1.403,516,103,619,643,0,0,Base
2024-12-01,West,MAT-1008,Switchgear Cabinet,277,94,0.85,1.417,447,89,536,725,0,0,Base
2025-01-01,West,MAT-1008,Switchgear Cabinet,231,89,0.87,1.431,398,80,478,429,49,931000,Base
2025-02-01,West,MAT-1008,Switchgear Cabinet,306,36,0.92,1.445,455,91,546,768,0,0,Base
2025-03-01,West,MAT-1008,Switchgear Cabinet,360,88,1.0,1.46,654,131,785,869,0,0,Base
2025-04-01,West,MAT-1008,Switchgear Cabinet,324,75,1.08,1.474,635,127,762,766,0,0,Base
2025-05-01,West,MAT-1008,Switchgear Cabinet,362,32,1.13,1.489,663,133,796,703,93,1767000,Base
2025-06-01,West,MAT-1008,Switchgear Cabinet,324,108,1.15,1.504,747,149,896,985,0,0,Base
2025-07-01,West,MAT-1008,Switchgear Cabinet,409,38,1.13,1.519,767,153,920,1195,0,0,Base
2025-08-01,West,MAT-1008,Switchgear Cabinet,390,35,1.08,1.534,704,141,845,1050,0,0,Base
2025-09-01,West,MAT-1008,Switchgear Cabinet,351,107,1.0,1.549,710,142,852,883,0,0,Base
2025-10-01,West,MAT-1008,Switchgear Cabinet,358,116,0.92,1.565,682,136,818,1181,0,0,Base
2025-11-01,West,MAT-1008,Switchgear Cabinet,325,34,0.87,1.58,494,99,593,558,35,665000,Base
2025-12-01,West,MAT-1008,Switchgear Cabinet,292,110,0.85,1.596,545,109,654,633,21,399000,Base
2026-01-01,West,MAT-1008,Switchgear Cabinet,256,78,0.87,1.612,468,94,562,764,0,0,Base
2026-02-01,West,MAT-1008,Switchgear Cabinet,279,86,0.92,1.628,547,109,656,884,0,0,Base
2026-03-01,West,MAT-1008,Switchgear Cabinet,318,77,1.0,1.645,650,130,780,1115,0,0,Base
2026-04-01,West,MAT-1008,Switchgear Cabinet,394,128,1.08,1.661,936,187,1123,1621,0,0,Base
2026-05-01,West,MAT-1008,Switchgear Cabinet,342,69,1.13,1.678,779,156,935,1235,0,0,Base
2026-06-01,West,MAT-1008,Switchgear Cabinet,357,108,1.15,1.694,906,181,1087,1211,0,0,Base
2026-07-01,West,MAT-1008,Switchgear Cabinet,340,98,1.13,1.711,847,169,1016,915,101,1919000,Base
2026-08-01,West,MAT-1008,Switchgear Cabinet,389,75,1.08,1.729,866,173,1039,1113,0,0,Base
2026-09-01,West,MAT-1008,Switchgear Cabinet,349,61,1.0,1.746,716,143,859,892,0,0,Base
2026-10-01,West,MAT-1008,Switchgear Cabinet,267,21,0.92,1.763,467,93,560,532,28,532000,Base
2026-11-01,West,MAT-1008,Switchgear Cabinet,276,55,0.87,1.781,513,103,616,551,65,1235000,Base
2026-12-01,West,MAT-1008,Switchgear Cabinet,313,133,0.85,1.799,682,136,818,1083,0,0,Base
2022-01-01,North,MAT-1009,Smart Meter,153,15,0.87,1.0,146,29,175,193,0,0,Base
2022-02-01,North,MAT-1009,Smart Meter,133,32,0.92,1.01,153,31,184,251,0,0,Base
2022-03-01,North,MAT-1009,Smart Meter,200,26,1.0,1.02,231,46,277,259,18,2610,Base
2022-04-01,North,MAT-1009,Smart Meter,227,54,1.08,1.03,313,63,376,454,0,0,Base
2022-05-01,North,MAT-1009,Smart Meter,207,13,1.13,1.041,259,52,311,311,0,0,Base
2022-06-01,North,MAT-1009,Smart Meter,236,90,1.15,1.051,394,79,473,638,0,0,Base
2022-07-01,North,MAT-1009,Smart Meter,197,42,1.13,1.062,287,57,344,474,0,0,Base
2022-08-01,North,MAT-1009,Smart Meter,220,14,1.08,1.072,271,54,325,381,0,0,Base
2022-09-01,North,MAT-1009,Smart Meter,196,88,1.0,1.083,308,62,370,450,0,0,Base
2022-10-01,North,MAT-1009,Smart Meter,182,69,0.92,1.094,253,51,304,379,0,0,Base
2022-11-01,North,MAT-1009,Smart Meter,159,49,0.87,1.105,200,40,240,234,6,870,Base
2022-12-01,North,MAT-1009,Smart Meter,132,30,0.85,1.116,154,31,185,219,0,0,Base
2023-01-01,North,MAT-1009,Smart Meter,157,52,0.87,1.127,205,41,246,226,20,2900,Base
2023-02-01,North,MAT-1009,Smart Meter,190,36,0.92,1.138,237,47,284,357,0,0,Base
2023-03-01,North,MAT-1009,Smart Meter,164,11,1.0,1.149,201,40,241,262,0,0,Base
2023-04-01,North,MAT-1009,Smart Meter,197,14,1.08,1.161,265,53,318,274,44,6380,Base
2023-05-01,North,MAT-1009,Smart Meter,206,32,1.13,1.173,315,63,378,331,47,6815,Base
2023-06-01,North,MAT-1009,Smart Meter,228,73,1.15,1.184,410,82,492,454,38,5510,Base
2023-07-01,North,MAT-1009,Smart Meter,229,64,1.13,1.196,396,79,475,463,12,1740,Base
2023-08-01,North,MAT-1009,Smart Meter,181,38,1.08,1.208,286,57,343,322,21,3045,Base
2023-09-01,North,MAT-1009,Smart Meter,204,44,1.0,1.22,303,61,364,429,0,0,Base
2023-10-01,North,MAT-1009,Smart Meter,197,72,0.92,1.232,305,61,366,420,0,0,Base
2023-11-01,North,MAT-1009,Smart Meter,179,57,0.87,1.245,256,51,307,355,0,0,Base
2023-12-01,North,MAT-1009,Smart Meter,136,49,0.85,1.257,198,40,238,341,0,0,Base
2024-01-01,North,MAT-1009,Smart Meter,169,11,0.87,1.27,199,40,239,207,32,4640,Base
2024-02-01,North,MAT-1009,Smart Meter,154,61,0.92,1.282,254,51,305,381,0,0,Base
2024-03-01,North,MAT-1009,Smart Meter,209,22,1.0,1.295,299,60,359,445,0,0,Base
2024-04-01,North,MAT-1009,Smart Meter,212,40,1.08,1.308,356,71,427,466,0,0,Base
2024-05-01,North,MAT-1009,Smart Meter,242,79,1.13,1.321,479,96,575,496,79,11455,Base
2024-06-01,North,MAT-1009,Smart Meter,201,41,1.15,1.335,371,74,445,603,0,0,Base
2024-07-01,North,MAT-1009,Smart Meter,211,53,1.13,1.348,402,80,482,513,0,0,Base
2024-08-01,North,MAT-1009,Smart Meter,176,57,1.08,1.361,343,69,412,541,0,0,Base
2024-09-01,North,MAT-1009,Smart Meter,155,44,1.0,1.375,274,55,329,309,20,2900,Base
2024-10-01,North,MAT-1009,Smart Meter,181,62,0.92,1.389,310,62,372,516,0,0,Base
2024-11-01,North,MAT-1009,Smart Meter,163,49,0.87,1.403,259,52,311,349,0,0,Base
2024-12-01,North,MAT-1009,Smart Meter,157,50,0.85,1.417,249,50,299,293,6,870,Base
2025-01-01,North,MAT-1009,Smart Meter,144,11,0.87,1.431,193,39,232,303,0,0,Base
2025-02-01,North,MAT-1009,Smart Meter,164,65,0.92,1.445,304,61,365,345,20,2900,Base
2025-03-01,North,MAT-1009,Smart Meter,149,58,1.0,1.46,302,60,362,455,0,0,Base
2025-04-01,North,MAT-1009,Smart Meter,201,38,1.08,1.474,381,76,457,421,36,5220,Base
2025-05-01,North,MAT-1009,Smart Meter,215,13,1.13,1.489,384,77,461,567,0,0,Base
2025-06-01,North,MAT-1009,Smart Meter,232,17,1.15,1.504,431,86,517,643,0,0,Base
2025-07-01,North,MAT-1009,Smart Meter,214,16,1.13,1.519,395,79,474,496,0,0,Base
2025-08-01,North,MAT-1009,Smart Meter,180,73,1.08,1.534,419,84,503,445,58,8410,Base
2025-09-01,North,MAT-1009,Smart Meter,167,65,1.0,1.549,359,72,431,480,0,0,Base
2025-10-01,North,MAT-1009,Smart Meter,171,29,0.92,1.565,288,58,346,321,25,3625,Base
2025-11-01,North,MAT-1009,Smart Meter,180,23,0.87,1.58,279,56,335,461,0,0,Base
2025-12-01,North,MAT-1009,Smart Meter,147,49,0.85,1.596,266,53,319,351,0,0,Base
2026-01-01,North,MAT-1009,Smart Meter,161,35,0.87,1.612,275,55,330,303,27,3915,Base
2026-02-01,North,MAT-1009,Smart Meter,199,59,0.92,1.628,387,77,464,545,0,0,Base
2026-03-01,North,MAT-1009,Smart Meter,216,32,1.0,1.645,408,82,490,457,33,4785,Base
2026-04-01,North,MAT-1009,Smart Meter,167,25,1.08,1.661,344,69,413,520,0,0,Base
2026-05-01,North,MAT-1009,Smart Meter,169,75,1.13,1.678,463,93,556,758,0,0,Base
2026-06-01,North,MAT-1009,Smart Meter,239,87,1.15,1.694,635,127,762,752,10,1450,Base
2026-07-01,North,MAT-1009,Smart Meter,196,42,1.13,1.711,460,92,552,541,11,1595,Base
2026-08-01,North,MAT-1009,Smart Meter,186,15,1.08,1.729,375,75,450,520,0,0,Base
2026-09-01,North,MAT-1009,Smart Meter,202,10,1.0,1.746,370,74,444,644,0,0,Base
2026-10-01,North,MAT-1009,Smart Meter,140,27,0.92,1.763,271,54,325,285,40,5800,Base
2026-11-01,North,MAT-1009,Smart Meter,136,17,0.87,1.781,237,47,284,329,0,0,Base
2026-12-01,North,MAT-1009,Smart Meter,138,28,0.85,1.799,254,51,305,402,0,0,Base
2022-01-01,South,MAT-1009,Smart Meter,158,41,0.87,1.0,173,35,208,219,0,0,Base
2022-02-01,South,MAT-1009,Smart Meter,152,12,0.92,1.01,152,30,182,219,0,0,Base
2022-03-01,South,MAT-1009,Smart Meter,147,49,1.0,1.02,200,40,240,319,0,0,Base
2022-04-01,South,MAT-1009,Smart Meter,202,79,1.08,1.03,313,63,376,421,0,0,Base
2022-05-01,South,MAT-1009,Smart Meter,169,33,1.13,1.041,238,48,286,411,0,0,Base
2022-06-01,South,MAT-1009,Smart Meter,196,60,1.15,1.051,309,62,371,504,0,0,Base
2022-07-01,South,MAT-1009,Smart Meter,170,72,1.13,1.062,290,58,348,496,0,0,Base
2022-08-01,South,MAT-1009,Smart Meter,151,33,1.08,1.072,213,43,256,231,25,3625,Base
2022-09-01,South,MAT-1009,Smart Meter,181,17,1.0,1.083,214,43,257,361,0,0,Base
2022-10-01,South,MAT-1009,Smart Meter,140,47,0.92,1.094,188,38,226,281,0,0,Base
2022-11-01,South,MAT-1009,Smart Meter,127,8,0.87,1.105,130,26,156,185,0,0,Base
2022-12-01,South,MAT-1009,Smart Meter,167,66,0.85,1.116,221,44,265,339,0,0,Base
2023-01-01,South,MAT-1009,Smart Meter,159,62,0.87,1.127,217,43,260,368,0,0,Base
2023-02-01,South,MAT-1009,Smart Meter,187,26,0.92,1.138,223,45,268,348,0,0,Base
2023-03-01,South,MAT-1009,Smart Meter,161,41,1.0,1.149,232,46,278,286,0,0,Base
2023-04-01,South,MAT-1009,Smart Meter,181,78,1.08,1.161,325,65,390,397,0,0,Base
2023-05-01,South,MAT-1009,Smart Meter,226,75,1.13,1.173,399,80,479,535,0,0,Base
2023-06-01,South,MAT-1009,Smart Meter,191,10,1.15,1.184,274,55,329,288,41,5945,Base
2023-07-01,South,MAT-1009,Smart Meter,195,10,1.13,1.196,277,55,332,413,0,0,Base
2023-08-01,South,MAT-1009,Smart Meter,178,75,1.08,1.208,330,66,396,484,0,0,Base
2023-09-01,South,MAT-1009,Smart Meter,194,77,1.0,1.22,331,66,397,576,0,0,Base
2023-10-01,South,MAT-1009,Smart Meter,188,69,0.92,1.232,291,58,349,427,0,0,Base
2023-11-01,South,MAT-1009,Smart Meter,132,21,0.87,1.245,166,33,199,215,0,0,Base
2023-12-01,South,MAT-1009,Smart Meter,139,55,0.85,1.257,207,41,248,259,0,0,Base
2024-01-01,South,MAT-1009,Smart Meter,127,44,0.87,1.27,189,38,227,239,0,0,Base
2024-02-01,South,MAT-1009,Smart Meter,149,25,0.92,1.282,205,41,246,300,0,0,Base
2024-03-01,South,MAT-1009,Smart Meter,173,40,1.0,1.295,276,55,331,425,0,0,Base
2024-04-01,South,MAT-1009,Smart Meter,214,20,1.08,1.308,331,66,397,510,0,0,Base
2024-05-01,South,MAT-1009,Smart Meter,204,65,1.13,1.321,402,80,482,689,0,0,Base
2024-06-01,South,MAT-1009,Smart Meter,194,54,1.15,1.335,381,76,457,536,0,0,Base
2024-07-01,South,MAT-1009,Smart Meter,228,46,1.13,1.348,417,83,500,562,0,0,Base
2024-08-01,South,MAT-1009,Smart Meter,170,60,1.08,1.361,338,68,406,357,49,7105,Base
2024-09-01,South,MAT-1009,Smart Meter,165,16,1.0,1.375,249,50,299,430,0,0,Base
2024-10-01,South,MAT-1009,Smart Meter,140,25,0.92,1.389,211,42,253,283,0,0,Base
2024-11-01,South,MAT-1009,Smart Meter,135,28,0.87,1.403,199,40,239,255,0,0,Base
2024-12-01,South,MAT-1009,Smart Meter,120,47,0.85,1.417,201,40,241,297,0,0,Base
2025-01-01,South,MAT-1009,Smart Meter,157,68,0.87,1.431,280,56,336,478,0,0,Base
2025-02-01,South,MAT-1009,Smart Meter,175,63,0.92,1.445,316,63,379,443,0,0,Base
2025-03-01,South,MAT-1009,Smart Meter,194,24,1.0,1.46,318,64,382,525,0,0,Base
2025-04-01,South,MAT-1009,Smart Meter,152,63,1.08,1.474,342,68,410,490,0,0,Base
2025-05-01,South,MAT-1009,Smart Meter,198,44,1.13,1.489,407,81,488,421,67,9715,Base
2025-06-01,South,MAT-1009,Smart Meter,216,15,1.15,1.504,399,80,479,605,0,0,Base
2025-07-01,South,MAT-1009,Smart Meter,193,32,1.13,1.519,386,77,463,520,0,0,Base
2025-08-01,South,MAT-1009,Smart Meter,177,54,1.08,1.534,383,77,460,601,0,0,Base
2025-09-01,South,MAT-1009,Smart Meter,199,52,1.0,1.549,389,78,467,454,13,1885,Base
2025-10-01,South,MAT-1009,Smart Meter,131,41,0.92,1.565,248,50,298,332,0,0,Base
2025-11-01,South,MAT-1009,Smart Meter,132,18,0.87,1.58,206,41,247,218,29,4205,Base
2025-12-01,South,MAT-1009,Smart Meter,148,17,0.85,1.596,224,45,269,352,0,0,Base
2026-01-01,South,MAT-1009,Smart Meter,129,48,0.87,1.612,248,50,298,311,0,0,Base
2026-02-01,South,MAT-1009,Smart Meter,128,42,0.92,1.628,255,51,306,338,0,0,Base
2026-03-01,South,MAT-1009,Smart Meter,193,53,1.0,1.645,405,81,486,640,0,0,Base
2026-04-01,South,MAT-1009,Smart Meter,164,26,1.08,1.661,341,68,409,369,40,5800,Base
2026-05-01,South,MAT-1009,Smart Meter,199,20,1.13,1.678,415,83,498,484,14,2030,Base
2026-06-01,South,MAT-1009,Smart Meter,204,89,1.15,1.694,571,114,685,922,0,0,Base
2026-07-01,South,MAT-1009,Smart Meter,193,50,1.13,1.711,470,94,564,548,16,2320,Base
2026-08-01,South,MAT-1009,Smart Meter,178,79,1.08,1.729,480,96,576,777,0,0,Base
2026-09-01,South,MAT-1009,Smart Meter,173,67,1.0,1.746,419,84,503,466,37,5365,Base
2026-10-01,South,MAT-1009,Smart Meter,170,76,0.92,1.763,399,80,479,548,0,0,Base
2026-11-01,South,MAT-1009,Smart Meter,163,46,0.87,1.781,324,65,389,440,0,0,Base
2026-12-01,South,MAT-1009,Smart Meter,155,12,0.85,1.799,255,51,306,378,0,0,Base
2022-01-01,East,MAT-1009,Smart Meter,193,50,0.87,1.0,211,42,253,264,0,0,Base
2022-02-01,East,MAT-1009,Smart Meter,238,101,0.92,1.01,315,63,378,484,0,0,Base
2022-03-01,East,MAT-1009,Smart Meter,195,41,1.0,1.02,241,48,289,398,0,0,Base
2022-04-01,East,MAT-1009,Smart Meter,205,42,1.08,1.03,275,55,330,377,0,0,Base
2022-05-01,East,MAT-1009,Smart Meter,249,50,1.13,1.041,352,70,422,600,0,0,Base
2022-06-01,East,MAT-1009,Smart Meter,261,78,1.15,1.051,410,82,492,450,42,6090,Base
2022-07-01,East,MAT-1009,Smart Meter,210,39,1.13,1.062,299,60,359,360,0,0,Base
2022-08-01,East,MAT-1009,Smart Meter,200,37,1.08,1.072,274,55,329,390,0,0,Base
2022-09-01,East,MAT-1009,Smart Meter,193,44,1.0,1.083,257,51,308,338,0,0,Base
2022-10-01,East,MAT-1009,Smart Meter,161,13,0.92,1.094,175,35,210,201,9,1305,Base
2022-11-01,East,MAT-1009,Smart Meter,214,48,0.87,1.105,252,50,302,392,0,0,Base
2022-12-01,East,MAT-1009,Smart Meter,159,30,0.85,1.116,179,36,215,204,11,1595,Base
2023-01-01,East,MAT-1009,Smart Meter,158,47,0.87,1.127,201,40,241,324,0,0,Base
2023-02-01,East,MAT-1009,Smart Meter,214,16,0.92,1.138,241,48,289,307,0,0,Base
2023-03-01,East,MAT-1009,Smart Meter,227,45,1.0,1.149,313,63,376,324,52,7540,Base
2023-04-01,East,MAT-1009,Smart Meter,270,75,1.08,1.161,433,87,520,484,36,5220,Base
2023-05-01,East,MAT-1009,Smart Meter,212,47,1.13,1.173,343,69,412,430,0,0,Base
2023-06-01,East,MAT-1009,Smart Meter,262,82,1.15,1.184,469,94,563,662,0,0,Base
2023-07-01,East,MAT-1009,Smart Meter,208,82,1.13,1.196,392,78,470,670,0,0,Base
2023-08-01,East,MAT-1009,Smart Meter,269,55,1.08,1.208,423,85,508,532,0,0,Base
2023-09-01,East,MAT-1009,Smart Meter,254,84,1.0,1.22,412,82,494,639,0,0,Base
2023-10-01,East,MAT-1009,Smart Meter,211,87,0.92,1.232,338,68,406,535,0,0,Base
2023-11-01,East,MAT-1009,Smart Meter,155,67,0.87,1.245,240,48,288,404,0,0,Base
2023-12-01,East,MAT-1009,Smart Meter,168,71,0.85,1.257,255,51,306,335,0,0,Base
2024-01-01,East,MAT-1009,Smart Meter,153,63,0.87,1.27,239,48,287,281,6,870,Base
2024-02-01,East,MAT-1009,Smart Meter,209,40,0.92,1.282,294,59,353,511,0,0,Base
2024-03-01,East,MAT-1009,Smart Meter,234,82,1.0,1.295,409,82,491,591,0,0,Base
2024-04-01,East,MAT-1009,Smart Meter,278,63,1.08,1.308,482,96,578,737,0,0,Base
2024-05-01,East,MAT-1009,Smart Meter,257,111,1.13,1.321,549,110,659,613,46,6670,Base
2024-06-01,East,MAT-1009,Smart Meter,228,74,1.15,1.335,463,93,556,549,7,1015,Base
2024-07-01,East,MAT-1009,Smart Meter,204,32,1.13,1.348,359,72,431,573,0,0,Base
2024-08-01,East,MAT-1009,Smart Meter,268,62,1.08,1.361,485,97,582,744,0,0,Base
2024-09-01,East,MAT-1009,Smart Meter,236,73,1.0,1.375,425,85,510,465,45,6525,Base
2024-10-01,East,MAT-1009,Smart Meter,211,86,0.92,1.389,379,76,455,618,0,0,Base
2024-11-01,East,MAT-1009,Smart Meter,204,79,0.87,1.403,345,69,414,497,0,0,Base
2024-12-01,East,MAT-1009,Smart Meter,152,20,0.85,1.417,207,41,248,277,0,0,Base
2025-01-01,East,MAT-1009,Smart Meter,198,29,0.87,1.431,283,57,340,452,0,0,Base
2025-02-01,East,MAT-1009,Smart Meter,188,29,0.92,1.445,288,58,346,384,0,0,Base
2025-03-01,East,MAT-1009,Smart Meter,222,23,1.0,1.46,358,72,430,426,4,580,Base
2025-04-01,East,MAT-1009,Smart Meter,265,39,1.08,1.474,484,97,581,703,0,0,Base
2025-05-01,East,MAT-1009,Smart Meter,268,95,1.13,1.489,611,122,733,762,0,0,Base
2025-06-01,East,MAT-1009,Smart Meter,280,89,1.15,1.504,638,128,766,1040,0,0,Base
2025-07-01,East,MAT-1009,Smart Meter,201,71,1.13,1.519,467,93,560,717,0,0,Base
2025-08-01,East,MAT-1009,Smart Meter,222,38,1.08,1.534,431,86,517,538,0,0,Base
2025-09-01,East,MAT-1009,Smart Meter,208,12,1.0,1.549,341,68,409,445,0,0,Base
2025-10-01,East,MAT-1009,Smart Meter,236,45,0.92,1.565,405,81,486,487,0,0,Base
2025-11-01,East,MAT-1009,Smart Meter,196,64,0.87,1.58,357,71,428,540,0,0,Base
2025-12-01,East,MAT-1009,Smart Meter,207,41,0.85,1.596,336,67,403,548,0,0,Base
2026-01-01,East,MAT-1009,Smart Meter,189,10,0.87,1.612,279,56,335,468,0,0,Base
2026-02-01,East,MAT-1009,Smart Meter,204,36,0.92,1.628,360,72,432,395,37,5365,Base
2026-03-01,East,MAT-1009,Smart Meter,178,54,1.0,1.645,382,76,458,502,0,0,Base
2026-04-01,East,MAT-1009,Smart Meter,256,43,1.08,1.661,536,107,643,550,93,13485,Base
2026-05-01,East,MAT-1009,Smart Meter,201,80,1.13,1.678,533,107,640,650,0,0,Base
2026-06-01,East,MAT-1009,Smart Meter,300,104,1.15,1.694,787,157,944,1154,0,0,Base
2026-07-01,East,MAT-1009,Smart Meter,283,90,1.13,1.711,721,144,865,879,0,0,Base
2026-08-01,East,MAT-1009,Smart Meter,212,15,1.08,1.729,424,85,509,638,0,0,Base
2026-09-01,East,MAT-1009,Smart Meter,228,87,1.0,1.746,550,110,660,730,0,0,Base
2026-10-01,East,MAT-1009,Smart Meter,178,76,0.92,1.763,412,82,494,559,0,0,Base
2026-11-01,East,MAT-1009,Smart Meter,168,75,0.87,1.781,377,75,452,555,0,0,Base
2026-12-01,East,MAT-1009,Smart Meter,172,24,0.85,1.799,300,60,360,513,0,0,Base
2022-01-01,West,MAT-1009,Smart Meter,175,25,0.87,1.0,174,35,209,205,4,580,Base
2022-02-01,West,MAT-1009,Smart Meter,144,62,0.92,1.01,191,38,229,258,0,0,Base
2022-03-01,West,MAT-1009,Smart Meter,163,8,1.0,1.02,174,35,209,298,0,0,Base
2022-04-01,West,MAT-1009,Smart Meter,235,83,1.08,1.03,354,71,425,556,0,0,Base
2022-05-01,West,MAT-1009,Smart Meter,199,42,1.13,1.041,283,57,340,346,0,0,Base
2022-06-01,West,MAT-1009,Smart Meter,249,101,1.15,1.051,423,85,508,534,0,0,Base
2022-07-01,West,MAT-1009,Smart Meter,212,16,1.13,1.062,273,55,328,347,0,0,Base
2022-08-01,West,MAT-1009,Smart Meter,205,41,1.08,1.072,285,57,342,454,0,0,Base
2022-09-01,West,MAT-1009,Smart Meter,204,64,1.0,1.083,290,58,348,477,0,0,Base
2022-10-01,West,MAT-1009,Smart Meter,175,42,0.92,1.094,218,44,262,291,0,0,Base
2022-11-01,West,MAT-1009,Smart Meter,187,76,0.87,1.105,253,51,304,280,24,3480,Base
2022-12-01,West,MAT-1009,Smart Meter,140,49,0.85,1.116,179,36,215,221,0,0,Base
2023-01-01,West,MAT-1009,Smart Meter,156,39,0.87,1.127,191,38,229,228,1,145,Base
2023-02-01,West,MAT-1009,Smart Meter,158,56,0.92,1.138,224,45,269,360,0,0,Base
2023-03-01,West,MAT-1009,Smart Meter,208,54,1.0,1.149,301,60,361,456,0,0,Base
2023-04-01,West,MAT-1009,Smart Meter,170,68,1.08,1.161,298,60,358,458,0,0,Base
2023-05-01,West,MAT-1009,Smart Meter,182,80,1.13,1.173,347,69,416,416,0,0,Base
2023-06-01,West,MAT-1009,Smart Meter,218,59,1.15,1.184,377,75,452,598,0,0,Base
2023-07-01,West,MAT-1009,Smart Meter,178,25,1.13,1.196,274,55,329,302,27,3915,Base
2023-08-01,West,MAT-1009,Smart Meter,239,89,1.08,1.208,428,86,514,491,23,3335,Base
2023-09-01,West,MAT-1009,Smart Meter,176,78,1.0,1.22,310,62,372,335,37,5365,Base
2023-10-01,West,MAT-1009,Smart Meter,153,42,0.92,1.232,221,44,265,255,10,1450,Base
2023-11-01,West,MAT-1009,Smart Meter,161,34,0.87,1.245,211,42,253,352,0,0,Base
2023-12-01,West,MAT-1009,Smart Meter,155,15,0.85,1.257,182,36,218,260,0,0,Base
2024-01-01,West,MAT-1009,Smart Meter,166,26,0.87,1.27,212,42,254,237,17,2465,Base
2024-02-01,West,MAT-1009,Smart Meter,152,17,0.92,1.282,199,40,239,333,0,0,Base
2024-03-01,West,MAT-1009,Smart Meter,220,82,1.0,1.295,391,78,469,615,0,0,Base
2024-04-01,West,MAT-1009,Smart Meter,219,95,1.08,1.308,444,89,533,764,0,0,Base
2024-05-01,West,MAT-1009,Smart Meter,190,12,1.13,1.321,302,60,362,524,0,0,Base
2024-06-01,West,MAT-1009,Smart Meter,193,58,1.15,1.335,385,77,462,610,0,0,Base
2024-07-01,West,MAT-1009,Smart Meter,255,97,1.13,1.348,536,107,643,871,0,0,Base
2024-08-01,West,MAT-1009,Smart Meter,182,28,1.08,1.361,309,62,371,351,20,2900,Base
2024-09-01,West,MAT-1009,Smart Meter,212,49,1.0,1.375,359,72,431,412,19,2755,Base
2024-10-01,West,MAT-1009,Smart Meter,151,43,0.92,1.389,248,50,298,303,0,0,Base
2024-11-01,West,MAT-1009,Smart Meter,143,58,0.87,1.403,245,49,294,311,0,0,Base
2024-12-01,West,MAT-1009,Smart Meter,161,17,0.85,1.417,214,43,257,264,0,0,Base
2025-01-01,West,MAT-1009,Smart Meter,184,10,0.87,1.431,241,48,289,259,30,4350,Base
2025-02-01,West,MAT-1009,Smart Meter,183,34,0.92,1.445,288,58,346,325,21,3045,Base
2025-03-01,West,MAT-1009,Smart Meter,189,31,1.0,1.46,321,64,385,368,17,2465,Base
2025-04-01,West,MAT-1009,Smart Meter,216,92,1.08,1.474,490,98,588,732,0,0,Base
2025-05-01,West,MAT-1009,Smart Meter,217,84,1.13,1.489,506,101,607,666,0,0,Base
2025-06-01,West,MAT-1009,Smart Meter,206,28,1.15,1.504,405,81,486,445,41,5945,Base
2025-07-01,West,MAT-1009,Smart Meter,179,74,1.13,1.519,434,87,521,472,49,7105,Base
2025-08-01,West,MAT-1009,Smart Meter,194,17,1.08,1.534,350,70,420,444,0,0,Base
2025-09-01,West,MAT-1009,Smart Meter,158,33,1.0,1.549,296,59,355,447,0,0,Base
2025-10-01,West,MAT-1009,Smart Meter,197,36,0.92,1.565,335,67,402,544,0,0,Base
2025-11-01,West,MAT-1009,Smart Meter,191,41,0.87,1.58,319,64,383,410,0,0,Base
2025-12-01,West,MAT-1009,Smart Meter,167,44,0.85,1.596,286,57,343,346,0,0,Base
2026-01-01,West,MAT-1009,Smart Meter,148,14,0.87,1.612,227,45,272,370,0,0,Base
2026-02-01,West,MAT-1009,Smart Meter,178,72,0.92,1.628,375,75,450,568,0,0,Base
2026-03-01,West,MAT-1009,Smart Meter,176,27,1.0,1.645,334,67,401,541,0,0,Base
2026-04-01,West,MAT-1009,Smart Meter,219,72,1.08,1.661,522,104,626,658,0,0,Base
2026-05-01,West,MAT-1009,Smart Meter,179,55,1.13,1.678,444,89,533,489,44,6380,Base
2026-06-01,West,MAT-1009,Smart Meter,238,28,1.15,1.694,518,104,622,730,0,0,Base
2026-07-01,West,MAT-1009,Smart Meter,220,80,1.13,1.711,580,116,696,750,0,0,Base
2026-08-01,West,MAT-1009,Smart Meter,166,24,1.08,1.729,355,71,426,574,0,0,Base
2026-09-01,West,MAT-1009,Smart Meter,160,18,1.0,1.746,311,62,373,349,24,3480,Base
2026-10-01,West,MAT-1009,Smart Meter,153,25,0.92,1.763,289,58,347,356,0,0,Base
2026-11-01,West,MAT-1009,Smart Meter,139,44,0.87,1.781,284,57,341,360,0,0,Base
2026-12-01,West,MAT-1009,Smart Meter,131,18,0.85,1.799,228,46,274,289,0,0,Base
2022-01-01,North,MAT-1010,Communication Gateway,144,21,0.87,1.0,144,29,173,203,0,0,Base
2022-02-01,North,MAT-1010,Communication Gateway,140,33,0.92,1.01,161,32,193,192,1,980,Base
2022-03-01,North,MAT-1010,Communication Gateway,191,25,1.0,1.02,220,44,264,266,0,0,Base
2022-04-01,North,MAT-1010,Communication Gateway,208,73,1.08,1.03,313,63,376,440,0,0,Base
2022-05-01,North,MAT-1010,Communication Gateway,169,21,1.13,1.041,223,45,268,286,0,0,Base
2022-06-01,North,MAT-1010,Communication Gateway,179,32,1.15,1.051,255,51,306,423,0,0,Base
2022-07-01,North,MAT-1010,Communication Gateway,185,30,1.13,1.062,258,52,310,321,0,0,Base
2022-08-01,North,MAT-1010,Communication Gateway,172,61,1.08,1.072,270,54,324,464,0,0,Base
2022-09-01,North,MAT-1010,Communication Gateway,151,14,1.0,1.083,179,36,215,293,0,0,Base
2022-10-01,North,MAT-1010,Communication Gateway,128,30,0.92,1.094,159,32,191,214,0,0,Base
2022-11-01,North,MAT-1010,Communication Gateway,152,45,0.87,1.105,189,38,227,252,0,0,Base
2022-12-01,North,MAT-1010,Communication Gateway,158,45,0.85,1.116,193,39,232,272,0,0,Base
2023-01-01,North,MAT-1010,Communication Gateway,157,68,0.87,1.127,221,44,265,335,0,0,Base
2023-02-01,North,MAT-1010,Communication Gateway,130,23,0.92,1.138,160,32,192,194,0,0,Base
2023-03-01,North,MAT-1010,Communication Gateway,164,62,1.0,1.149,260,52,312,417,0,0,Base
2023-04-01,North,MAT-1010,Communication Gateway,190,44,1.08,1.161,293,59,352,503,0,0,Base
2023-05-01,North,MAT-1010,Communication Gateway,177,53,1.13,1.173,305,61,366,456,0,0,Base
2023-06-01,North,MAT-1010,Communication Gateway,159,33,1.15,1.184,261,52,313,392,0,0,Base
2023-07-01,North,MAT-1010,Communication Gateway,182,25,1.13,1.196,280,56,336,322,14,13720,Base
2023-08-01,North,MAT-1010,Communication Gateway,166,49,1.08,1.208,281,56,337,287,50,49000,Base
2023-09-01,North,MAT-1010,Communication Gateway,199,18,1.0,1.22,265,53,318,425,0,0,Base
2023-10-01,North,MAT-1010,Communication Gateway,181,63,0.92,1.232,277,55,332,372,0,0,Base
2023-11-01,North,MAT-1010,Communication Gateway,172,55,0.87,1.245,246,49,295,262,33,32340,Base
2023-12-01,North,MAT-1010,Communication Gateway,152,51,0.85,1.257,217,43,260,265,0,0,Base
2024-01-01,North,MAT-1010,Communication Gateway,168,49,0.87,1.27,240,48,288,296,0,0,Base
2024-02-01,North,MAT-1010,Communication Gateway,181,80,0.92,1.282,308,62,370,511,0,0,Base
2024-03-01,North,MAT-1010,Communication Gateway,178,73,1.0,1.295,325,65,390,363,27,26460,Base
2024-04-01,North,MAT-1010,Communication Gateway,150,23,1.08,1.308,244,49,293,398,0,0,Base
2024-05-01,North,MAT-1010,Communication Gateway,158,64,1.13,1.321,331,66,397,453,0,0,Base
2024-06-01,North,MAT-1010,Communication Gateway,183,68,1.15,1.335,385,77,462,644,0,0,Base
2024-07-01,North,MAT-1010,Communication Gateway,223,56,1.13,1.348,425,85,510,697,0,0,Base
2024-08-01,North,MAT-1010,Communication Gateway,187,14,1.08,1.361,296,59,355,410,0,0,Base
2024-09-01,North,MAT-1010,Communication Gateway,179,10,1.0,1.375,260,52,312,307,5,4900,Base
2024-10-01,North,MAT-1010,Communication Gateway,178,27,0.92,1.389,262,52,314,370,0,0,Base
2024-11-01,North,MAT-1010,Communication Gateway,173,18,0.87,1.403,233,47,280,241,39,38220,Base
2024-12-01,North,MAT-1010,Communication Gateway,166,54,0.85,1.417,265,53,318,452,0,0,Base
2025-01-01,North,MAT-1010,Communication Gateway,150,21,0.87,1.431,213,43,256,243,13,12740,Base
2025-02-01,North,MAT-1010,Communication Gateway,145,54,0.92,1.445,265,53,318,345,0,0,Base
2025-03-01,North,MAT-1010,Communication Gateway,160,9,1.0,1.46,247,49,296,318,0,0,Base
2025-04-01,North,MAT-1010,Communication Gateway,144,14,1.08,1.474,252,50,302,293,9,8820,Base
2025-05-01,North,MAT-1010,Communication Gateway,225,63,1.13,1.489,485,97,582,623,0,0,Base
2025-06-01,North,MAT-1010,Communication Gateway,216,74,1.15,1.504,502,100,602,641,0,0,Base
2025-07-01,North,MAT-1010,Communication Gateway,163,61,1.13,1.519,384,77,461,499,0,0,Base
2025-08-01,North,MAT-1010,Communication Gateway,187,40,1.08,1.534,376,75,451,515,0,0,Base
2025-09-01,North,MAT-1010,Communication Gateway,137,46,1.0,1.549,284,57,341,473,0,0,Base
2025-10-01,North,MAT-1010,Communication Gateway,127,46,0.92,1.565,249,50,299,368,0,0,Base
2025-11-01,North,MAT-1010,Communication Gateway,154,12,0.87,1.58,228,46,274,247,27,26460,Base
2025-12-01,North,MAT-1010,Communication Gateway,127,36,0.85,1.596,221,44,265,259,6,5880,Base
2026-01-01,North,MAT-1010,Communication Gateway,141,29,0.87,1.612,238,48,286,379,0,0,Base
2026-02-01,North,MAT-1010,Communication Gateway,131,31,0.92,1.628,243,49,292,287,5,4900,Base
2026-03-01,North,MAT-1010,Communication Gateway,171,17,1.0,1.645,309,62,371,527,0,0,Base
2026-04-01,North,MAT-1010,Communication Gateway,205,15,1.08,1.661,395,79,474,555,0,0,Base
2026-05-01,North,MAT-1010,Communication Gateway,184,58,1.13,1.678,459,92,551,626,0,0,Base
2026-06-01,North,MAT-1010,Communication Gateway,229,86,1.15,1.694,614,123,737,805,0,0,Base
2026-07-01,North,MAT-1010,Communication Gateway,196,45,1.13,1.711,466,93,559,603,0,0,Base
2026-08-01,North,MAT-1010,Communication Gateway,214,25,1.08,1.729,446,89,535,548,0,0,Base
2026-09-01,North,MAT-1010,Communication Gateway,182,42,1.0,1.746,391,78,469,467,2,1960,Base
2026-10-01,North,MAT-1010,Communication Gateway,178,55,0.92,1.763,378,76,454,605,0,0,Base
2026-11-01,North,MAT-1010,Communication Gateway,154,38,0.87,1.781,297,59,356,471,0,0,Base
2026-12-01,North,MAT-1010,Communication Gateway,144,39,0.85,1.799,280,56,336,485,0,0,Base
2022-01-01,South,MAT-1010,Communication Gateway,143,27,0.87,1.0,148,30,178,255,0,0,Base
2022-02-01,South,MAT-1010,Communication Gateway,121,16,0.92,1.01,127,25,152,216,0,0,Base
2022-03-01,South,MAT-1010,Communication Gateway,163,18,1.0,1.02,185,37,222,291,0,0,Base
2022-04-01,South,MAT-1010,Communication Gateway,152,18,1.08,1.03,189,38,227,319,0,0,Base
2022-05-01,South,MAT-1010,Communication Gateway,198,52,1.13,1.041,294,59,353,312,41,40180,Base
2022-06-01,South,MAT-1010,Communication Gateway,195,33,1.15,1.051,276,55,331,282,49,48020,Base
2022-07-01,South,MAT-1010,Communication Gateway,176,37,1.13,1.062,255,51,306,282,24,23520,Base
2022-08-01,South,MAT-1010,Communication Gateway,165,28,1.08,1.072,223,45,268,298,0,0,Base
2022-09-01,South,MAT-1010,Communication Gateway,169,36,1.0,1.083,222,44,266,311,0,0,Base
2022-10-01,South,MAT-1010,Communication Gateway,167,51,0.92,1.094,219,44,263,291,0,0,Base
2022-11-01,South,MAT-1010,Communication Gateway,129,18,0.87,1.105,141,28,169,182,0,0,Base
2022-12-01,South,MAT-1010,Communication Gateway,150,30,0.85,1.116,171,34,205,289,0,0,Base
2023-01-01,South,MAT-1010,Communication Gateway,155,9,0.87,1.127,161,32,193,170,23,22540,Base
2023-02-01,South,MAT-1010,Communication Gateway,148,45,0.92,1.138,202,40,242,206,36,35280,Base
2023-03-01,South,MAT-1010,Communication Gateway,137,40,1.0,1.149,203,41,244,292,0,0,Base
2023-04-01,South,MAT-1010,Communication Gateway,140,54,1.08,1.161,243,49,292,355,0,0,Base
2023-05-01,South,MAT-1010,Communication Gateway,185,70,1.13,1.173,338,68,406,466,0,0,Base
2023-06-01,South,MAT-1010,Communication Gateway,181,28,1.15,1.184,285,57,342,323,19,18620,Base
2023-07-01,South,MAT-1010,Communication Gateway,146,15,1.13,1.196,218,44,262,322,0,0,Base
2023-08-01,South,MAT-1010,Communication Gateway,162,57,1.08,1.208,286,57,343,456,0,0,Base
2023-09-01,South,MAT-1010,Communication Gateway,152,30,1.0,1.22,222,44,266,265,1,980,Base
2023-10-01,South,MAT-1010,Communication Gateway,138,42,0.92,1.232,204,41,245,335,0,0,Base
2023-11-01,South,MAT-1010,Communication Gateway,152,36,0.87,1.245,204,41,245,300,0,0,Base
2023-12-01,South,MAT-1010,Communication Gateway,138,13,0.85,1.257,161,32,193,230,0,0,Base
2024-01-01,South,MAT-1010,Communication Gateway,120,14,0.87,1.27,148,30,178,170,8,7840,Base
2024-02-01,South,MAT-1010,Communication Gateway,161,27,0.92,1.282,222,44,266,338,0,0,Base
2024-03-01,South,MAT-1010,Communication Gateway,157,47,1.0,1.295,264,53,317,415,0,0,Base
2024-04-01,South,MAT-1010,Communication Gateway,192,50,1.08,1.308,342,68,410,544,0,0,Base
2024-05-01,South,MAT-1010,Communication Gateway,181,61,1.13,1.321,361,72,433,607,0,0,Base
2024-06-01,South,MAT-1010,Communication Gateway,164,53,1.15,1.335,333,67,400,430,0,0,Base
2024-07-01,South,MAT-1010,Communication Gateway,155,11,1.13,1.348,253,51,304,359,0,0,Base
2024-08-01,South,MAT-1010,Communication Gateway,198,82,1.08,1.361,412,82,494,472,22,21560,Base
2024-09-01,South,MAT-1010,Communication Gateway,156,61,1.0,1.375,298,60,358,306,52,50960,Base
2024-10-01,South,MAT-1010,Communication Gateway,134,34,0.92,1.389,215,43,258,369,0,0,Base
2024-11-01,South,MAT-1010,Communication Gateway,161,47,0.87,1.403,254,51,305,276,29,28420,Base
2024-12-01,South,MAT-1010,Communication Gateway,138,11,0.85,1.417,179,36,215,193,22,21560,Base
2025-01-01,South,MAT-1010,Communication Gateway,130,15,0.87,1.431,180,36,216,247,0,0,Base
2025-02-01,South,MAT-1010,Communication Gateway,168,71,0.92,1.445,318,64,382,417,0,0,Base
2025-03-01,South,MAT-1010,Communication Gateway,156,8,1.0,1.46,239,48,287,276,11,10780,Base
2025-04-01,South,MAT-1010,Communication Gateway,175,41,1.08,1.474,344,69,413,419,0,0,Base
2025-05-01,South,MAT-1010,Communication Gateway,195,14,1.13,1.489,352,70,422,426,0,0,Base
2025-06-01,South,MAT-1010,Communication Gateway,161,48,1.15,1.504,361,72,433,422,11,10780,Base
2025-07-01,South,MAT-1010,Communication Gateway,208,17,1.13,1.519,386,77,463,413,50,49000,Base
2025-08-01,South,MAT-1010,Communication Gateway,142,13,1.08,1.534,257,51,308,325,0,0,Base
2025-09-01,South,MAT-1010,Communication Gateway,137,55,1.0,1.549,297,59,356,333,23,22540,Base
2025-10-01,South,MAT-1010,Communication Gateway,145,49,0.92,1.565,279,56,335,372,0,0,Base
2025-11-01,South,MAT-1010,Communication Gateway,115,35,0.87,1.58,206,41,247,315,0,0,Base
2025-12-01,South,MAT-1010,Communication Gateway,135,52,0.85,1.596,254,51,305,264,41,40180,Base
2026-01-01,South,MAT-1010,Communication Gateway,162,31,0.87,1.612,271,54,325,315,10,9800,Base
2026-02-01,South,MAT-1010,Communication Gateway,122,49,0.92,1.628,256,51,307,424,0,0,Base
2026-03-01,South,MAT-1010,Communication Gateway,159,47,1.0,1.645,339,68,407,471,0,0,Base
2026-04-01,South,MAT-1010,Communication Gateway,189,45,1.08,1.661,420,84,504,502,2,1960,Base
2026-05-01,South,MAT-1010,Communication Gateway,144,59,1.13,1.678,385,77,462,555,0,0,Base
2026-06-01,South,MAT-1010,Communication Gateway,167,14,1.15,1.694,353,71,424,421,3,2940,Base
2026-07-01,South,MAT-1010,Communication Gateway,198,58,1.13,1.711,495,99,594,526,68,66640,Base
2026-08-01,South,MAT-1010,Communication Gateway,201,87,1.08,1.729,538,108,646,736,0,0,Base
2026-09-01,South,MAT-1010,Communication Gateway,135,45,1.0,1.746,314,63,377,505,0,0,Base
2026-10-01,South,MAT-1010,Communication Gateway,117,19,0.92,1.763,221,44,265,338,0,0,Base
2026-11-01,South,MAT-1010,Communication Gateway,134,58,0.87,1.781,297,59,356,398,0,0,Base
2026-12-01,South,MAT-1010,Communication Gateway,120,12,0.85,1.799,202,40,242,282,0,0,Base
2022-01-01,East,MAT-1010,Communication Gateway,165,65,0.87,1.0,200,40,240,276,0,0,Base
2022-02-01,East,MAT-1010,Communication Gateway,173,30,0.92,1.01,189,38,227,253,0,0,Base
2022-03-01,East,MAT-1010,Communication Gateway,206,82,1.0,1.02,294,59,353,420,0,0,Base
2022-04-01,East,MAT-1010,Communication Gateway,207,39,1.08,1.03,274,55,329,318,11,10780,Base
2022-05-01,East,MAT-1010,Communication Gateway,187,47,1.13,1.041,275,55,330,356,0,0,Base
2022-06-01,East,MAT-1010,Communication Gateway,249,33,1.15,1.051,341,68,409,568,0,0,Base
2022-07-01,East,MAT-1010,Communication Gateway,184,82,1.13,1.062,319,64,383,327,56,54880,Base
2022-08-01,East,MAT-1010,Communication Gateway,184,53,1.08,1.072,274,55,329,425,0,0,Base
2022-09-01,East,MAT-1010,Communication Gateway,164,15,1.0,1.083,194,39,233,327,0,0,Base
2022-10-01,East,MAT-1010,Communication Gateway,188,55,0.92,1.094,245,49,294,288,6,5880,Base
2022-11-01,East,MAT-1010,Communication Gateway,152,51,0.87,1.105,195,39,234,226,8,7840,Base
2022-12-01,East,MAT-1010,Communication Gateway,144,52,0.85,1.116,186,37,223,249,0,0,Base
2023-01-01,East,MAT-1010,Communication Gateway,145,46,0.87,1.127,187,37,224,273,0,0,Base
2023-02-01,East,MAT-1010,Communication Gateway,219,90,0.92,1.138,324,65,389,536,0,0,Base
2023-03-01,East,MAT-1010,Communication Gateway,192,48,1.0,1.149,276,55,331,404,0,0,Base
2023-04-01,East,MAT-1010,Communication Gateway,180,67,1.08,1.161,310,62,372,319,53,51940,Base
2023-05-01,East,MAT-1010,Communication Gateway,205,55,1.13,1.173,345,69,414,530,0,0,Base
2023-06-01,East,MAT-1010,Communication Gateway,204,14,1.15,1.184,297,59,356,447,0,0,Base
2023-07-01,East,MAT-1010,Communication Gateway,211,95,1.13,1.196,414,83,497,592,0,0,Base
2023-08-01,East,MAT-1010,Communication Gateway,225,39,1.08,1.208,344,69,413,569,0,0,Base
2023-09-01,East,MAT-1010,Communication Gateway,237,94,1.0,1.22,404,81,485,697,0,0,Base
2023-10-01,East,MAT-1010,Communication Gateway,218,35,0.92,1.232,287,57,344,347,0,0,Base
2023-11-01,East,MAT-1010,Communication Gateway,186,65,0.87,1.245,272,54,326,383,0,0,Base
2023-12-01,East,MAT-1010,Communication Gateway,187,77,0.85,1.257,282,56,338,400,0,0,Base
2024-01-01,East,MAT-1010,Communication Gateway,202,80,0.87,1.27,312,62,374,517,0,0,Base
2024-02-01,East,MAT-1010,Communication Gateway,219,77,0.92,1.282,349,70,419,526,0,0,Base
2024-03-01,East,MAT-1010,Communication Gateway,230,54,1.0,1.295,368,74,442,383,59,57820,Base
2024-04-01,East,MAT-1010,Communication Gateway,243,62,1.08,1.308,431,86,517,618,0,0,Base
2024-05-01,East,MAT-1010,Communication Gateway,217,18,1.13,1.321,351,70,421,463,0,0,Base
2024-06-01,East,MAT-1010,Communication Gateway,247,27,1.15,1.335,421,84,505,729,0,0,Base
2024-07-01,East,MAT-1010,Communication Gateway,195,46,1.13,1.348,367,73,440,627,0,0,Base
2024-08-01,East,MAT-1010,Communication Gateway,260,13,1.08,1.361,401,80,481,653,0,0,Base
2024-09-01,East,MAT-1010,Communication Gateway,206,17,1.0,1.375,307,61,368,458,0,0,Base
2024-10-01,East,MAT-1010,Communication Gateway,218,47,0.92,1.389,339,68,407,442,0,0,Base
2024-11-01,East,MAT-1010,Communication Gateway,143,22,0.87,1.403,201,40,241,300,0,0,Base
2024-12-01,East,MAT-1010,Communication Gateway,157,24,0.85,1.417,218,44,262,343,0,0,Base
2025-01-01,East,MAT-1010,Communication Gateway,174,72,0.87,1.431,306,61,367,389,0,0,Base
2025-02-01,East,MAT-1010,Communication Gateway,186,10,0.92,1.445,261,52,313,406,0,0,Base
2025-03-01,East,MAT-1010,Communication Gateway,161,39,1.0,1.46,292,58,350,365,0,0,Base
2025-04-01,East,MAT-1010,Communication Gateway,247,84,1.08,1.474,527,105,632,659,0,0,Base
2025-05-01,East,MAT-1010,Communication Gateway,231,81,1.13,1.489,525,105,630,581,49,48020,Base
2025-06-01,East,MAT-1010,Communication Gateway,266,69,1.15,1.504,579,116,695,600,95,93100,Base
2025-07-01,East,MAT-1010,Communication Gateway,238,102,1.13,1.519,584,117,701,1000,0,0,Base
2025-08-01,East,MAT-1010,Communication Gateway,228,62,1.08,1.534,480,96,576,750,0,0,Base
2025-09-01,East,MAT-1010,Communication Gateway,212,25,1.0,1.549,367,73,440,383,57,55860,Base
2025-10-01,East,MAT-1010,Communication Gateway,201,27,0.92,1.565,328,66,394,337,57,55860,Base
2025-11-01,East,MAT-1010,Communication Gateway,185,78,0.87,1.58,362,72,434,571,0,0,Base
2025-12-01,East,MAT-1010,Communication Gateway,191,33,0.85,1.596,304,61,365,452,0,0,Base
2026-01-01,East,MAT-1010,Communication Gateway,157,63,0.87,1.612,309,62,371,510,0,0,Base
2026-02-01,East,MAT-1010,Communication Gateway,196,10,0.92,1.628,309,62,371,361,10,9800,Base
2026-03-01,East,MAT-1010,Communication Gateway,195,40,1.0,1.645,386,77,463,604,0,0,Base
2026-04-01,East,MAT-1010,Communication Gateway,212,17,1.08,1.661,411,82,493,679,0,0,Base
2026-05-01,East,MAT-1010,Communication Gateway,236,56,1.13,1.678,554,111,665,895,0,0,Base
2026-06-01,East,MAT-1010,Communication Gateway,190,41,1.15,1.694,450,90,540,666,0,0,Base
2026-07-01,East,MAT-1010,Communication Gateway,226,73,1.13,1.711,578,116,694,1003,0,0,Base
2026-08-01,East,MAT-1010,Communication Gateway,191,86,1.08,1.729,517,103,620,884,0,0,Base
2026-09-01,East,MAT-1010,Communication Gateway,230,51,1.0,1.746,491,98,589,763,0,0,Base
2026-10-01,East,MAT-1010,Communication Gateway,180,51,0.92,1.763,375,75,450,611,0,0,Base
2026-11-01,East,MAT-1010,Communication Gateway,160,45,0.87,1.781,318,64,382,438,0,0,Base
2026-12-01,East,MAT-1010,Communication Gateway,174,39,0.85,1.799,326,65,391,421,0,0,Base
2022-01-01,West,MAT-1010,Communication Gateway,149,37,0.87,1.0,162,32,194,228,0,0,Base
2022-02-01,West,MAT-1010,Communication Gateway,191,28,0.92,1.01,203,41,244,232,12,11760,Base
2022-03-01,West,MAT-1010,Communication Gateway,150,27,1.0,1.02,181,36,217,262,0,0,Base
2022-04-01,West,MAT-1010,Communication Gateway,177,46,1.08,1.03,248,50,298,335,0,0,Base
2022-05-01,West,MAT-1010,Communication Gateway,199,55,1.13,1.041,299,60,359,500,0,0,Base
2022-06-01,West,MAT-1010,Communication Gateway,208,17,1.15,1.051,272,54,326,450,0,0,Base
2022-07-01,West,MAT-1010,Communication Gateway,177,23,1.13,1.062,240,48,288,328,0,0,Base
2022-08-01,West,MAT-1010,Communication Gateway,215,23,1.08,1.072,276,55,331,344,0,0,Base
2022-09-01,West,MAT-1010,Communication Gateway,145,20,1.0,1.083,179,36,215,251,0,0,Base
2022-10-01,West,MAT-1010,Communication Gateway,185,67,0.92,1.094,254,51,305,420,0,0,Base
2022-11-01,West,MAT-1010,Communication Gateway,178,47,0.87,1.105,216,43,259,275,0,0,Base
2022-12-01,West,MAT-1010,Communication Gateway,121,42,0.85,1.116,155,31,186,168,18,17640,Base
2023-01-01,West,MAT-1010,Communication Gateway,174,75,0.87,1.127,244,49,293,323,0,0,Base
2023-02-01,West,MAT-1010,Communication Gateway,166,48,0.92,1.138,224,45,269,367,0,0,Base
2023-03-01,West,MAT-1010,Communication Gateway,195,53,1.0,1.149,285,57,342,352,0,0,Base
2023-04-01,West,MAT-1010,Communication Gateway,189,61,1.08,1.161,313,63,376,495,0,0,Base
2023-05-01,West,MAT-1010,Communication Gateway,218,77,1.13,1.173,391,78,469,576,0,0,Base
2023-06-01,West,MAT-1010,Communication Gateway,166,20,1.15,1.184,253,51,304,283,21,20580,Base
2023-07-01,West,MAT-1010,Communication Gateway,212,27,1.13,1.196,323,65,388,454,0,0,Base
2023-08-01,West,MAT-1010,Communication Gateway,182,47,1.08,1.208,299,60,359,511,0,0,Base
2023-09-01,West,MAT-1010,Communication Gateway,149,61,1.0,1.22,256,51,307,408,0,0,Base
2023-10-01,West,MAT-1010,Communication Gateway,175,52,0.92,1.232,257,51,308,384,0,0,Base
2023-11-01,West,MAT-1010,Communication Gateway,140,35,0.87,1.245,190,38,228,266,0,0,Base
2023-12-01,West,MAT-1010,Communication Gateway,144,18,0.85,1.257,173,35,208,258,0,0,Base
2024-01-01,West,MAT-1010,Communication Gateway,146,30,0.87,1.27,194,39,233,331,0,0,Base
2024-02-01,West,MAT-1010,Communication Gateway,162,22,0.92,1.282,217,43,260,290,0,0,Base
2024-03-01,West,MAT-1010,Communication Gateway,153,20,1.0,1.295,224,45,269,386,0,0,Base
2024-04-01,West,MAT-1010,Communication Gateway,193,80,1.08,1.308,386,77,463,494,0,0,Base
2024-05-01,West,MAT-1010,Communication Gateway,214,28,1.13,1.321,361,72,433,383,50,49000,Base
2024-06-01,West,MAT-1010,Communication Gateway,213,92,1.15,1.335,468,94,562,489,73,71540,Base
2024-07-01,West,MAT-1010,Communication Gateway,234,39,1.13,1.348,416,83,499,481,18,17640,Base
2024-08-01,West,MAT-1010,Communication Gateway,210,41,1.08,1.361,369,74,443,497,0,0,Base
2024-09-01,West,MAT-1010,Communication Gateway,177,79,1.0,1.375,352,70,422,364,58,56840,Base
2024-10-01,West,MAT-1010,Communication Gateway,129,47,0.92,1.389,225,45,270,246,24,23520,Base
2024-11-01,West,MAT-1010,Communication Gateway,148,21,0.87,1.403,206,41,247,289,0,0,Base
2024-12-01,West,MAT-1010,Communication Gateway,161,64,0.85,1.417,271,54,325,379,0,0,Base
2025-01-01,West,MAT-1010,Communication Gateway,135,43,0.87,1.431,222,44,266,244,22,21560,Base
2025-02-01,West,MAT-1010,Communication Gateway,156,21,0.92,1.445,235,47,282,283,0,0,Base
2025-03-01,West,MAT-1010,Communication Gateway,205,61,1.0,1.46,388,78,466,406,60,58800,Base
2025-04-01,West,MAT-1010,Communication Gateway,179,26,1.08,1.474,326,65,391,546,0,0,Base
2025-05-01,West,MAT-1010,Communication Gateway,187,74,1.13,1.489,439,88,527,448,79,77420,Base
2025-06-01,West,MAT-1010,Communication Gateway,182,59,1.15,1.504,417,83,500,704,0,0,Base
2025-07-01,West,MAT-1010,Communication Gateway,208,41,1.13,1.519,427,85,512,455,57,55860,Base
2025-08-01,West,MAT-1010,Communication Gateway,201,25,1.08,1.534,374,75,449,561,0,0,Base
2025-09-01,West,MAT-1010,Communication Gateway,181,38,1.0,1.549,339,68,407,538,0,0,Base
2025-10-01,West,MAT-1010,Communication Gateway,139,8,0.92,1.565,212,42,254,365,0,0,Base
2025-11-01,West,MAT-1010,Communication Gateway,158,57,0.87,1.58,296,59,355,457,0,0,Base
2025-12-01,West,MAT-1010,Communication Gateway,137,44,0.85,1.596,246,49,295,334,0,0,Base
2026-01-01,West,MAT-1010,Communication Gateway,158,18,0.87,1.612,247,49,296,287,9,8820,Base
2026-02-01,West,MAT-1010,Communication Gateway,183,31,0.92,1.628,321,64,385,499,0,0,Base
2026-03-01,West,MAT-1010,Communication Gateway,202,35,1.0,1.645,390,78,468,468,0,0,Base
2026-04-01,West,MAT-1010,Communication Gateway,188,81,1.08,1.661,483,97,580,564,16,15680,Base
2026-05-01,West,MAT-1010,Communication Gateway,164,22,1.13,1.678,353,71,424,473,0,0,Base
2026-06-01,West,MAT-1010,Communication Gateway,174,25,1.15,1.694,388,78,466,461,5,4900,Base
2026-07-01,West,MAT-1010,Communication Gateway,189,29,1.13,1.711,422,84,506,545,0,0,Base
2026-08-01,West,MAT-1010,Communication Gateway,226,41,1.08,1.729,498,100,598,559,39,38220,Base
2026-09-01,West,MAT-1010,Communication Gateway,182,20,1.0,1.746,353,71,424,507,0,0,Base
2026-10-01,West,MAT-1010,Communication Gateway,146,9,0.92,1.763,251,50,301,283,18,17640,Base
2026-11-01,West,MAT-1010,Communication Gateway,131,37,0.87,1.781,260,52,312,416,0,0,Base
2026-12-01,West,MAT-1010,Communication Gateway,134,50,0.85,1.799,281,56,337,371,0,0,Base
2022-01-01,North,MAT-1011,Grounding Kit,189,17,0.87,1.0,179,36,215,302,0,0,Base
2022-02-01,North,MAT-1011,Grounding Kit,219,13,0.92,1.01,216,43,259,330,0,0,Base
2022-03-01,North,MAT-1011,Grounding Kit,191,19,1.0,1.02,214,43,257,310,0,0,Base
2022-04-01,North,MAT-1011,Grounding Kit,253,23,1.08,1.03,307,61,368,509,0,0,Base
2022-05-01,North,MAT-1011,Grounding Kit,282,21,1.13,1.041,356,71,427,401,26,3380,Base
2022-06-01,North,MAT-1011,Grounding Kit,256,79,1.15,1.051,405,81,486,423,63,8190,Base
2022-07-01,North,MAT-1011,Grounding Kit,246,80,1.13,1.062,391,78,469,483,0,0,Base
2022-08-01,North,MAT-1011,Grounding Kit,266,88,1.08,1.072,410,82,492,476,16,2080,Base
2022-09-01,North,MAT-1011,Grounding Kit,186,42,1.0,1.083,247,49,296,293,3,390,Base
2022-10-01,North,MAT-1011,Grounding Kit,165,14,0.92,1.094,180,36,216,311,0,0,Base
2022-11-01,North,MAT-1011,Grounding Kit,183,22,0.87,1.105,197,39,236,274,0,0,Base
2022-12-01,North,MAT-1011,Grounding Kit,206,54,0.85,1.116,247,49,296,343,0,0,Base
2023-01-01,North,MAT-1011,Grounding Kit,190,11,0.87,1.127,197,39,236,265,0,0,Base
2023-02-01,North,MAT-1011,Grounding Kit,221,78,0.92,1.138,313,63,376,321,55,7150,Base
2023-03-01,North,MAT-1011,Grounding Kit,234,82,1.0,1.149,363,73,436,424,12,1560,Base
2023-04-01,North,MAT-1011,Grounding Kit,238,62,1.08,1.161,376,75,451,614,0,0,Base
2023-05-01,North,MAT-1011,Grounding Kit,262,67,1.13,1.173,436,87,523,500,23,2990,Base
2023-06-01,North,MAT-1011,Grounding Kit,258,50,1.15,1.184,419,84,503,602,0,0,Base
2023-07-01,North,MAT-1011,Grounding Kit,219,41,1.13,1.196,351,70,421,387,34,4420,Base
2023-08-01,North,MAT-1011,Grounding Kit,205,48,1.08,1.208,330,66,396,402,0,0,Base
2023-09-01,North,MAT-1011,Grounding Kit,243,56,1.0,1.22,365,73,438,446,0,0,Base
2023-10-01,North,MAT-1011,Grounding Kit,172,29,0.92,1.232,228,46,274,349,0,0,Base
2023-11-01,North,MAT-1011,Grounding Kit,193,51,0.87,1.245,264,53,317,388,0,0,Base
2023-12-01,North,MAT-1011,Grounding Kit,158,62,0.85,1.257,235,47,282,375,0,0,Base
2024-01-01,North,MAT-1011,Grounding Kit,208,27,0.87,1.27,260,52,312,372,0,0,Base
2024-02-01,North,MAT-1011,Grounding Kit,172,76,0.92,1.282,293,59,352,371,0,0,Base
2024-03-01,North,MAT-1011,Grounding Kit,187,57,1.0,1.295,316,63,379,323,56,7280,Base
2024-04-01,North,MAT-1011,Grounding Kit,213,53,1.08,1.308,376,75,451,399,52,6760,Base
2024-05-01,North,MAT-1011,Grounding Kit,258,72,1.13,1.321,493,99,592,789,0,0,Base
2024-06-01,North,MAT-1011,Grounding Kit,257,48,1.15,1.335,468,94,562,719,0,0,Base
2024-07-01,North,MAT-1011,Grounding Kit,214,84,1.13,1.348,454,91,545,788,0,0,Base
2024-08-01,North,MAT-1011,Grounding Kit,200,89,1.08,1.361,425,85,510,711,0,0,Base
2024-09-01,North,MAT-1011,Grounding Kit,243,57,1.0,1.375,412,82,494,708,0,0,Base
2024-10-01,North,MAT-1011,Grounding Kit,216,34,0.92,1.389,319,64,383,431,0,0,Base
2024-11-01,North,MAT-1011,Grounding Kit,172,19,0.87,1.403,233,47,280,375,0,0,Base
2024-12-01,North,MAT-1011,Grounding Kit,177,47,0.85,1.417,270,54,324,326,0,0,Base
2025-01-01,North,MAT-1011,Grounding Kit,197,15,0.87,1.431,264,53,317,313,4,520,Base
2025-02-01,North,MAT-1011,Grounding Kit,177,47,0.92,1.445,298,60,358,396,0,0,Base
2025-03-01,North,MAT-1011,Grounding Kit,220,55,1.0,1.46,401,80,481,694,0,0,Base
2025-04-01,North,MAT-1011,Grounding Kit,264,66,1.08,1.474,525,105,630,747,0,0,Base
2025-05-01,North,MAT-1011,Grounding Kit,275,42,1.13,1.489,533,107,640,803,0,0,Base
2025-06-01,North,MAT-1011,Grounding Kit,206,61,1.15,1.504,462,92,554,743,0,0,Base
2025-07-01,North,MAT-1011,Grounding Kit,244,47,1.13,1.519,499,100,599,797,0,0,Base
2025-08-01,North,MAT-1011,Grounding Kit,181,60,1.08,1.534,399,80,479,639,0,0,Base
2025-09-01,North,MAT-1011,Grounding Kit,200,36,1.0,1.549,366,73,439,502,0,0,Base
2025-10-01,North,MAT-1011,Grounding Kit,184,50,0.92,1.565,337,67,404,474,0,0,Base
2025-11-01,North,MAT-1011,Grounding Kit,166,8,0.87,1.58,239,48,287,278,9,1170,Base
2025-12-01,North,MAT-1011,Grounding Kit,205,32,0.85,1.596,322,64,386,556,0,0,Base
2026-01-01,North,MAT-1011,Grounding Kit,164,60,0.87,1.612,314,63,377,342,35,4550,Base
2026-02-01,North,MAT-1011,Grounding Kit,177,65,0.92,1.628,363,73,436,388,48,6240,Base
2026-03-01,North,MAT-1011,Grounding Kit,169,27,1.0,1.645,322,64,386,457,0,0,Base
2026-04-01,North,MAT-1011,Grounding Kit,253,17,1.08,1.661,484,97,581,688,0,0,Base
2026-05-01,North,MAT-1011,Grounding Kit,236,23,1.13,1.678,491,98,589,793,0,0,Base
2026-06-01,North,MAT-1011,Grounding Kit,194,72,1.15,1.694,518,104,622,713,0,0,Base
2026-07-01,North,MAT-1011,Grounding Kit,221,25,1.13,1.711,476,95,571,530,41,5330,Base
2026-08-01,North,MAT-1011,Grounding Kit,204,62,1.08,1.729,497,99,596,667,0,0,Base
2026-09-01,North,MAT-1011,Grounding Kit,250,37,1.0,1.746,501,100,601,688,0,0,Base
2026-10-01,North,MAT-1011,Grounding Kit,209,17,0.92,1.763,367,73,440,496,0,0,Base
2026-11-01,North,MAT-1011,Grounding Kit,217,78,0.87,1.781,457,91,548,607,0,0,Base
2026-12-01,North,MAT-1011,Grounding Kit,162,22,0.85,1.799,281,56,337,333,4,520,Base
2022-01-01,South,MAT-1011,Grounding Kit,146,60,0.87,1.0,179,36,215,267,0,0,Base
2022-02-01,South,MAT-1011,Grounding Kit,201,66,0.92,1.01,248,50,298,317,0,0,Base
2022-03-01,South,MAT-1011,Grounding Kit,187,53,1.0,1.02,245,49,294,299,0,0,Base
2022-04-01,South,MAT-1011,Grounding Kit,196,12,1.08,1.03,231,46,277,236,41,5330,Base
2022-05-01,South,MAT-1011,Grounding Kit,200,72,1.13,1.041,320,64,384,372,12,1560,Base
2022-06-01,South,MAT-1011,Grounding Kit,186,51,1.15,1.051,286,57,343,347,0,0,Base
2022-07-01,South,MAT-1011,Grounding Kit,256,32,1.13,1.062,345,69,414,403,11,1430,Base
2022-08-01,South,MAT-1011,Grounding Kit,206,23,1.08,1.072,265,53,318,446,0,0,Base
2022-09-01,South,MAT-1011,Grounding Kit,201,58,1.0,1.083,280,56,336,429,0,0,Base
2022-10-01,South,MAT-1011,Grounding Kit,184,11,0.92,1.094,196,39,235,231,4,520,Base
2022-11-01,South,MAT-1011,Grounding Kit,141,17,0.87,1.105,152,30,182,262,0,0,Base
2022-12-01,South,MAT-1011,Grounding Kit,167,11,0.85,1.116,169,34,203,282,0,0,Base
2023-01-01,South,MAT-1011,Grounding Kit,140,60,0.87,1.127,196,39,235,219,16,2080,Base
2023-02-01,South,MAT-1011,Grounding Kit,158,62,0.92,1.138,230,46,276,336,0,0,Base
2023-03-01,South,MAT-1011,Grounding Kit,178,52,1.0,1.149,264,53,317,394,0,0,Base
2023-04-01,South,MAT-1011,Grounding Kit,189,52,1.08,1.161,302,60,362,387,0,0,Base
2023-05-01,South,MAT-1011,Grounding Kit,217,89,1.13,1.173,405,81,486,702,0,0,Base
2023-06-01,South,MAT-1011,Grounding Kit,239,107,1.15,1.184,471,94,565,759,0,0,Base
2023-07-01,South,MAT-1011,Grounding Kit,249,18,1.13,1.196,361,72,433,585,0,0,Base
2023-08-01,South,MAT-1011,Grounding Kit,212,64,1.08,1.208,360,72,432,498,0,0,Base
2023-09-01,South,MAT-1011,Grounding Kit,208,56,1.0,1.22,322,64,386,363,23,2990,Base
2023-10-01,South,MAT-1011,Grounding Kit,181,73,0.92,1.232,288,58,346,343,3,390,Base
2023-11-01,South,MAT-1011,Grounding Kit,144,32,0.87,1.245,191,38,229,201,28,3640,Base
2023-12-01,South,MAT-1011,Grounding Kit,151,11,0.85,1.257,173,35,208,264,0,0,Base
2024-01-01,South,MAT-1011,Grounding Kit,169,75,0.87,1.27,270,54,324,352,0,0,Base
2024-02-01,South,MAT-1011,Grounding Kit,150,66,0.92,1.282,255,51,306,319,0,0,Base
2024-03-01,South,MAT-1011,Grounding Kit,230,103,1.0,1.295,431,86,517,577,0,0,Base
2024-04-01,South,MAT-1011,Grounding Kit,215,31,1.08,1.308,348,70,418,505,0,0,Base
2024-05-01,South,MAT-1011,Grounding Kit,226,56,1.13,1.321,421,84,505,698,0,0,Base
2024-06-01,South,MAT-1011,Grounding Kit,236,98,1.15,1.335,513,103,616,876,0,0,Base
2024-07-01,South,MAT-1011,Grounding Kit,224,65,1.13,1.348,440,88,528,591,0,0,Base
2024-08-01,South,MAT-1011,Grounding Kit,233,71,1.08,1.361,447,89,536,677,0,0,Base
2024-09-01,South,MAT-1011,Grounding Kit,183,71,1.0,1.375,349,70,419,528,0,0,Base
2024-10-01,South,MAT-1011,Grounding Kit,154,49,0.92,1.389,259,52,311,357,0,0,Base
2024-11-01,South,MAT-1011,Grounding Kit,193,84,0.87,1.403,338,68,406,518,0,0,Base
2024-12-01,South,MAT-1011,Grounding Kit,182,74,0.85,1.417,308,62,370,336,34,4420,Base
2025-01-01,South,MAT-1011,Grounding Kit,200,85,0.87,1.431,355,71,426,447,0,0,Base
2025-02-01,South,MAT-1011,Grounding Kit,157,35,0.92,1.445,255,51,306,348,0,0,Base
2025-03-01,South,MAT-1011,Grounding Kit,183,72,1.0,1.46,372,74,446,583,0,0,Base
2025-04-01,South,MAT-1011,Grounding Kit,244,89,1.08,1.474,530,106,636,707,0,0,Base
2025-05-01,South,MAT-1011,Grounding Kit,240,68,1.13,1.489,518,104,622,859,0,0,Base
2025-06-01,South,MAT-1011,Grounding Kit,196,82,1.15,1.504,481,96,577,507,70,9100,Base
2025-07-01,South,MAT-1011,Grounding Kit,263,81,1.13,1.519,590,118,708,761,0,0,Base
2025-08-01,South,MAT-1011,Grounding Kit,248,54,1.08,1.534,500,100,600,715,0,0,Base
2025-09-01,South,MAT-1011,Grounding Kit,185,75,1.0,1.549,403,81,484,429,55,7150,Base
2025-10-01,South,MAT-1011,Grounding Kit,151,52,0.92,1.565,292,58,350,495,0,0,Base
2025-11-01,South,MAT-1011,Grounding Kit,148,64,0.87,1.58,291,58,349,407,0,0,Base
2025-12-01,South,MAT-1011,Grounding Kit,153,15,0.85,1.596,228,46,274,339,0,0,Base
2026-01-01,South,MAT-1011,Grounding Kit,163,55,0.87,1.612,306,61,367,504,0,0,Base
2026-02-01,South,MAT-1011,Grounding Kit,193,21,0.92,1.628,321,64,385,419,0,0,Base
2026-03-01,South,MAT-1011,Grounding Kit,226,88,1.0,1.645,516,103,619,655,0,0,Base
2026-04-01,South,MAT-1011,Grounding Kit,254,71,1.08,1.661,583,117,700,635,65,8450,Base
2026-05-01,South,MAT-1011,Grounding Kit,264,111,1.13,1.678,711,142,853,1125,0,0,Base
2026-06-01,South,MAT-1011,Grounding Kit,193,79,1.15,1.694,530,106,636,587,49,6370,Base
2026-07-01,South,MAT-1011,Grounding Kit,222,52,1.13,1.711,530,106,636,867,0,0,Base
2026-08-01,South,MAT-1011,Grounding Kit,198,81,1.08,1.729,521,104,625,732,0,0,Base
2026-09-01,South,MAT-1011,Grounding Kit,180,38,1.0,1.746,381,76,457,475,0,0,Base
2026-10-01,South,MAT-1011,Grounding Kit,213,49,0.92,1.763,425,85,510,706,0,0,Base
2026-11-01,South,MAT-1011,Grounding Kit,191,43,0.87,1.781,363,73,436,427,9,1170,Base
2026-12-01,South,MAT-1011,Grounding Kit,183,53,0.85,1.799,361,72,433,504,0,0,Base
2022-01-01,East,MAT-1011,Grounding Kit,226,12,0.87,1.0,207,41,248,321,0,0,Base
2022-02-01,East,MAT-1011,Grounding Kit,263,111,0.92,1.01,348,70,418,511,0,0,Base
2022-03-01,East,MAT-1011,Grounding Kit,224,19,1.0,1.02,248,50,298,382,0,0,Base
2022-04-01,East,MAT-1011,Grounding Kit,275,95,1.08,1.03,412,82,494,434,60,7800,Base
2022-05-01,East,MAT-1011,Grounding Kit,263,67,1.13,1.041,388,78,466,606,0,0,Base
2022-06-01,East,MAT-1011,Grounding Kit,325,125,1.15,1.051,544,109,653,710,0,0,Base
2022-07-01,East,MAT-1011,Grounding Kit,261,73,1.13,1.062,401,80,481,498,0,0,Base
2022-08-01,East,MAT-1011,Grounding Kit,229,94,1.08,1.072,374,75,449,403,46,5980,Base
2022-09-01,East,MAT-1011,Grounding Kit,225,78,1.0,1.083,328,66,394,354,40,5200,Base
2022-10-01,East,MAT-1011,Grounding Kit,238,14,0.92,1.094,254,51,305,325,0,0,Base
2022-11-01,East,MAT-1011,Grounding Kit,245,88,0.87,1.105,320,64,384,448,0,0,Base
2022-12-01,East,MAT-1011,Grounding Kit,197,37,0.85,1.116,222,44,266,372,0,0,Base
2023-01-01,East,MAT-1011,Grounding Kit,237,22,0.87,1.127,254,51,305,327,0,0,Base
2023-02-01,East,MAT-1011,Grounding Kit,235,34,0.92,1.138,282,56,338,401,0,0,Base
2023-03-01,East,MAT-1011,Grounding Kit,286,115,1.0,1.149,461,92,553,485,68,8840,Base
2023-04-01,East,MAT-1011,Grounding Kit,325,101,1.08,1.161,534,107,641,721,0,0,Base
2023-05-01,East,MAT-1011,Grounding Kit,320,102,1.13,1.173,559,112,671,895,0,0,Base
2023-06-01,East,MAT-1011,Grounding Kit,275,83,1.15,1.184,488,98,586,781,0,0,Base
2023-07-01,East,MAT-1011,Grounding Kit,267,23,1.13,1.196,392,78,470,480,0,0,Base
2023-08-01,East,MAT-1011,Grounding Kit,320,64,1.08,1.208,501,100,601,706,0,0,Base
2023-09-01,East,MAT-1011,Grounding Kit,234,59,1.0,1.22,358,72,430,537,0,0,Base
2023-10-01,East,MAT-1011,Grounding Kit,235,31,0.92,1.232,302,60,362,479,0,0,Base
2023-11-01,East,MAT-1011,Grounding Kit,186,63,0.87,1.245,270,54,324,313,11,1430,Base
2023-12-01,East,MAT-1011,Grounding Kit,243,86,0.85,1.257,352,70,422,373,49,6370,Base
2024-01-01,East,MAT-1011,Grounding Kit,194,32,0.87,1.27,250,50,300,405,0,0,Base
2024-02-01,East,MAT-1011,Grounding Kit,194,63,0.92,1.282,303,61,364,495,0,0,Base
2024-03-01,East,MAT-1011,Grounding Kit,267,111,1.0,1.295,490,98,588,768,0,0,Base
2024-04-01,East,MAT-1011,Grounding Kit,240,95,1.08,1.308,473,95,568,745,0,0,Base
2024-05-01,East,MAT-1011,Grounding Kit,262,63,1.13,1.321,485,97,582,552,30,3900,Base
2024-06-01,East,MAT-1011,Grounding Kit,291,125,1.15,1.335,638,128,766,840,0,0,Base
2024-07-01,East,MAT-1011,Grounding Kit,297,82,1.13,1.348,577,115,692,958,0,0,Base
2024-08-01,East,MAT-1011,Grounding Kit,229,17,1.08,1.361,362,72,434,476,0,0,Base
2024-09-01,East,MAT-1011,Grounding Kit,279,116,1.0,1.375,543,109,652,672,0,0,Base
2024-10-01,East,MAT-1011,Grounding Kit,232,38,0.92,1.389,345,69,414,539,0,0,Base
2024-11-01,East,MAT-1011,Grounding Kit,204,16,0.87,1.403,268,54,322,395,0,0,Base
2024-12-01,East,MAT-1011,Grounding Kit,225,50,0.85,1.417,331,66,397,420,0,0,Base
2025-01-01,East,MAT-1011,Grounding Kit,224,94,0.87,1.431,396,79,475,467,8,1040,Base
2025-02-01,East,MAT-1011,Grounding Kit,241,25,0.92,1.445,354,71,425,381,44,5720,Base
2025-03-01,East,MAT-1011,Grounding Kit,279,41,1.0,1.46,467,93,560,522,38,4940,Base
2025-04-01,East,MAT-1011,Grounding Kit,226,41,1.08,1.474,425,85,510,493,17,2210,Base
2025-05-01,East,MAT-1011,Grounding Kit,318,123,1.13,1.489,742,148,890,1099,0,0,Base
2025-06-01,East,MAT-1011,Grounding Kit,236,19,1.15,1.504,441,88,529,762,0,0,Base
2025-07-01,East,MAT-1011,Grounding Kit,336,125,1.13,1.519,791,158,949,982,0,0,Base
2025-08-01,East,MAT-1011,Grounding Kit,243,52,1.08,1.534,489,98,587,589,0,0,Base
2025-09-01,East,MAT-1011,Grounding Kit,278,68,1.0,1.549,536,107,643,792,0,0,Base
2025-10-01,East,MAT-1011,Grounding Kit,273,60,0.92,1.565,479,96,575,493,82,10660,Base
2025-11-01,East,MAT-1011,Grounding Kit,188,62,0.87,1.58,344,69,413,474,0,0,Base
2025-12-01,East,MAT-1011,Grounding Kit,175,23,0.85,1.596,269,54,323,321,2,260,Base
2026-01-01,East,MAT-1011,Grounding Kit,182,68,0.87,1.612,351,70,421,442,0,0,Base
2026-02-01,East,MAT-1011,Grounding Kit,196,67,0.92,1.628,394,79,473,636,0,0,Base
2026-03-01,East,MAT-1011,Grounding Kit,208,13,1.0,1.645,363,73,436,383,53,6890,Base
2026-04-01,East,MAT-1011,Grounding Kit,273,20,1.08,1.661,526,105,631,585,46,5980,Base
2026-05-01,East,MAT-1011,Grounding Kit,288,91,1.13,1.678,719,144,863,776,87,11310,Base
2026-06-01,East,MAT-1011,Grounding Kit,339,52,1.15,1.694,762,152,914,1311,0,0,Base
2026-07-01,East,MAT-1011,Grounding Kit,310,67,1.13,1.711,729,146,875,1165,0,0,Base
2026-08-01,East,MAT-1011,Grounding Kit,323,56,1.08,1.729,708,142,850,1111,0,0,Base
2026-09-01,East,MAT-1011,Grounding Kit,285,36,1.0,1.746,560,112,672,765,0,0,Base
2026-10-01,East,MAT-1011,Grounding Kit,242,94,0.92,1.763,545,109,654,657,0,0,Base
2026-11-01,East,MAT-1011,Grounding Kit,250,50,0.87,1.781,465,93,558,800,0,0,Base
2026-12-01,East,MAT-1011,Grounding Kit,210,44,0.85,1.799,388,78,466,564,0,0,Base
2022-01-01,West,MAT-1011,Grounding Kit,197,17,0.87,1.0,186,37,223,300,0,0,Base
2022-02-01,West,MAT-1011,Grounding Kit,175,37,0.92,1.01,197,39,236,326,0,0,Base
2022-03-01,West,MAT-1011,Grounding Kit,189,76,1.0,1.02,270,54,324,450,0,0,Base
2022-04-01,West,MAT-1011,Grounding Kit,242,58,1.08,1.03,334,67,401,357,44,5720,Base
2022-05-01,West,MAT-1011,Grounding Kit,249,60,1.13,1.041,363,73,436,517,0,0,Base
2022-06-01,West,MAT-1011,Grounding Kit,229,23,1.15,1.051,305,61,366,411,0,0,Base
2022-07-01,West,MAT-1011,Grounding Kit,253,97,1.13,1.062,420,84,504,615,0,0,Base
2022-08-01,West,MAT-1011,Grounding Kit,279,78,1.08,1.072,413,83,496,697,0,0,Base
2022-09-01,West,MAT-1011,Grounding Kit,227,47,1.0,1.083,297,59,356,314,42,5460,Base
2022-10-01,West,MAT-1011,Grounding Kit,193,28,0.92,1.094,222,44,266,264,2,260,Base
2022-11-01,West,MAT-1011,Grounding Kit,160,29,0.87,1.105,182,36,218,299,0,0,Base
2022-12-01,West,MAT-1011,Grounding Kit,152,41,0.85,1.116,183,37,220,214,6,780,Base
2023-01-01,West,MAT-1011,Grounding Kit,181,49,0.87,1.127,225,45,270,359,0,0,Base
2023-02-01,West,MAT-1011,Grounding Kit,226,54,0.92,1.138,293,59,352,453,0,0,Base
2023-03-01,West,MAT-1011,Grounding Kit,263,20,1.0,1.149,325,65,390,420,0,0,Base
2023-04-01,West,MAT-1011,Grounding Kit,192,52,1.08,1.161,306,61,367,421,0,0,Base
2023-05-01,West,MAT-1011,Grounding Kit,211,78,1.13,1.173,383,77,460,415,45,5850,Base
2023-06-01,West,MAT-1011,Grounding Kit,295,127,1.15,1.184,575,115,690,829,0,0,Base
2023-07-01,West,MAT-1011,Grounding Kit,285,86,1.13,1.196,501,100,601,555,46,5980,Base
2023-08-01,West,MAT-1011,Grounding Kit,227,46,1.08,1.208,356,71,427,517,0,0,Base
2023-09-01,West,MAT-1011,Grounding Kit,260,39,1.0,1.22,365,73,438,476,0,0,Base
2023-10-01,West,MAT-1011,Grounding Kit,204,50,0.92,1.232,288,58,346,492,0,0,Base
2023-11-01,West,MAT-1011,Grounding Kit,223,76,0.87,1.245,324,65,389,350,39,5070,Base
2023-12-01,West,MAT-1011,Grounding Kit,157,58,0.85,1.257,230,46,276,256,20,2600,Base
2024-01-01,West,MAT-1011,Grounding Kit,158,25,0.87,1.27,202,40,242,307,0,0,Base
2024-02-01,West,MAT-1011,Grounding Kit,234,39,0.92,1.282,322,64,386,357,29,3770,Base
2024-03-01,West,MAT-1011,Grounding Kit,204,62,1.0,1.295,345,69,414,413,1,130,Base
2024-04-01,West,MAT-1011,Grounding Kit,221,61,1.08,1.308,398,80,478,643,0,0,Base
2024-05-01,West,MAT-1011,Grounding Kit,232,78,1.13,1.321,463,93,556,571,0,0,Base
2024-06-01,West,MAT-1011,Grounding Kit,232,28,1.15,1.335,399,80,479,466,13,1690,Base
2024-07-01,West,MAT-1011,Grounding Kit,252,109,1.13,1.348,550,110,660,866,0,0,Base
2024-08-01,West,MAT-1011,Grounding Kit,257,42,1.08,1.361,440,88,528,462,66,8580,Base
2024-09-01,West,MAT-1011,Grounding Kit,177,26,1.0,1.375,279,56,335,366,0,0,Base
2024-10-01,West,MAT-1011,Grounding Kit,239,21,0.92,1.389,332,66,398,378,20,2600,Base
2024-11-01,West,MAT-1011,Grounding Kit,186,73,0.87,1.403,316,63,379,453,0,0,Base
2024-12-01,West,MAT-1011,Grounding Kit,224,100,0.85,1.417,390,78,468,663,0,0,Base
2025-01-01,West,MAT-1011,Grounding Kit,195,60,0.87,1.431,317,63,380,519,0,0,Base
2025-02-01,West,MAT-1011,Grounding Kit,199,55,0.92,1.445,338,68,406,379,27,3510,Base
2025-03-01,West,MAT-1011,Grounding Kit,231,52,1.0,1.46,413,83,496,653,0,0,Base
2025-04-01,West,MAT-1011,Grounding Kit,225,31,1.08,1.474,408,82,490,577,0,0,Base
2025-05-01,West,MAT-1011,Grounding Kit,251,45,1.13,1.489,498,100,598,541,57,7410,Base
2025-06-01,West,MAT-1011,Grounding Kit,236,55,1.15,1.504,503,101,604,740,0,0,Base
2025-07-01,West,MAT-1011,Grounding Kit,294,83,1.13,1.519,647,129,776,1012,0,0,Base
2025-08-01,West,MAT-1011,Grounding Kit,275,18,1.08,1.534,485,97,582,598,0,0,Base
2025-09-01,West,MAT-1011,Grounding Kit,242,46,1.0,1.549,446,89,535,718,0,0,Base
2025-10-01,West,MAT-1011,Grounding Kit,163,45,0.92,1.565,299,60,359,486,0,0,Base
2025-11-01,West,MAT-1011,Grounding Kit,210,22,0.87,1.58,319,64,383,446,0,0,Base
2025-12-01,West,MAT-1011,Grounding Kit,215,49,0.85,1.596,358,72,430,453,0,0,Base
2026-01-01,West,MAT-1011,Grounding Kit,197,45,0.87,1.612,339,68,407,374,33,4290,Base
2026-02-01,West,MAT-1011,Grounding Kit,222,97,0.92,1.628,478,96,574,699,0,0,Base
2026-03-01,West,MAT-1011,Grounding Kit,233,58,1.0,1.645,479,96,575,797,0,0,Base
2026-04-01,West,MAT-1011,Grounding Kit,213,50,1.08,1.661,472,94,566,785,0,0,Base
2026-05-01,West,MAT-1011,Grounding Kit,232,64,1.13,1.678,561,112,673,714,0,0,Base
2026-06-01,West,MAT-1011,Grounding Kit,262,57,1.15,1.694,622,124,746,713,33,4290,Base
2026-07-01,West,MAT-1011,Grounding Kit,264,86,1.13,1.711,677,135,812,809,3,390,Base
2026-08-01,West,MAT-1011,Grounding Kit,203,83,1.08,1.729,534,107,641,622,19,2470,Base
2026-09-01,West,MAT-1011,Grounding Kit,248,37,1.0,1.746,498,100,598,756,0,0,Base
2026-10-01,West,MAT-1011,Grounding Kit,195,82,0.92,1.763,449,90,539,586,0,0,Base
2026-11-01,West,MAT-1011,Grounding Kit,222,55,0.87,1.781,429,86,515,541,0,0,Base
2026-12-01,West,MAT-1011,Grounding Kit,179,79,0.85,1.799,394,79,473,516,0,0,Base
2022-01-01,North,MAT-1012,Connector Set,187,35,0.87,1.0,193,39,232,271,0,0,Base
2022-02-01,North,MAT-1012,Connector Set,191,12,0.92,1.01,189,38,227,283,0,0,Base
2022-03-01,North,MAT-1012,Connector Set,194,48,1.0,1.02,247,49,296,265,31,2108,Base
2022-04-01,North,MAT-1012,Connector Set,288,46,1.08,1.03,372,74,446,503,0,0,Base
2022-05-01,North,MAT-1012,Connector Set,287,109,1.13,1.041,466,93,559,799,0,0,Base
2022-06-01,North,MAT-1012,Connector Set,261,17,1.15,1.051,336,67,403,489,0,0,Base
2022-07-01,North,MAT-1012,Connector Set,234,38,1.13,1.062,326,65,391,529,0,0,Base
2022-08-01,North,MAT-1012,Connector Set,204,54,1.08,1.072,299,60,359,465,0,0,Base
2022-09-01,North,MAT-1012,Connector Set,264,54,1.0,1.083,344,69,413,558,0,0,Base
2022-10-01,North,MAT-1012,Connector Set,171,30,0.92,1.094,202,40,242,323,0,0,Base
2022-11-01,North,MAT-1012,Connector Set,159,40,0.87,1.105,191,38,229,246,0,0,Base
2022-12-01,North,MAT-1012,Connector Set,228,85,0.85,1.116,297,59,356,418,0,0,Base
2023-01-01,North,MAT-1012,Connector Set,167,38,0.87,1.127,201,40,241,231,10,680,Base
2023-02-01,North,MAT-1012,Connector Set,247,29,0.92,1.138,289,58,347,400,0,0,Base
2023-03-01,North,MAT-1012,Connector Set,237,98,1.0,1.149,385,77,462,628,0,0,Base
2023-04-01,North,MAT-1012,Connector Set,226,56,1.08,1.161,354,71,425,542,0,0,Base
2023-05-01,North,MAT-1012,Connector Set,219,81,1.13,1.173,398,80,478,527,0,0,Base
2023-06-01,North,MAT-1012,Connector Set,215,31,1.15,1.184,335,67,402,530,0,0,Base
2023-07-01,North,MAT-1012,Connector Set,288,107,1.13,1.196,534,107,641,714,0,0,Base
2023-08-01,North,MAT-1012,Connector Set,223,95,1.08,1.208,415,83,498,502,0,0,Base
2023-09-01,North,MAT-1012,Connector Set,238,41,1.0,1.22,340,68,408,414,0,0,Base
2023-10-01,North,MAT-1012,Connector Set,245,49,0.92,1.232,333,67,400,377,23,1564,Base
2023-11-01,North,MAT-1012,Connector Set,194,82,0.87,1.245,299,60,359,312,47,3196,Base
2023-12-01,North,MAT-1012,Connector Set,189,49,0.85,1.257,254,51,305,424,0,0,Base
2024-01-01,North,MAT-1012,Connector Set,179,59,0.87,1.27,263,53,316,341,0,0,Base
2024-02-01,North,MAT-1012,Connector Set,170,25,0.92,1.282,230,46,276,260,16,1088,Base
2024-03-01,North,MAT-1012,Connector Set,188,73,1.0,1.295,338,68,406,399,7,476,Base
2024-04-01,North,MAT-1012,Connector Set,252,78,1.08,1.308,466,93,559,753,0,0,Base
2024-05-01,North,MAT-1012,Connector Set,288,93,1.13,1.321,569,114,683,739,0,0,Base
2024-06-01,North,MAT-1012,Connector Set,271,41,1.15,1.335,479,96,575,640,0,0,Base
2024-07-01,North,MAT-1012,Connector Set,274,69,1.13,1.348,522,104,626,539,87,5916,Base
2024-08-01,North,MAT-1012,Connector Set,229,48,1.08,1.361,407,81,488,478,10,680,Base
2024-09-01,North,MAT-1012,Connector Set,214,35,1.0,1.375,342,68,410,360,50,3400,Base
2024-10-01,North,MAT-1012,Connector Set,247,87,0.92,1.389,427,85,512,654,0,0,Base
2024-11-01,North,MAT-1012,Connector Set,212,28,0.87,1.403,293,59,352,360,0,0,Base
2024-12-01,North,MAT-1012,Connector Set,199,36,0.85,1.417,283,57,340,431,0,0,Base
2025-01-01,North,MAT-1012,Connector Set,182,59,0.87,1.431,300,60,360,318,42,2856,Base
2025-02-01,North,MAT-1012,Connector Set,250,55,0.92,1.445,405,81,486,471,15,1020,Base
2025-03-01,North,MAT-1012,Connector Set,262,81,1.0,1.46,501,100,601,598,3,204,Base
2025-04-01,North,MAT-1012,Connector Set,237,105,1.08,1.474,544,109,653,668,0,0,Base
2025-05-01,North,MAT-1012,Connector Set,243,108,1.13,1.489,591,118,709,772,0,0,Base
2025-06-01,North,MAT-1012,Connector Set,240,93,1.15,1.504,576,115,691,687,4,272,Base
2025-07-01,North,MAT-1012,Connector Set,271,110,1.13,1.519,654,131,785,900,0,0,Base
2025-08-01,North,MAT-1012,Connector Set,261,55,1.08,1.534,524,105,629,800,0,0,Base
2025-09-01,North,MAT-1012,Connector Set,248,66,1.0,1.549,486,97,583,720,0,0,Base
2025-10-01,North,MAT-1012,Connector Set,222,60,0.92,1.565,406,81,487,505,0,0,Base
2025-11-01,North,MAT-1012,Connector Set,209,77,0.87,1.58,393,79,472,608,0,0,Base
2025-12-01,North,MAT-1012,Connector Set,216,64,0.85,1.596,380,76,456,526,0,0,Base
2026-01-01,North,MAT-1012,Connector Set,216,54,0.87,1.612,379,76,455,460,0,0,Base
2026-02-01,North,MAT-1012,Connector Set,212,15,0.92,1.628,340,68,408,505,0,0,Base
2026-03-01,North,MAT-1012,Connector Set,255,112,1.0,1.645,604,121,725,928,0,0,Base
2026-04-01,North,MAT-1012,Connector Set,251,57,1.08,1.661,553,111,664,739,0,0,Base
2026-05-01,North,MAT-1012,Connector Set,242,43,1.13,1.678,540,108,648,917,0,0,Base
2026-06-01,North,MAT-1012,Connector Set,237,44,1.15,1.694,548,110,658,642,16,1088,Base
2026-07-01,North,MAT-1012,Connector Set,264,15,1.13,1.711,540,108,648,856,0,0,Base
2026-08-01,North,MAT-1012,Connector Set,270,107,1.08,1.729,704,141,845,813,32,2176,Base
2026-09-01,North,MAT-1012,Connector Set,264,84,1.0,1.746,608,122,730,704,26,1768,Base
2026-10-01,North,MAT-1012,Connector Set,184,28,0.92,1.763,344,69,413,523,0,0,Base
2026-11-01,North,MAT-1012,Connector Set,229,43,0.87,1.781,421,84,505,700,0,0,Base
2026-12-01,North,MAT-1012,Connector Set,224,40,0.85,1.799,404,81,485,659,0,0,Base
2022-01-01,South,MAT-1012,Connector Set,198,86,0.87,1.0,247,49,296,300,0,0,Base
2022-02-01,South,MAT-1012,Connector Set,177,65,0.92,1.01,225,45,270,334,0,0,Base
2022-03-01,South,MAT-1012,Connector Set,179,50,1.0,1.02,234,47,281,336,0,0,Base
2022-04-01,South,MAT-1012,Connector Set,275,14,1.08,1.03,322,64,386,497,0,0,Base
2022-05-01,South,MAT-1012,Connector Set,260,78,1.13,1.041,397,79,476,672,0,0,Base
2022-06-01,South,MAT-1012,Connector Set,226,18,1.15,1.051,295,59,354,479,0,0,Base
2022-07-01,South,MAT-1012,Connector Set,238,27,1.13,1.062,318,64,382,477,0,0,Base
2022-08-01,South,MAT-1012,Connector Set,266,25,1.08,1.072,337,67,404,538,0,0,Base
2022-09-01,South,MAT-1012,Connector Set,224,34,1.0,1.083,279,56,335,295,40,2720,Base
2022-10-01,South,MAT-1012,Connector Set,202,42,0.92,1.094,246,49,295,419,0,0,Base
2022-11-01,South,MAT-1012,Connector Set,207,64,0.87,1.105,260,52,312,273,39,2652,Base
2022-12-01,South,MAT-1012,Connector Set,167,19,0.85,1.116,176,35,211,261,0,0,Base
2023-01-01,South,MAT-1012,Connector Set,222,59,0.87,1.127,275,55,330,362,0,0,Base
2023-02-01,South,MAT-1012,Connector Set,187,19,0.92,1.138,216,43,259,357,0,0,Base
2023-03-01,South,MAT-1012,Connector Set,174,45,1.0,1.149,252,50,302,383,0,0,Base
2023-04-01,South,MAT-1012,Connector Set,210,85,1.08,1.161,370,74,444,505,0,0,Base
2023-05-01,South,MAT-1012,Connector Set,290,17,1.13,1.173,407,81,488,452,36,2448,Base
2023-06-01,South,MAT-1012,Connector Set,287,93,1.15,1.184,518,104,622,573,49,3332,Base
2023-07-01,South,MAT-1012,Connector Set,285,16,1.13,1.196,407,81,488,462,26,1768,Base
2023-08-01,South,MAT-1012,Connector Set,224,18,1.08,1.208,316,63,379,417,0,0,Base
2023-09-01,South,MAT-1012,Connector Set,234,83,1.0,1.22,387,77,464,647,0,0,Base
2023-10-01,South,MAT-1012,Connector Set,204,66,0.92,1.232,306,61,367,337,30,2040,Base
2023-11-01,South,MAT-1012,Connector Set,178,58,0.87,1.245,256,51,307,407,0,0,Base
2023-12-01,South,MAT-1012,Connector Set,155,57,0.85,1.257,227,45,272,382,0,0,Base
2024-01-01,South,MAT-1012,Connector Set,196,41,0.87,1.27,262,52,314,425,0,0,Base
2024-02-01,South,MAT-1012,Connector Set,185,13,0.92,1.282,234,47,281,348,0,0,Base
2024-03-01,South,MAT-1012,Connector Set,196,58,1.0,1.295,329,66,395,375,20,1360,Base
2024-04-01,South,MAT-1012,Connector Set,238,104,1.08,1.308,483,97,580,554,26,1768,Base
2024-05-01,South,MAT-1012,Connector Set,289,126,1.13,1.321,620,124,744,889,0,0,Base
2024-06-01,South,MAT-1012,Connector Set,265,57,1.15,1.335,494,99,593,638,0,0,Base
2024-07-01,South,MAT-1012,Connector Set,267,45,1.13,1.348,475,95,570,798,0,0,Base
2024-08-01,South,MAT-1012,Connector Set,210,40,1.08,1.361,368,74,442,461,0,0,Base
2024-09-01,South,MAT-1012,Connector Set,177,77,1.0,1.375,349,70,419,364,55,3740,Base
2024-10-01,South,MAT-1012,Connector Set,228,57,0.92,1.389,364,73,437,513,0,0,Base
2024-11-01,South,MAT-1012,Connector Set,224,15,0.87,1.403,292,58,350,407,0,0,Base
2024-12-01,South,MAT-1012,Connector Set,197,76,0.85,1.417,329,66,395,470,0,0,Base
2025-01-01,South,MAT-1012,Connector Set,219,73,0.87,1.431,363,73,436,547,0,0,Base
2025-02-01,South,MAT-1012,Connector Set,160,56,0.92,1.445,287,57,344,296,48,3264,Base
2025-03-01,South,MAT-1012,Connector Set,238,20,1.0,1.46,377,75,452,514,0,0,Base
2025-04-01,South,MAT-1012,Connector Set,227,43,1.08,1.474,430,86,516,585,0,0,Base
2025-05-01,South,MAT-1012,Connector Set,201,48,1.13,1.489,419,84,503,568,0,0,Base
2025-06-01,South,MAT-1012,Connector Set,238,76,1.15,1.504,543,109,652,712,0,0,Base
2025-07-01,South,MAT-1012,Connector Set,271,119,1.13,1.519,669,134,803,816,0,0,Base
2025-08-01,South,MAT-1012,Connector Set,238,13,1.08,1.534,416,83,499,642,0,0,Base
2025-09-01,South,MAT-1012,Connector Set,247,104,1.0,1.549,544,109,653,913,0,0,Base
2025-10-01,South,MAT-1012,Connector Set,212,65,0.92,1.565,399,80,479,537,0,0,Base
2025-11-01,South,MAT-1012,Connector Set,181,19,0.87,1.58,275,55,330,443,0,0,Base
2025-12-01,South,MAT-1012,Connector Set,207,47,0.85,1.596,345,69,414,412,2,136,Base
2026-01-01,South,MAT-1012,Connector Set,213,74,0.87,1.612,403,81,484,667,0,0,Base
2026-02-01,South,MAT-1012,Connector Set,195,78,0.92,1.628,409,82,491,656,0,0,Base
2026-03-01,South,MAT-1012,Connector Set,190,70,1.0,1.645,428,86,514,615,0,0,Base
2026-04-01,South,MAT-1012,Connector Set,275,108,1.08,1.661,687,137,824,753,71,4828,Base
2026-05-01,South,MAT-1012,Connector Set,234,77,1.13,1.678,590,118,708,993,0,0,Base
2026-06-01,South,MAT-1012,Connector Set,265,33,1.15,1.694,581,116,697,702,0,0,Base
2026-07-01,South,MAT-1012,Connector Set,219,15,1.13,1.711,453,91,544,534,10,680,Base
2026-08-01,South,MAT-1012,Connector Set,274,104,1.08,1.729,706,141,847,867,0,0,Base
2026-09-01,South,MAT-1012,Connector Set,200,69,1.0,1.746,470,94,564,582,0,0,Base
2026-10-01,South,MAT-1012,Connector Set,221,66,0.92,1.763,466,93,559,742,0,0,Base
2026-11-01,South,MAT-1012,Connector Set,205,85,0.87,1.781,449,90,539,703,0,0,Base
2026-12-01,South,MAT-1012,Connector Set,168,26,0.85,1.799,297,59,356,329,27,1836,Base
2022-01-01,East,MAT-1012,Connector Set,222,53,0.87,1.0,239,48,287,280,7,476,Base
2022-02-01,East,MAT-1012,Connector Set,268,91,0.92,1.01,334,67,401,555,0,0,Base
2022-03-01,East,MAT-1012,Connector Set,296,104,1.0,1.02,408,82,490,494,0,0,Base
2022-04-01,East,MAT-1012,Connector Set,303,71,1.08,1.03,416,83,499,476,23,1564,Base
2022-05-01,East,MAT-1012,Connector Set,346,130,1.13,1.041,560,112,672,878,0,0,Base
2022-06-01,East,MAT-1012,Connector Set,376,41,1.15,1.051,504,101,605,783,0,0,Base
2022-07-01,East,MAT-1012,Connector Set,329,143,1.13,1.062,566,113,679,788,0,0,Base
2022-08-01,East,MAT-1012,Connector Set,244,22,1.08,1.072,308,62,370,425,0,0,Base
2022-09-01,East,MAT-1012,Connector Set,317,35,1.0,1.083,381,76,457,391,66,4488,Base
2022-10-01,East,MAT-1012,Connector Set,256,72,0.92,1.094,330,66,396,505,0,0,Base
2022-11-01,East,MAT-1012,Connector Set,271,45,0.87,1.105,304,61,365,503,0,0,Base
2022-12-01,East,MAT-1012,Connector Set,226,68,0.85,1.116,279,56,335,388,0,0,Base
2023-01-01,East,MAT-1012,Connector Set,270,47,0.87,1.127,311,62,373,491,0,0,Base
2023-02-01,East,MAT-1012,Connector Set,216,78,0.92,1.138,308,62,370,488,0,0,Base
2023-03-01,East,MAT-1012,Connector Set,305,35,1.0,1.149,391,78,469,424,45,3060,Base
2023-04-01,East,MAT-1012,Connector Set,308,88,1.08,1.161,497,99,596,756,0,0,Base
2023-05-01,East,MAT-1012,Connector Set,305,52,1.13,1.173,473,95,568,789,0,0,Base
2023-06-01,East,MAT-1012,Connector Set,359,39,1.15,1.184,542,108,650,683,0,0,Base
2023-07-01,East,MAT-1012,Connector Set,296,106,1.13,1.196,543,109,652,583,69,4692,Base
2023-08-01,East,MAT-1012,Connector Set,334,38,1.08,1.208,485,97,582,821,0,0,Base
2023-09-01,East,MAT-1012,Connector Set,271,89,1.0,1.22,439,88,527,495,32,2176,Base
2023-10-01,East,MAT-1012,Connector Set,275,124,0.92,1.232,452,90,542,634,0,0,Base
2023-11-01,East,MAT-1012,Connector Set,208,85,0.87,1.245,317,63,380,426,0,0,Base
2023-12-01,East,MAT-1012,Connector Set,193,86,0.85,1.257,298,60,358,312,46,3128,Base
2024-01-01,East,MAT-1012,Connector Set,199,12,0.87,1.27,233,47,280,265,15,1020,Base
2024-02-01,East,MAT-1012,Connector Set,260,48,0.92,1.282,363,73,436,427,9,612,Base
2024-03-01,East,MAT-1012,Connector Set,273,79,1.0,1.295,456,91,547,637,0,0,Base
2024-04-01,East,MAT-1012,Connector Set,288,18,1.08,1.308,432,86,518,711,0,0,Base
2024-05-01,East,MAT-1012,Connector Set,319,48,1.13,1.321,548,110,658,948,0,0,Base
2024-06-01,East,MAT-1012,Connector Set,330,60,1.15,1.335,599,120,719,756,0,0,Base
2024-07-01,East,MAT-1012,Connector Set,275,110,1.13,1.348,586,117,703,700,3,204,Base
2024-08-01,East,MAT-1012,Connector Set,326,94,1.08,1.361,617,123,740,1021,0,0,Base
2024-09-01,East,MAT-1012,Connector Set,287,115,1.0,1.375,553,111,664,655,9,612,Base
2024-10-01,East,MAT-1012,Connector Set,268,48,0.92,1.389,404,81,485,642,0,0,Base
2024-11-01,East,MAT-1012,Connector Set,280,79,0.87,1.403,438,88,526,671,0,0,Base
2024-12-01,East,MAT-1012,Connector Set,248,85,0.85,1.417,401,80,481,534,0,0,Base
2025-01-01,East,MAT-1012,Connector Set,274,110,0.87,1.431,478,96,574,558,16,1088,Base
2025-02-01,East,MAT-1012,Connector Set,267,66,0.92,1.445,443,89,532,749,0,0,Base
2025-03-01,East,MAT-1012,Connector Set,300,33,1.0,1.46,486,97,583,719,0,0,Base
2025-04-01,East,MAT-1012,Connector Set,265,84,1.08,1.474,556,111,667,919,0,0,Base
2025-05-01,East,MAT-1012,Connector Set,354,40,1.13,1.489,663,133,796,854,0,0,Base
2025-06-01,East,MAT-1012,Connector Set,372,66,1.15,1.504,757,151,908,940,0,0,Base
2025-07-01,East,MAT-1012,Connector Set,301,51,1.13,1.519,604,121,725,962,0,0,Base
2025-08-01,East,MAT-1012,Connector Set,323,35,1.08,1.534,593,119,712,1005,0,0,Base
2025-09-01,East,MAT-1012,Connector Set,258,106,1.0,1.549,564,113,677,950,0,0,Base
2025-10-01,East,MAT-1012,Connector Set,216,90,0.92,1.565,441,88,529,452,77,5236,Base
2025-11-01,East,MAT-1012,Connector Set,208,65,0.87,1.58,375,75,450,456,0,0,Base
2025-12-01,East,MAT-1012,Connector Set,218,20,0.85,1.596,323,65,388,396,0,0,Base
2026-01-01,East,MAT-1012,Connector Set,262,92,0.87,1.612,497,99,596,639,0,0,Base
2026-02-01,East,MAT-1012,Connector Set,210,93,0.92,1.628,454,91,545,744,0,0,Base
2026-03-01,East,MAT-1012,Connector Set,313,58,1.0,1.645,610,122,732,726,6,408,Base
2026-04-01,East,MAT-1012,Connector Set,279,44,1.08,1.661,579,116,695,965,0,0,Base
2026-05-01,East,MAT-1012,Connector Set,261,30,1.13,1.678,552,110,662,857,0,0,Base
2026-06-01,East,MAT-1012,Connector Set,282,80,1.15,1.694,705,141,846,1219,0,0,Base
2026-07-01,East,MAT-1012,Connector Set,336,35,1.13,1.711,717,143,860,1012,0,0,Base
2026-08-01,East,MAT-1012,Connector Set,300,123,1.08,1.729,790,158,948,1250,0,0,Base
2026-09-01,East,MAT-1012,Connector Set,318,98,1.0,1.746,726,145,871,1146,0,0,Base
2026-10-01,East,MAT-1012,Connector Set,232,44,0.92,1.763,448,90,538,619,0,0,Base
2026-11-01,East,MAT-1012,Connector Set,199,37,0.87,1.781,366,73,439,414,25,1700,Base
2026-12-01,East,MAT-1012,Connector Set,207,13,0.85,1.799,336,67,403,518,0,0,Base
2022-01-01,West,MAT-1012,Connector Set,235,49,0.87,1.0,247,49,296,267,29,1972,Base
2022-02-01,West,MAT-1012,Connector Set,226,31,0.92,1.01,239,48,287,285,2,136,Base
2022-03-01,West,MAT-1012,Connector Set,284,91,1.0,1.02,383,77,460,547,0,0,Base
2022-04-01,West,MAT-1012,Connector Set,240,85,1.08,1.03,362,72,434,501,0,0,Base
2022-05-01,West,MAT-1012,Connector Set,233,97,1.13,1.041,388,78,466,566,0,0,Base
2022-06-01,West,MAT-1012,Connector Set,273,75,1.15,1.051,421,84,505,472,33,2244,Base
2022-07-01,West,MAT-1012,Connector Set,293,121,1.13,1.062,497,99,596,583,13,884,Base
2022-08-01,West,MAT-1012,Connector Set,226,40,1.08,1.072,308,62,370,417,0,0,Base
2022-09-01,West,MAT-1012,Connector Set,246,109,1.0,1.083,384,77,461,571,0,0,Base
2022-10-01,West,MAT-1012,Connector Set,204,12,0.92,1.094,217,43,260,325,0,0,Base
2022-11-01,West,MAT-1012,Connector Set,213,65,0.87,1.105,267,53,320,405,0,0,Base
2022-12-01,West,MAT-1012,Connector Set,167,18,0.85,1.116,175,35,210,195,15,1020,Base
2023-01-01,West,MAT-1012,Connector Set,191,60,0.87,1.127,246,49,295,426,0,0,Base
2023-02-01,West,MAT-1012,Connector Set,211,11,0.92,1.138,232,46,278,350,0,0,Base
2023-03-01,West,MAT-1012,Connector Set,203,70,1.0,1.149,314,63,377,507,0,0,Base
2023-04-01,West,MAT-1012,Connector Set,240,33,1.08,1.161,342,68,410,500,0,0,Base
2023-05-01,West,MAT-1012,Connector Set,224,69,1.13,1.173,388,78,466,442,24,1632,Base
2023-06-01,West,MAT-1012,Connector Set,266,63,1.15,1.184,448,90,538,576,0,0,Base
2023-07-01,West,MAT-1012,Connector Set,320,50,1.13,1.196,500,100,600,801,0,0,Base
2023-08-01,West,MAT-1012,Connector Set,254,87,1.08,1.208,445,89,534,689,0,0,Base
2023-09-01,West,MAT-1012,Connector Set,241,63,1.0,1.22,371,74,445,407,38,2584,Base
2023-10-01,West,MAT-1012,Connector Set,224,75,0.92,1.232,339,68,407,580,0,0,Base
2023-11-01,West,MAT-1012,Connector Set,174,64,0.87,1.245,258,52,310,407,0,0,Base
2023-12-01,West,MAT-1012,Connector Set,201,33,0.85,1.257,250,50,300,373,0,0,Base
2024-01-01,West,MAT-1012,Connector Set,239,103,0.87,1.27,378,76,454,657,0,0,Base
2024-02-01,West,MAT-1012,Connector Set,257,65,0.92,1.282,380,76,456,470,0,0,Base
2024-03-01,West,MAT-1012,Connector Set,238,98,1.0,1.295,435,87,522,508,14,952,Base
2024-04-01,West,MAT-1012,Connector Set,271,58,1.08,1.308,465,93,558,543,15,1020,Base
2024-05-01,West,MAT-1012,Connector Set,288,121,1.13,1.321,611,122,733,871,0,0,Base
2024-06-01,West,MAT-1012,Connector Set,269,49,1.15,1.335,488,98,586,796,0,0,Base
2024-07-01,West,MAT-1012,Connector Set,317,105,1.13,1.348,643,129,772,868,0,0,Base
2024-08-01,West,MAT-1012,Connector Set,257,60,1.08,1.361,466,93,559,772,0,0,Base
2024-09-01,West,MAT-1012,Connector Set,285,88,1.0,1.375,513,103,616,838,0,0,Base
2024-10-01,West,MAT-1012,Connector Set,264,38,0.92,1.389,386,77,463,435,28,1904,Base
2024-11-01,West,MAT-1012,Connector Set,170,60,0.87,1.403,281,56,337,469,0,0,Base
2024-12-01,West,MAT-1012,Connector Set,217,31,0.85,1.417,299,60,359,343,16,1088,Base
2025-01-01,West,MAT-1012,Connector Set,172,29,0.87,1.431,250,50,300,433,0,0,Base
2025-02-01,West,MAT-1012,Connector Set,209,33,0.92,1.445,322,64,386,418,0,0,Base
2025-03-01,West,MAT-1012,Connector Set,194,84,1.0,1.46,406,81,487,419,68,4624,Base
2025-04-01,West,MAT-1012,Connector Set,244,82,1.08,1.474,519,104,623,871,0,0,Base
2025-05-01,West,MAT-1012,Connector Set,273,99,1.13,1.489,626,125,751,1064,0,0,Base
2025-06-01,West,MAT-1012,Connector Set,269,44,1.15,1.504,541,108,649,627,22,1496,Base
2025-07-01,West,MAT-1012,Connector Set,298,119,1.13,1.519,716,143,859,1143,0,0,Base
2025-08-01,West,MAT-1012,Connector Set,294,116,1.08,1.534,679,136,815,827,0,0,Base
2025-09-01,West,MAT-1012,Connector Set,194,25,1.0,1.549,339,68,407,427,0,0,Base
2025-10-01,West,MAT-1012,Connector Set,261,71,0.92,1.565,478,96,574,801,0,0,Base
2025-11-01,West,MAT-1012,Connector Set,198,15,0.87,1.58,293,59,352,459,0,0,Base
2025-12-01,West,MAT-1012,Connector Set,232,31,0.85,1.596,357,71,428,432,0,0,Base
2026-01-01,West,MAT-1012,Connector Set,169,33,0.87,1.612,283,57,340,290,50,3400,Base
2026-02-01,West,MAT-1012,Connector Set,181,79,0.92,1.628,390,78,468,612,0,0,Base
2026-03-01,West,MAT-1012,Connector Set,252,19,1.0,1.645,446,89,535,502,33,2244,Base
2026-04-01,West,MAT-1012,Connector Set,299,71,1.08,1.661,664,133,797,999,0,0,Base
2026-05-01,West,MAT-1012,Connector Set,272,111,1.13,1.678,726,145,871,741,130,8840,Base
2026-06-01,West,MAT-1012,Connector Set,228,14,1.15,1.694,472,94,566,807,0,0,Base
2026-07-01,West,MAT-1012,Connector Set,269,49,1.13,1.711,615,123,738,675,63,4284,Base
2026-08-01,West,MAT-1012,Connector Set,246,23,1.08,1.729,502,100,602,581,21,1428,Base
2026-09-01,West,MAT-1012,Connector Set,195,14,1.0,1.746,365,73,438,538,0,0,Base
2026-10-01,West,MAT-1012,Connector Set,201,82,0.92,1.763,459,92,551,744,0,0,Base
2026-11-01,West,MAT-1012,Connector Set,238,72,0.87,1.781,480,96,576,522,54,3672,Base
2026-12-01,West,MAT-1012,Connector Set,192,16,0.85,1.799,318,64,382,406,0,0,Base
2022-01-01,North,MAT-1001,Composite Utility Pole,214,19,0.87,1.0,172,34,206,242,0,0,Low
2022-02-01,North,MAT-1001,Composite Utility Pole,192,11,0.92,1.01,160,32,192,219,0,0,Low
2022-03-01,North,MAT-1001,Composite Utility Pole,230,14,1.0,1.02,212,42,254,255,0,0,Low
2022-04-01,North,MAT-1001,Composite Utility Pole,206,84,1.08,1.03,274,55,329,353,0,0,Low
2022-05-01,North,MAT-1001,Composite Utility Pole,282,26,1.13,1.041,308,62,370,420,0,0,Low
2022-06-01,North,MAT-1001,Composite Utility Pole,220,63,1.15,1.051,291,58,349,475,0,0,Low
2022-07-01,North,MAT-1001,Composite Utility Pole,251,44,1.13,1.062,301,60,361,513,0,0,Low
2022-08-01,North,MAT-1001,Composite Utility Pole,241,99,1.08,1.072,335,67,402,454,0,0,Low
2022-09-01,North,MAT-1001,Composite Utility Pole,208,40,1.0,1.083,228,46,274,366,0,0,Low
2022-10-01,North,MAT-1001,Composite Utility Pole,176,34,0.92,1.094,180,36,216,323,0,0,Low
2022-11-01,North,MAT-1001,Composite Utility Pole,218,12,0.87,1.105,188,38,226,233,0,0,Low
2022-12-01,North,MAT-1001,Composite Utility Pole,154,41,0.85,1.116,157,31,188,208,0,0,Low
2023-01-01,North,MAT-1001,Composite Utility Pole,169,57,0.87,1.127,188,38,226,383,0,0,Low
2023-02-01,North,MAT-1001,Composite Utility Pole,228,12,0.92,1.138,214,43,257,290,0,0,Low
2023-03-01,North,MAT-1001,Composite Utility Pole,229,27,1.0,1.149,250,50,300,360,0,0,Low
2023-04-01,North,MAT-1001,Composite Utility Pole,241,35,1.08,1.161,294,59,353,576,0,0,Low
2023-05-01,North,MAT-1001,Composite Utility Pole,203,34,1.13,1.173,267,53,320,341,0,0,Low
2023-06-01,North,MAT-1001,Composite Utility Pole,216,87,1.15,1.184,351,70,421,654,0,0,Low
2023-07-01,North,MAT-1001,Composite Utility Pole,283,22,1.13,1.196,350,70,420,435,0,0,Low
2023-08-01,North,MAT-1001,Composite Utility Pole,223,48,1.08,1.208,301,60,361,491,0,0,Low
2023-09-01,North,MAT-1001,Composite Utility Pole,234,23,1.0,1.22,267,53,320,338,0,0,Low
2023-10-01,North,MAT-1001,Composite Utility Pole,210,62,0.92,1.232,262,52,314,374,0,0,Low
2023-11-01,North,MAT-1001,Composite Utility Pole,214,68,0.87,1.245,260,52,312,357,0,0,Low
2023-12-01,North,MAT-1001,Composite Utility Pole,204,87,0.85,1.257,264,53,317,447,0,0,Low
2024-01-01,North,MAT-1001,Composite Utility Pole,189,76,0.87,1.27,249,50,299,333,0,0,Low
2024-02-01,North,MAT-1001,Composite Utility Pole,224,35,0.92,1.282,260,52,312,525,0,0,Low
2024-03-01,North,MAT-1001,Composite Utility Pole,212,78,1.0,1.295,319,64,383,586,0,0,Low
2024-04-01,North,MAT-1001,Composite Utility Pole,203,66,1.08,1.308,323,65,388,656,0,0,Low
2024-05-01,North,MAT-1001,Composite Utility Pole,272,111,1.13,1.321,486,97,583,761,0,0,Low
2024-06-01,North,MAT-1001,Composite Utility Pole,250,76,1.15,1.335,425,85,510,721,0,0,Low
2024-07-01,North,MAT-1001,Composite Utility Pole,287,41,1.13,1.348,425,85,510,580,0,0,Low
2024-08-01,North,MAT-1001,Composite Utility Pole,205,64,1.08,1.361,336,67,403,468,0,0,Low
2024-09-01,North,MAT-1001,Composite Utility Pole,180,22,1.0,1.375,236,47,283,300,0,0,Low
2024-10-01,North,MAT-1001,Composite Utility Pole,214,85,0.92,1.389,325,65,390,650,0,0,Low
2024-11-01,North,MAT-1001,Composite Utility Pole,208,79,0.87,1.403,298,60,358,544,0,0,Low
2024-12-01,North,MAT-1001,Composite Utility Pole,185,23,0.85,1.417,213,43,256,287,0,0,Low
2025-01-01,North,MAT-1001,Composite Utility Pole,155,25,0.87,1.431,190,38,228,270,0,0,Low
2025-02-01,North,MAT-1001,Composite Utility Pole,240,104,0.92,1.445,389,78,467,747,0,0,Low
2025-03-01,North,MAT-1001,Composite Utility Pole,249,27,1.0,1.46,342,68,410,687,0,0,Low
2025-04-01,North,MAT-1001,Composite Utility Pole,241,16,1.08,1.474,348,70,418,548,0,0,Low
2025-05-01,North,MAT-1001,Composite Utility Pole,203,64,1.13,1.489,382,76,458,475,0,0,Low
2025-06-01,North,MAT-1001,Composite Utility Pole,278,47,1.15,1.504,478,96,574,600,0,0,Low
2025-07-01,North,MAT-1001,Composite Utility Pole,267,113,1.13,1.519,554,111,665,1098,0,0,Low
2025-08-01,North,MAT-1001,Composite Utility Pole,192,50,1.08,1.534,341,68,409,547,0,0,Low
2025-09-01,North,MAT-1001,Composite Utility Pole,231,16,1.0,1.549,325,65,390,413,0,0,Low
2025-10-01,North,MAT-1001,Composite Utility Pole,219,29,0.92,1.565,303,61,364,579,0,0,Low
2025-11-01,North,MAT-1001,Composite Utility Pole,194,52,0.87,1.58,288,58,346,362,0,0,Low
2025-12-01,North,MAT-1001,Composite Utility Pole,159,36,0.85,1.596,225,45,270,336,0,0,Low
2026-01-01,North,MAT-1001,Composite Utility Pole,227,35,0.87,1.612,312,62,374,406,0,0,Low
2026-02-01,North,MAT-1001,Composite Utility Pole,205,89,0.92,1.628,374,75,449,556,0,0,Low
2026-03-01,North,MAT-1001,Composite Utility Pole,251,102,1.0,1.645,493,99,592,956,0,0,Low
2026-04-01,North,MAT-1001,Composite Utility Pole,196,81,1.08,1.661,422,84,506,675,0,0,Low
2026-05-01,North,MAT-1001,Composite Utility Pole,232,51,1.13,1.678,456,91,547,556,0,0,Low
2026-06-01,North,MAT-1001,Composite Utility Pole,274,78,1.15,1.694,583,117,700,1169,0,0,Low
2026-07-01,North,MAT-1001,Composite Utility Pole,238,52,1.13,1.711,477,95,572,732,0,0,Low
2026-08-01,North,MAT-1001,Composite Utility Pole,219,53,1.08,1.729,432,86,518,546,0,0,Low
2026-09-01,North,MAT-1001,Composite Utility Pole,214,67,1.0,1.746,417,83,500,643,0,0,Low
2026-10-01,North,MAT-1001,Composite Utility Pole,238,38,0.92,1.763,381,76,457,599,0,0,Low
2026-11-01,North,MAT-1001,Composite Utility Pole,193,80,0.87,1.781,360,72,432,522,0,0,Low
2026-12-01,North,MAT-1001,Composite Utility Pole,163,11,0.85,1.799,226,45,271,409,0,0,Low
2022-01-01,South,MAT-1001,Composite Utility Pole,161,52,0.87,1.0,158,32,190,314,0,0,Low
2022-02-01,South,MAT-1001,Composite Utility Pole,177,66,0.92,1.01,192,38,230,259,0,0,Low
2022-03-01,South,MAT-1001,Composite Utility Pole,202,51,1.0,1.02,219,44,263,317,0,0,Low
2022-04-01,South,MAT-1001,Composite Utility Pole,239,66,1.08,1.03,288,58,346,479,0,0,Low
2022-05-01,South,MAT-1001,Composite Utility Pole,204,19,1.13,1.041,223,45,268,301,0,0,Low
2022-06-01,South,MAT-1001,Composite Utility Pole,218,85,1.15,1.051,311,62,373,487,0,0,Low
2022-07-01,South,MAT-1001,Composite Utility Pole,246,23,1.13,1.062,274,55,329,550,0,0,Low
2022-08-01,South,MAT-1001,Composite Utility Pole,226,36,1.08,1.072,258,52,310,478,0,0,Low
2022-09-01,South,MAT-1001,Composite Utility Pole,223,90,1.0,1.083,288,58,346,512,0,0,Low
2022-10-01,South,MAT-1001,Composite Utility Pole,178,13,0.92,1.094,163,33,196,210,0,0,Low
2022-11-01,South,MAT-1001,Composite Utility Pole,213,62,0.87,1.105,225,45,270,368,0,0,Low
2022-12-01,South,MAT-1001,Composite Utility Pole,149,11,0.85,1.116,129,26,155,200,0,0,Low
2023-01-01,South,MAT-1001,Composite Utility Pole,179,53,0.87,1.127,193,39,232,237,0,0,Low
2023-02-01,South,MAT-1001,Composite Utility Pole,169,60,0.92,1.138,204,41,245,285,0,0,Low
2023-03-01,South,MAT-1001,Composite Utility Pole,189,60,1.0,1.149,243,49,292,493,0,0,Low
2023-04-01,South,MAT-1001,Composite Utility Pole,265,60,1.08,1.161,346,69,415,702,0,0,Low
2023-05-01,South,MAT-1001,Composite Utility Pole,277,49,1.13,1.173,367,73,440,701,0,0,Low
2023-06-01,South,MAT-1001,Composite Utility Pole,237,48,1.15,1.184,330,66,396,524,0,0,Low
2023-07-01,South,MAT-1001,Composite Utility Pole,217,30,1.13,1.196,284,57,341,511,0,0,Low
2023-08-01,South,MAT-1001,Composite Utility Pole,187,47,1.08,1.208,260,52,312,510,0,0,Low
2023-09-01,South,MAT-1001,Composite Utility Pole,175,41,1.0,1.22,224,45,269,369,0,0,Low
2023-10-01,South,MAT-1001,Composite Utility Pole,221,49,0.92,1.232,260,52,312,318,0,0,Low
2023-11-01,South,MAT-1001,Composite Utility Pole,161,64,0.87,1.245,207,41,248,414,0,0,Low
2023-12-01,South,MAT-1001,Composite Utility Pole,170,20,0.85,1.257,173,35,208,323,0,0,Low
2024-01-01,South,MAT-1001,Composite Utility Pole,196,72,0.87,1.27,252,50,302,478,0,0,Low
2024-02-01,South,MAT-1001,Composite Utility Pole,163,45,0.92,1.282,209,42,251,410,0,0,Low
2024-03-01,South,MAT-1001,Composite Utility Pole,246,35,1.0,1.295,309,62,371,417,0,0,Low
2024-04-01,South,MAT-1001,Composite Utility Pole,229,42,1.08,1.308,325,65,390,558,0,0,Low
2024-05-01,South,MAT-1001,Composite Utility Pole,265,58,1.13,1.321,410,82,492,649,0,0,Low
2024-06-01,South,MAT-1001,Composite Utility Pole,257,97,1.15,1.335,462,92,554,626,0,0,Low
2024-07-01,South,MAT-1001,Composite Utility Pole,263,32,1.13,1.348,382,76,458,640,0,0,Low
2024-08-01,South,MAT-1001,Composite Utility Pole,251,16,1.08,1.361,334,67,401,597,0,0,Low
2024-09-01,South,MAT-1001,Composite Utility Pole,210,43,1.0,1.375,296,59,355,541,0,0,Low
2024-10-01,South,MAT-1001,Composite Utility Pole,173,20,0.92,1.389,210,42,252,262,0,0,Low
2024-11-01,South,MAT-1001,Composite Utility Pole,157,64,0.87,1.403,229,46,275,420,0,0,Low
2024-12-01,South,MAT-1001,Composite Utility Pole,199,50,0.85,1.417,255,51,306,497,0,0,Low
2025-01-01,South,MAT-1001,Composite Utility Pole,177,13,0.87,1.431,201,40,241,267,0,0,Low
2025-02-01,South,MAT-1001,Composite Utility Pole,201,68,0.92,1.445,304,61,365,495,0,0,Low
2025-03-01,South,MAT-1001,Composite Utility Pole,170,54,1.0,1.46,278,56,334,488,0,0,Low
2025-04-01,South,MAT-1001,Composite Utility Pole,220,46,1.08,1.474,360,72,432,732,0,0,Low
2025-05-01,South,MAT-1001,Composite Utility Pole,267,70,1.13,1.489,482,96,578,838,0,0,Low
2025-06-01,South,MAT-1001,Composite Utility Pole,193,83,1.15,1.504,406,81,487,683,0,0,Low
2025-07-01,South,MAT-1001,Composite Utility Pole,192,34,1.13,1.519,330,66,396,673,0,0,Low
2025-08-01,South,MAT-1001,Composite Utility Pole,255,98,1.08,1.534,497,99,596,943,0,0,Low
2025-09-01,South,MAT-1001,Composite Utility Pole,219,98,1.0,1.549,417,83,500,845,0,0,Low
2025-10-01,South,MAT-1001,Composite Utility Pole,225,57,0.92,1.565,345,69,414,473,0,0,Low
2025-11-01,South,MAT-1001,Composite Utility Pole,178,19,0.87,1.58,230,46,276,294,0,0,Low
2025-12-01,South,MAT-1001,Composite Utility Pole,172,41,0.85,1.596,246,49,295,350,0,0,Low
2026-01-01,South,MAT-1001,Composite Utility Pole,205,76,0.87,1.612,335,67,402,607,0,0,Low
2026-02-01,South,MAT-1001,Composite Utility Pole,160,54,0.92,1.628,273,55,328,399,0,0,Low
2026-03-01,South,MAT-1001,Composite Utility Pole,234,40,1.0,1.645,383,77,460,647,0,0,Low
2026-04-01,South,MAT-1001,Composite Utility Pole,260,36,1.08,1.661,451,90,541,910,0,0,Low
2026-05-01,South,MAT-1001,Composite Utility Pole,189,15,1.13,1.678,329,66,395,628,0,0,Low
2026-06-01,South,MAT-1001,Composite Utility Pole,278,101,1.15,1.694,628,126,754,840,0,0,Low
2026-07-01,South,MAT-1001,Composite Utility Pole,262,116,1.13,1.711,621,124,745,852,0,0,Low
2026-08-01,South,MAT-1001,Composite Utility Pole,221,52,1.08,1.729,433,87,520,803,0,0,Low
2026-09-01,South,MAT-1001,Composite Utility Pole,202,67,1.0,1.746,399,80,479,542,0,0,Low
2026-10-01,South,MAT-1001,Composite Utility Pole,155,65,0.92,1.763,303,61,364,433,0,0,Low
2026-11-01,South,MAT-1001,Composite Utility Pole,164,69,0.87,1.781,307,61,368,535,0,0,Low
2026-12-01,South,MAT-1001,Composite Utility Pole,158,25,0.85,1.799,238,48,286,417,0,0,Low
2022-01-01,East,MAT-1001,Composite Utility Pole,209,19,0.87,1.0,169,34,203,278,0,0,Low
2022-02-01,East,MAT-1001,Composite Utility Pole,291,95,0.92,1.01,305,61,366,608,0,0,Low
2022-03-01,East,MAT-1001,Composite Utility Pole,309,47,1.0,1.02,309,62,371,593,0,0,Low
2022-04-01,East,MAT-1001,Composite Utility Pole,256,82,1.08,1.03,320,64,384,597,0,0,Low
2022-05-01,East,MAT-1001,Composite Utility Pole,267,38,1.13,1.041,305,61,366,429,0,0,Low
2022-06-01,East,MAT-1001,Composite Utility Pole,332,22,1.15,1.051,364,73,437,552,0,0,Low
2022-07-01,East,MAT-1001,Composite Utility Pole,350,148,1.13,1.062,508,102,610,853,0,0,Low
2022-08-01,East,MAT-1001,Composite Utility Pole,281,61,1.08,1.072,337,67,404,573,0,0,Low
2022-09-01,East,MAT-1001,Composite Utility Pole,259,77,1.0,1.083,309,62,371,589,0,0,Low
2022-10-01,East,MAT-1001,Composite Utility Pole,231,65,0.92,1.094,253,51,304,316,0,0,Low
2022-11-01,East,MAT-1001,Composite Utility Pole,210,55,0.87,1.105,216,43,259,362,0,0,Low
2022-12-01,East,MAT-1001,Composite Utility Pole,258,18,0.85,1.116,222,44,266,395,0,0,Low
2023-01-01,East,MAT-1001,Composite Utility Pole,260,80,0.87,1.127,283,57,340,435,0,0,Low
2023-02-01,East,MAT-1001,Composite Utility Pole,265,92,0.92,1.138,318,64,382,639,0,0,Low
2023-03-01,East,MAT-1001,Composite Utility Pole,232,21,1.0,1.149,247,49,296,327,0,0,Low
2023-04-01,East,MAT-1001,Composite Utility Pole,272,32,1.08,1.161,324,65,389,661,0,0,Low
2023-05-01,East,MAT-1001,Composite Utility Pole,254,111,1.13,1.173,411,82,493,592,0,0,Low
2023-06-01,East,MAT-1001,Composite Utility Pole,286,82,1.15,1.184,426,85,511,672,0,0,Low
2023-07-01,East,MAT-1001,Composite Utility Pole,355,59,1.13,1.196,476,95,571,604,0,0,Low
2023-08-01,East,MAT-1001,Composite Utility Pole,237,43,1.08,1.208,311,62,373,441,0,0,Low
2023-09-01,East,MAT-1001,Composite Utility Pole,307,107,1.0,1.22,429,86,515,808,0,0,Low
2023-10-01,East,MAT-1001,Composite Utility Pole,210,11,0.92,1.232,213,43,256,362,0,0,Low
2023-11-01,East,MAT-1001,Composite Utility Pole,215,39,0.87,1.245,234,47,281,399,0,0,Low
2023-12-01,East,MAT-1001,Composite Utility Pole,205,80,0.85,1.257,259,52,311,527,0,0,Low
2024-01-01,East,MAT-1001,Composite Utility Pole,269,32,0.87,1.27,283,57,340,486,0,0,Low
2024-02-01,East,MAT-1001,Composite Utility Pole,273,112,0.92,1.282,386,77,463,751,0,0,Low
2024-03-01,East,MAT-1001,Composite Utility Pole,281,61,1.0,1.295,377,75,452,710,0,0,Low
2024-04-01,East,MAT-1001,Composite Utility Pole,251,34,1.08,1.308,342,68,410,531,0,0,Low
2024-05-01,East,MAT-1001,Composite Utility Pole,274,31,1.13,1.321,387,77,464,545,0,0,Low
2024-06-01,East,MAT-1001,Composite Utility Pole,327,76,1.15,1.335,526,105,631,1037,0,0,Low
2024-07-01,East,MAT-1001,Composite Utility Pole,245,48,1.13,1.348,379,76,455,589,0,0,Low
2024-08-01,East,MAT-1001,Composite Utility Pole,337,86,1.08,1.361,529,106,635,661,0,0,Low
2024-09-01,East,MAT-1001,Composite Utility Pole,215,53,1.0,1.375,313,63,376,527,0,0,Low
2024-10-01,East,MAT-1001,Composite Utility Pole,242,77,0.92,1.389,346,69,415,425,0,0,Low
2024-11-01,East,MAT-1001,Composite Utility Pole,239,101,0.87,1.403,353,71,424,635,0,0,Low
2024-12-01,East,MAT-1001,Composite Utility Pole,248,84,0.85,1.417,340,68,408,529,0,0,Low
2025-01-01,East,MAT-1001,Composite Utility Pole,190,83,0.87,1.431,289,58,347,486,0,0,Low
2025-02-01,East,MAT-1001,Composite Utility Pole,248,39,0.92,1.445,324,65,389,434,0,0,Low
2025-03-01,East,MAT-1001,Composite Utility Pole,219,66,1.0,1.46,354,71,425,510,0,0,Low
2025-04-01,East,MAT-1001,Composite Utility Pole,250,62,1.08,1.474,422,84,506,860,0,0,Low
2025-05-01,East,MAT-1001,Composite Utility Pole,296,113,1.13,1.489,585,117,702,953,0,0,Low
2025-06-01,East,MAT-1001,Composite Utility Pole,291,96,1.15,1.504,569,114,683,1016,0,0,Low
2025-07-01,East,MAT-1001,Composite Utility Pole,346,94,1.13,1.519,642,128,770,1283,0,0,Low
2025-08-01,East,MAT-1001,Composite Utility Pole,244,29,1.08,1.534,384,77,461,684,0,0,Low
2025-09-01,East,MAT-1001,Composite Utility Pole,223,36,1.0,1.549,341,68,409,438,0,0,Low
2025-10-01,East,MAT-1001,Composite Utility Pole,289,66,0.92,1.565,434,87,521,617,0,0,Low
2025-11-01,East,MAT-1001,Composite Utility Pole,191,78,0.87,1.58,314,63,377,598,0,0,Low
2025-12-01,East,MAT-1001,Composite Utility Pole,198,28,0.85,1.596,261,52,313,325,0,0,Low
2026-01-01,East,MAT-1001,Composite Utility Pole,188,45,0.87,1.612,278,56,334,566,0,0,Low
2026-02-01,East,MAT-1001,Composite Utility Pole,272,60,0.92,1.628,423,85,508,704,0,0,Low
2026-03-01,East,MAT-1001,Composite Utility Pole,223,84,1.0,1.645,429,86,515,526,0,0,Low
2026-04-01,East,MAT-1001,Composite Utility Pole,341,65,1.08,1.661,619,124,743,825,0,0,Low
2026-05-01,East,MAT-1001,Composite Utility Pole,335,61,1.13,1.678,638,128,766,888,0,0,Low
2026-06-01,East,MAT-1001,Composite Utility Pole,325,123,1.15,1.694,742,148,890,1357,0,0,Low
2026-07-01,East,MAT-1001,Composite Utility Pole,333,30,1.13,1.711,597,119,716,1139,0,0,Low
2026-08-01,East,MAT-1001,Composite Utility Pole,282,23,1.08,1.729,484,97,581,647,0,0,Low
2026-09-01,East,MAT-1001,Composite Utility Pole,225,78,1.0,1.746,450,90,540,845,0,0,Low
2026-10-01,East,MAT-1001,Composite Utility Pole,266,55,0.92,1.763,443,89,532,879,0,0,Low
2026-11-01,East,MAT-1001,Composite Utility Pole,240,47,0.87,1.781,378,76,454,635,0,0,Low
2026-12-01,East,MAT-1001,Composite Utility Pole,260,26,0.85,1.799,372,74,446,709,0,0,Low
2022-01-01,West,MAT-1001,Composite Utility Pole,232,94,0.87,1.0,241,48,289,350,0,0,Low
2022-02-01,West,MAT-1001,Composite Utility Pole,192,12,0.92,1.01,161,32,193,205,0,0,Low
2022-03-01,West,MAT-1001,Composite Utility Pole,255,55,1.0,1.02,269,54,323,334,0,0,Low
2022-04-01,West,MAT-1001,Composite Utility Pole,230,86,1.08,1.03,299,60,359,416,0,0,Low
2022-05-01,West,MAT-1001,Composite Utility Pole,305,128,1.13,1.041,433,87,520,689,0,0,Low
2022-06-01,West,MAT-1001,Composite Utility Pole,233,47,1.15,1.051,288,58,346,419,0,0,Low
2022-07-01,West,MAT-1001,Composite Utility Pole,252,67,1.13,1.062,325,65,390,439,0,0,Low
2022-08-01,West,MAT-1001,Composite Utility Pole,221,77,1.08,1.072,293,59,352,353,0,0,Low
2022-09-01,West,MAT-1001,Composite Utility Pole,228,69,1.0,1.083,273,55,328,540,0,0,Low
2022-10-01,West,MAT-1001,Composite Utility Pole,250,103,0.92,1.094,302,60,362,575,0,0,Low
2022-11-01,West,MAT-1001,Composite Utility Pole,164,24,0.87,1.105,154,31,185,254,0,0,Low
2022-12-01,West,MAT-1001,Composite Utility Pole,211,83,0.85,1.116,237,47,284,476,0,0,Low
2023-01-01,West,MAT-1001,Composite Utility Pole,237,19,0.87,1.127,213,43,256,316,0,0,Low
2023-02-01,West,MAT-1001,Composite Utility Pole,174,24,0.92,1.138,176,35,211,240,0,0,Low
2023-03-01,West,MAT-1001,Composite Utility Pole,249,106,1.0,1.149,347,69,416,481,0,0,Low
2023-04-01,West,MAT-1001,Composite Utility Pole,218,66,1.08,1.161,303,61,364,564,0,0,Low
2023-05-01,West,MAT-1001,Composite Utility Pole,263,91,1.13,1.173,399,80,479,515,0,0,Low
2023-06-01,West,MAT-1001,Composite Utility Pole,279,108,1.15,1.184,448,90,538,713,0,0,Low
2023-07-01,West,MAT-1001,Composite Utility Pole,224,96,1.13,1.196,368,74,442,459,0,0,Low
2023-08-01,West,MAT-1001,Composite Utility Pole,238,89,1.08,1.208,363,73,436,657,0,0,Low
2023-09-01,West,MAT-1001,Composite Utility Pole,257,19,1.0,1.22,286,57,343,554,0,0,Low
2023-10-01,West,MAT-1001,Composite Utility Pole,203,54,0.92,1.232,248,50,298,481,0,0,Low
2023-11-01,West,MAT-1001,Composite Utility Pole,171,28,0.87,1.245,183,37,220,349,0,0,Low
2023-12-01,West,MAT-1001,Composite Utility Pole,232,52,0.85,1.257,258,52,310,334,0,0,Low
2024-01-01,West,MAT-1001,Composite Utility Pole,224,12,0.87,1.27,222,44,266,341,0,0,Low
2024-02-01,West,MAT-1001,Composite Utility Pole,206,54,0.92,1.282,261,52,313,405,0,0,Low
2024-03-01,West,MAT-1001,Composite Utility Pole,254,52,1.0,1.295,337,67,404,496,0,0,Low
2024-04-01,West,MAT-1001,Composite Utility Pole,276,14,1.08,1.308,348,70,418,455,0,0,Low
2024-05-01,West,MAT-1001,Composite Utility Pole,300,49,1.13,1.321,443,89,532,801,0,0,Low
2024-06-01,West,MAT-1001,Composite Utility Pole,255,17,1.15,1.335,355,71,426,506,0,0,Low
2024-07-01,West,MAT-1001,Composite Utility Pole,253,63,1.13,1.348,409,82,491,573,0,0,Low
2024-08-01,West,MAT-1001,Composite Utility Pole,245,32,1.08,1.361,346,69,415,657,0,0,Low
2024-09-01,West,MAT-1001,Composite Utility Pole,187,42,1.0,1.375,268,54,322,503,0,0,Low
2024-10-01,West,MAT-1001,Composite Utility Pole,251,102,0.92,1.389,383,77,460,709,0,0,Low
2024-11-01,West,MAT-1001,Composite Utility Pole,183,41,0.87,1.403,232,46,278,434,0,0,Low
2024-12-01,West,MAT-1001,Composite Utility Pole,219,62,0.85,1.417,288,58,346,407,0,0,Low
2025-01-01,West,MAT-1001,Composite Utility Pole,175,75,0.87,1.431,265,53,318,433,0,0,Low
2025-02-01,West,MAT-1001,Composite Utility Pole,226,84,0.92,1.445,350,70,420,617,0,0,Low
2025-03-01,West,MAT-1001,Composite Utility Pole,221,15,1.0,1.46,293,59,352,482,0,0,Low
2025-04-01,West,MAT-1001,Composite Utility Pole,243,83,1.08,1.474,441,88,529,697,0,0,Low
2025-05-01,West,MAT-1001,Composite Utility Pole,274,36,1.13,1.489,443,89,532,707,0,0,Low
2025-06-01,West,MAT-1001,Composite Utility Pole,291,97,1.15,1.504,570,114,684,1130,0,0,Low
2025-07-01,West,MAT-1001,Composite Utility Pole,234,59,1.13,1.519,427,85,512,851,0,0,Low
2025-08-01,West,MAT-1001,Composite Utility Pole,284,77,1.08,1.534,508,102,610,611,0,0,Low
2025-09-01,West,MAT-1001,Composite Utility Pole,238,104,1.0,1.549,450,90,540,631,0,0,Low
2025-10-01,West,MAT-1001,Composite Utility Pole,247,26,0.92,1.565,334,67,401,436,0,0,Low
2025-11-01,West,MAT-1001,Composite Utility Pole,195,31,0.87,1.58,264,53,317,492,0,0,Low
2025-12-01,West,MAT-1001,Composite Utility Pole,189,20,0.85,1.596,241,48,289,451,0,0,Low
2026-01-01,West,MAT-1001,Composite Utility Pole,216,46,0.87,1.612,312,62,374,401,0,0,Low
2026-02-01,West,MAT-1001,Composite Utility Pole,200,86,0.92,1.628,364,73,437,673,0,0,Low
2026-03-01,West,MAT-1001,Composite Utility Pole,213,72,1.0,1.645,398,80,478,785,0,0,Low
2026-04-01,West,MAT-1001,Composite Utility Pole,282,86,1.08,1.661,561,112,673,933,0,0,Low
2026-05-01,West,MAT-1001,Composite Utility Pole,285,84,1.13,1.678,595,119,714,817,0,0,Low
2026-06-01,West,MAT-1001,Composite Utility Pole,218,87,1.15,1.694,505,101,606,1009,0,0,Low
2026-07-01,West,MAT-1001,Composite Utility Pole,293,99,1.13,1.711,644,129,773,961,0,0,Low
2026-08-01,West,MAT-1001,Composite Utility Pole,261,100,1.08,1.729,573,115,688,1057,0,0,Low
2026-09-01,West,MAT-1001,Composite Utility Pole,219,17,1.0,1.746,350,70,420,471,0,0,Low
2026-10-01,West,MAT-1001,Composite Utility Pole,215,86,0.92,1.763,415,83,498,560,0,0,Low
2026-11-01,West,MAT-1001,Composite Utility Pole,240,90,0.87,1.781,435,87,522,823,0,0,Low
2026-12-01,West,MAT-1001,Composite Utility Pole,194,31,0.85,1.799,292,58,350,462,0,0,Low
2022-01-01,North,MAT-1002,Crossarm Assembly,75,30,0.87,1.0,78,16,94,154,0,0,Low
2022-02-01,North,MAT-1002,Crossarm Assembly,82,8,0.92,1.01,71,14,85,91,0,0,Low
2022-03-01,North,MAT-1002,Crossarm Assembly,73,21,1.0,1.02,82,16,98,151,0,0,Low
2022-04-01,North,MAT-1002,Crossarm Assembly,94,18,1.08,1.03,106,21,127,141,0,0,Low
2022-05-01,North,MAT-1002,Crossarm Assembly,84,22,1.13,1.041,106,21,127,139,0,0,Low
2022-06-01,North,MAT-1002,Crossarm Assembly,86,35,1.15,1.051,124,25,149,156,0,0,Low
2022-07-01,North,MAT-1002,Crossarm Assembly,78,27,1.13,1.062,107,21,128,200,0,0,Low
2022-08-01,North,MAT-1002,Crossarm Assembly,104,38,1.08,1.072,140,28,168,190,0,0,Low
2022-09-01,North,MAT-1002,Crossarm Assembly,74,11,1.0,1.083,78,16,94,133,0,0,Low
2022-10-01,North,MAT-1002,Crossarm Assembly,81,27,0.92,1.094,92,18,110,124,0,0,Low
2022-11-01,North,MAT-1002,Crossarm Assembly,60,15,0.87,1.105,61,12,73,75,0,0,Low
2022-12-01,North,MAT-1002,Crossarm Assembly,75,24,0.85,1.116,80,16,96,134,0,0,Low
2023-01-01,North,MAT-1002,Crossarm Assembly,74,20,0.87,1.127,78,16,94,151,0,0,Low
2023-02-01,North,MAT-1002,Crossarm Assembly,86,36,0.92,1.138,109,22,131,175,0,0,Low
2023-03-01,North,MAT-1002,Crossarm Assembly,68,22,1.0,1.149,88,18,106,129,0,0,Low
2023-04-01,North,MAT-1002,Crossarm Assembly,78,11,1.08,1.161,95,19,114,129,0,0,Low
2023-05-01,North,MAT-1002,Crossarm Assembly,81,26,1.13,1.173,121,24,145,240,0,0,Low
2023-06-01,North,MAT-1002,Crossarm Assembly,81,28,1.15,1.184,126,25,151,255,0,0,Low
2023-07-01,North,MAT-1002,Crossarm Assembly,87,15,1.13,1.196,117,23,140,191,0,0,Low
2023-08-01,North,MAT-1002,Crossarm Assembly,110,34,1.08,1.208,160,32,192,222,0,0,Low
2023-09-01,North,MAT-1002,Crossarm Assembly,78,19,1.0,1.22,101,20,121,173,0,0,Low
2023-10-01,North,MAT-1002,Crossarm Assembly,92,19,0.92,1.232,107,21,128,151,0,0,Low
2023-11-01,North,MAT-1002,Crossarm Assembly,84,24,0.87,1.245,99,20,119,170,0,0,Low
2023-12-01,North,MAT-1002,Crossarm Assembly,73,30,0.85,1.257,94,19,113,145,0,0,Low
2024-01-01,North,MAT-1002,Crossarm Assembly,61,11,0.87,1.27,68,14,82,125,0,0,Low
2024-02-01,North,MAT-1002,Crossarm Assembly,89,28,0.92,1.282,117,23,140,238,0,0,Low
2024-03-01,North,MAT-1002,Crossarm Assembly,98,21,1.0,1.295,131,26,157,212,0,0,Low
2024-04-01,North,MAT-1002,Crossarm Assembly,110,34,1.08,1.308,173,35,208,343,0,0,Low
2024-05-01,North,MAT-1002,Crossarm Assembly,96,6,1.13,1.321,129,26,155,236,0,0,Low
2024-06-01,North,MAT-1002,Crossarm Assembly,111,47,1.15,1.335,206,41,247,276,0,0,Low
2024-07-01,North,MAT-1002,Crossarm Assembly,103,36,1.13,1.348,180,36,216,253,0,0,Low
2024-08-01,North,MAT-1002,Crossarm Assembly,101,8,1.08,1.361,136,27,163,206,0,0,Low
2024-09-01,North,MAT-1002,Crossarm Assembly,90,26,1.0,1.375,136,27,163,185,0,0,Low
2024-10-01,North,MAT-1002,Crossarm Assembly,84,18,0.92,1.389,111,22,133,223,0,0,Low
2024-11-01,North,MAT-1002,Crossarm Assembly,83,15,0.87,1.403,102,20,122,155,0,0,Low
2024-12-01,North,MAT-1002,Crossarm Assembly,59,9,0.85,1.417,70,14,84,118,0,0,Low
2025-01-01,North,MAT-1002,Crossarm Assembly,73,8,0.87,1.431,86,17,103,113,0,0,Low
2025-02-01,North,MAT-1002,Crossarm Assembly,88,6,0.92,1.445,106,21,127,184,0,0,Low
2025-03-01,North,MAT-1002,Crossarm Assembly,71,25,1.0,1.46,119,24,143,223,0,0,Low
2025-04-01,North,MAT-1002,Crossarm Assembly,86,14,1.08,1.474,135,27,162,271,0,0,Low
2025-05-01,North,MAT-1002,Crossarm Assembly,89,15,1.13,1.489,149,30,179,289,0,0,Low
2025-06-01,North,MAT-1002,Crossarm Assembly,106,26,1.15,1.504,194,39,233,317,0,0,Low
2025-07-01,North,MAT-1002,Crossarm Assembly,115,41,1.13,1.519,228,46,274,369,0,0,Low
2025-08-01,North,MAT-1002,Crossarm Assembly,99,27,1.08,1.534,177,35,212,245,0,0,Low
2025-09-01,North,MAT-1002,Crossarm Assembly,83,7,1.0,1.549,119,24,143,167,0,0,Low
2025-10-01,North,MAT-1002,Crossarm Assembly,77,14,0.92,1.565,111,22,133,169,0,0,Low
2025-11-01,North,MAT-1002,Crossarm Assembly,88,39,0.87,1.58,148,30,178,180,0,0,Low
2025-12-01,North,MAT-1002,Crossarm Assembly,68,23,0.85,1.596,105,21,126,172,0,0,Low
2026-01-01,North,MAT-1002,Crossarm Assembly,69,28,0.87,1.612,116,23,139,190,0,0,Low
2026-02-01,North,MAT-1002,Crossarm Assembly,68,19,0.92,1.628,111,22,133,187,0,0,Low
2026-03-01,North,MAT-1002,Crossarm Assembly,72,9,1.0,1.645,113,23,136,147,0,0,Low
2026-04-01,North,MAT-1002,Crossarm Assembly,96,41,1.08,1.661,209,42,251,323,0,0,Low
2026-05-01,North,MAT-1002,Crossarm Assembly,89,20,1.13,1.678,176,35,211,254,0,0,Low
2026-06-01,North,MAT-1002,Crossarm Assembly,81,23,1.15,1.694,172,34,206,270,0,0,Low
2026-07-01,North,MAT-1002,Crossarm Assembly,106,12,1.13,1.711,194,39,233,291,0,0,Low
2026-08-01,North,MAT-1002,Crossarm Assembly,83,19,1.08,1.729,162,32,194,245,0,0,Low
2026-09-01,North,MAT-1002,Crossarm Assembly,78,29,1.0,1.746,159,32,191,312,0,0,Low
2026-10-01,North,MAT-1002,Crossarm Assembly,69,8,0.92,1.763,106,21,127,204,0,0,Low
2026-11-01,North,MAT-1002,Crossarm Assembly,67,11,0.87,1.781,103,21,124,134,0,0,Low
2026-12-01,North,MAT-1002,Crossarm Assembly,74,30,0.85,1.799,135,27,162,191,0,0,Low
2022-01-01,South,MAT-1002,Crossarm Assembly,70,24,0.87,1.0,70,14,84,107,0,0,Low
2022-02-01,South,MAT-1002,Crossarm Assembly,60,14,0.92,1.01,58,12,70,106,0,0,Low
2022-03-01,South,MAT-1002,Crossarm Assembly,75,15,1.0,1.02,78,16,94,129,0,0,Low
2022-04-01,South,MAT-1002,Crossarm Assembly,80,25,1.08,1.03,99,20,119,187,0,0,Low
2022-05-01,South,MAT-1002,Crossarm Assembly,87,15,1.13,1.041,102,20,122,163,0,0,Low
2022-06-01,South,MAT-1002,Crossarm Assembly,79,11,1.15,1.051,92,18,110,189,0,0,Low
2022-07-01,South,MAT-1002,Crossarm Assembly,92,17,1.13,1.062,111,22,133,149,0,0,Low
2022-08-01,South,MAT-1002,Crossarm Assembly,94,20,1.08,1.072,112,22,134,200,0,0,Low
2022-09-01,South,MAT-1002,Crossarm Assembly,80,10,1.0,1.083,83,17,100,126,0,0,Low
2022-10-01,South,MAT-1002,Crossarm Assembly,78,27,0.92,1.094,90,18,108,134,0,0,Low
2022-11-01,South,MAT-1002,Crossarm Assembly,69,19,0.87,1.105,72,14,86,140,0,0,Low
2022-12-01,South,MAT-1002,Crossarm Assembly,78,17,0.85,1.116,77,15,92,94,0,0,Low
2023-01-01,South,MAT-1002,Crossarm Assembly,79,24,0.87,1.127,86,17,103,174,0,0,Low
2023-02-01,South,MAT-1002,Crossarm Assembly,89,15,0.92,1.138,93,19,112,162,0,0,Low
2023-03-01,South,MAT-1002,Crossarm Assembly,71,5,1.0,1.149,74,15,89,122,0,0,Low
2023-04-01,South,MAT-1002,Crossarm Assembly,86,4,1.08,1.161,96,19,115,150,0,0,Low
2023-05-01,South,MAT-1002,Crossarm Assembly,79,20,1.13,1.173,111,22,133,135,0,0,Low
2023-06-01,South,MAT-1002,Crossarm Assembly,77,29,1.15,1.184,123,25,148,192,0,0,Low
2023-07-01,South,MAT-1002,Crossarm Assembly,108,36,1.13,1.196,165,33,198,207,0,0,Low
2023-08-01,South,MAT-1002,Crossarm Assembly,102,43,1.08,1.208,161,32,193,267,0,0,Low
2023-09-01,South,MAT-1002,Crossarm Assembly,76,8,1.0,1.22,87,17,104,170,0,0,Low
2023-10-01,South,MAT-1002,Crossarm Assembly,71,8,0.92,1.232,76,15,91,143,0,0,Low
2023-11-01,South,MAT-1002,Crossarm Assembly,67,13,0.87,1.245,74,15,89,130,0,0,Low
2023-12-01,South,MAT-1002,Crossarm Assembly,74,21,0.85,1.257,86,17,103,150,0,0,Low
2024-01-01,South,MAT-1002,Crossarm Assembly,78,14,0.87,1.27,86,17,103,166,0,0,Low
2024-02-01,South,MAT-1002,Crossarm Assembly,87,9,0.92,1.282,96,19,115,182,0,0,Low
2024-03-01,South,MAT-1002,Crossarm Assembly,82,10,1.0,1.295,101,20,121,185,0,0,Low
2024-04-01,South,MAT-1002,Crossarm Assembly,87,16,1.08,1.308,124,25,149,224,0,0,Low
2024-05-01,South,MAT-1002,Crossarm Assembly,96,15,1.13,1.321,141,28,169,240,0,0,Low
2024-06-01,South,MAT-1002,Crossarm Assembly,111,49,1.15,1.335,209,42,251,400,0,0,Low
2024-07-01,South,MAT-1002,Crossarm Assembly,95,35,1.13,1.348,168,34,202,248,0,0,Low
2024-08-01,South,MAT-1002,Crossarm Assembly,75,32,1.08,1.361,134,27,161,181,0,0,Low
2024-09-01,South,MAT-1002,Crossarm Assembly,85,35,1.0,1.375,140,28,168,192,0,0,Low
2024-10-01,South,MAT-1002,Crossarm Assembly,63,14,0.92,1.389,84,17,101,108,0,0,Low
2024-11-01,South,MAT-1002,Crossarm Assembly,75,18,0.87,1.403,96,19,115,133,0,0,Low
2024-12-01,South,MAT-1002,Crossarm Assembly,78,26,0.85,1.417,106,21,127,146,0,0,Low
2025-01-01,South,MAT-1002,Crossarm Assembly,61,22,0.87,1.431,88,18,106,174,0,0,Low
2025-02-01,South,MAT-1002,Crossarm Assembly,78,5,0.92,1.445,94,19,113,133,0,0,Low
2025-03-01,South,MAT-1002,Crossarm Assembly,71,13,1.0,1.46,104,21,125,157,0,0,Low
2025-04-01,South,MAT-1002,Crossarm Assembly,89,6,1.08,1.474,129,26,155,213,0,0,Low
2025-05-01,South,MAT-1002,Crossarm Assembly,105,28,1.13,1.489,190,38,228,241,0,0,Low
2025-06-01,South,MAT-1002,Crossarm Assembly,87,11,1.15,1.504,144,29,173,263,0,0,Low
2025-07-01,South,MAT-1002,Crossarm Assembly,94,13,1.13,1.519,156,31,187,292,0,0,Low
2025-08-01,South,MAT-1002,Crossarm Assembly,90,14,1.08,1.534,146,29,175,214,0,0,Low
2025-09-01,South,MAT-1002,Crossarm Assembly,91,14,1.0,1.549,138,28,166,265,0,0,Low
2025-10-01,South,MAT-1002,Crossarm Assembly,84,17,0.92,1.565,124,25,149,206,0,0,Low
2025-11-01,South,MAT-1002,Crossarm Assembly,77,29,0.87,1.58,124,25,149,224,0,0,Low
2025-12-01,South,MAT-1002,Crossarm Assembly,56,19,0.85,1.596,86,17,103,124,0,0,Low
2026-01-01,South,MAT-1002,Crossarm Assembly,64,9,0.87,1.612,87,17,104,159,0,0,Low
2026-02-01,South,MAT-1002,Crossarm Assembly,80,14,0.92,1.628,120,24,144,180,0,0,Low
2026-03-01,South,MAT-1002,Crossarm Assembly,97,8,1.0,1.645,147,29,176,281,0,0,Low
2026-04-01,South,MAT-1002,Crossarm Assembly,81,6,1.08,1.661,133,27,160,185,0,0,Low
2026-05-01,South,MAT-1002,Crossarm Assembly,93,28,1.13,1.678,195,39,234,252,0,0,Low
2026-06-01,South,MAT-1002,Crossarm Assembly,76,6,1.15,1.694,136,27,163,274,0,0,Low
2026-07-01,South,MAT-1002,Crossarm Assembly,74,17,1.13,1.711,150,30,180,188,0,0,Low
2026-08-01,South,MAT-1002,Crossarm Assembly,93,16,1.08,1.729,173,35,208,291,0,0,Low
2026-09-01,South,MAT-1002,Crossarm Assembly,77,23,1.0,1.746,148,30,178,196,0,0,Low
2026-10-01,South,MAT-1002,Crossarm Assembly,78,31,0.92,1.763,150,30,180,296,0,0,Low
2026-11-01,South,MAT-1002,Crossarm Assembly,63,24,0.87,1.781,115,23,138,145,0,0,Low
2026-12-01,South,MAT-1002,Crossarm Assembly,79,31,0.85,1.799,143,29,172,257,0,0,Low
2022-01-01,East,MAT-1002,Crossarm Assembly,72,14,0.87,1.0,64,13,77,127,0,0,Low
2022-02-01,East,MAT-1002,Crossarm Assembly,78,9,0.92,1.01,69,14,83,96,0,0,Low
2022-03-01,East,MAT-1002,Crossarm Assembly,96,7,1.0,1.02,89,18,107,120,0,0,Low
2022-04-01,East,MAT-1002,Crossarm Assembly,129,14,1.08,1.03,135,27,162,235,0,0,Low
2022-05-01,East,MAT-1002,Crossarm Assembly,124,47,1.13,1.041,171,34,205,243,0,0,Low
2022-06-01,East,MAT-1002,Crossarm Assembly,140,56,1.15,1.051,201,40,241,369,0,0,Low
2022-07-01,East,MAT-1002,Crossarm Assembly,129,9,1.13,1.062,141,28,169,213,0,0,Low
2022-08-01,East,MAT-1002,Crossarm Assembly,115,49,1.08,1.072,161,32,193,240,0,0,Low
2022-09-01,East,MAT-1002,Crossarm Assembly,87,11,1.0,1.083,90,18,108,162,0,0,Low
2022-10-01,East,MAT-1002,Crossarm Assembly,111,44,0.92,1.094,133,27,160,209,0,0,Low
2022-11-01,East,MAT-1002,Crossarm Assembly,97,8,0.87,1.105,86,17,103,118,0,0,Low
2022-12-01,East,MAT-1002,Crossarm Assembly,97,35,0.85,1.116,106,21,127,211,0,0,Low
2023-01-01,East,MAT-1002,Crossarm Assembly,85,8,0.87,1.127,77,15,92,97,0,0,Low
2023-02-01,East,MAT-1002,Crossarm Assembly,112,35,0.92,1.138,131,26,157,250,0,0,Low
2023-03-01,East,MAT-1002,Crossarm Assembly,113,29,1.0,1.149,139,28,167,257,0,0,Low
2023-04-01,East,MAT-1002,Crossarm Assembly,118,46,1.08,1.161,175,35,210,342,0,0,Low
2023-05-01,East,MAT-1002,Crossarm Assembly,126,19,1.13,1.173,163,33,196,207,0,0,Low
2023-06-01,East,MAT-1002,Crossarm Assembly,106,38,1.15,1.184,167,33,200,220,0,0,Low
2023-07-01,East,MAT-1002,Crossarm Assembly,125,32,1.13,1.196,180,36,216,311,0,0,Low
2023-08-01,East,MAT-1002,Crossarm Assembly,124,41,1.08,1.208,183,37,220,290,0,0,Low
2023-09-01,East,MAT-1002,Crossarm Assembly,95,14,1.0,1.22,113,23,136,167,0,0,Low
2023-10-01,East,MAT-1002,Crossarm Assembly,105,19,0.92,1.232,120,24,144,170,0,0,Low
2023-11-01,East,MAT-1002,Crossarm Assembly,74,32,0.87,1.245,98,20,118,147,0,0,Low
2023-12-01,East,MAT-1002,Crossarm Assembly,83,33,0.85,1.257,105,21,126,167,0,0,Low
2024-01-01,East,MAT-1002,Crossarm Assembly,102,36,0.87,1.27,130,26,156,254,0,0,Low
2024-02-01,East,MAT-1002,Crossarm Assembly,112,23,0.92,1.282,135,27,162,200,0,0,Low
2024-03-01,East,MAT-1002,Crossarm Assembly,124,22,1.0,1.295,161,32,193,263,0,0,Low
2024-04-01,East,MAT-1002,Crossarm Assembly,130,39,1.08,1.308,203,41,244,328,0,0,Low
2024-05-01,East,MAT-1002,Crossarm Assembly,126,13,1.13,1.321,176,35,211,264,0,0,Low
2024-06-01,East,MAT-1002,Crossarm Assembly,129,55,1.15,1.335,240,48,288,433,0,0,Low
2024-07-01,East,MAT-1002,Crossarm Assembly,121,24,1.13,1.348,188,38,226,226,0,0,Low
2024-08-01,East,MAT-1002,Crossarm Assembly,122,25,1.08,1.361,184,37,221,296,0,0,Low
2024-09-01,East,MAT-1002,Crossarm Assembly,106,10,1.0,1.375,136,27,163,218,0,0,Low
2024-10-01,East,MAT-1002,Crossarm Assembly,81,27,0.92,1.389,117,23,140,227,0,0,Low
2024-11-01,East,MAT-1002,Crossarm Assembly,77,12,0.87,1.403,92,18,110,155,0,0,Low
2024-12-01,East,MAT-1002,Crossarm Assembly,75,22,0.85,1.417,99,20,119,144,0,0,Low
2025-01-01,East,MAT-1002,Crossarm Assembly,85,11,0.87,1.431,102,20,122,136,0,0,Low
2025-02-01,East,MAT-1002,Crossarm Assembly,78,13,0.92,1.445,103,21,124,178,0,0,Low
2025-03-01,East,MAT-1002,Crossarm Assembly,95,18,1.0,1.46,140,28,168,171,0,0,Low
2025-04-01,East,MAT-1002,Crossarm Assembly,106,18,1.08,1.474,168,34,202,270,0,0,Low
2025-05-01,East,MAT-1002,Crossarm Assembly,96,35,1.13,1.489,187,37,224,268,0,0,Low
2025-06-01,East,MAT-1002,Crossarm Assembly,122,46,1.15,1.504,247,49,296,449,0,0,Low
2025-07-01,East,MAT-1002,Crossarm Assembly,122,31,1.13,1.519,223,45,268,390,0,0,Low
2025-08-01,East,MAT-1002,Crossarm Assembly,127,13,1.08,1.534,197,39,236,239,0,0,Low
2025-09-01,East,MAT-1002,Crossarm Assembly,111,11,1.0,1.549,161,32,193,256,0,0,Low
2025-10-01,East,MAT-1002,Crossarm Assembly,101,32,0.92,1.565,163,33,196,291,0,0,Low
2025-11-01,East,MAT-1002,Crossarm Assembly,100,11,0.87,1.58,130,26,156,259,0,0,Low
2025-12-01,East,MAT-1002,Crossarm Assembly,102,19,0.85,1.596,140,28,168,226,0,0,Low
2026-01-01,East,MAT-1002,Crossarm Assembly,96,41,0.87,1.612,163,33,196,268,0,0,Low
2026-02-01,East,MAT-1002,Crossarm Assembly,103,19,0.92,1.628,155,31,186,236,0,0,Low
2026-03-01,East,MAT-1002,Crossarm Assembly,97,41,1.0,1.645,193,39,232,366,0,0,Low
2026-04-01,East,MAT-1002,Crossarm Assembly,89,39,1.08,1.661,195,39,234,300,0,0,Low
2026-05-01,East,MAT-1002,Crossarm Assembly,97,13,1.13,1.678,177,35,212,283,0,0,Low
2026-06-01,East,MAT-1002,Crossarm Assembly,99,23,1.15,1.694,202,40,242,250,0,0,Low
2026-07-01,East,MAT-1002,Crossarm Assembly,125,33,1.13,1.711,260,52,312,504,0,0,Low
2026-08-01,East,MAT-1002,Crossarm Assembly,95,22,1.08,1.729,186,37,223,310,0,0,Low
2026-09-01,East,MAT-1002,Crossarm Assembly,96,13,1.0,1.746,162,32,194,199,0,0,Low
2026-10-01,East,MAT-1002,Crossarm Assembly,106,7,0.92,1.763,156,31,187,316,0,0,Low
2026-11-01,East,MAT-1002,Crossarm Assembly,78,33,0.87,1.781,146,29,175,180,0,0,Low
2026-12-01,East,MAT-1002,Crossarm Assembly,74,18,0.85,1.799,120,24,144,204,0,0,Low
2022-01-01,West,MAT-1002,Crossarm Assembly,73,19,0.87,1.0,68,14,82,132,0,0,Low
2022-02-01,West,MAT-1002,Crossarm Assembly,89,30,0.92,1.01,94,19,113,115,0,0,Low
2022-03-01,West,MAT-1002,Crossarm Assembly,97,16,1.0,1.02,98,20,118,158,0,0,Low
2022-04-01,West,MAT-1002,Crossarm Assembly,95,42,1.08,1.03,130,26,156,236,0,0,Low
2022-05-01,West,MAT-1002,Crossarm Assembly,115,32,1.13,1.041,147,29,176,294,0,0,Low
2022-06-01,West,MAT-1002,Crossarm Assembly,102,26,1.15,1.051,132,26,158,206,0,0,Low
2022-07-01,West,MAT-1002,Crossarm Assembly,116,37,1.13,1.062,156,31,187,302,0,0,Low
2022-08-01,West,MAT-1002,Crossarm Assembly,115,46,1.08,1.072,158,32,190,260,0,0,Low
2022-09-01,West,MAT-1002,Crossarm Assembly,75,32,1.0,1.083,98,20,118,165,0,0,Low
2022-10-01,West,MAT-1002,Crossarm Assembly,93,41,0.92,1.094,115,23,138,205,0,0,Low
2022-11-01,West,MAT-1002,Crossarm Assembly,67,19,0.87,1.105,70,14,84,108,0,0,Low
2022-12-01,West,MAT-1002,Crossarm Assembly,62,23,0.85,1.116,69,14,83,90,0,0,Low
2023-01-01,West,MAT-1002,Crossarm Assembly,63,5,0.87,1.127,57,11,68,78,0,0,Low
2023-02-01,West,MAT-1002,Crossarm Assembly,71,13,0.92,1.138,75,15,90,131,0,0,Low
2023-03-01,West,MAT-1002,Crossarm Assembly,94,9,1.0,1.149,101,20,121,170,0,0,Low
2023-04-01,West,MAT-1002,Crossarm Assembly,115,33,1.08,1.161,158,32,190,258,0,0,Low
2023-05-01,West,MAT-1002,Crossarm Assembly,112,8,1.13,1.173,135,27,162,172,0,0,Low
2023-06-01,West,MAT-1002,Crossarm Assembly,116,35,1.15,1.184,175,35,210,277,0,0,Low
2023-07-01,West,MAT-1002,Crossarm Assembly,88,36,1.13,1.196,142,28,170,201,0,0,Low
2023-08-01,West,MAT-1002,Crossarm Assembly,99,33,1.08,1.208,146,29,175,224,0,0,Low
2023-09-01,West,MAT-1002,Crossarm Assembly,82,6,1.0,1.22,91,18,109,143,0,0,Low
2023-10-01,West,MAT-1002,Crossarm Assembly,76,33,0.92,1.232,105,21,126,182,0,0,Low
2023-11-01,West,MAT-1002,Crossarm Assembly,76,17,0.87,1.245,86,17,103,162,0,0,Low
2023-12-01,West,MAT-1002,Crossarm Assembly,83,21,0.85,1.257,94,19,113,174,0,0,Low
2024-01-01,West,MAT-1002,Crossarm Assembly,66,22,0.87,1.27,83,17,100,111,0,0,Low
2024-02-01,West,MAT-1002,Crossarm Assembly,82,26,0.92,1.282,108,22,130,194,0,0,Low
2024-03-01,West,MAT-1002,Crossarm Assembly,100,33,1.0,1.295,146,29,175,237,0,0,Low
2024-04-01,West,MAT-1002,Crossarm Assembly,91,35,1.08,1.308,151,30,181,267,0,0,Low
2024-05-01,West,MAT-1002,Crossarm Assembly,121,23,1.13,1.321,183,37,220,304,0,0,Low
2024-06-01,West,MAT-1002,Crossarm Assembly,85,30,1.15,1.335,150,30,180,226,0,0,Low
2024-07-01,West,MAT-1002,Crossarm Assembly,82,17,1.13,1.348,128,26,154,232,0,0,Low
2024-08-01,West,MAT-1002,Crossarm Assembly,82,16,1.08,1.361,122,24,146,177,0,0,Low
2024-09-01,West,MAT-1002,Crossarm Assembly,90,6,1.0,1.375,112,22,134,140,0,0,Low
2024-10-01,West,MAT-1002,Crossarm Assembly,85,19,0.92,1.389,113,23,136,170,0,0,Low
2024-11-01,West,MAT-1002,Crossarm Assembly,84,23,0.87,1.403,111,22,133,217,0,0,Low
2024-12-01,West,MAT-1002,Crossarm Assembly,86,17,0.85,1.417,105,21,126,150,0,0,Low
2025-01-01,West,MAT-1002,Crossarm Assembly,70,22,0.87,1.431,97,19,116,192,0,0,Low
2025-02-01,West,MAT-1002,Crossarm Assembly,78,28,0.92,1.445,120,24,144,149,0,0,Low
2025-03-01,West,MAT-1002,Crossarm Assembly,89,23,1.0,1.46,139,28,167,271,0,0,Low
2025-04-01,West,MAT-1002,Crossarm Assembly,82,26,1.08,1.474,146,29,175,258,0,0,Low
2025-05-01,West,MAT-1002,Crossarm Assembly,92,38,1.13,1.489,186,37,223,251,0,0,Low
2025-06-01,West,MAT-1002,Crossarm Assembly,122,13,1.15,1.504,198,40,238,377,0,0,Low
2025-07-01,West,MAT-1002,Crossarm Assembly,98,11,1.13,1.519,159,32,191,269,0,0,Low
2025-08-01,West,MAT-1002,Crossarm Assembly,99,26,1.08,1.534,176,35,211,324,0,0,Low
2025-09-01,West,MAT-1002,Crossarm Assembly,81,16,1.0,1.549,128,26,154,248,0,0,Low
2025-10-01,West,MAT-1002,Crossarm Assembly,67,28,0.92,1.565,116,23,139,237,0,0,Low
2025-11-01,West,MAT-1002,Crossarm Assembly,75,26,0.87,1.58,118,24,142,161,0,0,Low
2025-12-01,West,MAT-1002,Crossarm Assembly,88,31,0.85,1.596,137,27,164,262,0,0,Low
2026-01-01,West,MAT-1002,Crossarm Assembly,72,20,0.87,1.612,110,22,132,152,0,0,Low
2026-02-01,West,MAT-1002,Crossarm Assembly,93,15,0.92,1.628,138,28,166,228,0,0,Low
2026-03-01,West,MAT-1002,Crossarm Assembly,81,36,1.0,1.645,164,33,197,300,0,0,Low
2026-04-01,West,MAT-1002,Crossarm Assembly,115,20,1.08,1.661,206,41,247,300,0,0,Low
2026-05-01,West,MAT-1002,Crossarm Assembly,100,30,1.13,1.678,209,42,251,251,0,0,Low
2026-06-01,West,MAT-1002,Crossarm Assembly,109,35,1.15,1.694,239,48,287,477,0,0,Low
2026-07-01,West,MAT-1002,Crossarm Assembly,88,9,1.13,1.711,159,32,191,301,0,0,Low
2026-08-01,West,MAT-1002,Crossarm Assembly,110,23,1.08,1.729,211,42,253,399,0,0,Low
2026-09-01,West,MAT-1002,Crossarm Assembly,96,29,1.0,1.746,185,37,222,273,0,0,Low
2026-10-01,West,MAT-1002,Crossarm Assembly,76,23,0.92,1.763,137,27,164,189,0,0,Low
2026-11-01,West,MAT-1002,Crossarm Assembly,77,20,0.87,1.781,128,26,154,252,0,0,Low
2026-12-01,West,MAT-1002,Crossarm Assembly,70,5,0.85,1.799,97,19,116,169,0,0,Low
2022-01-01,North,MAT-1003,15 kV Cable,7117,1495,0.87,1.0,6369,1274,7643,11260,0,0,Low
2022-02-01,North,MAT-1003,15 kV Cable,7577,3158,0.92,1.01,8479,1696,10175,14935,0,0,Low
2022-03-01,North,MAT-1003,15 kV Cable,8688,2460,1.0,1.02,9666,1933,11599,19092,0,0,Low
2022-04-01,North,MAT-1003,15 kV Cable,8109,3083,1.08,1.03,10586,2117,12703,14520,0,0,Low
2022-05-01,North,MAT-1003,15 kV Cable,9947,2712,1.13,1.041,12653,2531,15184,15229,0,0,Low
2022-06-01,North,MAT-1003,15 kV Cable,11094,1792,1.15,1.051,13239,2648,15887,24613,0,0,Low
2022-07-01,North,MAT-1003,15 kV Cable,8820,1322,1.13,1.062,10341,2068,12409,19904,0,0,Low
2022-08-01,North,MAT-1003,15 kV Cable,8370,3436,1.08,1.072,11620,2324,13944,17016,0,0,Low
2022-09-01,North,MAT-1003,15 kV Cable,9871,4166,1.0,1.083,12920,2584,15504,16309,0,0,Low
2022-10-01,North,MAT-1003,15 kV Cable,8382,2789,0.92,1.094,9554,1911,11465,11798,0,0,Low
2022-11-01,North,MAT-1003,15 kV Cable,6962,1282,0.87,1.105,6734,1347,8081,12445,0,0,Low
2022-12-01,North,MAT-1003,15 kV Cable,6795,1305,0.85,1.116,6529,1306,7835,10989,0,0,Low
2023-01-01,North,MAT-1003,15 kV Cable,6890,644,0.87,1.127,6278,1256,7534,10837,0,0,Low
2023-02-01,North,MAT-1003,15 kV Cable,8159,2321,0.92,1.138,9327,1865,11192,15922,0,0,Low
2023-03-01,North,MAT-1003,15 kV Cable,8681,1366,1.0,1.149,9816,1963,11779,19917,0,0,Low
2023-04-01,North,MAT-1003,15 kV Cable,8246,1346,1.08,1.161,10223,2045,12268,15547,0,0,Low
2023-05-01,North,MAT-1003,15 kV Cable,10002,1882,1.13,1.173,13384,2677,16061,21308,0,0,Low
2023-06-01,North,MAT-1003,15 kV Cable,11511,3125,1.15,1.184,16943,3389,20332,25452,0,0,Low
2023-07-01,North,MAT-1003,15 kV Cable,10633,2879,1.13,1.196,15524,3105,18629,22043,0,0,Low
2023-08-01,North,MAT-1003,15 kV Cable,8776,635,1.08,1.208,10437,2087,12524,15735,0,0,Low
2023-09-01,North,MAT-1003,15 kV Cable,8053,3623,1.0,1.22,12110,2422,14532,16784,0,0,Low
2023-10-01,North,MAT-1003,15 kV Cable,8695,588,0.92,1.232,8946,1789,10735,13829,0,0,Low
2023-11-01,North,MAT-1003,15 kV Cable,6894,3030,0.87,1.245,9135,1827,10962,13725,0,0,Low
2023-12-01,North,MAT-1003,15 kV Cable,7751,3098,0.85,1.257,9854,1971,11825,15825,0,0,Low
2024-01-01,North,MAT-1003,15 kV Cable,8468,3312,0.87,1.27,11061,2212,13273,13310,0,0,Low
2024-02-01,North,MAT-1003,15 kV Cable,9294,3447,0.92,1.282,12777,2555,15332,15871,0,0,Low
2024-03-01,North,MAT-1003,15 kV Cable,9633,503,1.0,1.295,11159,2232,13391,22023,0,0,Low
2024-04-01,North,MAT-1003,15 kV Cable,9635,881,1.08,1.308,12629,2526,15155,18196,0,0,Low
2024-05-01,North,MAT-1003,15 kV Cable,10682,4634,1.13,1.321,19438,3888,23326,26846,0,0,Low
2024-06-01,North,MAT-1003,15 kV Cable,9326,2346,1.15,1.335,15226,3045,18271,18363,0,0,Low
2024-07-01,North,MAT-1003,15 kV Cable,8784,1016,1.13,1.348,12687,2537,15224,24405,0,0,Low
2024-08-01,North,MAT-1003,15 kV Cable,9924,3137,1.08,1.361,16322,3264,19586,23437,0,0,Low
2024-09-01,North,MAT-1003,15 kV Cable,7273,2330,1.0,1.375,11223,2245,13468,17459,0,0,Low
2024-10-01,North,MAT-1003,15 kV Cable,7658,771,0.92,1.389,9154,1831,10985,14672,0,0,Low
2024-11-01,North,MAT-1003,15 kV Cable,6528,1496,0.87,1.403,8323,1665,9988,12484,0,0,Low
2024-12-01,North,MAT-1003,15 kV Cable,6427,1250,0.85,1.417,7857,1571,9428,14075,0,0,Low
2025-01-01,North,MAT-1003,15 kV Cable,8207,2795,0.87,1.431,11641,2328,13969,19745,0,0,Low
2025-02-01,North,MAT-1003,15 kV Cable,7667,930,0.92,1.445,9715,1943,11658,15561,0,0,Low
2025-03-01,North,MAT-1003,15 kV Cable,8602,2710,1.0,1.46,14034,2807,16841,19190,0,0,Low
2025-04-01,North,MAT-1003,15 kV Cable,9015,1724,1.08,1.474,14532,2906,17438,25700,0,0,Low
2025-05-01,North,MAT-1003,15 kV Cable,10816,2702,1.13,1.489,19331,3866,23197,35528,0,0,Low
2025-06-01,North,MAT-1003,15 kV Cable,11651,814,1.15,1.504,18323,3665,21988,27681,0,0,Low
2025-07-01,North,MAT-1003,15 kV Cable,11433,2978,1.13,1.519,21023,4205,25228,38803,0,0,Low
2025-08-01,North,MAT-1003,15 kV Cable,10968,1089,1.08,1.534,16979,3396,20375,22688,0,0,Low
2025-09-01,North,MAT-1003,15 kV Cable,8699,1556,1.0,1.549,13505,2701,16206,19423,0,0,Low
2025-10-01,North,MAT-1003,15 kV Cable,8768,3444,0.92,1.565,14944,2989,17933,26491,0,0,Low
2025-11-01,North,MAT-1003,15 kV Cable,8292,2542,0.87,1.58,12662,2532,15194,20658,0,0,Low
2025-12-01,North,MAT-1003,15 kV Cable,5960,885,0.85,1.596,7894,1579,9473,14424,0,0,Low
2026-01-01,North,MAT-1003,15 kV Cable,8140,2016,0.87,1.612,12108,2422,14530,16877,0,0,Low
2026-02-01,North,MAT-1003,15 kV Cable,8717,3673,0.92,1.628,15777,3155,18932,20303,0,0,Low
2026-03-01,North,MAT-1003,15 kV Cable,10102,3326,1.0,1.645,18771,3754,22525,37391,0,0,Low
2026-04-01,North,MAT-1003,15 kV Cable,7842,2490,1.08,1.661,15755,3151,18906,26466,0,0,Low
2026-05-01,North,MAT-1003,15 kV Cable,10801,4241,1.13,1.678,24239,4848,29087,36398,0,0,Low
2026-06-01,North,MAT-1003,15 kV Cable,9381,3020,1.15,1.694,20540,4108,24648,29908,0,0,Low
2026-07-01,North,MAT-1003,15 kV Cable,11105,4156,1.13,1.711,25086,5017,30103,34177,0,0,Low
2026-08-01,North,MAT-1003,15 kV Cable,7943,2399,1.08,1.729,16411,3282,19693,24180,0,0,Low
2026-09-01,North,MAT-1003,15 kV Cable,8726,2273,1.0,1.746,16322,3264,19586,30321,0,0,Low
2026-10-01,North,MAT-1003,15 kV Cable,6504,1560,0.92,1.763,11119,2224,13343,19385,0,0,Low
2026-11-01,North,MAT-1003,15 kV Cable,7036,1289,0.87,1.781,10964,2193,13157,18892,0,0,Low
2026-12-01,North,MAT-1003,15 kV Cable,7875,1876,0.85,1.799,12672,2534,15206,19794,0,0,Low
2022-01-01,South,MAT-1003,15 kV Cable,7273,1005,0.87,1.0,6122,1224,7346,8402,0,0,Low
2022-02-01,South,MAT-1003,15 kV Cable,8210,3119,0.92,1.01,8948,1790,10738,11037,0,0,Low
2022-03-01,South,MAT-1003,15 kV Cable,9248,1930,1.0,1.02,9692,1938,11630,19524,0,0,Low
2022-04-01,South,MAT-1003,15 kV Cable,9646,622,1.08,1.03,9712,1942,11654,12055,0,0,Low
2022-05-01,South,MAT-1003,15 kV Cable,9137,3926,1.13,1.041,13056,2611,15667,23313,0,0,Low
2022-06-01,South,MAT-1003,15 kV Cable,9400,595,1.15,1.051,10268,2054,12322,19490,0,0,Low
2022-07-01,South,MAT-1003,15 kV Cable,7794,2777,1.13,1.062,10778,2156,12934,20205,0,0,Low
2022-08-01,South,MAT-1003,15 kV Cable,7289,462,1.08,1.072,7629,1526,9155,14506,0,0,Low
2022-09-01,South,MAT-1003,15 kV Cable,8694,2186,1.0,1.083,10014,2003,12017,13617,0,0,Low
2022-10-01,South,MAT-1003,15 kV Cable,6668,1863,0.92,1.094,7296,1459,8755,11688,0,0,Low
2022-11-01,South,MAT-1003,15 kV Cable,7890,2042,0.87,1.105,8113,1623,9736,13605,0,0,Low
2022-12-01,South,MAT-1003,15 kV Cable,6586,1171,0.85,1.116,6253,1251,7504,12281,0,0,Low
2023-01-01,South,MAT-1003,15 kV Cable,7301,465,0.87,1.127,6471,1294,7765,10360,0,0,Low
2023-02-01,South,MAT-1003,15 kV Cable,6516,1475,0.92,1.138,7112,1422,8534,14076,0,0,Low
2023-03-01,South,MAT-1003,15 kV Cable,8899,1612,1.0,1.149,10270,2054,12324,13717,0,0,Low
2023-04-01,South,MAT-1003,15 kV Cable,7279,440,1.08,1.161,8227,1645,9872,12291,0,0,Low
2023-05-01,South,MAT-1003,15 kV Cable,7707,943,1.13,1.173,9742,1948,11690,16574,0,0,Low
2023-06-01,South,MAT-1003,15 kV Cable,7652,1780,1.15,1.184,10919,2184,13103,15593,0,0,Low
2023-07-01,South,MAT-1003,15 kV Cable,9766,3492,1.13,1.196,15232,3046,18278,25760,0,0,Low
2023-08-01,South,MAT-1003,15 kV Cable,7933,776,1.08,1.208,9659,1932,11591,17785,0,0,Low
2023-09-01,South,MAT-1003,15 kV Cable,9288,3310,1.0,1.22,13066,2613,15679,16854,0,0,Low
2023-10-01,South,MAT-1003,15 kV Cable,8389,2838,0.92,1.232,10820,2164,12984,21976,0,0,Low
2023-11-01,South,MAT-1003,15 kV Cable,6891,2655,0.87,1.245,8787,1757,10544,14300,0,0,Low
2023-12-01,South,MAT-1003,15 kV Cable,7391,2668,0.85,1.257,9137,1827,10964,11434,0,0,Low
2024-01-01,South,MAT-1003,15 kV Cable,8022,3004,0.87,1.27,10353,2071,12424,16714,0,0,Low
2024-02-01,South,MAT-1003,15 kV Cable,6853,2138,0.92,1.282,9017,1803,10820,14244,0,0,Low
2024-03-01,South,MAT-1003,15 kV Cable,7301,2568,1.0,1.295,10865,2173,13038,21460,0,0,Low
2024-04-01,South,MAT-1003,15 kV Cable,9118,4092,1.08,1.308,15864,3173,19037,24322,0,0,Low
2024-05-01,South,MAT-1003,15 kV Cable,9267,1181,1.13,1.321,13260,2652,15912,20461,0,0,Low
2024-06-01,South,MAT-1003,15 kV Cable,7621,1220,1.15,1.335,11533,2307,13840,20748,0,0,Low
2024-07-01,South,MAT-1003,15 kV Cable,8644,1433,1.13,1.348,13046,2609,15655,17649,0,0,Low
2024-08-01,South,MAT-1003,15 kV Cable,10139,2029,1.08,1.361,15206,3041,18247,21584,0,0,Low
2024-09-01,South,MAT-1003,15 kV Cable,8234,1229,1.0,1.375,11059,2212,13271,17643,0,0,Low
2024-10-01,South,MAT-1003,15 kV Cable,8162,2275,0.92,1.389,11334,2267,13601,20558,0,0,Low
2024-11-01,South,MAT-1003,15 kV Cable,7074,2560,0.87,1.403,9992,1998,11990,19645,0,0,Low
2024-12-01,South,MAT-1003,15 kV Cable,5816,1662,0.85,1.417,7654,1531,9185,11943,0,0,Low
2025-01-01,South,MAT-1003,15 kV Cable,6235,1070,0.87,1.431,7729,1546,9275,15407,0,0,Low
2025-02-01,South,MAT-1003,15 kV Cable,6637,1299,0.92,1.445,8968,1794,10762,14006,0,0,Low
2025-03-01,South,MAT-1003,15 kV Cable,7481,2453,1.0,1.46,12324,2465,14789,19725,0,0,Low
2025-04-01,South,MAT-1003,15 kV Cable,7350,2478,1.08,1.474,13300,2660,15960,23606,0,0,Low
2025-05-01,South,MAT-1003,15 kV Cable,8341,1595,1.13,1.489,14209,2842,17051,18259,0,0,Low
2025-06-01,South,MAT-1003,15 kV Cable,7677,3226,1.15,1.504,16027,3205,19232,29628,0,0,Low
2025-07-01,South,MAT-1003,15 kV Cable,9462,693,1.13,1.519,14814,2963,17777,27639,0,0,Low
2025-08-01,South,MAT-1003,15 kV Cable,8980,3344,1.08,1.534,17355,3471,20826,24036,0,0,Low
2025-09-01,South,MAT-1003,15 kV Cable,8039,1915,1.0,1.549,13109,2622,15731,26174,0,0,Low
2025-10-01,South,MAT-1003,15 kV Cable,8930,1171,0.92,1.565,12360,2472,14832,19944,0,0,Low
2025-11-01,South,MAT-1003,15 kV Cable,7012,3009,0.87,1.58,11712,2342,14054,17087,0,0,Low
2025-12-01,South,MAT-1003,15 kV Cable,8212,2170,0.85,1.596,11974,2395,14369,22472,0,0,Low
2026-01-01,South,MAT-1003,15 kV Cable,7834,1416,0.87,1.612,11028,2206,13234,14674,0,0,Low
2026-02-01,South,MAT-1003,15 kV Cable,6203,2231,0.92,1.628,10740,2148,12888,21037,0,0,Low
2026-03-01,South,MAT-1003,15 kV Cable,7603,469,1.0,1.645,11284,2257,13541,15346,0,0,Low
2026-04-01,South,MAT-1003,15 kV Cable,8539,3106,1.08,1.661,17757,3551,21308,22537,0,0,Low
2026-05-01,South,MAT-1003,15 kV Cable,9559,1642,1.13,1.678,18050,3610,21660,34015,0,0,Low
2026-06-01,South,MAT-1003,15 kV Cable,9922,3004,1.15,1.694,21410,4282,25692,39341,0,0,Low
2026-07-01,South,MAT-1003,15 kV Cable,7522,1240,1.13,1.711,14403,2881,17284,18014,0,0,Low
2026-08-01,South,MAT-1003,15 kV Cable,9240,561,1.08,1.729,15552,3110,18662,26902,0,0,Low
2026-09-01,South,MAT-1003,15 kV Cable,9622,2121,1.0,1.746,17426,3485,20911,22550,0,0,Low
2026-10-01,South,MAT-1003,15 kV Cable,6768,2466,0.92,1.763,12733,2547,15280,23421,0,0,Low
2026-11-01,South,MAT-1003,15 kV Cable,6884,429,0.87,1.781,9631,1926,11557,16672,0,0,Low
2026-12-01,South,MAT-1003,15 kV Cable,6684,1249,0.85,1.799,10309,2062,12371,17728,0,0,Low
2022-01-01,East,MAT-1003,15 kV Cable,10685,1925,0.87,1.0,9325,1865,11190,17085,0,0,Low
2022-02-01,East,MAT-1003,15 kV Cable,8152,579,0.92,1.01,6896,1379,8275,10535,0,0,Low
2022-03-01,East,MAT-1003,15 kV Cable,8356,2961,1.0,1.02,9813,1963,11776,18691,0,0,Low
2022-04-01,East,MAT-1003,15 kV Cable,12366,2445,1.08,1.03,14008,2802,16810,21599,0,0,Low
2022-05-01,East,MAT-1003,15 kV Cable,13121,2864,1.13,1.041,15977,3195,19172,21932,0,0,Low
2022-06-01,East,MAT-1003,15 kV Cable,14253,3994,1.15,1.051,18746,3749,22495,24986,0,0,Low
2022-07-01,East,MAT-1003,15 kV Cable,13874,6176,1.13,1.062,20443,4089,24532,31072,0,0,Low
2022-08-01,East,MAT-1003,15 kV Cable,9792,3527,1.08,1.072,13109,2622,15731,19844,0,0,Low
2022-09-01,East,MAT-1003,15 kV Cable,9563,2399,1.0,1.083,11010,2202,13212,14276,0,0,Low
2022-10-01,East,MAT-1003,15 kV Cable,8483,2466,0.92,1.094,9364,1873,11237,16615,0,0,Low
2022-11-01,East,MAT-1003,15 kV Cable,9457,1197,0.87,1.105,8703,1741,10444,15700,0,0,Low
2022-12-01,East,MAT-1003,15 kV Cable,8321,2139,0.85,1.116,8431,1686,10117,13325,0,0,Low
2023-01-01,East,MAT-1003,15 kV Cable,7395,1179,0.87,1.127,7145,1429,8574,14364,0,0,Low
2023-02-01,East,MAT-1003,15 kV Cable,9262,3147,0.92,1.138,11044,2209,13253,13491,0,0,Low
2023-03-01,East,MAT-1003,15 kV Cable,11700,4960,1.0,1.149,16278,3256,19534,30957,0,0,Low
2023-04-01,East,MAT-1003,15 kV Cable,12102,1536,1.08,1.161,14535,2907,17442,17514,0,0,Low
2023-05-01,East,MAT-1003,15 kV Cable,9796,1394,1.13,1.173,12603,2521,15124,21228,0,0,Low
2023-06-01,East,MAT-1003,15 kV Cable,14179,3204,1.15,1.184,20124,4025,24149,31551,0,0,Low
2023-07-01,East,MAT-1003,15 kV Cable,10634,576,1.13,1.196,12879,2576,15455,22590,0,0,Low
2023-08-01,East,MAT-1003,15 kV Cable,12354,2150,1.08,1.208,16086,3217,19303,26786,0,0,Low
2023-09-01,East,MAT-1003,15 kV Cable,8597,1340,1.0,1.22,10306,2061,12367,15199,0,0,Low
2023-10-01,East,MAT-1003,15 kV Cable,11212,3054,0.92,1.232,13749,2750,16499,24919,0,0,Low
2023-11-01,East,MAT-1003,15 kV Cable,10196,3768,0.87,1.245,12853,2571,15424,20024,0,0,Low
2023-12-01,East,MAT-1003,15 kV Cable,7292,1821,0.85,1.257,8277,1655,9932,11844,0,0,Low
2024-01-01,East,MAT-1003,15 kV Cable,9234,1971,0.87,1.27,10521,2104,12625,15352,0,0,Low
2024-02-01,East,MAT-1003,15 kV Cable,10815,2264,0.92,1.282,13116,2623,15739,19286,0,0,Low
2024-03-01,East,MAT-1003,15 kV Cable,9071,3881,1.0,1.295,14260,2852,17112,17720,0,0,Low
2024-04-01,East,MAT-1003,15 kV Cable,9713,2116,1.08,1.308,14206,2841,17047,18137,0,0,Low
2024-05-01,East,MAT-1003,15 kV Cable,13063,2441,1.13,1.321,19676,3935,23611,26708,0,0,Low
2024-06-01,East,MAT-1003,15 kV Cable,11948,5234,1.15,1.335,22414,4483,26897,35857,0,0,Low
2024-07-01,East,MAT-1003,15 kV Cable,9614,694,1.13,1.348,13345,2669,16014,22523,0,0,Low
2024-08-01,East,MAT-1003,15 kV Cable,11998,2107,1.08,1.361,17627,3525,21152,33587,0,0,Low
2024-09-01,East,MAT-1003,15 kV Cable,8600,3282,1.0,1.375,13886,2777,16663,19730,0,0,Low
2024-10-01,East,MAT-1003,15 kV Cable,9927,1178,0.92,1.389,12060,2412,14472,18519,0,0,Low
2024-11-01,East,MAT-1003,15 kV Cable,8711,787,0.87,1.403,9851,1970,11821,12946,0,0,Low
2024-12-01,East,MAT-1003,15 kV Cable,9009,535,0.85,1.417,9768,1954,11722,15087,0,0,Low
2025-01-01,East,MAT-1003,15 kV Cable,10327,1954,0.87,1.431,12994,2599,15593,18037,0,0,Low
2025-02-01,East,MAT-1003,15 kV Cable,10986,2056,0.92,1.445,14738,2948,17686,17915,0,0,Low
2025-03-01,East,MAT-1003,15 kV Cable,10616,2387,1.0,1.46,16131,3226,19357,30132,0,0,Low
2025-04-01,East,MAT-1003,15 kV Cable,12573,3536,1.08,1.474,21799,4360,26159,27863,0,0,Low
2025-05-01,East,MAT-1003,15 kV Cable,9639,2849,1.13,1.489,17859,3572,21431,31909,0,0,Low
2025-06-01,East,MAT-1003,15 kV Cable,11689,3933,1.15,1.504,22963,4593,27556,35633,0,0,Low
2025-07-01,East,MAT-1003,15 kV Cable,13088,2673,1.13,1.519,22992,4598,27590,27593,0,0,Low
2025-08-01,East,MAT-1003,15 kV Cable,12705,3149,1.08,1.534,22325,4465,26790,35523,0,0,Low
2025-09-01,East,MAT-1003,15 kV Cable,10951,1840,1.0,1.549,16845,3369,20214,31299,0,0,Low
2025-10-01,East,MAT-1003,15 kV Cable,9123,2994,0.92,1.565,14827,2965,17792,26532,0,0,Low
2025-11-01,East,MAT-1003,15 kV Cable,8891,2863,0.87,1.58,13737,2747,16484,18472,0,0,Low
2025-12-01,East,MAT-1003,15 kV Cable,7802,2723,0.85,1.596,12138,2428,14566,24708,0,0,Low
2026-01-01,East,MAT-1003,15 kV Cable,7767,1390,0.87,1.612,10917,2183,13100,19270,0,0,Low
2026-02-01,East,MAT-1003,15 kV Cable,10355,2800,0.92,1.628,16751,3350,20101,24049,0,0,Low
2026-03-01,East,MAT-1003,15 kV Cable,11445,3230,1.0,1.645,20515,4103,24618,39381,0,0,Low
2026-04-01,East,MAT-1003,15 kV Cable,10338,2413,1.08,1.661,19444,3889,23333,23928,0,0,Low
2026-05-01,East,MAT-1003,15 kV Cable,13061,1832,1.13,1.678,23999,4800,28799,31490,0,0,Low
2026-06-01,East,MAT-1003,15 kV Cable,12297,3991,1.15,1.694,26978,5396,32374,44129,0,0,Low
2026-07-01,East,MAT-1003,15 kV Cable,9715,3853,1.13,1.711,22303,4461,26764,41382,0,0,Low
2026-08-01,East,MAT-1003,15 kV Cable,11612,5015,1.08,1.729,26383,5277,31660,48059,0,0,Low
2026-09-01,East,MAT-1003,15 kV Cable,10413,3086,1.0,1.746,20032,4006,24038,38499,0,0,Low
2026-10-01,East,MAT-1003,15 kV Cable,7730,1325,0.92,1.763,12486,2497,14983,15992,0,0,Low
2026-11-01,East,MAT-1003,15 kV Cable,10005,2951,0.87,1.781,17063,3413,20476,32672,0,0,Low
2026-12-01,East,MAT-1003,15 kV Cable,9234,3629,0.85,1.799,16716,3343,20059,30402,0,0,Low
2022-01-01,West,MAT-1003,15 kV Cable,6593,2212,0.87,1.0,6511,1302,7813,13232,0,0,Low
2022-02-01,West,MAT-1003,15 kV Cable,9721,2646,0.92,1.01,9768,1954,11722,19149,0,0,Low
2022-03-01,West,MAT-1003,15 kV Cable,9544,1301,1.0,1.02,9404,1881,11285,11794,0,0,Low
2022-04-01,West,MAT-1003,15 kV Cable,9605,1212,1.08,1.03,10231,2046,12277,15052,0,0,Low
2022-05-01,West,MAT-1003,15 kV Cable,11756,4349,1.13,1.041,16097,3219,19316,24857,0,0,Low
2022-06-01,West,MAT-1003,15 kV Cable,8340,1519,1.15,1.051,10129,2026,12155,14809,0,0,Low
2022-07-01,West,MAT-1003,15 kV Cable,9655,2928,1.13,1.062,12830,2566,15396,24677,0,0,Low
2022-08-01,West,MAT-1003,15 kV Cable,9703,3909,1.08,1.072,13397,2679,16076,19880,0,0,Low
2022-09-01,West,MAT-1003,15 kV Cable,9770,3721,1.0,1.083,12417,2483,14900,22137,0,0,Low
2022-10-01,West,MAT-1003,15 kV Cable,8669,3371,0.92,1.094,10297,2059,12356,13309,0,0,Low
2022-11-01,West,MAT-1003,15 kV Cable,9284,1165,0.87,1.105,8535,1707,10242,15961,0,0,Low
2022-12-01,West,MAT-1003,15 kV Cable,7040,411,0.85,1.116,6006,1201,7207,10425,0,0,Low
2023-01-01,West,MAT-1003,15 kV Cable,7931,560,0.87,1.127,7075,1415,8490,11423,0,0,Low
2023-02-01,West,MAT-1003,15 kV Cable,7710,1079,0.92,1.138,7822,1564,9386,15202,0,0,Low
2023-03-01,West,MAT-1003,15 kV Cable,7407,3058,1.0,1.149,10225,2045,12270,15103,0,0,Low
2023-04-01,West,MAT-1003,15 kV Cable,7867,749,1.08,1.161,9183,1837,11020,12521,0,0,Low
2023-05-01,West,MAT-1003,15 kV Cable,9212,3689,1.13,1.173,14530,2906,17436,28117,0,0,Low
2023-06-01,West,MAT-1003,15 kV Cable,8769,3417,1.15,1.184,14107,2821,16928,23776,0,0,Low
2023-07-01,West,MAT-1003,15 kV Cable,9872,2367,1.13,1.196,14061,2812,16873,16965,0,0,Low
2023-08-01,West,MAT-1003,15 kV Cable,11138,1542,1.08,1.208,14063,2813,16876,28567,0,0,Low
2023-09-01,West,MAT-1003,15 kV Cable,7899,875,1.0,1.22,9100,1820,10920,16341,0,0,Low
2023-10-01,West,MAT-1003,15 kV Cable,6829,1364,0.92,1.232,7896,1579,9475,13921,0,0,Low
2023-11-01,West,MAT-1003,15 kV Cable,6357,1569,0.87,1.245,7296,1459,8755,12720,0,0,Low
2023-12-01,West,MAT-1003,15 kV Cable,8921,1269,0.85,1.257,9256,1851,11107,15887,0,0,Low
2024-01-01,West,MAT-1003,15 kV Cable,8625,3726,0.87,1.27,11597,2319,13916,15718,0,0,Low
2024-02-01,West,MAT-1003,15 kV Cable,8658,1826,0.92,1.282,10514,2103,12617,19042,0,0,Low
2024-03-01,West,MAT-1003,15 kV Cable,8477,1042,1.0,1.295,10480,2096,12576,20873,0,0,Low
2024-04-01,West,MAT-1003,15 kV Cable,11359,1618,1.08,1.308,15585,3117,18702,24994,0,0,Low
2024-05-01,West,MAT-1003,15 kV Cable,11050,1780,1.13,1.321,16283,3257,19540,21756,0,0,Low
2024-06-01,West,MAT-1003,15 kV Cable,8766,1622,1.15,1.335,13551,2710,16261,25938,0,0,Low
2024-07-01,West,MAT-1003,15 kV Cable,8857,473,1.13,1.348,12079,2416,14495,23372,0,0,Low
2024-08-01,West,MAT-1003,15 kV Cable,8282,1700,1.08,1.361,12474,2495,14969,21473,0,0,Low
2024-09-01,West,MAT-1003,15 kV Cable,9402,3702,1.0,1.375,15315,3063,18378,25410,0,0,Low
2024-10-01,West,MAT-1003,15 kV Cable,7499,454,0.92,1.389,8637,1727,10364,16086,0,0,Low
2024-11-01,West,MAT-1003,15 kV Cable,7118,1126,0.87,1.403,8551,1710,10261,15525,0,0,Low
2024-12-01,West,MAT-1003,15 kV Cable,6445,1555,0.85,1.417,8188,1638,9826,10624,0,0,Low
2025-01-01,West,MAT-1003,15 kV Cable,6865,2934,0.87,1.431,10368,2074,12442,20557,0,0,Low
2025-02-01,West,MAT-1003,15 kV Cable,7495,2254,0.92,1.445,11017,2203,13220,22521,0,0,Low
2025-03-01,West,MAT-1003,15 kV Cable,9846,1828,1.0,1.46,14483,2897,17380,19656,0,0,Low
2025-04-01,West,MAT-1003,15 kV Cable,9399,2150,1.08,1.474,15629,3126,18755,27918,0,0,Low
2025-05-01,West,MAT-1003,15 kV Cable,11212,922,1.13,1.489,17352,3470,20822,30724,0,0,Low
2025-06-01,West,MAT-1003,15 kV Cable,8722,2875,1.15,1.504,17047,3409,20456,22737,0,0,Low
2025-07-01,West,MAT-1003,15 kV Cable,10502,2003,1.13,1.519,18242,3648,21890,26905,0,0,Low
2025-08-01,West,MAT-1003,15 kV Cable,11386,3446,1.08,1.534,20886,4177,25063,28895,0,0,Low
2025-09-01,West,MAT-1003,15 kV Cable,7789,1026,1.0,1.549,11609,2322,13931,17881,0,0,Low
2025-10-01,West,MAT-1003,15 kV Cable,8899,471,0.92,1.565,11466,2293,13759,21672,0,0,Low
2025-11-01,West,MAT-1003,15 kV Cable,6902,730,0.87,1.58,8920,1784,10704,15092,0,0,Low
2025-12-01,West,MAT-1003,15 kV Cable,6642,1673,0.85,1.596,9590,1918,11508,14836,0,0,Low
2026-01-01,West,MAT-1003,15 kV Cable,8206,979,0.87,1.612,10951,2190,13141,15038,0,0,Low
2026-02-01,West,MAT-1003,15 kV Cable,8019,1483,0.92,1.628,12100,2420,14520,15145,0,0,Low
2026-03-01,West,MAT-1003,15 kV Cable,8238,1576,1.0,1.645,13719,2744,16463,17774,0,0,Low
2026-04-01,West,MAT-1003,15 kV Cable,9961,1448,1.08,1.661,17397,3479,20876,29780,0,0,Low
2026-05-01,West,MAT-1003,15 kV Cable,9630,729,1.13,1.678,16693,3339,20032,28165,0,0,Low
2026-06-01,West,MAT-1003,15 kV Cable,10849,597,1.15,1.694,18958,3792,22750,37077,0,0,Low
2026-07-01,West,MAT-1003,15 kV Cable,8822,3523,1.13,1.711,20293,4059,24352,29984,0,0,Low
2026-08-01,West,MAT-1003,15 kV Cable,9403,1351,1.08,1.729,17064,3413,20477,28466,0,0,Low
2026-09-01,West,MAT-1003,15 kV Cable,8262,3215,1.0,1.746,17031,3406,20437,30968,0,0,Low
2026-10-01,West,MAT-1003,15 kV Cable,6979,393,0.92,1.763,10165,2033,12198,13954,0,0,Low
2026-11-01,West,MAT-1003,15 kV Cable,7783,1475,0.87,1.781,12193,2439,14632,21755,0,0,Low
2026-12-01,West,MAT-1003,15 kV Cable,8039,3019,0.85,1.799,14371,2874,17245,20242,0,0,Low
2022-01-01,North,MAT-1004,35 kV Cable,7924,3483,0.87,1.0,8435,1687,10122,15257,0,0,Low
2022-02-01,North,MAT-1004,35 kV Cable,8037,521,0.92,1.01,6759,1352,8111,12615,0,0,Low
2022-03-01,North,MAT-1004,35 kV Cable,6593,1480,1.0,1.02,7000,1400,8400,9538,0,0,Low
2022-04-01,North,MAT-1004,35 kV Cable,7887,865,1.08,1.03,8278,1656,9934,13121,0,0,Low
2022-05-01,North,MAT-1004,35 kV Cable,9427,1790,1.13,1.041,11211,2242,13453,21909,0,0,Low
2022-06-01,North,MAT-1004,35 kV Cable,10208,1176,1.15,1.051,11695,2339,14034,23324,0,0,Low
2022-07-01,North,MAT-1004,35 kV Cable,7344,924,1.13,1.062,8430,1686,10116,16341,0,0,Low
2022-08-01,North,MAT-1004,35 kV Cable,7978,1641,1.08,1.072,9467,1893,11360,17383,0,0,Low
2022-09-01,North,MAT-1004,35 kV Cable,8786,890,1.0,1.083,8906,1781,10687,16103,0,0,Low
2022-10-01,North,MAT-1004,35 kV Cable,6625,2927,0.92,1.094,8169,1634,9803,12679,0,0,Low
2022-11-01,North,MAT-1004,35 kV Cable,8017,3071,0.87,1.105,9057,1811,10868,11873,0,0,Low
2022-12-01,North,MAT-1004,35 kV Cable,7526,2151,0.85,1.116,7800,1560,9360,9672,0,0,Low
2023-01-01,North,MAT-1004,35 kV Cable,5797,2043,0.87,1.127,6533,1307,7840,13202,0,0,Low
2023-02-01,North,MAT-1004,35 kV Cable,8475,608,0.92,1.138,8084,1617,9701,11954,0,0,Low
2023-03-01,North,MAT-1004,35 kV Cable,8346,3205,1.0,1.149,11286,2257,13543,17828,0,0,Low
2023-04-01,North,MAT-1004,35 kV Cable,9019,3992,1.08,1.161,13867,2773,16640,19407,0,0,Low
2023-05-01,North,MAT-1004,35 kV Cable,7354,2815,1.13,1.173,11453,2291,13744,18773,0,0,Low
2023-06-01,North,MAT-1004,35 kV Cable,9615,1012,1.15,1.184,12302,2460,14762,18100,0,0,Low
2023-07-01,North,MAT-1004,35 kV Cable,7230,1078,1.13,1.196,9545,1909,11454,17015,0,0,Low
2023-08-01,North,MAT-1004,35 kV Cable,7059,2704,1.08,1.208,10828,2166,12994,18353,0,0,Low
2023-09-01,North,MAT-1004,35 kV Cable,7973,3152,1.0,1.22,11538,2308,13846,22931,0,0,Low
2023-10-01,North,MAT-1004,35 kV Cable,5904,1647,0.92,1.232,7277,1455,8732,10211,0,0,Low
2023-11-01,North,MAT-1004,35 kV Cable,7972,1571,0.87,1.245,8784,1757,10541,12063,0,0,Low
2023-12-01,North,MAT-1004,35 kV Cable,7556,2224,0.85,1.257,8883,1777,10660,14550,0,0,Low
2024-01-01,North,MAT-1004,35 kV Cable,6283,2347,0.87,1.27,8103,1621,9724,11762,0,0,Low
2024-02-01,North,MAT-1004,35 kV Cable,6974,1727,0.92,1.282,8726,1745,10471,16037,0,0,Low
2024-03-01,North,MAT-1004,35 kV Cable,6449,1598,1.0,1.295,8859,1772,10631,15781,0,0,Low
2024-04-01,North,MAT-1004,35 kV Cable,7246,2463,1.08,1.308,11660,2332,13992,17714,0,0,Low
2024-05-01,North,MAT-1004,35 kV Cable,7402,1611,1.13,1.321,11438,2288,13726,19440,0,0,Low
2024-06-01,North,MAT-1004,35 kV Cable,9934,2137,1.15,1.335,15746,3149,18895,28073,0,0,Low
2024-07-01,North,MAT-1004,35 kV Cable,8346,916,1.13,1.348,11991,2398,14389,17771,0,0,Low
2024-08-01,North,MAT-1004,35 kV Cable,8092,3231,1.08,1.361,14150,2830,16980,17308,0,0,Low
2024-09-01,North,MAT-1004,35 kV Cable,8153,2958,1.0,1.375,12985,2597,15582,25832,0,0,Low
2024-10-01,North,MAT-1004,35 kV Cable,6465,1995,0.92,1.389,9187,1837,11024,15925,0,0,Low
2024-11-01,North,MAT-1004,35 kV Cable,7081,2389,0.87,1.403,9822,1964,11786,17680,0,0,Low
2024-12-01,North,MAT-1004,35 kV Cable,5495,1012,0.85,1.417,6660,1332,7992,12474,0,0,Low
2025-01-01,North,MAT-1004,35 kV Cable,5813,2269,0.87,1.431,8551,1710,10261,17413,0,0,Low
2025-02-01,North,MAT-1004,35 kV Cable,7224,633,0.92,1.445,8879,1776,10655,13382,0,0,Low
2025-03-01,North,MAT-1004,35 kV Cable,6440,561,1.0,1.46,8685,1737,10422,13658,0,0,Low
2025-04-01,North,MAT-1004,35 kV Cable,7153,2312,1.08,1.474,12808,2562,15370,22799,0,0,Low
2025-05-01,North,MAT-1004,35 kV Cable,9596,3201,1.13,1.489,18300,3660,21960,35020,0,0,Low
2025-06-01,North,MAT-1004,35 kV Cable,10299,2924,1.15,1.504,19437,3887,23324,38589,0,0,Low
2025-07-01,North,MAT-1004,35 kV Cable,7163,2953,1.13,1.519,14757,2951,17708,21557,0,0,Low
2025-08-01,North,MAT-1004,35 kV Cable,8260,1613,1.08,1.534,13903,2781,16684,18005,0,0,Low
2025-09-01,North,MAT-1004,35 kV Cable,7767,1250,1.0,1.549,11875,2375,14250,18083,0,0,Low
2025-10-01,North,MAT-1004,35 kV Cable,6145,1330,0.92,1.565,9147,1829,10976,11993,0,0,Low
2025-11-01,North,MAT-1004,35 kV Cable,6829,1140,0.87,1.58,9314,1863,11177,15537,0,0,Low
2025-12-01,North,MAT-1004,35 kV Cable,7793,2061,0.85,1.596,11365,2273,13638,22478,0,0,Low
2026-01-01,North,MAT-1004,35 kV Cable,6632,526,0.87,1.612,8534,1707,10241,11669,0,0,Low
2026-02-01,North,MAT-1004,35 kV Cable,7047,781,0.92,1.628,9968,1994,11962,15213,0,0,Low
2026-03-01,North,MAT-1004,35 kV Cable,6334,1608,1.0,1.645,11102,2220,13322,21142,0,0,Low
2026-04-01,North,MAT-1004,35 kV Cable,7075,2335,1.08,1.661,14349,2870,17219,20376,0,0,Low
2026-05-01,North,MAT-1004,35 kV Cable,8865,1296,1.13,1.678,16374,3275,19649,27611,0,0,Low
2026-06-01,North,MAT-1004,35 kV Cable,7997,983,1.15,1.694,14874,2975,17849,19273,0,0,Low
2026-07-01,North,MAT-1004,35 kV Cable,7203,1054,1.13,1.711,13573,2715,16288,17514,0,0,Low
2026-08-01,North,MAT-1004,35 kV Cable,6741,2246,1.08,1.729,14260,2852,17112,18241,0,0,Low
2026-09-01,North,MAT-1004,35 kV Cable,8043,2598,1.0,1.746,15791,3158,18949,31399,0,0,Low
2026-10-01,North,MAT-1004,35 kV Cable,5803,1807,0.92,1.763,10493,2099,12592,19078,0,0,Low
2026-11-01,North,MAT-1004,35 kV Cable,8133,1957,0.87,1.781,13288,2658,15946,25409,0,0,Low
2026-12-01,North,MAT-1004,35 kV Cable,6730,1412,0.85,1.799,10581,2116,12697,14899,0,0,Low
2022-01-01,South,MAT-1004,35 kV Cable,6534,357,0.87,1.0,5096,1019,6115,6696,0,0,Low
2022-02-01,South,MAT-1004,35 kV Cable,6883,755,0.92,1.01,6033,1207,7240,8216,0,0,Low
2022-03-01,South,MAT-1004,35 kV Cable,6440,2259,1.0,1.02,7543,1509,9052,14941,0,0,Low
2022-04-01,South,MAT-1004,35 kV Cable,6580,1570,1.08,1.03,7708,1542,9250,13763,0,0,Low
2022-05-01,South,MAT-1004,35 kV Cable,8959,3531,1.13,1.041,12484,2497,14981,18245,0,0,Low
2022-06-01,South,MAT-1004,35 kV Cable,9923,576,1.15,1.051,10786,2157,12943,16238,0,0,Low
2022-07-01,South,MAT-1004,35 kV Cable,9951,3827,1.13,1.062,14048,2810,16858,26086,0,0,Low
2022-08-01,South,MAT-1004,35 kV Cable,6850,360,1.08,1.072,7096,1419,8515,8625,0,0,Low
2022-09-01,South,MAT-1004,35 kV Cable,8121,1267,1.0,1.083,8641,1728,10369,14463,0,0,Low
2022-10-01,South,MAT-1004,35 kV Cable,6500,2731,0.92,1.094,7895,1579,9474,15509,0,0,Low
2022-11-01,South,MAT-1004,35 kV Cable,5507,2449,0.87,1.105,6499,1300,7799,10367,0,0,Low
2022-12-01,South,MAT-1004,35 kV Cable,5606,976,0.85,1.116,5306,1061,6367,8978,0,0,Low
2023-01-01,South,MAT-1004,35 kV Cable,5664,652,0.87,1.127,5263,1053,6316,6995,0,0,Low
2023-02-01,South,MAT-1004,35 kV Cable,5656,1958,0.92,1.138,6776,1355,8131,13747,0,0,Low
2023-03-01,South,MAT-1004,35 kV Cable,8703,2781,1.0,1.149,11220,2244,13464,21339,0,0,Low
2023-04-01,South,MAT-1004,35 kV Cable,8550,2202,1.08,1.161,11459,2292,13751,17563,0,0,Low
2023-05-01,South,MAT-1004,35 kV Cable,7354,708,1.13,1.173,9080,1816,10896,18341,0,0,Low
2023-06-01,South,MAT-1004,35 kV Cable,8385,805,1.15,1.184,10639,2128,12767,17883,0,0,Low
2023-07-01,South,MAT-1004,35 kV Cable,8255,2457,1.13,1.196,12307,2461,14768,18573,0,0,Low
2023-08-01,South,MAT-1004,35 kV Cable,8933,682,1.08,1.208,10663,2133,12796,21094,0,0,Low
2023-09-01,South,MAT-1004,35 kV Cable,7108,2535,1.0,1.22,10001,2000,12001,17100,0,0,Low
2023-10-01,South,MAT-1004,35 kV Cable,7133,2307,0.92,1.232,9098,1820,10918,16546,0,0,Low
2023-11-01,South,MAT-1004,35 kV Cable,5940,1007,0.87,1.245,6394,1279,7673,9498,0,0,Low
2023-12-01,South,MAT-1004,35 kV Cable,5139,387,0.85,1.257,5019,1004,6023,7133,0,0,Low
2024-01-01,South,MAT-1004,35 kV Cable,6610,1637,0.87,1.27,7744,1549,9293,13243,0,0,Low
2024-02-01,South,MAT-1004,35 kV Cable,5698,297,0.92,1.282,6012,1202,7214,11661,0,0,Low
2024-03-01,South,MAT-1004,35 kV Cable,8853,682,1.0,1.295,10498,2100,12598,14465,0,0,Low
2024-04-01,South,MAT-1004,35 kV Cable,6515,1869,1.08,1.308,10069,2014,12083,12913,0,0,Low
2024-05-01,South,MAT-1004,35 kV Cable,8012,3356,1.13,1.321,14427,2885,17312,21444,0,0,Low
2024-06-01,South,MAT-1004,35 kV Cable,7506,1993,1.15,1.335,12391,2478,14869,23497,0,0,Low
2024-07-01,South,MAT-1004,35 kV Cable,8343,2715,1.13,1.348,14316,2863,17179,20012,0,0,Low
2024-08-01,South,MAT-1004,35 kV Cable,9310,1913,1.08,1.361,14025,2805,16830,18111,0,0,Low
2024-09-01,South,MAT-1004,35 kV Cable,6346,1879,1.0,1.375,9613,1923,11536,15006,0,0,Low
2024-10-01,South,MAT-1004,35 kV Cable,7484,1162,0.92,1.389,9389,1878,11267,16707,0,0,Low
2024-11-01,South,MAT-1004,35 kV Cable,6431,1609,0.87,1.403,8339,1668,10007,13897,0,0,Low
2024-12-01,South,MAT-1004,35 kV Cable,6908,3091,0.85,1.417,10234,2047,12281,13836,0,0,Low
2025-01-01,South,MAT-1004,35 kV Cable,7634,3420,0.87,1.431,11696,2339,14035,22294,0,0,Low
2025-02-01,South,MAT-1004,35 kV Cable,8077,2422,0.92,1.445,11864,2373,14237,21110,0,0,Low
2025-03-01,South,MAT-1004,35 kV Cable,8154,3594,1.0,1.46,14575,2915,17490,28489,0,0,Low
2025-04-01,South,MAT-1004,35 kV Cable,6461,899,1.08,1.474,9960,1992,11952,18325,0,0,Low
2025-05-01,South,MAT-1004,35 kV Cable,9182,2361,1.13,1.489,16507,3301,19808,23211,0,0,Low
2025-06-01,South,MAT-1004,35 kV Cable,8330,3053,1.15,1.504,16732,3346,20078,29240,0,0,Low
2025-07-01,South,MAT-1004,35 kV Cable,9760,2323,1.13,1.519,17627,3525,21152,31039,0,0,Low
2025-08-01,South,MAT-1004,35 kV Cable,7824,3468,1.08,1.534,15901,3180,19081,20625,0,0,Low
2025-09-01,South,MAT-1004,35 kV Cable,6059,2586,1.0,1.549,11385,2277,13662,18859,0,0,Low
2025-10-01,South,MAT-1004,35 kV Cable,5767,2299,0.92,1.565,9870,1974,11844,15478,0,0,Low
2025-11-01,South,MAT-1004,35 kV Cable,7501,2353,0.87,1.58,11517,2303,13820,22630,0,0,Low
2025-12-01,South,MAT-1004,35 kV Cable,5327,1575,0.85,1.596,7960,1592,9552,10712,0,0,Low
2026-01-01,South,MAT-1004,35 kV Cable,7232,964,0.87,1.612,9772,1954,11726,18108,0,0,Low
2026-02-01,South,MAT-1004,35 kV Cable,6638,2919,0.92,1.628,12170,2434,14604,18673,0,0,Low
2026-03-01,South,MAT-1004,35 kV Cable,7186,2683,1.0,1.645,13796,2759,16555,22280,0,0,Low
2026-04-01,South,MAT-1004,35 kV Cable,7801,3380,1.08,1.661,17050,3410,20460,25636,0,0,Low
2026-05-01,South,MAT-1004,35 kV Cable,7198,481,1.13,1.678,12374,2475,14849,21952,0,0,Low
2026-06-01,South,MAT-1004,35 kV Cable,7114,807,1.15,1.694,13120,2624,15744,25421,0,0,Low
2026-07-01,South,MAT-1004,35 kV Cable,9013,2009,1.13,1.711,18118,3624,21742,31746,0,0,Low
2026-08-01,South,MAT-1004,35 kV Cable,8828,3625,1.08,1.729,19760,3952,23712,27448,0,0,Low
2026-09-01,South,MAT-1004,35 kV Cable,6328,1942,1.0,1.746,12272,2454,14726,14967,0,0,Low
2026-10-01,South,MAT-1004,35 kV Cable,7321,1238,0.92,1.763,11802,2360,14162,14642,0,0,Low
2026-11-01,South,MAT-1004,35 kV Cable,6222,2310,0.87,1.781,11236,2247,13483,13633,0,0,Low
2026-12-01,South,MAT-1004,35 kV Cable,7114,2201,0.85,1.799,12105,2421,14526,17051,0,0,Low
2022-01-01,East,MAT-1004,35 kV Cable,7294,2858,0.87,1.0,7507,1501,9008,15212,0,0,Low
2022-02-01,East,MAT-1004,35 kV Cable,8991,1379,0.92,1.01,8190,1638,9828,14813,0,0,Low
2022-03-01,East,MAT-1004,35 kV Cable,8501,1197,1.0,1.02,8409,1682,10091,10639,0,0,Low
2022-04-01,East,MAT-1004,35 kV Cable,8600,1169,1.08,1.03,9240,1848,11088,18386,0,0,Low
2022-05-01,East,MAT-1004,35 kV Cable,8548,2124,1.13,1.041,10667,2133,12800,19439,0,0,Low
2022-06-01,East,MAT-1004,35 kV Cable,12682,5694,1.15,1.051,18879,3776,22655,38557,0,0,Low
2022-07-01,East,MAT-1004,35 kV Cable,11181,1414,1.13,1.062,12842,2568,15410,24112,0,0,Low
2022-08-01,East,MAT-1004,35 kV Cable,8636,3318,1.08,1.072,11765,2353,14118,22668,0,0,Low
2022-09-01,East,MAT-1004,35 kV Cable,9561,2713,1.0,1.083,11297,2259,13556,14198,0,0,Low
2022-10-01,East,MAT-1004,35 kV Cable,8198,1188,0.92,1.094,8027,1605,9632,12866,0,0,Low
2022-11-01,East,MAT-1004,35 kV Cable,6884,439,0.87,1.105,5982,1196,7178,10197,0,0,Low
2022-12-01,East,MAT-1004,35 kV Cable,6774,2250,0.85,1.116,7274,1455,8729,12959,0,0,Low
2023-01-01,East,MAT-1004,35 kV Cable,8243,2194,0.87,1.127,8697,1739,10436,10613,0,0,Low
2023-02-01,East,MAT-1004,35 kV Cable,7188,526,0.92,1.138,6865,1373,8238,11035,0,0,Low
2023-03-01,East,MAT-1004,35 kV Cable,10209,1723,1.0,1.149,11658,2332,13990,15192,0,0,Low
2023-04-01,East,MAT-1004,35 kV Cable,9454,1668,1.08,1.161,11853,2371,14224,21116,0,0,Low
2023-05-01,East,MAT-1004,35 kV Cable,11280,1883,1.13,1.173,14825,2965,17790,26338,0,0,Low
2023-06-01,East,MAT-1004,35 kV Cable,8843,1733,1.15,1.184,12243,2449,14692,15207,0,0,Low
2023-07-01,East,MAT-1004,35 kV Cable,10940,1235,1.13,1.196,13988,2798,16786,26715,0,0,Low
2023-08-01,East,MAT-1004,35 kV Cable,8674,3735,1.08,1.208,13762,2752,16514,17547,0,0,Low
2023-09-01,East,MAT-1004,35 kV Cable,8143,3585,1.0,1.22,12164,2433,14597,17638,0,0,Low
2023-10-01,East,MAT-1004,35 kV Cable,7909,3429,0.92,1.232,10927,2185,13112,15725,0,0,Low
2023-11-01,East,MAT-1004,35 kV Cable,7706,752,0.87,1.245,7785,1557,9342,12812,0,0,Low
2023-12-01,East,MAT-1004,35 kV Cable,8960,1881,0.85,1.257,9847,1969,11816,19434,0,0,Low
2024-01-01,East,MAT-1004,35 kV Cable,7893,1847,0.87,1.27,9146,1829,10975,16324,0,0,Low
2024-02-01,East,MAT-1004,35 kV Cable,7640,2699,0.92,1.282,10369,2074,12443,19574,0,0,Low
2024-03-01,East,MAT-1004,35 kV Cable,7891,1660,1.0,1.295,10515,2103,12618,13921,0,0,Low
2024-04-01,East,MAT-1004,35 kV Cable,9456,502,1.08,1.308,11959,2392,14351,20264,0,0,Low
2024-05-01,East,MAT-1004,35 kV Cable,12020,4103,1.13,1.321,20462,4092,24554,33233,0,0,Low
2024-06-01,East,MAT-1004,35 kV Cable,12133,915,1.15,1.335,17021,3404,20425,20927,0,0,Low
2024-07-01,East,MAT-1004,35 kV Cable,12347,1919,1.13,1.348,18469,3694,22163,25791,0,0,Low
2024-08-01,East,MAT-1004,35 kV Cable,10814,3368,1.08,1.361,17723,3545,21268,29911,0,0,Low
2024-09-01,East,MAT-1004,35 kV Cable,8154,2089,1.0,1.375,11971,2394,14365,19259,0,0,Low
2024-10-01,East,MAT-1004,35 kV Cable,8455,1696,0.92,1.389,11024,2205,13229,17025,0,0,Low
2024-11-01,East,MAT-1004,35 kV Cable,6692,604,0.87,1.403,7567,1513,9080,12223,0,0,Low
2024-12-01,East,MAT-1004,35 kV Cable,6523,1136,0.85,1.417,7839,1568,9407,13631,0,0,Low
2025-01-01,East,MAT-1004,35 kV Cable,9788,3920,0.87,1.431,14504,2901,17405,20479,0,0,Low
2025-02-01,East,MAT-1004,35 kV Cable,8130,1717,0.92,1.445,11128,2226,13354,16675,0,0,Low
2025-03-01,East,MAT-1004,35 kV Cable,10141,758,1.0,1.46,13521,2704,16225,18336,0,0,Low
2025-04-01,East,MAT-1004,35 kV Cable,8335,3391,1.08,1.474,15868,3174,19042,30263,0,0,Low
2025-05-01,East,MAT-1004,35 kV Cable,10956,3061,1.13,1.489,20045,4009,24054,38204,0,0,Low
2025-06-01,East,MAT-1004,35 kV Cable,9009,3987,1.15,1.504,19103,3821,22924,29680,0,0,Low
2025-07-01,East,MAT-1004,35 kV Cable,12178,5299,1.13,1.519,25495,5099,30594,46707,0,0,Low
2025-08-01,East,MAT-1004,35 kV Cable,10638,2237,1.08,1.534,18130,3626,21756,30769,0,0,Low
2025-09-01,East,MAT-1004,35 kV Cable,9811,1858,1.0,1.549,15367,3073,18440,27204,0,0,Low
2025-10-01,East,MAT-1004,35 kV Cable,7845,1367,0.92,1.565,11273,2255,13528,20880,0,0,Low
2025-11-01,East,MAT-1004,35 kV Cable,8004,1038,0.87,1.58,10568,2114,12682,21102,0,0,Low
2025-12-01,East,MAT-1004,35 kV Cable,9548,1952,0.85,1.596,13263,2653,15916,18738,0,0,Low
2026-01-01,East,MAT-1004,35 kV Cable,7187,633,0.87,1.612,9323,1865,11188,14458,0,0,Low
2026-02-01,East,MAT-1004,35 kV Cable,9427,3727,0.92,1.628,16750,3350,20100,30393,0,0,Low
2026-03-01,East,MAT-1004,35 kV Cable,10073,875,1.0,1.645,15305,3061,18366,28972,0,0,Low
2026-04-01,East,MAT-1004,35 kV Cable,11974,2867,1.08,1.661,22631,4526,27157,35157,0,0,Low
2026-05-01,East,MAT-1004,35 kV Cable,11864,2360,1.13,1.678,22921,4584,27505,40528,0,0,Low
2026-06-01,East,MAT-1004,35 kV Cable,11272,1150,1.15,1.694,20575,4115,24690,36043,0,0,Low
2026-07-01,East,MAT-1004,35 kV Cable,12176,5026,1.13,1.711,28277,5655,33932,45364,0,0,Low
2026-08-01,East,MAT-1004,35 kV Cable,10846,2439,1.08,1.729,21080,4216,25296,31147,0,0,Low
2026-09-01,East,MAT-1004,35 kV Cable,9831,1667,1.0,1.746,17062,3412,20474,31272,0,0,Low
2026-10-01,East,MAT-1004,35 kV Cable,9621,870,0.92,1.763,14466,2893,17359,18706,0,0,Low
2026-11-01,East,MAT-1004,35 kV Cable,6617,754,0.87,1.781,9707,1941,11648,14382,0,0,Low
2026-12-01,East,MAT-1004,35 kV Cable,7757,669,0.85,1.799,10950,2190,13140,18443,0,0,Low
2022-01-01,West,MAT-1004,35 kV Cable,8327,2018,0.87,1.0,7650,1530,9180,11215,0,0,Low
2022-02-01,West,MAT-1004,35 kV Cable,8358,1080,0.92,1.01,7454,1491,8945,9337,0,0,Low
2022-03-01,West,MAT-1004,35 kV Cable,7861,941,1.0,1.02,7632,1526,9158,14279,0,0,Low
2022-04-01,West,MAT-1004,35 kV Cable,7869,472,1.08,1.03,7889,1578,9467,15375,0,0,Low
2022-05-01,West,MAT-1004,35 kV Cable,9739,3022,1.13,1.041,12755,2551,15306,18900,0,0,Low
2022-06-01,West,MAT-1004,35 kV Cable,8419,666,1.15,1.051,9334,1867,11201,14535,0,0,Low
2022-07-01,West,MAT-1004,35 kV Cable,8200,2916,1.13,1.062,11334,2267,13601,15468,0,0,Low
2022-08-01,West,MAT-1004,35 kV Cable,10233,2404,1.08,1.072,12438,2488,14926,15756,0,0,Low
2022-09-01,West,MAT-1004,35 kV Cable,7577,2660,1.0,1.083,9422,1884,11306,17492,0,0,Low
2022-10-01,West,MAT-1004,35 kV Cable,6066,1876,0.92,1.094,6792,1358,8150,11768,0,0,Low
2022-11-01,West,MAT-1004,35 kV Cable,7213,2697,0.87,1.105,8095,1619,9714,13705,0,0,Low
2022-12-01,West,MAT-1004,35 kV Cable,6474,604,0.85,1.116,5705,1141,6846,7955,0,0,Low
2023-01-01,West,MAT-1004,35 kV Cable,6180,634,0.87,1.127,5678,1136,6814,8290,0,0,Low
2023-02-01,West,MAT-1004,35 kV Cable,8397,2557,0.92,1.138,9749,1950,11699,17382,0,0,Low
2023-03-01,West,MAT-1004,35 kV Cable,6991,1162,1.0,1.149,7966,1593,9559,10607,0,0,Low
2023-04-01,West,MAT-1004,35 kV Cable,10475,546,1.08,1.161,11746,2349,14095,18266,0,0,Low
2023-05-01,West,MAT-1004,35 kV Cable,8512,3770,1.13,1.173,13833,2767,16600,25094,0,0,Low
2023-06-01,West,MAT-1004,35 kV Cable,7618,1277,1.15,1.184,10297,2059,12356,18502,0,0,Low
2023-07-01,West,MAT-1004,35 kV Cable,9183,3204,1.13,1.196,14231,2846,17077,26746,0,0,Low
2023-08-01,West,MAT-1004,35 kV Cable,7789,3212,1.08,1.208,12201,2440,14641,19989,0,0,Low
2023-09-01,West,MAT-1004,35 kV Cable,9064,3903,1.0,1.22,13449,2690,16139,17346,0,0,Low
2023-10-01,West,MAT-1004,35 kV Cable,6414,394,0.92,1.232,6561,1312,7873,11490,0,0,Low
2023-11-01,West,MAT-1004,35 kV Cable,8319,2760,0.87,1.245,10198,2040,12238,17414,0,0,Low
2023-12-01,West,MAT-1004,35 kV Cable,7702,696,0.85,1.257,7628,1526,9154,14169,0,0,Low
2024-01-01,West,MAT-1004,35 kV Cable,7299,2031,0.87,1.27,8761,1752,10513,13539,0,0,Low
2024-02-01,West,MAT-1004,35 kV Cable,6812,2359,0.92,1.282,9197,1839,11036,17588,0,0,Low
2024-03-01,West,MAT-1004,35 kV Cable,9786,1486,1.0,1.295,12410,2482,14892,25136,0,0,Low
2024-04-01,West,MAT-1004,35 kV Cable,8111,3207,1.08,1.308,13592,2718,16310,18913,0,0,Low
2024-05-01,West,MAT-1004,35 kV Cable,9420,3213,1.13,1.321,16033,3207,19240,25868,0,0,Low
2024-06-01,West,MAT-1004,35 kV Cable,8938,1794,1.15,1.335,14000,2800,16800,24838,0,0,Low
2024-07-01,West,MAT-1004,35 kV Cable,9043,953,1.13,1.348,12941,2588,15529,20189,0,0,Low
2024-08-01,West,MAT-1004,35 kV Cable,10444,4586,1.08,1.361,18783,3757,22540,33595,0,0,Low
2024-09-01,West,MAT-1004,35 kV Cable,6736,1812,1.0,1.375,9990,1998,11988,18474,0,0,Low
2024-10-01,West,MAT-1004,35 kV Cable,8383,1630,0.92,1.389,10874,2175,13049,16958,0,0,Low
2024-11-01,West,MAT-1004,35 kV Cable,6350,2782,0.87,1.403,9472,1894,11366,19061,0,0,Low
2024-12-01,West,MAT-1004,35 kV Cable,7087,1716,0.85,1.417,9010,1802,10812,11266,0,0,Low
2025-01-01,West,MAT-1004,35 kV Cable,7565,2746,0.87,1.431,10910,2182,13092,19534,0,0,Low
2025-02-01,West,MAT-1004,35 kV Cable,7457,2119,0.92,1.445,10821,2164,12985,18187,0,0,Low
2025-03-01,West,MAT-1004,35 kV Cable,9282,1854,1.0,1.46,13815,2763,16578,23712,0,0,Low
2025-04-01,West,MAT-1004,35 kV Cable,9272,2948,1.08,1.474,16537,3307,19844,21323,0,0,Low
2025-05-01,West,MAT-1004,35 kV Cable,9336,3143,1.13,1.489,17846,3569,21415,34290,0,0,Low
2025-06-01,West,MAT-1004,35 kV Cable,8509,2780,1.15,1.504,16594,3319,19913,29376,0,0,Low
2025-07-01,West,MAT-1004,35 kV Cable,7950,2143,1.13,1.519,14724,2945,17669,22075,0,0,Low
2025-08-01,West,MAT-1004,35 kV Cable,10434,3297,1.08,1.534,19336,3867,23203,34706,0,0,Low
2025-09-01,West,MAT-1004,35 kV Cable,8640,1224,1.0,1.549,12990,2598,15588,17886,0,0,Low
2025-10-01,West,MAT-1004,35 kV Cable,8128,2949,0.92,1.565,13555,2711,16266,18212,0,0,Low
2025-11-01,West,MAT-1004,35 kV Cable,6899,1119,0.87,1.58,9371,1874,11245,18864,0,0,Low
2025-12-01,West,MAT-1004,35 kV Cable,5812,2125,0.85,1.596,9154,1831,10985,16393,0,0,Low
2026-01-01,West,MAT-1004,35 kV Cable,5740,1719,0.87,1.612,8893,1779,10672,16846,0,0,Low
2026-02-01,West,MAT-1004,35 kV Cable,7519,2037,0.92,1.628,12168,2434,14602,16482,0,0,Low
2026-03-01,West,MAT-1004,35 kV Cable,9380,3103,1.0,1.645,17450,3490,20940,23638,0,0,Low
2026-04-01,West,MAT-1004,35 kV Cable,8290,808,1.08,1.661,13873,2775,16648,23180,0,0,Low
2026-05-01,West,MAT-1004,35 kV Cable,10011,1937,1.13,1.678,19253,3851,23104,39326,0,0,Low
2026-06-01,West,MAT-1004,35 kV Cable,8658,3634,1.15,1.694,20360,4072,24432,33628,0,0,Low
2026-07-01,West,MAT-1004,35 kV Cable,10657,3811,1.13,1.711,23783,4757,28540,39028,0,0,Low
2026-08-01,West,MAT-1004,35 kV Cable,7575,1776,1.08,1.729,14838,2968,17806,22054,0,0,Low
2026-09-01,West,MAT-1004,35 kV Cable,8604,3039,1.0,1.746,17277,3455,20732,33482,0,0,Low
2026-10-01,West,MAT-1004,35 kV Cable,7031,1457,0.92,1.763,11704,2341,14045,17557,0,0,Low
2026-11-01,West,MAT-1004,35 kV Cable,7253,3202,0.87,1.781,13769,2754,16523,22147,0,0,Low
2026-12-01,West,MAT-1004,35 kV Cable,5649,544,0.85,1.799,8048,1610,9658,13203,0,0,Low
2022-01-01,North,MAT-1005,Pad-Mount Transformer 500 kVA,148,33,0.87,1.0,134,27,161,178,0,0,Low
2022-02-01,North,MAT-1005,Pad-Mount Transformer 500 kVA,152,59,0.92,1.01,167,33,200,325,0,0,Low
2022-03-01,North,MAT-1005,Pad-Mount Transformer 500 kVA,161,21,1.0,1.02,158,32,190,190,0,0,Low
2022-04-01,North,MAT-1005,Pad-Mount Transformer 500 kVA,147,53,1.08,1.03,189,38,227,332,0,0,Low
2022-05-01,North,MAT-1005,Pad-Mount Transformer 500 kVA,145,12,1.13,1.041,157,31,188,206,0,0,Low
2022-06-01,North,MAT-1005,Pad-Mount Transformer 500 kVA,192,78,1.15,1.051,277,55,332,511,0,0,Low
2022-07-01,North,MAT-1005,Pad-Mount Transformer 500 kVA,142,54,1.13,1.062,200,40,240,252,0,0,Low
2022-08-01,North,MAT-1005,Pad-Mount Transformer 500 kVA,171,76,1.08,1.072,243,49,292,370,0,0,Low
2022-09-01,North,MAT-1005,Pad-Mount Transformer 500 kVA,149,28,1.0,1.083,163,33,196,238,0,0,Low
2022-10-01,North,MAT-1005,Pad-Mount Transformer 500 kVA,155,50,0.92,1.094,175,35,210,261,0,0,Low
2022-11-01,North,MAT-1005,Pad-Mount Transformer 500 kVA,124,38,0.87,1.105,132,26,158,185,0,0,Low
2022-12-01,North,MAT-1005,Pad-Mount Transformer 500 kVA,125,55,0.85,1.116,145,29,174,276,0,0,Low
2023-01-01,North,MAT-1005,Pad-Mount Transformer 500 kVA,106,45,0.87,1.127,126,25,151,173,0,0,Low
2023-02-01,North,MAT-1005,Pad-Mount Transformer 500 kVA,142,45,0.92,1.138,166,33,199,209,0,0,Low
2023-03-01,North,MAT-1005,Pad-Mount Transformer 500 kVA,114,47,1.0,1.149,157,31,188,317,0,0,Low
2023-04-01,North,MAT-1005,Pad-Mount Transformer 500 kVA,141,30,1.08,1.161,182,36,218,344,0,0,Low
2023-05-01,North,MAT-1005,Pad-Mount Transformer 500 kVA,166,36,1.13,1.173,228,46,274,361,0,0,Low
2023-06-01,North,MAT-1005,Pad-Mount Transformer 500 kVA,168,54,1.15,1.184,257,51,308,338,0,0,Low
2023-07-01,North,MAT-1005,Pad-Mount Transformer 500 kVA,132,42,1.13,1.196,200,40,240,369,0,0,Low
2023-08-01,North,MAT-1005,Pad-Mount Transformer 500 kVA,130,58,1.08,1.208,209,42,251,316,0,0,Low
2023-09-01,North,MAT-1005,Pad-Mount Transformer 500 kVA,162,68,1.0,1.22,239,48,287,384,0,0,Low
2023-10-01,North,MAT-1005,Pad-Mount Transformer 500 kVA,140,49,0.92,1.232,182,36,218,361,0,0,Low
2023-11-01,North,MAT-1005,Pad-Mount Transformer 500 kVA,143,46,0.87,1.245,174,35,209,221,0,0,Low
2023-12-01,North,MAT-1005,Pad-Mount Transformer 500 kVA,100,20,0.85,1.257,109,22,131,170,0,0,Low
2024-01-01,North,MAT-1005,Pad-Mount Transformer 500 kVA,104,12,0.87,1.27,109,22,131,216,0,0,Low
2024-02-01,North,MAT-1005,Pad-Mount Transformer 500 kVA,130,27,0.92,1.282,157,31,188,261,0,0,Low
2024-03-01,North,MAT-1005,Pad-Mount Transformer 500 kVA,140,43,1.0,1.295,201,40,241,366,0,0,Low
2024-04-01,North,MAT-1005,Pad-Mount Transformer 500 kVA,179,80,1.08,1.308,311,62,373,629,0,0,Low
2024-05-01,North,MAT-1005,Pad-Mount Transformer 500 kVA,163,14,1.13,1.321,225,45,270,375,0,0,Low
2024-06-01,North,MAT-1005,Pad-Mount Transformer 500 kVA,189,79,1.15,1.335,350,70,420,481,0,0,Low
2024-07-01,North,MAT-1005,Pad-Mount Transformer 500 kVA,135,54,1.13,1.348,245,49,294,439,0,0,Low
2024-08-01,North,MAT-1005,Pad-Mount Transformer 500 kVA,129,28,1.08,1.361,196,39,235,242,0,0,Low
2024-09-01,North,MAT-1005,Pad-Mount Transformer 500 kVA,120,18,1.0,1.375,161,32,193,268,0,0,Low
2024-10-01,North,MAT-1005,Pad-Mount Transformer 500 kVA,113,14,0.92,1.389,138,28,166,278,0,0,Low
2024-11-01,North,MAT-1005,Pad-Mount Transformer 500 kVA,138,29,0.87,1.403,173,35,208,247,0,0,Low
2024-12-01,North,MAT-1005,Pad-Mount Transformer 500 kVA,129,32,0.85,1.417,165,33,198,199,0,0,Low
2025-01-01,North,MAT-1005,Pad-Mount Transformer 500 kVA,139,43,0.87,1.431,193,39,232,259,0,0,Low
2025-02-01,North,MAT-1005,Pad-Mount Transformer 500 kVA,119,29,0.92,1.445,167,33,200,320,0,0,Low
2025-03-01,North,MAT-1005,Pad-Mount Transformer 500 kVA,123,32,1.0,1.46,192,38,230,325,0,0,Low
2025-04-01,North,MAT-1005,Pad-Mount Transformer 500 kVA,159,38,1.08,1.474,267,53,320,386,0,0,Low
2025-05-01,North,MAT-1005,Pad-Mount Transformer 500 kVA,177,40,1.13,1.489,310,62,372,571,0,0,Low
2025-06-01,North,MAT-1005,Pad-Mount Transformer 500 kVA,174,40,1.15,1.504,315,63,378,437,0,0,Low
2025-07-01,North,MAT-1005,Pad-Mount Transformer 500 kVA,150,51,1.13,1.519,293,59,352,495,0,0,Low
2025-08-01,North,MAT-1005,Pad-Mount Transformer 500 kVA,175,24,1.08,1.534,280,56,336,366,0,0,Low
2025-09-01,North,MAT-1005,Pad-Mount Transformer 500 kVA,164,10,1.0,1.549,229,46,275,372,0,0,Low
2025-10-01,North,MAT-1005,Pad-Mount Transformer 500 kVA,129,25,0.92,1.565,188,38,226,305,0,0,Low
2025-11-01,North,MAT-1005,Pad-Mount Transformer 500 kVA,135,11,0.87,1.58,171,34,205,230,0,0,Low
2025-12-01,North,MAT-1005,Pad-Mount Transformer 500 kVA,129,22,0.85,1.596,174,35,209,332,0,0,Low
2026-01-01,North,MAT-1005,Pad-Mount Transformer 500 kVA,108,39,0.87,1.612,175,35,210,276,0,0,Low
2026-02-01,North,MAT-1005,Pad-Mount Transformer 500 kVA,107,13,0.92,1.628,153,31,184,272,0,0,Low
2026-03-01,North,MAT-1005,Pad-Mount Transformer 500 kVA,166,40,1.0,1.645,288,58,346,365,0,0,Low
2026-04-01,North,MAT-1005,Pad-Mount Transformer 500 kVA,177,25,1.08,1.661,308,62,370,598,0,0,Low
2026-05-01,North,MAT-1005,Pad-Mount Transformer 500 kVA,138,13,1.13,1.678,243,49,292,493,0,0,Low
2026-06-01,North,MAT-1005,Pad-Mount Transformer 500 kVA,148,12,1.15,1.694,265,53,318,520,0,0,Low
2026-07-01,North,MAT-1005,Pad-Mount Transformer 500 kVA,156,42,1.13,1.711,325,65,390,533,0,0,Low
2026-08-01,North,MAT-1005,Pad-Mount Transformer 500 kVA,155,40,1.08,1.729,309,62,371,412,0,0,Low
2026-09-01,North,MAT-1005,Pad-Mount Transformer 500 kVA,152,31,1.0,1.746,272,54,326,551,0,0,Low
2026-10-01,North,MAT-1005,Pad-Mount Transformer 500 kVA,137,59,0.92,1.763,270,54,324,531,0,0,Low
2026-11-01,North,MAT-1005,Pad-Mount Transformer 500 kVA,116,32,0.87,1.781,195,39,234,245,0,0,Low
2026-12-01,North,MAT-1005,Pad-Mount Transformer 500 kVA,101,33,0.85,1.799,174,35,209,257,0,0,Low
2022-01-01,South,MAT-1005,Pad-Mount Transformer 500 kVA,123,13,0.87,1.0,101,20,121,163,0,0,Low
2022-02-01,South,MAT-1005,Pad-Mount Transformer 500 kVA,141,46,0.92,1.01,148,30,178,222,0,0,Low
2022-03-01,South,MAT-1005,Pad-Mount Transformer 500 kVA,150,64,1.0,1.02,186,37,223,233,0,0,Low
2022-04-01,South,MAT-1005,Pad-Mount Transformer 500 kVA,174,31,1.08,1.03,194,39,233,379,0,0,Low
2022-05-01,South,MAT-1005,Pad-Mount Transformer 500 kVA,141,56,1.13,1.041,197,39,236,363,0,0,Low
2022-06-01,South,MAT-1005,Pad-Mount Transformer 500 kVA,167,27,1.15,1.051,199,40,239,329,0,0,Low
2022-07-01,South,MAT-1005,Pad-Mount Transformer 500 kVA,135,19,1.13,1.062,157,31,188,276,0,0,Low
2022-08-01,South,MAT-1005,Pad-Mount Transformer 500 kVA,140,43,1.08,1.072,180,36,216,237,0,0,Low
2022-09-01,South,MAT-1005,Pad-Mount Transformer 500 kVA,132,20,1.0,1.083,140,28,168,239,0,0,Low
2022-10-01,South,MAT-1005,Pad-Mount Transformer 500 kVA,124,25,0.92,1.094,127,25,152,165,0,0,Low
2022-11-01,South,MAT-1005,Pad-Mount Transformer 500 kVA,122,36,0.87,1.105,129,26,155,200,0,0,Low
2022-12-01,South,MAT-1005,Pad-Mount Transformer 500 kVA,126,35,0.85,1.116,130,26,156,266,0,0,Low
2023-01-01,South,MAT-1005,Pad-Mount Transformer 500 kVA,122,10,0.87,1.127,110,22,132,133,0,0,Low
2023-02-01,South,MAT-1005,Pad-Mount Transformer 500 kVA,146,63,0.92,1.138,186,37,223,331,0,0,Low
2023-03-01,South,MAT-1005,Pad-Mount Transformer 500 kVA,129,49,1.0,1.149,174,35,209,306,0,0,Low
2023-04-01,South,MAT-1005,Pad-Mount Transformer 500 kVA,144,17,1.08,1.161,172,34,206,296,0,0,Low
2023-05-01,South,MAT-1005,Pad-Mount Transformer 500 kVA,140,31,1.13,1.173,193,39,232,312,0,0,Low
2023-06-01,South,MAT-1005,Pad-Mount Transformer 500 kVA,160,23,1.15,1.184,212,42,254,345,0,0,Low
2023-07-01,South,MAT-1005,Pad-Mount Transformer 500 kVA,181,69,1.13,1.196,287,57,344,569,0,0,Low
2023-08-01,South,MAT-1005,Pad-Mount Transformer 500 kVA,156,8,1.08,1.208,182,36,218,332,0,0,Low
2023-09-01,South,MAT-1005,Pad-Mount Transformer 500 kVA,138,37,1.0,1.22,182,36,218,317,0,0,Low
2023-10-01,South,MAT-1005,Pad-Mount Transformer 500 kVA,134,35,0.92,1.232,163,33,196,237,0,0,Low
2023-11-01,South,MAT-1005,Pad-Mount Transformer 500 kVA,119,28,0.87,1.245,135,27,162,260,0,0,Low
2023-12-01,South,MAT-1005,Pad-Mount Transformer 500 kVA,95,28,0.85,1.257,112,22,134,225,0,0,Low
2024-01-01,South,MAT-1005,Pad-Mount Transformer 500 kVA,102,39,0.87,1.27,132,26,158,227,0,0,Low
2024-02-01,South,MAT-1005,Pad-Mount Transformer 500 kVA,117,14,0.92,1.282,131,26,157,173,0,0,Low
2024-03-01,South,MAT-1005,Pad-Mount Transformer 500 kVA,116,25,1.0,1.295,155,31,186,216,0,0,Low
2024-04-01,South,MAT-1005,Pad-Mount Transformer 500 kVA,171,52,1.08,1.308,268,54,322,395,0,0,Low
2024-05-01,South,MAT-1005,Pad-Mount Transformer 500 kVA,144,19,1.13,1.321,207,41,248,382,0,0,Low
2024-06-01,South,MAT-1005,Pad-Mount Transformer 500 kVA,156,12,1.15,1.335,219,44,263,437,0,0,Low
2024-07-01,South,MAT-1005,Pad-Mount Transformer 500 kVA,126,16,1.13,1.348,184,37,221,332,0,0,Low
2024-08-01,South,MAT-1005,Pad-Mount Transformer 500 kVA,130,48,1.08,1.361,222,44,266,408,0,0,Low
2024-09-01,South,MAT-1005,Pad-Mount Transformer 500 kVA,144,17,1.0,1.375,188,38,226,357,0,0,Low
2024-10-01,South,MAT-1005,Pad-Mount Transformer 500 kVA,115,44,0.92,1.389,173,35,208,231,0,0,Low
2024-11-01,South,MAT-1005,Pad-Mount Transformer 500 kVA,106,42,0.87,1.403,154,31,185,194,0,0,Low
2024-12-01,South,MAT-1005,Pad-Mount Transformer 500 kVA,105,27,0.85,1.417,135,27,162,206,0,0,Low
2025-01-01,South,MAT-1005,Pad-Mount Transformer 500 kVA,124,11,0.87,1.431,143,29,172,281,0,0,Low
2025-02-01,South,MAT-1005,Pad-Mount Transformer 500 kVA,101,32,0.92,1.445,150,30,180,230,0,0,Low
2025-03-01,South,MAT-1005,Pad-Mount Transformer 500 kVA,159,34,1.0,1.46,239,48,287,473,0,0,Low
2025-04-01,South,MAT-1005,Pad-Mount Transformer 500 kVA,142,33,1.08,1.474,237,47,284,429,0,0,Low
2025-05-01,South,MAT-1005,Pad-Mount Transformer 500 kVA,124,25,1.13,1.489,213,43,256,385,0,0,Low
2025-06-01,South,MAT-1005,Pad-Mount Transformer 500 kVA,149,53,1.15,1.504,297,59,356,356,0,0,Low
2025-07-01,South,MAT-1005,Pad-Mount Transformer 500 kVA,168,53,1.13,1.519,322,64,386,561,0,0,Low
2025-08-01,South,MAT-1005,Pad-Mount Transformer 500 kVA,117,33,1.08,1.534,211,42,253,279,0,0,Low
2025-09-01,South,MAT-1005,Pad-Mount Transformer 500 kVA,128,42,1.0,1.549,224,45,269,270,0,0,Low
2025-10-01,South,MAT-1005,Pad-Mount Transformer 500 kVA,105,13,0.92,1.565,144,29,173,184,0,0,Low
2025-11-01,South,MAT-1005,Pad-Mount Transformer 500 kVA,132,50,0.87,1.58,213,43,256,390,0,0,Low
2025-12-01,South,MAT-1005,Pad-Mount Transformer 500 kVA,110,25,0.85,1.596,156,31,187,316,0,0,Low
2026-01-01,South,MAT-1005,Pad-Mount Transformer 500 kVA,137,52,0.87,1.612,225,45,270,402,0,0,Low
2026-02-01,South,MAT-1005,Pad-Mount Transformer 500 kVA,149,30,0.92,1.628,228,46,274,413,0,0,Low
2026-03-01,South,MAT-1005,Pad-Mount Transformer 500 kVA,147,16,1.0,1.645,228,46,274,458,0,0,Low
2026-04-01,South,MAT-1005,Pad-Mount Transformer 500 kVA,171,71,1.08,1.661,369,74,443,520,0,0,Low
2026-05-01,South,MAT-1005,Pad-Mount Transformer 500 kVA,144,56,1.13,1.678,322,64,386,541,0,0,Low
2026-06-01,South,MAT-1005,Pad-Mount Transformer 500 kVA,156,58,1.15,1.694,354,71,425,616,0,0,Low
2026-07-01,South,MAT-1005,Pad-Mount Transformer 500 kVA,178,30,1.13,1.711,342,68,410,462,0,0,Low
2026-08-01,South,MAT-1005,Pad-Mount Transformer 500 kVA,162,52,1.08,1.729,340,68,408,691,0,0,Low
2026-09-01,South,MAT-1005,Pad-Mount Transformer 500 kVA,123,29,1.0,1.746,226,45,271,442,0,0,Low
2026-10-01,South,MAT-1005,Pad-Mount Transformer 500 kVA,108,9,0.92,1.763,161,32,193,290,0,0,Low
2026-11-01,South,MAT-1005,Pad-Mount Transformer 500 kVA,115,8,0.87,1.781,162,32,194,303,0,0,Low
2026-12-01,South,MAT-1005,Pad-Mount Transformer 500 kVA,120,25,0.85,1.799,188,38,226,252,0,0,Low
2022-01-01,East,MAT-1005,Pad-Mount Transformer 500 kVA,140,29,0.87,1.0,125,25,150,253,0,0,Low
2022-02-01,East,MAT-1005,Pad-Mount Transformer 500 kVA,167,43,0.92,1.01,166,33,199,247,0,0,Low
2022-03-01,East,MAT-1005,Pad-Mount Transformer 500 kVA,157,28,1.0,1.02,160,32,192,316,0,0,Low
2022-04-01,East,MAT-1005,Pad-Mount Transformer 500 kVA,177,27,1.08,1.03,193,39,232,365,0,0,Low
2022-05-01,East,MAT-1005,Pad-Mount Transformer 500 kVA,165,11,1.13,1.041,176,35,211,326,0,0,Low
2022-06-01,East,MAT-1005,Pad-Mount Transformer 500 kVA,197,51,1.15,1.051,255,51,306,487,0,0,Low
2022-07-01,East,MAT-1005,Pad-Mount Transformer 500 kVA,211,32,1.13,1.062,248,50,298,483,0,0,Low
2022-08-01,East,MAT-1005,Pad-Mount Transformer 500 kVA,191,33,1.08,1.072,220,44,264,443,0,0,Low
2022-09-01,East,MAT-1005,Pad-Mount Transformer 500 kVA,161,57,1.0,1.083,201,40,241,345,0,0,Low
2022-10-01,East,MAT-1005,Pad-Mount Transformer 500 kVA,160,15,0.92,1.094,150,30,180,182,0,0,Low
2022-11-01,East,MAT-1005,Pad-Mount Transformer 500 kVA,135,54,0.87,1.105,154,31,185,313,0,0,Low
2022-12-01,East,MAT-1005,Pad-Mount Transformer 500 kVA,129,34,0.85,1.116,131,26,157,209,0,0,Low
2023-01-01,East,MAT-1005,Pad-Mount Transformer 500 kVA,142,9,0.87,1.127,126,25,151,248,0,0,Low
2023-02-01,East,MAT-1005,Pad-Mount Transformer 500 kVA,173,13,0.92,1.138,166,33,199,312,0,0,Low
2023-03-01,East,MAT-1005,Pad-Mount Transformer 500 kVA,156,68,1.0,1.149,219,44,263,322,0,0,Low
2023-04-01,East,MAT-1005,Pad-Mount Transformer 500 kVA,193,31,1.08,1.161,239,48,287,365,0,0,Low
2023-05-01,East,MAT-1005,Pad-Mount Transformer 500 kVA,167,66,1.13,1.173,262,52,314,403,0,0,Low
2023-06-01,East,MAT-1005,Pad-Mount Transformer 500 kVA,215,12,1.15,1.184,263,53,316,353,0,0,Low
2023-07-01,East,MAT-1005,Pad-Mount Transformer 500 kVA,174,34,1.13,1.196,239,48,287,411,0,0,Low
2023-08-01,East,MAT-1005,Pad-Mount Transformer 500 kVA,223,31,1.08,1.208,282,56,338,347,0,0,Low
2023-09-01,East,MAT-1005,Pad-Mount Transformer 500 kVA,163,27,1.0,1.22,197,39,236,385,0,0,Low
2023-10-01,East,MAT-1005,Pad-Mount Transformer 500 kVA,187,75,0.92,1.232,252,50,302,315,0,0,Low
2023-11-01,East,MAT-1005,Pad-Mount Transformer 500 kVA,140,39,0.87,1.245,165,33,198,320,0,0,Low
2023-12-01,East,MAT-1005,Pad-Mount Transformer 500 kVA,165,40,0.85,1.257,186,37,223,361,0,0,Low
2024-01-01,East,MAT-1005,Pad-Mount Transformer 500 kVA,122,23,0.87,1.27,136,27,163,224,0,0,Low
2024-02-01,East,MAT-1005,Pad-Mount Transformer 500 kVA,143,43,0.92,1.282,187,37,224,263,0,0,Low
2024-03-01,East,MAT-1005,Pad-Mount Transformer 500 kVA,185,10,1.0,1.295,215,43,258,364,0,0,Low
2024-04-01,East,MAT-1005,Pad-Mount Transformer 500 kVA,206,39,1.08,1.308,294,59,353,396,0,0,Low
2024-05-01,East,MAT-1005,Pad-Mount Transformer 500 kVA,164,68,1.13,1.321,294,59,353,384,0,0,Low
2024-06-01,East,MAT-1005,Pad-Mount Transformer 500 kVA,207,92,1.15,1.335,390,78,468,695,0,0,Low
2024-07-01,East,MAT-1005,Pad-Mount Transformer 500 kVA,202,19,1.13,1.348,286,57,343,511,0,0,Low
2024-08-01,East,MAT-1005,Pad-Mount Transformer 500 kVA,183,29,1.08,1.361,265,53,318,483,0,0,Low
2024-09-01,East,MAT-1005,Pad-Mount Transformer 500 kVA,161,15,1.0,1.375,206,41,247,391,0,0,Low
2024-10-01,East,MAT-1005,Pad-Mount Transformer 500 kVA,146,39,0.92,1.389,201,40,241,366,0,0,Low
2024-11-01,East,MAT-1005,Pad-Mount Transformer 500 kVA,140,61,0.87,1.403,208,42,250,334,0,0,Low
2024-12-01,East,MAT-1005,Pad-Mount Transformer 500 kVA,157,46,0.85,1.417,208,42,250,379,0,0,Low
2025-01-01,East,MAT-1005,Pad-Mount Transformer 500 kVA,131,53,0.87,1.431,195,39,234,297,0,0,Low
2025-02-01,East,MAT-1005,Pad-Mount Transformer 500 kVA,133,14,0.92,1.445,166,33,199,244,0,0,Low
2025-03-01,East,MAT-1005,Pad-Mount Transformer 500 kVA,201,66,1.0,1.46,331,66,397,506,0,0,Low
2025-04-01,East,MAT-1005,Pad-Mount Transformer 500 kVA,163,40,1.08,1.474,275,55,330,500,0,0,Low
2025-05-01,East,MAT-1005,Pad-Mount Transformer 500 kVA,214,27,1.13,1.489,345,69,414,657,0,0,Low
2025-06-01,East,MAT-1005,Pad-Mount Transformer 500 kVA,238,57,1.15,1.504,434,87,521,684,0,0,Low
2025-07-01,East,MAT-1005,Pad-Mount Transformer 500 kVA,158,52,1.13,1.519,306,61,367,614,0,0,Low
2025-08-01,East,MAT-1005,Pad-Mount Transformer 500 kVA,161,55,1.08,1.534,304,61,365,541,0,0,Low
2025-09-01,East,MAT-1005,Pad-Mount Transformer 500 kVA,162,54,1.0,1.549,284,57,341,358,0,0,Low
2025-10-01,East,MAT-1005,Pad-Mount Transformer 500 kVA,173,69,0.92,1.565,296,59,355,549,0,0,Low
2025-11-01,East,MAT-1005,Pad-Mount Transformer 500 kVA,136,18,0.87,1.58,180,36,216,269,0,0,Low
2025-12-01,East,MAT-1005,Pad-Mount Transformer 500 kVA,156,69,0.85,1.596,259,52,311,468,0,0,Low
2026-01-01,East,MAT-1005,Pad-Mount Transformer 500 kVA,133,36,0.87,1.612,201,40,241,368,0,0,Low
2026-02-01,East,MAT-1005,Pad-Mount Transformer 500 kVA,145,44,0.92,1.628,241,48,289,424,0,0,Low
2026-03-01,East,MAT-1005,Pad-Mount Transformer 500 kVA,163,65,1.0,1.645,319,64,383,429,0,0,Low
2026-04-01,East,MAT-1005,Pad-Mount Transformer 500 kVA,186,66,1.08,1.661,384,77,461,558,0,0,Low
2026-05-01,East,MAT-1005,Pad-Mount Transformer 500 kVA,205,64,1.13,1.678,433,87,520,720,0,0,Low
2026-06-01,East,MAT-1005,Pad-Mount Transformer 500 kVA,217,74,1.15,1.694,482,96,578,893,0,0,Low
2026-07-01,East,MAT-1005,Pad-Mount Transformer 500 kVA,221,96,1.13,1.711,521,104,625,762,0,0,Low
2026-08-01,East,MAT-1005,Pad-Mount Transformer 500 kVA,161,8,1.08,1.729,268,54,322,442,0,0,Low
2026-09-01,East,MAT-1005,Pad-Mount Transformer 500 kVA,160,39,1.0,1.746,295,59,354,442,0,0,Low
2026-10-01,East,MAT-1005,Pad-Mount Transformer 500 kVA,139,56,0.92,1.763,269,54,323,425,0,0,Low
2026-11-01,East,MAT-1005,Pad-Mount Transformer 500 kVA,142,61,0.87,1.781,267,53,320,483,0,0,Low
2026-12-01,East,MAT-1005,Pad-Mount Transformer 500 kVA,123,42,0.85,1.799,214,43,257,365,0,0,Low
2022-01-01,West,MAT-1005,Pad-Mount Transformer 500 kVA,115,44,0.87,1.0,118,24,142,174,0,0,Low
2022-02-01,West,MAT-1005,Pad-Mount Transformer 500 kVA,125,24,0.92,1.01,118,24,142,161,0,0,Low
2022-03-01,West,MAT-1005,Pad-Mount Transformer 500 kVA,168,68,1.0,1.02,205,41,246,381,0,0,Low
2022-04-01,West,MAT-1005,Pad-Mount Transformer 500 kVA,137,28,1.08,1.03,156,31,187,320,0,0,Low
2022-05-01,West,MAT-1005,Pad-Mount Transformer 500 kVA,192,83,1.13,1.041,275,55,330,418,0,0,Low
2022-06-01,West,MAT-1005,Pad-Mount Transformer 500 kVA,175,41,1.15,1.051,222,44,266,392,0,0,Low
2022-07-01,West,MAT-1005,Pad-Mount Transformer 500 kVA,136,51,1.13,1.062,191,38,229,251,0,0,Low
2022-08-01,West,MAT-1005,Pad-Mount Transformer 500 kVA,181,50,1.08,1.072,227,45,272,287,0,0,Low
2022-09-01,West,MAT-1005,Pad-Mount Transformer 500 kVA,172,30,1.0,1.083,186,37,223,227,0,0,Low
2022-10-01,West,MAT-1005,Pad-Mount Transformer 500 kVA,159,42,0.92,1.094,172,34,206,340,0,0,Low
2022-11-01,West,MAT-1005,Pad-Mount Transformer 500 kVA,154,34,0.87,1.105,154,31,185,213,0,0,Low
2022-12-01,West,MAT-1005,Pad-Mount Transformer 500 kVA,118,32,0.85,1.116,121,24,145,180,0,0,Low
2023-01-01,West,MAT-1005,Pad-Mount Transformer 500 kVA,150,36,0.87,1.127,155,31,186,209,0,0,Low
2023-02-01,West,MAT-1005,Pad-Mount Transformer 500 kVA,164,12,0.92,1.138,157,31,188,220,0,0,Low
2023-03-01,West,MAT-1005,Pad-Mount Transformer 500 kVA,127,30,1.0,1.149,153,31,184,289,0,0,Low
2023-04-01,West,MAT-1005,Pad-Mount Transformer 500 kVA,175,64,1.08,1.161,255,51,306,342,0,0,Low
2023-05-01,West,MAT-1005,Pad-Mount Transformer 500 kVA,181,69,1.13,1.173,282,56,338,418,0,0,Low
2023-06-01,West,MAT-1005,Pad-Mount Transformer 500 kVA,187,55,1.15,1.184,280,56,336,414,0,0,Low
2023-07-01,West,MAT-1005,Pad-Mount Transformer 500 kVA,153,30,1.13,1.196,210,42,252,270,0,0,Low
2023-08-01,West,MAT-1005,Pad-Mount Transformer 500 kVA,174,43,1.08,1.208,241,48,289,424,0,0,Low
2023-09-01,West,MAT-1005,Pad-Mount Transformer 500 kVA,166,53,1.0,1.22,227,45,272,346,0,0,Low
2023-10-01,West,MAT-1005,Pad-Mount Transformer 500 kVA,161,60,0.92,1.232,213,43,256,384,0,0,Low
2023-11-01,West,MAT-1005,Pad-Mount Transformer 500 kVA,147,53,0.87,1.245,184,37,221,312,0,0,Low
2023-12-01,West,MAT-1005,Pad-Mount Transformer 500 kVA,146,15,0.85,1.257,146,29,175,255,0,0,Low
2024-01-01,West,MAT-1005,Pad-Mount Transformer 500 kVA,133,13,0.87,1.27,137,27,164,255,0,0,Low
2024-02-01,West,MAT-1005,Pad-Mount Transformer 500 kVA,162,43,0.92,1.282,206,41,247,334,0,0,Low
2024-03-01,West,MAT-1005,Pad-Mount Transformer 500 kVA,176,33,1.0,1.295,230,46,276,432,0,0,Low
2024-04-01,West,MAT-1005,Pad-Mount Transformer 500 kVA,162,62,1.08,1.308,269,54,323,406,0,0,Low
2024-05-01,West,MAT-1005,Pad-Mount Transformer 500 kVA,186,80,1.13,1.321,338,68,406,684,0,0,Low
2024-06-01,West,MAT-1005,Pad-Mount Transformer 500 kVA,184,49,1.15,1.335,304,61,365,433,0,0,Low
2024-07-01,West,MAT-1005,Pad-Mount Transformer 500 kVA,174,67,1.13,1.348,312,62,374,606,0,0,Low
2024-08-01,West,MAT-1005,Pad-Mount Transformer 500 kVA,147,35,1.08,1.361,227,45,272,351,0,0,Low
2024-09-01,West,MAT-1005,Pad-Mount Transformer 500 kVA,146,51,1.0,1.375,230,46,276,455,0,0,Low
2024-10-01,West,MAT-1005,Pad-Mount Transformer 500 kVA,157,8,0.92,1.389,179,36,215,261,0,0,Low
2024-11-01,West,MAT-1005,Pad-Mount Transformer 500 kVA,118,44,0.87,1.403,168,34,202,249,0,0,Low
2024-12-01,West,MAT-1005,Pad-Mount Transformer 500 kVA,115,36,0.85,1.417,155,31,186,243,0,0,Low
2025-01-01,West,MAT-1005,Pad-Mount Transformer 500 kVA,148,64,0.87,1.431,224,45,269,379,0,0,Low
2025-02-01,West,MAT-1005,Pad-Mount Transformer 500 kVA,151,10,0.92,1.445,182,36,218,260,0,0,Low
2025-03-01,West,MAT-1005,Pad-Mount Transformer 500 kVA,126,22,1.0,1.46,184,37,221,311,0,0,Low
2025-04-01,West,MAT-1005,Pad-Mount Transformer 500 kVA,166,12,1.08,1.474,241,48,289,431,0,0,Low
2025-05-01,West,MAT-1005,Pad-Mount Transformer 500 kVA,150,40,1.13,1.489,272,54,326,431,0,0,Low
2025-06-01,West,MAT-1005,Pad-Mount Transformer 500 kVA,149,37,1.15,1.504,273,55,328,444,0,0,Low
2025-07-01,West,MAT-1005,Pad-Mount Transformer 500 kVA,154,57,1.13,1.519,308,62,370,519,0,0,Low
2025-08-01,West,MAT-1005,Pad-Mount Transformer 500 kVA,156,40,1.08,1.534,276,55,331,398,0,0,Low
2025-09-01,West,MAT-1005,Pad-Mount Transformer 500 kVA,165,42,1.0,1.549,273,55,328,519,0,0,Low
2025-10-01,West,MAT-1005,Pad-Mount Transformer 500 kVA,133,58,0.92,1.565,234,47,281,342,0,0,Low
2025-11-01,West,MAT-1005,Pad-Mount Transformer 500 kVA,108,43,0.87,1.58,176,35,211,319,0,0,Low
2025-12-01,West,MAT-1005,Pad-Mount Transformer 500 kVA,142,41,0.85,1.596,211,42,253,389,0,0,Low
2026-01-01,West,MAT-1005,Pad-Mount Transformer 500 kVA,153,14,0.87,1.612,199,40,239,308,0,0,Low
2026-02-01,West,MAT-1005,Pad-Mount Transformer 500 kVA,134,17,0.92,1.628,192,38,230,360,0,0,Low
2026-03-01,West,MAT-1005,Pad-Mount Transformer 500 kVA,144,49,1.0,1.645,270,54,324,542,0,0,Low
2026-04-01,West,MAT-1005,Pad-Mount Transformer 500 kVA,136,20,1.08,1.661,238,48,286,474,0,0,Low
2026-05-01,West,MAT-1005,Pad-Mount Transformer 500 kVA,148,19,1.13,1.678,269,54,323,350,0,0,Low
2026-06-01,West,MAT-1005,Pad-Mount Transformer 500 kVA,150,16,1.15,1.694,275,55,330,349,0,0,Low
2026-07-01,West,MAT-1005,Pad-Mount Transformer 500 kVA,164,41,1.13,1.711,337,67,404,420,0,0,Low
2026-08-01,West,MAT-1005,Pad-Mount Transformer 500 kVA,187,63,1.08,1.729,397,79,476,659,0,0,Low
2026-09-01,West,MAT-1005,Pad-Mount Transformer 500 kVA,150,15,1.0,1.746,245,49,294,433,0,0,Low
2026-10-01,West,MAT-1005,Pad-Mount Transformer 500 kVA,132,57,0.92,1.763,261,52,313,484,0,0,Low
2026-11-01,West,MAT-1005,Pad-Mount Transformer 500 kVA,108,26,0.87,1.781,176,35,211,308,0,0,Low
2026-12-01,West,MAT-1005,Pad-Mount Transformer 500 kVA,118,51,0.85,1.799,220,44,264,415,0,0,Low
2022-01-01,North,MAT-1006,Pole-Mount Transformer 50 kVA,183,12,0.87,1.0,144,29,173,178,0,0,Low
2022-02-01,North,MAT-1006,Pole-Mount Transformer 50 kVA,221,48,0.92,1.01,212,42,254,267,0,0,Low
2022-03-01,North,MAT-1006,Pole-Mount Transformer 50 kVA,192,55,1.0,1.02,214,43,257,273,0,0,Low
2022-04-01,North,MAT-1006,Pole-Mount Transformer 50 kVA,192,61,1.08,1.03,239,48,287,328,0,0,Low
2022-05-01,North,MAT-1006,Pole-Mount Transformer 50 kVA,224,38,1.13,1.041,262,52,314,319,0,0,Low
2022-06-01,North,MAT-1006,Pole-Mount Transformer 50 kVA,271,88,1.15,1.051,369,74,443,725,0,0,Low
2022-07-01,North,MAT-1006,Pole-Mount Transformer 50 kVA,208,65,1.13,1.062,278,56,334,343,0,0,Low
2022-08-01,North,MAT-1006,Pole-Mount Transformer 50 kVA,267,53,1.08,1.072,315,63,378,600,0,0,Low
2022-09-01,North,MAT-1006,Pole-Mount Transformer 50 kVA,191,35,1.0,1.083,208,42,250,294,0,0,Low
2022-10-01,North,MAT-1006,Pole-Mount Transformer 50 kVA,184,58,0.92,1.094,207,41,248,370,0,0,Low
2022-11-01,North,MAT-1006,Pole-Mount Transformer 50 kVA,186,68,0.87,1.105,207,41,248,296,0,0,Low
2022-12-01,North,MAT-1006,Pole-Mount Transformer 50 kVA,189,13,0.85,1.116,163,33,196,230,0,0,Low
2023-01-01,North,MAT-1006,Pole-Mount Transformer 50 kVA,199,84,0.87,1.127,236,47,283,363,0,0,Low
2023-02-01,North,MAT-1006,Pole-Mount Transformer 50 kVA,159,31,0.92,1.138,169,34,203,298,0,0,Low
2023-03-01,North,MAT-1006,Pole-Mount Transformer 50 kVA,173,70,1.0,1.149,237,47,284,390,0,0,Low
2023-04-01,North,MAT-1006,Pole-Mount Transformer 50 kVA,181,49,1.08,1.161,245,49,294,356,0,0,Low
2023-05-01,North,MAT-1006,Pole-Mount Transformer 50 kVA,235,35,1.13,1.173,304,61,365,598,0,0,Low
2023-06-01,North,MAT-1006,Pole-Mount Transformer 50 kVA,204,28,1.15,1.184,269,54,323,353,0,0,Low
2023-07-01,North,MAT-1006,Pole-Mount Transformer 50 kVA,208,44,1.13,1.196,290,58,348,553,0,0,Low
2023-08-01,North,MAT-1006,Pole-Mount Transformer 50 kVA,202,59,1.08,1.208,289,58,347,429,0,0,Low
2023-09-01,North,MAT-1006,Pole-Mount Transformer 50 kVA,169,57,1.0,1.22,234,47,281,381,0,0,Low
2023-10-01,North,MAT-1006,Pole-Mount Transformer 50 kVA,208,60,0.92,1.232,258,52,310,446,0,0,Low
2023-11-01,North,MAT-1006,Pole-Mount Transformer 50 kVA,157,67,0.87,1.245,206,41,247,317,0,0,Low
2023-12-01,North,MAT-1006,Pole-Mount Transformer 50 kVA,187,13,0.85,1.257,182,36,218,367,0,0,Low
2024-01-01,North,MAT-1006,Pole-Mount Transformer 50 kVA,198,75,0.87,1.27,256,51,307,367,0,0,Low
2024-02-01,North,MAT-1006,Pole-Mount Transformer 50 kVA,159,20,0.92,1.282,180,36,216,335,0,0,Low
2024-03-01,North,MAT-1006,Pole-Mount Transformer 50 kVA,182,56,1.0,1.295,262,52,314,513,0,0,Low
2024-04-01,North,MAT-1006,Pole-Mount Transformer 50 kVA,231,64,1.08,1.308,354,71,425,588,0,0,Low
2024-05-01,North,MAT-1006,Pole-Mount Transformer 50 kVA,222,57,1.13,1.321,354,71,425,587,0,0,Low
2024-06-01,North,MAT-1006,Pole-Mount Transformer 50 kVA,239,19,1.15,1.335,337,67,404,513,0,0,Low
2024-07-01,North,MAT-1006,Pole-Mount Transformer 50 kVA,273,59,1.13,1.348,430,86,516,657,0,0,Low
2024-08-01,North,MAT-1006,Pole-Mount Transformer 50 kVA,205,15,1.08,1.361,275,55,330,518,0,0,Low
2024-09-01,North,MAT-1006,Pole-Mount Transformer 50 kVA,223,34,1.0,1.375,300,60,360,513,0,0,Low
2024-10-01,North,MAT-1006,Pole-Mount Transformer 50 kVA,155,24,0.92,1.389,194,39,233,308,0,0,Low
2024-11-01,North,MAT-1006,Pole-Mount Transformer 50 kVA,202,27,0.87,1.403,238,48,286,305,0,0,Low
2024-12-01,North,MAT-1006,Pole-Mount Transformer 50 kVA,208,38,0.85,1.417,252,50,302,514,0,0,Low
2025-01-01,North,MAT-1006,Pole-Mount Transformer 50 kVA,183,16,0.87,1.431,211,42,253,342,0,0,Low
2025-02-01,North,MAT-1006,Pole-Mount Transformer 50 kVA,184,65,0.92,1.445,281,56,337,528,0,0,Low
2025-03-01,North,MAT-1006,Pole-Mount Transformer 50 kVA,217,85,1.0,1.46,375,75,450,463,0,0,Low
2025-04-01,North,MAT-1006,Pole-Mount Transformer 50 kVA,225,57,1.08,1.474,382,76,458,470,0,0,Low
2025-05-01,North,MAT-1006,Pole-Mount Transformer 50 kVA,272,109,1.13,1.489,545,109,654,684,0,0,Low
2025-06-01,North,MAT-1006,Pole-Mount Transformer 50 kVA,287,108,1.15,1.504,581,116,697,996,0,0,Low
2025-07-01,North,MAT-1006,Pole-Mount Transformer 50 kVA,236,27,1.13,1.519,384,77,461,521,0,0,Low
2025-08-01,North,MAT-1006,Pole-Mount Transformer 50 kVA,261,107,1.08,1.534,518,104,622,857,0,0,Low
2025-09-01,North,MAT-1006,Pole-Mount Transformer 50 kVA,244,46,1.0,1.549,382,76,458,611,0,0,Low
2025-10-01,North,MAT-1006,Pole-Mount Transformer 50 kVA,210,85,0.92,1.565,361,72,433,439,0,0,Low
2025-11-01,North,MAT-1006,Pole-Mount Transformer 50 kVA,191,19,0.87,1.58,245,49,294,377,0,0,Low
2025-12-01,North,MAT-1006,Pole-Mount Transformer 50 kVA,168,48,0.85,1.596,249,50,299,474,0,0,Low
2026-01-01,North,MAT-1006,Pole-Mount Transformer 50 kVA,150,50,0.87,1.612,238,48,286,370,0,0,Low
2026-02-01,North,MAT-1006,Pole-Mount Transformer 50 kVA,187,43,0.92,1.628,293,59,352,465,0,0,Low
2026-03-01,North,MAT-1006,Pole-Mount Transformer 50 kVA,193,79,1.0,1.645,380,76,456,535,0,0,Low
2026-04-01,North,MAT-1006,Pole-Mount Transformer 50 kVA,199,13,1.08,1.661,323,65,388,402,0,0,Low
2026-05-01,North,MAT-1006,Pole-Mount Transformer 50 kVA,230,31,1.13,1.678,421,84,505,741,0,0,Low
2026-06-01,North,MAT-1006,Pole-Mount Transformer 50 kVA,208,77,1.15,1.694,472,94,566,795,0,0,Low
2026-07-01,North,MAT-1006,Pole-Mount Transformer 50 kVA,254,79,1.13,1.711,547,109,656,749,0,0,Low
2026-08-01,North,MAT-1006,Pole-Mount Transformer 50 kVA,247,36,1.08,1.729,449,90,539,832,0,0,Low
2026-09-01,North,MAT-1006,Pole-Mount Transformer 50 kVA,224,100,1.0,1.746,481,96,577,605,0,0,Low
2026-10-01,North,MAT-1006,Pole-Mount Transformer 50 kVA,182,75,0.92,1.763,354,71,425,671,0,0,Low
2026-11-01,North,MAT-1006,Pole-Mount Transformer 50 kVA,147,57,0.87,1.781,269,54,323,445,0,0,Low
2026-12-01,North,MAT-1006,Pole-Mount Transformer 50 kVA,190,24,0.85,1.799,278,56,334,440,0,0,Low
2022-01-01,South,MAT-1006,Pole-Mount Transformer 50 kVA,184,76,0.87,1.0,192,38,230,251,0,0,Low
2022-02-01,South,MAT-1006,Pole-Mount Transformer 50 kVA,189,56,0.92,1.01,194,39,233,368,0,0,Low
2022-03-01,South,MAT-1006,Pole-Mount Transformer 50 kVA,204,49,1.0,1.02,219,44,263,331,0,0,Low
2022-04-01,South,MAT-1006,Pole-Mount Transformer 50 kVA,173,50,1.08,1.03,211,42,253,315,0,0,Low
2022-05-01,South,MAT-1006,Pole-Mount Transformer 50 kVA,182,11,1.13,1.041,193,39,232,379,0,0,Low
2022-06-01,South,MAT-1006,Pole-Mount Transformer 50 kVA,271,63,1.15,1.051,343,69,412,431,0,0,Low
2022-07-01,South,MAT-1006,Pole-Mount Transformer 50 kVA,218,31,1.13,1.062,254,51,305,498,0,0,Low
2022-08-01,South,MAT-1006,Pole-Mount Transformer 50 kVA,249,54,1.08,1.072,298,60,358,474,0,0,Low
2022-09-01,South,MAT-1006,Pole-Mount Transformer 50 kVA,182,26,1.0,1.083,191,38,229,326,0,0,Low
2022-10-01,South,MAT-1006,Pole-Mount Transformer 50 kVA,183,61,0.92,1.094,209,42,251,300,0,0,Low
2022-11-01,South,MAT-1006,Pole-Mount Transformer 50 kVA,165,47,0.87,1.105,173,35,208,303,0,0,Low
2022-12-01,South,MAT-1006,Pole-Mount Transformer 50 kVA,159,31,0.85,1.116,153,31,184,284,0,0,Low
2023-01-01,South,MAT-1006,Pole-Mount Transformer 50 kVA,205,91,0.87,1.127,247,49,296,395,0,0,Low
2023-02-01,South,MAT-1006,Pole-Mount Transformer 50 kVA,168,9,0.92,1.138,158,32,190,221,0,0,Low
2023-03-01,South,MAT-1006,Pole-Mount Transformer 50 kVA,204,25,1.0,1.149,224,45,269,406,0,0,Low
2023-04-01,South,MAT-1006,Pole-Mount Transformer 50 kVA,173,27,1.08,1.161,213,43,256,398,0,0,Low
2023-05-01,South,MAT-1006,Pole-Mount Transformer 50 kVA,251,78,1.13,1.173,371,74,445,494,0,0,Low
2023-06-01,South,MAT-1006,Pole-Mount Transformer 50 kVA,215,88,1.15,1.184,351,70,421,441,0,0,Low
2023-07-01,South,MAT-1006,Pole-Mount Transformer 50 kVA,261,72,1.13,1.196,383,77,460,769,0,0,Low
2023-08-01,South,MAT-1006,Pole-Mount Transformer 50 kVA,178,24,1.08,1.208,224,45,269,369,0,0,Low
2023-09-01,South,MAT-1006,Pole-Mount Transformer 50 kVA,204,77,1.0,1.22,291,58,349,483,0,0,Low
2023-10-01,South,MAT-1006,Pole-Mount Transformer 50 kVA,180,36,0.92,1.232,208,42,250,415,0,0,Low
2023-11-01,South,MAT-1006,Pole-Mount Transformer 50 kVA,206,11,0.87,1.245,200,40,240,254,0,0,Low
2023-12-01,South,MAT-1006,Pole-Mount Transformer 50 kVA,180,67,0.85,1.257,224,45,269,325,0,0,Low
2024-01-01,South,MAT-1006,Pole-Mount Transformer 50 kVA,197,12,0.87,1.27,196,39,235,303,0,0,Low
2024-02-01,South,MAT-1006,Pole-Mount Transformer 50 kVA,148,23,0.92,1.282,171,34,205,278,0,0,Low
2024-03-01,South,MAT-1006,Pole-Mount Transformer 50 kVA,222,91,1.0,1.295,345,69,414,633,0,0,Low
2024-04-01,South,MAT-1006,Pole-Mount Transformer 50 kVA,189,40,1.08,1.308,275,55,330,462,0,0,Low
2024-05-01,South,MAT-1006,Pole-Mount Transformer 50 kVA,229,16,1.13,1.321,311,62,373,492,0,0,Low
2024-06-01,South,MAT-1006,Pole-Mount Transformer 50 kVA,230,88,1.15,1.335,415,83,498,746,0,0,Low
2024-07-01,South,MAT-1006,Pole-Mount Transformer 50 kVA,196,18,1.13,1.348,277,55,332,468,0,0,Low
2024-08-01,South,MAT-1006,Pole-Mount Transformer 50 kVA,211,58,1.08,1.361,336,67,403,550,0,0,Low
2024-09-01,South,MAT-1006,Pole-Mount Transformer 50 kVA,162,58,1.0,1.375,257,51,308,343,0,0,Low
2024-10-01,South,MAT-1006,Pole-Mount Transformer 50 kVA,198,48,0.92,1.389,267,53,320,368,0,0,Low
2024-11-01,South,MAT-1006,Pole-Mount Transformer 50 kVA,147,12,0.87,1.403,165,33,198,267,0,0,Low
2024-12-01,South,MAT-1006,Pole-Mount Transformer 50 kVA,136,52,0.85,1.417,192,38,230,246,0,0,Low
2025-01-01,South,MAT-1006,Pole-Mount Transformer 50 kVA,154,67,0.87,1.431,234,47,281,438,0,0,Low
2025-02-01,South,MAT-1006,Pole-Mount Transformer 50 kVA,162,53,0.92,1.445,243,49,292,417,0,0,Low
2025-03-01,South,MAT-1006,Pole-Mount Transformer 50 kVA,209,83,1.0,1.46,362,72,434,660,0,0,Low
2025-04-01,South,MAT-1006,Pole-Mount Transformer 50 kVA,208,31,1.08,1.474,323,65,388,461,0,0,Low
2025-05-01,South,MAT-1006,Pole-Mount Transformer 50 kVA,230,65,1.13,1.489,422,84,506,830,0,0,Low
2025-06-01,South,MAT-1006,Pole-Mount Transformer 50 kVA,264,72,1.15,1.504,494,99,593,894,0,0,Low
2025-07-01,South,MAT-1006,Pole-Mount Transformer 50 kVA,201,47,1.13,1.519,362,72,434,530,0,0,Low
2025-08-01,South,MAT-1006,Pole-Mount Transformer 50 kVA,241,71,1.08,1.534,439,88,527,827,0,0,Low
2025-09-01,South,MAT-1006,Pole-Mount Transformer 50 kVA,216,39,1.0,1.549,336,67,403,646,0,0,Low
2025-10-01,South,MAT-1006,Pole-Mount Transformer 50 kVA,192,14,0.92,1.565,252,50,302,457,0,0,Low
2025-11-01,South,MAT-1006,Pole-Mount Transformer 50 kVA,188,72,0.87,1.58,304,61,365,617,0,0,Low
2025-12-01,South,MAT-1006,Pole-Mount Transformer 50 kVA,197,23,0.85,1.596,254,51,305,349,0,0,Low
2026-01-01,South,MAT-1006,Pole-Mount Transformer 50 kVA,177,72,0.87,1.612,297,59,356,466,0,0,Low
2026-02-01,South,MAT-1006,Pole-Mount Transformer 50 kVA,210,75,0.92,1.628,363,73,436,647,0,0,Low
2026-03-01,South,MAT-1006,Pole-Mount Transformer 50 kVA,169,48,1.0,1.645,303,61,364,615,0,0,Low
2026-04-01,South,MAT-1006,Pole-Mount Transformer 50 kVA,178,44,1.08,1.661,339,68,407,685,0,0,Low
2026-05-01,South,MAT-1006,Pole-Mount Transformer 50 kVA,221,32,1.13,1.678,408,82,490,783,0,0,Low
2026-06-01,South,MAT-1006,Pole-Mount Transformer 50 kVA,259,13,1.15,1.694,451,90,541,628,0,0,Low
2026-07-01,South,MAT-1006,Pole-Mount Transformer 50 kVA,238,82,1.13,1.711,526,105,631,789,0,0,Low
2026-08-01,South,MAT-1006,Pole-Mount Transformer 50 kVA,239,41,1.08,1.729,444,89,533,825,0,0,Low
2026-09-01,South,MAT-1006,Pole-Mount Transformer 50 kVA,204,87,1.0,1.746,432,86,518,544,0,0,Low
2026-10-01,South,MAT-1006,Pole-Mount Transformer 50 kVA,213,73,0.92,1.763,394,79,473,612,0,0,Low
2026-11-01,South,MAT-1006,Pole-Mount Transformer 50 kVA,161,21,0.87,1.781,240,48,288,295,0,0,Low
2026-12-01,South,MAT-1006,Pole-Mount Transformer 50 kVA,191,52,0.85,1.799,316,63,379,547,0,0,Low
2022-01-01,East,MAT-1006,Pole-Mount Transformer 50 kVA,224,58,0.87,1.0,209,42,251,382,0,0,Low
2022-02-01,East,MAT-1006,Pole-Mount Transformer 50 kVA,266,80,0.92,1.01,273,55,328,462,0,0,Low
2022-03-01,East,MAT-1006,Pole-Mount Transformer 50 kVA,271,34,1.0,1.02,264,53,317,515,0,0,Low
2022-04-01,East,MAT-1006,Pole-Mount Transformer 50 kVA,291,16,1.08,1.03,290,58,348,574,0,0,Low
2022-05-01,East,MAT-1006,Pole-Mount Transformer 50 kVA,296,125,1.13,1.041,421,84,505,675,0,0,Low
2022-06-01,East,MAT-1006,Pole-Mount Transformer 50 kVA,238,16,1.15,1.051,261,52,313,488,0,0,Low
2022-07-01,East,MAT-1006,Pole-Mount Transformer 50 kVA,282,87,1.13,1.062,376,75,451,480,0,0,Low
2022-08-01,East,MAT-1006,Pole-Mount Transformer 50 kVA,265,51,1.08,1.072,311,62,373,586,0,0,Low
2022-09-01,East,MAT-1006,Pole-Mount Transformer 50 kVA,209,27,1.0,1.083,217,43,260,342,0,0,Low
2022-10-01,East,MAT-1006,Pole-Mount Transformer 50 kVA,192,15,0.92,1.094,177,35,212,343,0,0,Low
2022-11-01,East,MAT-1006,Pole-Mount Transformer 50 kVA,205,21,0.87,1.105,185,37,222,292,0,0,Low
2022-12-01,East,MAT-1006,Pole-Mount Transformer 50 kVA,244,24,0.85,1.116,216,43,259,402,0,0,Low
2023-01-01,East,MAT-1006,Pole-Mount Transformer 50 kVA,264,99,0.87,1.127,302,60,362,465,0,0,Low
2023-02-01,East,MAT-1006,Pole-Mount Transformer 50 kVA,256,98,0.92,1.138,315,63,378,641,0,0,Low
2023-03-01,East,MAT-1006,Pole-Mount Transformer 50 kVA,279,19,1.0,1.149,291,58,349,575,0,0,Low
2023-04-01,East,MAT-1006,Pole-Mount Transformer 50 kVA,220,29,1.08,1.161,265,53,318,395,0,0,Low
2023-05-01,East,MAT-1006,Pole-Mount Transformer 50 kVA,319,121,1.13,1.173,496,99,595,789,0,0,Low
2023-06-01,East,MAT-1006,Pole-Mount Transformer 50 kVA,256,23,1.15,1.184,323,65,388,635,0,0,Low
2023-07-01,East,MAT-1006,Pole-Mount Transformer 50 kVA,275,63,1.13,1.196,388,78,466,591,0,0,Low
2023-08-01,East,MAT-1006,Pole-Mount Transformer 50 kVA,301,22,1.08,1.208,358,72,430,444,0,0,Low
2023-09-01,East,MAT-1006,Pole-Mount Transformer 50 kVA,213,51,1.0,1.22,274,55,329,552,0,0,Low
2023-10-01,East,MAT-1006,Pole-Mount Transformer 50 kVA,258,112,0.92,1.232,357,71,428,575,0,0,Low
2023-11-01,East,MAT-1006,Pole-Mount Transformer 50 kVA,183,70,0.87,1.245,233,47,280,431,0,0,Low
2023-12-01,East,MAT-1006,Pole-Mount Transformer 50 kVA,189,56,0.85,1.257,223,45,268,415,0,0,Low
2024-01-01,East,MAT-1006,Pole-Mount Transformer 50 kVA,176,60,0.87,1.27,222,44,266,435,0,0,Low
2024-02-01,East,MAT-1006,Pole-Mount Transformer 50 kVA,251,92,0.92,1.282,344,69,413,440,0,0,Low
2024-03-01,East,MAT-1006,Pole-Mount Transformer 50 kVA,281,71,1.0,1.295,388,78,466,667,0,0,Low
2024-04-01,East,MAT-1006,Pole-Mount Transformer 50 kVA,267,55,1.08,1.308,387,77,464,652,0,0,Low
2024-05-01,East,MAT-1006,Pole-Mount Transformer 50 kVA,240,24,1.13,1.321,335,67,402,661,0,0,Low
2024-06-01,East,MAT-1006,Pole-Mount Transformer 50 kVA,334,63,1.15,1.335,518,104,622,671,0,0,Low
2024-07-01,East,MAT-1006,Pole-Mount Transformer 50 kVA,306,134,1.13,1.348,570,114,684,727,0,0,Low
2024-08-01,East,MAT-1006,Pole-Mount Transformer 50 kVA,242,28,1.08,1.361,337,67,404,482,0,0,Low
2024-09-01,East,MAT-1006,Pole-Mount Transformer 50 kVA,279,85,1.0,1.375,425,85,510,802,0,0,Low
2024-10-01,East,MAT-1006,Pole-Mount Transformer 50 kVA,278,101,0.92,1.389,412,82,494,785,0,0,Low
2024-11-01,East,MAT-1006,Pole-Mount Transformer 50 kVA,177,15,0.87,1.403,199,40,239,274,0,0,Low
2024-12-01,East,MAT-1006,Pole-Mount Transformer 50 kVA,199,68,0.85,1.417,273,55,328,530,0,0,Low
2025-01-01,East,MAT-1006,Pole-Mount Transformer 50 kVA,219,12,0.87,1.431,244,49,293,489,0,0,Low
2025-02-01,East,MAT-1006,Pole-Mount Transformer 50 kVA,259,93,0.92,1.445,398,80,478,786,0,0,Low
2025-03-01,East,MAT-1006,Pole-Mount Transformer 50 kVA,279,67,1.0,1.46,429,86,515,782,0,0,Low
2025-04-01,East,MAT-1006,Pole-Mount Transformer 50 kVA,233,68,1.08,1.474,407,81,488,534,0,0,Low
2025-05-01,East,MAT-1006,Pole-Mount Transformer 50 kVA,305,24,1.13,1.489,470,94,564,768,0,0,Low
2025-06-01,East,MAT-1006,Pole-Mount Transformer 50 kVA,317,90,1.15,1.504,598,120,718,800,0,0,Low
2025-07-01,East,MAT-1006,Pole-Mount Transformer 50 kVA,305,24,1.13,1.519,480,96,576,756,0,0,Low
2025-08-01,East,MAT-1006,Pole-Mount Transformer 50 kVA,287,96,1.08,1.534,539,108,647,1057,0,0,Low
2025-09-01,East,MAT-1006,Pole-Mount Transformer 50 kVA,261,84,1.0,1.549,454,91,545,772,0,0,Low
2025-10-01,East,MAT-1006,Pole-Mount Transformer 50 kVA,190,40,0.92,1.565,281,56,337,401,0,0,Low
2025-11-01,East,MAT-1006,Pole-Mount Transformer 50 kVA,261,99,0.87,1.58,421,84,505,749,0,0,Low
2025-12-01,East,MAT-1006,Pole-Mount Transformer 50 kVA,227,95,0.85,1.596,371,74,445,538,0,0,Low
2026-01-01,East,MAT-1006,Pole-Mount Transformer 50 kVA,260,70,0.87,1.612,393,79,472,538,0,0,Low
2026-02-01,East,MAT-1006,Pole-Mount Transformer 50 kVA,237,36,0.92,1.628,348,70,418,563,0,0,Low
2026-03-01,East,MAT-1006,Pole-Mount Transformer 50 kVA,205,38,1.0,1.645,340,68,408,554,0,0,Low
2026-04-01,East,MAT-1006,Pole-Mount Transformer 50 kVA,320,23,1.08,1.661,523,105,628,773,0,0,Low
2026-05-01,East,MAT-1006,Pole-Mount Transformer 50 kVA,247,34,1.13,1.678,453,91,544,753,0,0,Low
2026-06-01,East,MAT-1006,Pole-Mount Transformer 50 kVA,268,25,1.15,1.694,485,97,582,754,0,0,Low
2026-07-01,East,MAT-1006,Pole-Mount Transformer 50 kVA,291,41,1.13,1.711,546,109,655,981,0,0,Low
2026-08-01,East,MAT-1006,Pole-Mount Transformer 50 kVA,287,107,1.08,1.729,625,125,750,923,0,0,Low
2026-09-01,East,MAT-1006,Pole-Mount Transformer 50 kVA,235,56,1.0,1.746,432,86,518,612,0,0,Low
2026-10-01,East,MAT-1006,Pole-Mount Transformer 50 kVA,202,28,0.92,1.763,317,63,380,646,0,0,Low
2026-11-01,East,MAT-1006,Pole-Mount Transformer 50 kVA,251,14,0.87,1.781,349,70,419,667,0,0,Low
2026-12-01,East,MAT-1006,Pole-Mount Transformer 50 kVA,203,72,0.85,1.799,357,71,428,683,0,0,Low
2022-01-01,West,MAT-1006,Pole-Mount Transformer 50 kVA,189,27,0.87,1.0,160,32,192,212,0,0,Low
2022-02-01,West,MAT-1006,Pole-Mount Transformer 50 kVA,218,48,0.92,1.01,210,42,252,367,0,0,Low
2022-03-01,West,MAT-1006,Pole-Mount Transformer 50 kVA,195,81,1.0,1.02,239,48,287,447,0,0,Low
2022-04-01,West,MAT-1006,Pole-Mount Transformer 50 kVA,275,75,1.08,1.03,331,66,397,401,0,0,Low
2022-05-01,West,MAT-1006,Pole-Mount Transformer 50 kVA,243,17,1.13,1.041,260,52,312,398,0,0,Low
2022-06-01,West,MAT-1006,Pole-Mount Transformer 50 kVA,207,29,1.15,1.051,242,48,290,399,0,0,Low
2022-07-01,West,MAT-1006,Pole-Mount Transformer 50 kVA,250,41,1.13,1.062,297,59,356,553,0,0,Low
2022-08-01,West,MAT-1006,Pole-Mount Transformer 50 kVA,227,46,1.08,1.072,269,54,323,437,0,0,Low
2022-09-01,West,MAT-1006,Pole-Mount Transformer 50 kVA,253,46,1.0,1.083,275,55,330,489,0,0,Low
2022-10-01,West,MAT-1006,Pole-Mount Transformer 50 kVA,164,40,0.92,1.094,174,35,209,303,0,0,Low
2022-11-01,West,MAT-1006,Pole-Mount Transformer 50 kVA,188,30,0.87,1.105,178,36,214,355,0,0,Low
2022-12-01,West,MAT-1006,Pole-Mount Transformer 50 kVA,205,48,0.85,1.116,204,41,245,350,0,0,Low
2023-01-01,West,MAT-1006,Pole-Mount Transformer 50 kVA,174,18,0.87,1.127,160,32,192,316,0,0,Low
2023-02-01,West,MAT-1006,Pole-Mount Transformer 50 kVA,210,23,0.92,1.138,207,41,248,266,0,0,Low
2023-03-01,West,MAT-1006,Pole-Mount Transformer 50 kVA,183,26,1.0,1.149,204,41,245,258,0,0,Low
2023-04-01,West,MAT-1006,Pole-Mount Transformer 50 kVA,283,81,1.08,1.161,388,78,466,718,0,0,Low
2023-05-01,West,MAT-1006,Pole-Mount Transformer 50 kVA,269,96,1.13,1.173,411,82,493,535,0,0,Low
2023-06-01,West,MAT-1006,Pole-Mount Transformer 50 kVA,299,56,1.15,1.184,411,82,493,564,0,0,Low
2023-07-01,West,MAT-1006,Pole-Mount Transformer 50 kVA,200,45,1.13,1.196,281,56,337,395,0,0,Low
2023-08-01,West,MAT-1006,Pole-Mount Transformer 50 kVA,232,97,1.08,1.208,365,73,438,557,0,0,Low
2023-09-01,West,MAT-1006,Pole-Mount Transformer 50 kVA,220,52,1.0,1.22,282,56,338,470,0,0,Low
2023-10-01,West,MAT-1006,Pole-Mount Transformer 50 kVA,187,70,0.92,1.232,248,50,298,413,0,0,Low
2023-11-01,West,MAT-1006,Pole-Mount Transformer 50 kVA,172,16,0.87,1.245,173,35,208,346,0,0,Low
2023-12-01,West,MAT-1006,Pole-Mount Transformer 50 kVA,223,27,0.85,1.257,227,45,272,357,0,0,Low
2024-01-01,West,MAT-1006,Pole-Mount Transformer 50 kVA,172,44,0.87,1.27,203,41,244,349,0,0,Low
2024-02-01,West,MAT-1006,Pole-Mount Transformer 50 kVA,216,92,0.92,1.282,309,62,371,483,0,0,Low
2024-03-01,West,MAT-1006,Pole-Mount Transformer 50 kVA,259,102,1.0,1.295,397,79,476,625,0,0,Low
2024-04-01,West,MAT-1006,Pole-Mount Transformer 50 kVA,198,38,1.08,1.308,283,57,340,436,0,0,Low
2024-05-01,West,MAT-1006,Pole-Mount Transformer 50 kVA,282,41,1.13,1.321,410,82,492,712,0,0,Low
2024-06-01,West,MAT-1006,Pole-Mount Transformer 50 kVA,284,99,1.15,1.335,500,100,600,1001,0,0,Low
2024-07-01,West,MAT-1006,Pole-Mount Transformer 50 kVA,267,68,1.13,1.348,434,87,521,727,0,0,Low
2024-08-01,West,MAT-1006,Pole-Mount Transformer 50 kVA,225,41,1.08,1.361,332,66,398,673,0,0,Low
2024-09-01,West,MAT-1006,Pole-Mount Transformer 50 kVA,258,21,1.0,1.375,326,65,391,550,0,0,Low
2024-10-01,West,MAT-1006,Pole-Mount Transformer 50 kVA,203,90,0.92,1.389,318,64,382,552,0,0,Low
2024-11-01,West,MAT-1006,Pole-Mount Transformer 50 kVA,153,32,0.87,1.403,192,38,230,381,0,0,Low
2024-12-01,West,MAT-1006,Pole-Mount Transformer 50 kVA,157,50,0.85,1.417,212,42,254,417,0,0,Low
2025-01-01,West,MAT-1006,Pole-Mount Transformer 50 kVA,229,79,0.87,1.431,326,65,391,469,0,0,Low
2025-02-01,West,MAT-1006,Pole-Mount Transformer 50 kVA,186,63,0.92,1.445,281,56,337,486,0,0,Low
2025-03-01,West,MAT-1006,Pole-Mount Transformer 50 kVA,203,63,1.0,1.46,330,66,396,546,0,0,Low
2025-04-01,West,MAT-1006,Pole-Mount Transformer 50 kVA,248,83,1.08,1.474,448,90,538,732,0,0,Low
2025-05-01,West,MAT-1006,Pole-Mount Transformer 50 kVA,218,22,1.13,1.489,343,69,412,467,0,0,Low
2025-06-01,West,MAT-1006,Pole-Mount Transformer 50 kVA,204,28,1.15,1.504,341,68,409,602,0,0,Low
2025-07-01,West,MAT-1006,Pole-Mount Transformer 50 kVA,230,31,1.13,1.519,381,76,457,476,0,0,Low
2025-08-01,West,MAT-1006,Pole-Mount Transformer 50 kVA,229,51,1.08,1.534,394,79,473,691,0,0,Low
2025-09-01,West,MAT-1006,Pole-Mount Transformer 50 kVA,217,93,1.0,1.549,408,82,490,615,0,0,Low
2025-10-01,West,MAT-1006,Pole-Mount Transformer 50 kVA,239,75,0.92,1.565,384,77,461,743,0,0,Low
2025-11-01,West,MAT-1006,Pole-Mount Transformer 50 kVA,166,11,0.87,1.58,207,41,248,273,0,0,Low
2025-12-01,West,MAT-1006,Pole-Mount Transformer 50 kVA,196,31,0.85,1.596,262,52,314,437,0,0,Low
2026-01-01,West,MAT-1006,Pole-Mount Transformer 50 kVA,195,59,0.87,1.612,303,61,364,555,0,0,Low
2026-02-01,West,MAT-1006,Pole-Mount Transformer 50 kVA,212,12,0.92,1.628,285,57,342,349,0,0,Low
2026-03-01,West,MAT-1006,Pole-Mount Transformer 50 kVA,249,100,1.0,1.645,488,98,586,984,0,0,Low
2026-04-01,West,MAT-1006,Pole-Mount Transformer 50 kVA,196,33,1.08,1.661,349,70,419,444,0,0,Low
2026-05-01,West,MAT-1006,Pole-Mount Transformer 50 kVA,232,55,1.13,1.678,462,92,554,795,0,0,Low
2026-06-01,West,MAT-1006,Pole-Mount Transformer 50 kVA,253,62,1.15,1.694,522,104,626,705,0,0,Low
2026-07-01,West,MAT-1006,Pole-Mount Transformer 50 kVA,252,85,1.13,1.711,554,111,665,1124,0,0,Low
2026-08-01,West,MAT-1006,Pole-Mount Transformer 50 kVA,246,36,1.08,1.729,447,89,536,833,0,0,Low
2026-09-01,West,MAT-1006,Pole-Mount Transformer 50 kVA,231,80,1.0,1.746,462,92,554,683,0,0,Low
2026-10-01,West,MAT-1006,Pole-Mount Transformer 50 kVA,169,57,0.92,1.763,312,62,374,505,0,0,Low
2026-11-01,West,MAT-1006,Pole-Mount Transformer 50 kVA,154,29,0.87,1.781,241,48,289,482,0,0,Low
2026-12-01,West,MAT-1006,Pole-Mount Transformer 50 kVA,179,47,0.85,1.799,294,59,353,574,0,0,Low
2022-01-01,North,MAT-1007,Recloser Control Package,203,58,0.87,1.0,193,39,232,394,0,0,Low
2022-02-01,North,MAT-1007,Recloser Control Package,203,16,0.92,1.01,173,35,208,284,0,0,Low
2022-03-01,North,MAT-1007,Recloser Control Package,295,120,1.0,1.02,360,72,432,489,0,0,Low
2022-04-01,North,MAT-1007,Recloser Control Package,291,112,1.08,1.03,381,76,457,535,0,0,Low
2022-05-01,North,MAT-1007,Recloser Control Package,234,22,1.13,1.041,256,51,307,489,0,0,Low
2022-06-01,North,MAT-1007,Recloser Control Package,300,105,1.15,1.051,416,83,499,729,0,0,Low
2022-07-01,North,MAT-1007,Recloser Control Package,289,72,1.13,1.062,368,74,442,514,0,0,Low
2022-08-01,North,MAT-1007,Recloser Control Package,289,112,1.08,1.072,395,79,474,656,0,0,Low
2022-09-01,North,MAT-1007,Recloser Control Package,285,89,1.0,1.083,344,69,413,678,0,0,Low
2022-10-01,North,MAT-1007,Recloser Control Package,236,103,0.92,1.094,290,58,348,507,0,0,Low
2022-11-01,North,MAT-1007,Recloser Control Package,186,29,0.87,1.105,176,35,211,211,0,0,Low
2022-12-01,North,MAT-1007,Recloser Control Package,195,42,0.85,1.116,191,38,229,390,0,0,Low
2023-01-01,North,MAT-1007,Recloser Control Package,265,93,0.87,1.127,298,60,358,534,0,0,Low
2023-02-01,North,MAT-1007,Recloser Control Package,208,69,0.92,1.138,247,49,296,485,0,0,Low
2023-03-01,North,MAT-1007,Recloser Control Package,260,59,1.0,1.149,312,62,374,493,0,0,Low
2023-04-01,North,MAT-1007,Recloser Control Package,248,106,1.08,1.161,377,75,452,498,0,0,Low
2023-05-01,North,MAT-1007,Recloser Control Package,307,128,1.13,1.173,490,98,588,812,0,0,Low
2023-06-01,North,MAT-1007,Recloser Control Package,302,61,1.15,1.184,420,84,504,622,0,0,Low
2023-07-01,North,MAT-1007,Recloser Control Package,296,43,1.13,1.196,389,78,467,579,0,0,Low
2023-08-01,North,MAT-1007,Recloser Control Package,272,80,1.08,1.208,390,78,468,471,0,0,Low
2023-09-01,North,MAT-1007,Recloser Control Package,275,89,1.0,1.22,378,76,454,593,0,0,Low
2023-10-01,North,MAT-1007,Recloser Control Package,210,86,0.92,1.232,285,57,342,369,0,0,Low
2023-11-01,North,MAT-1007,Recloser Control Package,204,86,0.87,1.245,267,53,320,513,0,0,Low
2023-12-01,North,MAT-1007,Recloser Control Package,194,70,0.85,1.257,240,48,288,407,0,0,Low
2024-01-01,North,MAT-1007,Recloser Control Package,187,45,0.87,1.27,218,44,262,286,0,0,Low
2024-02-01,North,MAT-1007,Recloser Control Package,279,119,0.92,1.282,399,80,479,530,0,0,Low
2024-03-01,North,MAT-1007,Recloser Control Package,274,34,1.0,1.295,339,68,407,498,0,0,Low
2024-04-01,North,MAT-1007,Recloser Control Package,329,72,1.08,1.308,482,96,578,700,0,0,Low
2024-05-01,North,MAT-1007,Recloser Control Package,313,43,1.13,1.321,452,90,542,789,0,0,Low
2024-06-01,North,MAT-1007,Recloser Control Package,286,69,1.15,1.335,463,93,556,685,0,0,Low
2024-07-01,North,MAT-1007,Recloser Control Package,232,38,1.13,1.348,350,70,420,648,0,0,Low
2024-08-01,North,MAT-1007,Recloser Control Package,304,55,1.08,1.361,449,90,539,900,0,0,Low
2024-09-01,North,MAT-1007,Recloser Control Package,273,16,1.0,1.375,338,68,406,517,0,0,Low
2024-10-01,North,MAT-1007,Recloser Control Package,272,77,0.92,1.389,379,76,455,490,0,0,Low
2024-11-01,North,MAT-1007,Recloser Control Package,234,27,0.87,1.403,271,54,325,377,0,0,Low
2024-12-01,North,MAT-1007,Recloser Control Package,192,65,0.85,1.417,263,53,316,483,0,0,Low
2025-01-01,North,MAT-1007,Recloser Control Package,245,43,0.87,1.431,305,61,366,369,0,0,Low
2025-02-01,North,MAT-1007,Recloser Control Package,196,46,0.92,1.445,273,55,328,362,0,0,Low
2025-03-01,North,MAT-1007,Recloser Control Package,245,41,1.0,1.46,355,71,426,512,0,0,Low
2025-04-01,North,MAT-1007,Recloser Control Package,321,82,1.08,1.474,545,109,654,761,0,0,Low
2025-05-01,North,MAT-1007,Recloser Control Package,310,112,1.13,1.489,603,121,724,1046,0,0,Low
2025-06-01,North,MAT-1007,Recloser Control Package,244,14,1.15,1.504,379,76,455,491,0,0,Low
2025-07-01,North,MAT-1007,Recloser Control Package,334,23,1.13,1.519,521,104,625,762,0,0,Low
2025-08-01,North,MAT-1007,Recloser Control Package,245,56,1.08,1.534,424,85,509,681,0,0,Low
2025-09-01,North,MAT-1007,Recloser Control Package,302,91,1.0,1.549,518,104,622,663,0,0,Low
2025-10-01,North,MAT-1007,Recloser Control Package,280,123,0.92,1.565,493,99,592,796,0,0,Low
2025-11-01,North,MAT-1007,Recloser Control Package,258,92,0.87,1.58,409,82,491,780,0,0,Low
2025-12-01,North,MAT-1007,Recloser Control Package,203,34,0.85,1.596,273,55,328,464,0,0,Low
2026-01-01,North,MAT-1007,Recloser Control Package,215,14,0.87,1.612,273,55,328,337,0,0,Low
2026-02-01,North,MAT-1007,Recloser Control Package,262,16,0.92,1.628,354,71,425,688,0,0,Low
2026-03-01,North,MAT-1007,Recloser Control Package,291,81,1.0,1.645,520,104,624,923,0,0,Low
2026-04-01,North,MAT-1007,Recloser Control Package,256,56,1.08,1.661,476,95,571,593,0,0,Low
2026-05-01,North,MAT-1007,Recloser Control Package,300,109,1.13,1.678,659,132,791,1190,0,0,Low
2026-06-01,North,MAT-1007,Recloser Control Package,330,50,1.15,1.694,629,126,755,936,0,0,Low
2026-07-01,North,MAT-1007,Recloser Control Package,272,81,1.13,1.711,580,116,696,1032,0,0,Low
2026-08-01,North,MAT-1007,Recloser Control Package,273,83,1.08,1.729,565,113,678,875,0,0,Low
2026-09-01,North,MAT-1007,Recloser Control Package,271,110,1.0,1.746,565,113,678,907,0,0,Low
2026-10-01,North,MAT-1007,Recloser Control Package,273,104,0.92,1.763,520,104,624,749,0,0,Low
2026-11-01,North,MAT-1007,Recloser Control Package,242,89,0.87,1.781,436,87,523,698,0,0,Low
2026-12-01,North,MAT-1007,Recloser Control Package,176,39,0.85,1.799,279,56,335,480,0,0,Low
2022-01-01,South,MAT-1007,Recloser Control Package,228,44,0.87,1.0,201,40,241,285,0,0,Low
2022-02-01,South,MAT-1007,Recloser Control Package,211,21,0.92,1.01,183,37,220,242,0,0,Low
2022-03-01,South,MAT-1007,Recloser Control Package,233,80,1.0,1.02,271,54,325,450,0,0,Low
2022-04-01,South,MAT-1007,Recloser Control Package,228,101,1.08,1.03,311,62,373,517,0,0,Low
2022-05-01,South,MAT-1007,Recloser Control Package,228,15,1.13,1.041,243,49,292,418,0,0,Low
2022-06-01,South,MAT-1007,Recloser Control Package,287,114,1.15,1.051,412,82,494,800,0,0,Low
2022-07-01,South,MAT-1007,Recloser Control Package,308,137,1.13,1.062,454,91,545,733,0,0,Low
2022-08-01,South,MAT-1007,Recloser Control Package,300,78,1.08,1.072,372,74,446,519,0,0,Low
2022-09-01,South,MAT-1007,Recloser Control Package,263,52,1.0,1.083,290,58,348,402,0,0,Low
2022-10-01,South,MAT-1007,Recloser Control Package,209,14,0.92,1.094,191,38,229,333,0,0,Low
2022-11-01,South,MAT-1007,Recloser Control Package,176,68,0.87,1.105,199,40,239,291,0,0,Low
2022-12-01,South,MAT-1007,Recloser Control Package,196,35,0.85,1.116,186,37,223,364,0,0,Low
2023-01-01,South,MAT-1007,Recloser Control Package,202,74,0.87,1.127,230,46,276,429,0,0,Low
2023-02-01,South,MAT-1007,Recloser Control Package,266,89,0.92,1.138,316,63,379,467,0,0,Low
2023-03-01,South,MAT-1007,Recloser Control Package,265,31,1.0,1.149,289,58,347,568,0,0,Low
2023-04-01,South,MAT-1007,Recloser Control Package,211,77,1.08,1.161,307,61,368,475,0,0,Low
2023-05-01,South,MAT-1007,Recloser Control Package,297,85,1.13,1.173,430,86,516,757,0,0,Low
2023-06-01,South,MAT-1007,Recloser Control Package,298,55,1.15,1.184,409,82,491,648,0,0,Low
2023-07-01,South,MAT-1007,Recloser Control Package,248,110,1.13,1.196,411,82,493,523,0,0,Low
2023-08-01,South,MAT-1007,Recloser Control Package,291,16,1.08,1.208,340,68,408,692,0,0,Low
2023-09-01,South,MAT-1007,Recloser Control Package,226,87,1.0,1.22,325,65,390,530,0,0,Low
2023-10-01,South,MAT-1007,Recloser Control Package,195,33,0.92,1.232,220,44,264,305,0,0,Low
2023-11-01,South,MAT-1007,Recloser Control Package,247,14,0.87,1.245,240,48,288,339,0,0,Low
2023-12-01,South,MAT-1007,Recloser Control Package,172,70,0.85,1.257,220,44,264,380,0,0,Low
2024-01-01,South,MAT-1007,Recloser Control Package,184,16,0.87,1.27,188,38,226,261,0,0,Low
2024-02-01,South,MAT-1007,Recloser Control Package,195,85,0.92,1.282,281,56,337,541,0,0,Low
2024-03-01,South,MAT-1007,Recloser Control Package,230,82,1.0,1.295,344,69,413,684,0,0,Low
2024-04-01,South,MAT-1007,Recloser Control Package,261,113,1.08,1.308,449,90,539,899,0,0,Low
2024-05-01,South,MAT-1007,Recloser Control Package,229,102,1.13,1.321,420,84,504,535,0,0,Low
2024-06-01,South,MAT-1007,Recloser Control Package,281,19,1.15,1.335,391,78,469,470,0,0,Low
2024-07-01,South,MAT-1007,Recloser Control Package,294,42,1.13,1.348,435,87,522,723,0,0,Low
2024-08-01,South,MAT-1007,Recloser Control Package,224,100,1.08,1.361,405,81,486,752,0,0,Low
2024-09-01,South,MAT-1007,Recloser Control Package,201,81,1.0,1.375,330,66,396,409,0,0,Low
2024-10-01,South,MAT-1007,Recloser Control Package,240,33,0.92,1.389,296,59,355,411,0,0,Low
2024-11-01,South,MAT-1007,Recloser Control Package,216,48,0.87,1.403,274,55,329,556,0,0,Low
2024-12-01,South,MAT-1007,Recloser Control Package,177,42,0.85,1.417,224,45,269,433,0,0,Low
2025-01-01,South,MAT-1007,Recloser Control Package,196,25,0.87,1.431,234,47,281,307,0,0,Low
2025-02-01,South,MAT-1007,Recloser Control Package,221,53,0.92,1.445,310,62,372,577,0,0,Low
2025-03-01,South,MAT-1007,Recloser Control Package,257,103,1.0,1.46,447,89,536,644,0,0,Low
2025-04-01,South,MAT-1007,Recloser Control Package,308,107,1.08,1.474,562,112,674,776,0,0,Low
2025-05-01,South,MAT-1007,Recloser Control Package,317,49,1.13,1.489,523,105,628,718,0,0,Low
2025-06-01,South,MAT-1007,Recloser Control Package,276,48,1.15,1.504,476,95,571,775,0,0,Low
2025-07-01,South,MAT-1007,Recloser Control Package,234,28,1.13,1.519,382,76,458,653,0,0,Low
2025-08-01,South,MAT-1007,Recloser Control Package,225,57,1.08,1.534,397,79,476,482,0,0,Low
2025-09-01,South,MAT-1007,Recloser Control Package,224,46,1.0,1.549,356,71,427,542,0,0,Low
2025-10-01,South,MAT-1007,Recloser Control Package,195,68,0.92,1.565,322,64,386,473,0,0,Low
2025-11-01,South,MAT-1007,Recloser Control Package,175,27,0.87,1.58,236,47,283,439,0,0,Low
2025-12-01,South,MAT-1007,Recloser Control Package,211,70,0.85,1.596,324,65,389,638,0,0,Low
2026-01-01,South,MAT-1007,Recloser Control Package,200,18,0.87,1.612,260,52,312,399,0,0,Low
2026-02-01,South,MAT-1007,Recloser Control Package,265,54,0.92,1.628,406,81,487,506,0,0,Low
2026-03-01,South,MAT-1007,Recloser Control Package,196,79,1.0,1.645,384,77,461,676,0,0,Low
2026-04-01,South,MAT-1007,Recloser Control Package,311,94,1.08,1.661,618,124,742,1244,0,0,Low
2026-05-01,South,MAT-1007,Recloser Control Package,275,43,1.13,1.678,512,102,614,895,0,0,Low
2026-06-01,South,MAT-1007,Recloser Control Package,335,40,1.15,1.694,621,124,745,1207,0,0,Low
2026-07-01,South,MAT-1007,Recloser Control Package,290,29,1.13,1.711,524,105,629,888,0,0,Low
2026-08-01,South,MAT-1007,Recloser Control Package,297,78,1.08,1.729,595,119,714,745,0,0,Low
2026-09-01,South,MAT-1007,Recloser Control Package,233,50,1.0,1.746,420,84,504,716,0,0,Low
2026-10-01,South,MAT-1007,Recloser Control Package,185,58,0.92,1.763,335,67,402,420,0,0,Low
2026-11-01,South,MAT-1007,Recloser Control Package,196,24,0.87,1.781,290,58,348,551,0,0,Low
2026-12-01,South,MAT-1007,Recloser Control Package,225,87,0.85,1.799,405,81,486,494,0,0,Low
2022-01-01,East,MAT-1007,Recloser Control Package,235,72,0.87,1.0,227,45,272,292,0,0,Low
2022-02-01,East,MAT-1007,Recloser Control Package,245,24,0.92,1.01,212,42,254,287,0,0,Low
2022-03-01,East,MAT-1007,Recloser Control Package,252,22,1.0,1.02,238,48,286,484,0,0,Low
2022-04-01,East,MAT-1007,Recloser Control Package,401,76,1.08,1.03,451,90,541,787,0,0,Low
2022-05-01,East,MAT-1007,Recloser Control Package,410,116,1.13,1.041,526,105,631,670,0,0,Low
2022-06-01,East,MAT-1007,Recloser Control Package,358,34,1.15,1.051,403,81,484,699,0,0,Low
2022-07-01,East,MAT-1007,Recloser Control Package,369,23,1.13,1.062,400,80,480,643,0,0,Low
2022-08-01,East,MAT-1007,Recloser Control Package,398,147,1.08,1.072,536,107,643,819,0,0,Low
2022-09-01,East,MAT-1007,Recloser Control Package,336,80,1.0,1.083,383,77,460,648,0,0,Low
2022-10-01,East,MAT-1007,Recloser Control Package,264,75,0.92,1.094,290,58,348,469,0,0,Low
2022-11-01,East,MAT-1007,Recloser Control Package,217,61,0.87,1.105,227,45,272,396,0,0,Low
2022-12-01,East,MAT-1007,Recloser Control Package,220,17,0.85,1.116,191,38,229,298,0,0,Low
2023-01-01,East,MAT-1007,Recloser Control Package,289,111,0.87,1.127,333,67,400,609,0,0,Low
2023-02-01,East,MAT-1007,Recloser Control Package,328,97,0.92,1.138,378,76,454,558,0,0,Low
2023-03-01,East,MAT-1007,Recloser Control Package,343,151,1.0,1.149,483,97,580,714,0,0,Low
2023-04-01,East,MAT-1007,Recloser Control Package,309,53,1.08,1.161,386,77,463,585,0,0,Low
2023-05-01,East,MAT-1007,Recloser Control Package,409,92,1.13,1.173,564,113,677,719,0,0,Low
2023-06-01,East,MAT-1007,Recloser Control Package,293,64,1.15,1.184,413,83,496,592,0,0,Low
2023-07-01,East,MAT-1007,Recloser Control Package,294,36,1.13,1.196,379,76,455,518,0,0,Low
2023-08-01,East,MAT-1007,Recloser Control Package,270,15,1.08,1.208,316,63,379,583,0,0,Low
2023-09-01,East,MAT-1007,Recloser Control Package,312,97,1.0,1.22,424,85,509,862,0,0,Low
2023-10-01,East,MAT-1007,Recloser Control Package,337,90,0.92,1.232,412,82,494,690,0,0,Low
2023-11-01,East,MAT-1007,Recloser Control Package,228,47,0.87,1.245,253,51,304,328,0,0,Low
2023-12-01,East,MAT-1007,Recloser Control Package,298,68,0.85,1.257,332,66,398,651,0,0,Low
2024-01-01,East,MAT-1007,Recloser Control Package,280,95,0.87,1.27,352,70,422,478,0,0,Low
2024-02-01,East,MAT-1007,Recloser Control Package,306,117,0.92,1.282,424,85,509,783,0,0,Low
2024-03-01,East,MAT-1007,Recloser Control Package,364,121,1.0,1.295,534,107,641,1043,0,0,Low
2024-04-01,East,MAT-1007,Recloser Control Package,282,113,1.08,1.308,474,95,569,730,0,0,Low
2024-05-01,East,MAT-1007,Recloser Control Package,324,23,1.13,1.321,440,88,528,575,0,0,Low
2024-06-01,East,MAT-1007,Recloser Control Package,366,143,1.15,1.335,664,133,797,1350,0,0,Low
2024-07-01,East,MAT-1007,Recloser Control Package,378,20,1.13,1.348,515,103,618,944,0,0,Low
2024-08-01,East,MAT-1007,Recloser Control Package,369,88,1.08,1.361,571,114,685,1058,0,0,Low
2024-09-01,East,MAT-1007,Recloser Control Package,303,37,1.0,1.375,397,79,476,619,0,0,Low
2024-10-01,East,MAT-1007,Recloser Control Package,314,94,0.92,1.389,443,89,532,639,0,0,Low
2024-11-01,East,MAT-1007,Recloser Control Package,233,54,0.87,1.403,298,60,358,538,0,0,Low
2024-12-01,East,MAT-1007,Recloser Control Package,305,52,0.85,1.417,365,73,438,487,0,0,Low
2025-01-01,East,MAT-1007,Recloser Control Package,234,80,0.87,1.431,332,66,398,443,0,0,Low
2025-02-01,East,MAT-1007,Recloser Control Package,295,18,0.92,1.445,354,71,425,434,0,0,Low
2025-03-01,East,MAT-1007,Recloser Control Package,255,51,1.0,1.46,380,76,456,613,0,0,Low
2025-04-01,East,MAT-1007,Recloser Control Package,332,106,1.08,1.474,593,119,712,785,0,0,Low
2025-05-01,East,MAT-1007,Recloser Control Package,369,28,1.13,1.489,568,114,682,915,0,0,Low
2025-06-01,East,MAT-1007,Recloser Control Package,291,73,1.15,1.504,535,107,642,762,0,0,Low
2025-07-01,East,MAT-1007,Recloser Control Package,334,47,1.13,1.519,556,111,667,695,0,0,Low
2025-08-01,East,MAT-1007,Recloser Control Package,352,108,1.08,1.534,648,130,778,988,0,0,Low
2025-09-01,East,MAT-1007,Recloser Control Package,264,38,1.0,1.549,398,80,478,677,0,0,Low
2025-10-01,East,MAT-1007,Recloser Control Package,242,56,0.92,1.565,365,73,438,664,0,0,Low
2025-11-01,East,MAT-1007,Recloser Control Package,246,68,0.87,1.58,367,73,440,625,0,0,Low
2025-12-01,East,MAT-1007,Recloser Control Package,228,47,0.85,1.596,317,63,380,491,0,0,Low
2026-01-01,East,MAT-1007,Recloser Control Package,275,75,0.87,1.612,417,83,500,642,0,0,Low
2026-02-01,East,MAT-1007,Recloser Control Package,341,52,0.92,1.628,500,100,600,943,0,0,Low
2026-03-01,East,MAT-1007,Recloser Control Package,278,74,1.0,1.645,492,98,590,744,0,0,Low
2026-04-01,East,MAT-1007,Recloser Control Package,360,74,1.08,1.661,662,132,794,1293,0,0,Low
2026-05-01,East,MAT-1007,Recloser Control Package,329,98,1.13,1.678,688,138,826,1002,0,0,Low
2026-06-01,East,MAT-1007,Recloser Control Package,344,55,1.15,1.694,661,132,793,970,0,0,Low
2026-07-01,East,MAT-1007,Recloser Control Package,319,90,1.13,1.711,672,134,806,1322,0,0,Low
2026-08-01,East,MAT-1007,Recloser Control Package,347,132,1.08,1.729,760,152,912,1263,0,0,Low
2026-09-01,East,MAT-1007,Recloser Control Package,343,130,1.0,1.746,702,140,842,1238,0,0,Low
2026-10-01,East,MAT-1007,Recloser Control Package,251,35,0.92,1.763,394,79,473,772,0,0,Low
2026-11-01,East,MAT-1007,Recloser Control Package,309,57,0.87,1.781,482,96,578,718,0,0,Low
2026-12-01,East,MAT-1007,Recloser Control Package,247,58,0.85,1.799,396,79,475,640,0,0,Low
2022-01-01,West,MAT-1007,Recloser Control Package,194,57,0.87,1.0,186,37,223,295,0,0,Low
2022-02-01,West,MAT-1007,Recloser Control Package,204,32,0.92,1.01,186,37,223,283,0,0,Low
2022-03-01,West,MAT-1007,Recloser Control Package,321,20,1.0,1.02,296,59,355,594,0,0,Low
2022-04-01,West,MAT-1007,Recloser Control Package,255,34,1.08,1.03,273,55,328,332,0,0,Low
2022-05-01,West,MAT-1007,Recloser Control Package,249,60,1.13,1.041,309,62,371,488,0,0,Low
2022-06-01,West,MAT-1007,Recloser Control Package,280,125,1.15,1.051,416,83,499,736,0,0,Low
2022-07-01,West,MAT-1007,Recloser Control Package,309,29,1.13,1.062,345,69,414,483,0,0,Low
2022-08-01,West,MAT-1007,Recloser Control Package,340,21,1.08,1.072,355,71,426,666,0,0,Low
2022-09-01,West,MAT-1007,Recloser Control Package,239,15,1.0,1.083,234,47,281,362,0,0,Low
2022-10-01,West,MAT-1007,Recloser Control Package,297,97,0.92,1.094,337,67,404,590,0,0,Low
2022-11-01,West,MAT-1007,Recloser Control Package,220,30,0.87,1.105,204,41,245,297,0,0,Low
2022-12-01,West,MAT-1007,Recloser Control Package,212,73,0.85,1.116,230,46,276,347,0,0,Low
2023-01-01,West,MAT-1007,Recloser Control Package,211,66,0.87,1.127,231,46,277,360,0,0,Low
2023-02-01,West,MAT-1007,Recloser Control Package,256,27,0.92,1.138,252,50,302,391,0,0,Low
2023-03-01,West,MAT-1007,Recloser Control Package,244,54,1.0,1.149,291,58,349,438,0,0,Low
2023-04-01,West,MAT-1007,Recloser Control Package,312,32,1.08,1.161,367,73,440,609,0,0,Low
2023-05-01,West,MAT-1007,Recloser Control Package,365,74,1.13,1.173,494,99,593,614,0,0,Low
2023-06-01,West,MAT-1007,Recloser Control Package,366,86,1.15,1.184,523,105,628,1039,0,0,Low
2023-07-01,West,MAT-1007,Recloser Control Package,282,74,1.13,1.196,409,82,491,701,0,0,Low
2023-08-01,West,MAT-1007,Recloser Control Package,334,47,1.08,1.208,423,85,508,728,0,0,Low
2023-09-01,West,MAT-1007,Recloser Control Package,313,93,1.0,1.22,421,84,505,627,0,0,Low
2023-10-01,West,MAT-1007,Recloser Control Package,293,28,0.92,1.232,309,62,371,455,0,0,Low
2023-11-01,West,MAT-1007,Recloser Control Package,233,28,0.87,1.245,240,48,288,427,0,0,Low
2023-12-01,West,MAT-1007,Recloser Control Package,257,68,0.85,1.257,295,59,354,523,0,0,Low
2024-01-01,West,MAT-1007,Recloser Control Package,228,21,0.87,1.27,234,47,281,410,0,0,Low
2024-02-01,West,MAT-1007,Recloser Control Package,227,76,0.92,1.282,304,61,365,543,0,0,Low
2024-03-01,West,MAT-1007,Recloser Control Package,273,32,1.0,1.295,336,67,403,539,0,0,Low
2024-04-01,West,MAT-1007,Recloser Control Package,243,73,1.08,1.308,379,76,455,677,0,0,Low
2024-05-01,West,MAT-1007,Recloser Control Package,322,51,1.13,1.321,473,95,568,765,0,0,Low
2024-06-01,West,MAT-1007,Recloser Control Package,281,81,1.15,1.335,472,94,566,872,0,0,Low
2024-07-01,West,MAT-1007,Recloser Control Package,334,106,1.13,1.348,570,114,684,720,0,0,Low
2024-08-01,West,MAT-1007,Recloser Control Package,290,33,1.08,1.361,404,81,485,790,0,0,Low
2024-09-01,West,MAT-1007,Recloser Control Package,300,81,1.0,1.375,445,89,534,870,0,0,Low
2024-10-01,West,MAT-1007,Recloser Control Package,252,90,0.92,1.389,371,74,445,490,0,0,Low
2024-11-01,West,MAT-1007,Recloser Control Package,247,83,0.87,1.403,342,68,410,477,0,0,Low
2024-12-01,West,MAT-1007,Recloser Control Package,200,71,0.85,1.417,277,55,332,557,0,0,Low
2025-01-01,West,MAT-1007,Recloser Control Package,211,28,0.87,1.431,253,51,304,322,0,0,Low
2025-02-01,West,MAT-1007,Recloser Control Package,265,45,0.92,1.445,350,70,420,565,0,0,Low
2025-03-01,West,MAT-1007,Recloser Control Package,308,77,1.0,1.46,478,96,574,913,0,0,Low
2025-04-01,West,MAT-1007,Recloser Control Package,327,146,1.08,1.474,640,128,768,986,0,0,Low
2025-05-01,West,MAT-1007,Recloser Control Package,340,67,1.13,1.489,582,116,698,769,0,0,Low
2025-06-01,West,MAT-1007,Recloser Control Package,283,98,1.15,1.504,560,112,672,972,0,0,Low
2025-07-01,West,MAT-1007,Recloser Control Package,285,74,1.13,1.519,524,105,629,903,0,0,Low
2025-08-01,West,MAT-1007,Recloser Control Package,253,100,1.08,1.534,497,99,596,703,0,0,Low
2025-09-01,West,MAT-1007,Recloser Control Package,322,57,1.0,1.549,499,100,599,856,0,0,Low
2025-10-01,West,MAT-1007,Recloser Control Package,280,23,0.92,1.565,371,74,445,757,0,0,Low
2025-11-01,West,MAT-1007,Recloser Control Package,273,86,0.87,1.58,420,84,504,789,0,0,Low
2025-12-01,West,MAT-1007,Recloser Control Package,250,43,0.85,1.596,338,68,406,464,0,0,Low
2026-01-01,West,MAT-1007,Recloser Control Package,244,94,0.87,1.612,403,81,484,659,0,0,Low
2026-02-01,West,MAT-1007,Recloser Control Package,247,111,0.92,1.628,456,91,547,668,0,0,Low
2026-03-01,West,MAT-1007,Recloser Control Package,270,17,1.0,1.645,401,80,481,520,0,0,Low
2026-04-01,West,MAT-1007,Recloser Control Package,338,62,1.08,1.661,610,122,732,1011,0,0,Low
2026-05-01,West,MAT-1007,Recloser Control Package,259,67,1.13,1.678,525,105,630,788,0,0,Low
2026-06-01,West,MAT-1007,Recloser Control Package,332,47,1.15,1.694,628,126,754,1228,0,0,Low
2026-07-01,West,MAT-1007,Recloser Control Package,252,97,1.13,1.711,574,115,689,959,0,0,Low
2026-08-01,West,MAT-1007,Recloser Control Package,270,54,1.08,1.729,514,103,617,776,0,0,Low
2026-09-01,West,MAT-1007,Recloser Control Package,308,138,1.0,1.746,662,132,794,986,0,0,Low
2026-10-01,West,MAT-1007,Recloser Control Package,258,28,0.92,1.763,394,79,473,480,0,0,Low
2026-11-01,West,MAT-1007,Recloser Control Package,203,59,0.87,1.781,345,69,414,634,0,0,Low
2026-12-01,West,MAT-1007,Recloser Control Package,226,99,0.85,1.799,422,84,506,668,0,0,Low
2022-01-01,North,MAT-1008,Switchgear Cabinet,270,25,0.87,1.0,218,44,262,262,0,0,Low
2022-02-01,North,MAT-1008,Switchgear Cabinet,249,77,0.92,1.01,257,51,308,369,0,0,Low
2022-03-01,North,MAT-1008,Switchgear Cabinet,355,80,1.0,1.02,377,75,452,662,0,0,Low
2022-04-01,North,MAT-1008,Switchgear Cabinet,401,24,1.08,1.03,402,80,482,768,0,0,Low
2022-05-01,North,MAT-1008,Switchgear Cabinet,304,90,1.13,1.041,394,79,473,567,0,0,Low
2022-06-01,North,MAT-1008,Switchgear Cabinet,339,41,1.15,1.051,390,78,468,791,0,0,Low
2022-07-01,North,MAT-1008,Switchgear Cabinet,376,124,1.13,1.062,510,102,612,880,0,0,Low
2022-08-01,North,MAT-1008,Switchgear Cabinet,384,119,1.08,1.072,495,99,594,863,0,0,Low
2022-09-01,North,MAT-1008,Switchgear Cabinet,258,39,1.0,1.083,273,55,328,403,0,0,Low
2022-10-01,North,MAT-1008,Switchgear Cabinet,312,119,0.92,1.094,369,74,443,537,0,0,Low
2022-11-01,North,MAT-1008,Switchgear Cabinet,300,127,0.87,1.105,349,70,419,487,0,0,Low
2022-12-01,North,MAT-1008,Switchgear Cabinet,218,73,0.85,1.116,235,47,282,352,0,0,Low
2023-01-01,North,MAT-1008,Switchgear Cabinet,310,71,0.87,1.127,317,63,380,398,0,0,Low
2023-02-01,North,MAT-1008,Switchgear Cabinet,323,21,0.92,1.138,306,61,367,617,0,0,Low
2023-03-01,North,MAT-1008,Switchgear Cabinet,291,107,1.0,1.149,389,78,467,728,0,0,Low
2023-04-01,North,MAT-1008,Switchgear Cabinet,362,99,1.08,1.161,491,98,589,719,0,0,Low
2023-05-01,North,MAT-1008,Switchgear Cabinet,317,60,1.13,1.173,425,85,510,609,0,0,Low
2023-06-01,North,MAT-1008,Switchgear Cabinet,418,177,1.15,1.184,689,138,827,1272,0,0,Low
2023-07-01,North,MAT-1008,Switchgear Cabinet,378,132,1.13,1.196,586,117,703,899,0,0,Low
2023-08-01,North,MAT-1008,Switchgear Cabinet,358,54,1.08,1.208,457,91,548,837,0,0,Low
2023-09-01,North,MAT-1008,Switchgear Cabinet,339,24,1.0,1.22,376,75,451,551,0,0,Low
2023-10-01,North,MAT-1008,Switchgear Cabinet,283,77,0.92,1.232,347,69,416,674,0,0,Low
2023-11-01,North,MAT-1008,Switchgear Cabinet,292,90,0.87,1.245,352,70,422,539,0,0,Low
2023-12-01,North,MAT-1008,Switchgear Cabinet,284,27,0.85,1.257,282,56,338,397,0,0,Low
2024-01-01,North,MAT-1008,Switchgear Cabinet,250,89,0.87,1.27,318,64,382,414,0,0,Low
2024-02-01,North,MAT-1008,Switchgear Cabinet,259,99,0.92,1.282,359,72,431,638,0,0,Low
2024-03-01,North,MAT-1008,Switchgear Cabinet,268,23,1.0,1.295,320,64,384,584,0,0,Low
2024-04-01,North,MAT-1008,Switchgear Cabinet,289,31,1.08,1.308,384,77,461,647,0,0,Low
2024-05-01,North,MAT-1008,Switchgear Cabinet,367,137,1.13,1.321,640,128,768,1056,0,0,Low
2024-06-01,North,MAT-1008,Switchgear Cabinet,367,137,1.15,1.335,657,131,788,965,0,0,Low
2024-07-01,North,MAT-1008,Switchgear Cabinet,353,51,1.13,1.348,523,105,628,770,0,0,Low
2024-08-01,North,MAT-1008,Switchgear Cabinet,282,64,1.08,1.361,432,86,518,619,0,0,Low
2024-09-01,North,MAT-1008,Switchgear Cabinet,320,94,1.0,1.375,484,97,581,693,0,0,Low
2024-10-01,North,MAT-1008,Switchgear Cabinet,256,92,0.92,1.389,378,76,454,637,0,0,Low
2024-11-01,North,MAT-1008,Switchgear Cabinet,286,92,0.87,1.403,392,78,470,754,0,0,Low
2024-12-01,North,MAT-1008,Switchgear Cabinet,283,16,0.85,1.417,306,61,367,421,0,0,Low
2025-01-01,North,MAT-1008,Switchgear Cabinet,284,25,0.87,1.431,327,65,392,512,0,0,Low
2025-02-01,North,MAT-1008,Switchgear Cabinet,310,101,0.92,1.445,464,93,557,907,0,0,Low
2025-03-01,North,MAT-1008,Switchgear Cabinet,301,102,1.0,1.46,500,100,600,915,0,0,Low
2025-04-01,North,MAT-1008,Switchgear Cabinet,389,44,1.08,1.474,586,117,703,823,0,0,Low
2025-05-01,North,MAT-1008,Switchgear Cabinet,334,22,1.13,1.489,509,102,611,629,0,0,Low
2025-06-01,North,MAT-1008,Switchgear Cabinet,425,104,1.15,1.504,778,156,934,1079,0,0,Low
2025-07-01,North,MAT-1008,Switchgear Cabinet,423,125,1.13,1.519,799,160,959,1248,0,0,Low
2025-08-01,North,MAT-1008,Switchgear Cabinet,355,157,1.08,1.534,721,144,865,1291,0,0,Low
2025-09-01,North,MAT-1008,Switchgear Cabinet,338,44,1.0,1.549,503,101,604,779,0,0,Low
2025-10-01,North,MAT-1008,Switchgear Cabinet,234,71,0.92,1.565,373,75,448,703,0,0,Low
2025-11-01,North,MAT-1008,Switchgear Cabinet,315,126,0.87,1.58,515,103,618,714,0,0,Low
2025-12-01,North,MAT-1008,Switchgear Cabinet,221,94,0.85,1.596,363,73,436,714,0,0,Low
2026-01-01,North,MAT-1008,Switchgear Cabinet,316,67,0.87,1.612,457,91,548,897,0,0,Low
2026-02-01,North,MAT-1008,Switchgear Cabinet,306,114,0.92,1.628,535,107,642,748,0,0,Low
2026-03-01,North,MAT-1008,Switchgear Cabinet,261,14,1.0,1.645,384,77,461,487,0,0,Low
2026-04-01,North,MAT-1008,Switchgear Cabinet,293,104,1.08,1.661,605,121,726,942,0,0,Low
2026-05-01,North,MAT-1008,Switchgear Cabinet,357,21,1.13,1.678,609,122,731,756,0,0,Low
2026-06-01,North,MAT-1008,Switchgear Cabinet,401,85,1.15,1.694,805,161,966,1132,0,0,Low
2026-07-01,North,MAT-1008,Switchgear Cabinet,398,134,1.13,1.711,875,175,1050,1513,0,0,Low
2026-08-01,North,MAT-1008,Switchgear Cabinet,295,75,1.08,1.729,587,117,704,778,0,0,Low
2026-09-01,North,MAT-1008,Switchgear Cabinet,368,113,1.0,1.746,714,143,857,1260,0,0,Low
2026-10-01,North,MAT-1008,Switchgear Cabinet,328,132,0.92,1.763,634,127,761,1145,0,0,Low
2026-11-01,North,MAT-1008,Switchgear Cabinet,289,93,0.87,1.781,503,101,604,949,0,0,Low
2026-12-01,North,MAT-1008,Switchgear Cabinet,279,79,0.85,1.799,465,93,558,732,0,0,Low
2022-01-01,South,MAT-1008,Switchgear Cabinet,210,38,0.87,1.0,183,37,220,337,0,0,Low
2022-02-01,South,MAT-1008,Switchgear Cabinet,263,31,0.92,1.01,232,46,278,469,0,0,Low
2022-03-01,South,MAT-1008,Switchgear Cabinet,295,117,1.0,1.02,357,71,428,667,0,0,Low
2022-04-01,South,MAT-1008,Switchgear Cabinet,313,61,1.08,1.03,354,71,425,441,0,0,Low
2022-05-01,South,MAT-1008,Switchgear Cabinet,340,83,1.13,1.041,423,85,508,781,0,0,Low
2022-06-01,South,MAT-1008,Switchgear Cabinet,298,44,1.15,1.051,351,70,421,593,0,0,Low
2022-07-01,South,MAT-1008,Switchgear Cabinet,342,115,1.13,1.062,466,93,559,757,0,0,Low
2022-08-01,South,MAT-1008,Switchgear Cabinet,294,113,1.08,1.072,401,80,481,632,0,0,Low
2022-09-01,South,MAT-1008,Switchgear Cabinet,268,103,1.0,1.083,341,68,409,484,0,0,Low
2022-10-01,South,MAT-1008,Switchgear Cabinet,264,79,0.92,1.094,293,59,352,479,0,0,Low
2022-11-01,South,MAT-1008,Switchgear Cabinet,279,110,0.87,1.105,318,64,382,406,0,0,Low
2022-12-01,South,MAT-1008,Switchgear Cabinet,236,99,0.85,1.116,270,54,324,541,0,0,Low
2023-01-01,South,MAT-1008,Switchgear Cabinet,305,58,0.87,1.127,302,60,362,496,0,0,Low
2023-02-01,South,MAT-1008,Switchgear Cabinet,307,31,0.92,1.138,301,60,361,570,0,0,Low
2023-03-01,South,MAT-1008,Switchgear Cabinet,322,73,1.0,1.149,386,77,463,689,0,0,Low
2023-04-01,South,MAT-1008,Switchgear Cabinet,271,55,1.08,1.161,347,69,416,420,0,0,Low
2023-05-01,South,MAT-1008,Switchgear Cabinet,304,65,1.13,1.173,416,83,499,847,0,0,Low
2023-06-01,South,MAT-1008,Switchgear Cabinet,352,71,1.15,1.184,490,98,588,887,0,0,Low
2023-07-01,South,MAT-1008,Switchgear Cabinet,274,100,1.13,1.196,430,86,516,851,0,0,Low
2023-08-01,South,MAT-1008,Switchgear Cabinet,294,37,1.08,1.208,367,73,440,459,0,0,Low
2023-09-01,South,MAT-1008,Switchgear Cabinet,283,61,1.0,1.22,357,71,428,481,0,0,Low
2023-10-01,South,MAT-1008,Switchgear Cabinet,268,109,0.92,1.232,363,73,436,608,0,0,Low
2023-11-01,South,MAT-1008,Switchgear Cabinet,229,87,0.87,1.245,291,58,349,440,0,0,Low
2023-12-01,South,MAT-1008,Switchgear Cabinet,245,77,0.85,1.257,292,58,350,435,0,0,Low
2024-01-01,South,MAT-1008,Switchgear Cabinet,296,43,0.87,1.27,318,64,382,531,0,0,Low
2024-02-01,South,MAT-1008,Switchgear Cabinet,258,89,0.92,1.282,348,70,418,710,0,0,Low
2024-03-01,South,MAT-1008,Switchgear Cabinet,270,57,1.0,1.295,360,72,432,530,0,0,Low
2024-04-01,South,MAT-1008,Switchgear Cabinet,302,82,1.08,1.308,461,92,553,598,0,0,Low
2024-05-01,South,MAT-1008,Switchgear Cabinet,317,65,1.13,1.321,485,97,582,640,0,0,Low
2024-06-01,South,MAT-1008,Switchgear Cabinet,401,123,1.15,1.335,684,137,821,849,0,0,Low
2024-07-01,South,MAT-1008,Switchgear Cabinet,399,116,1.13,1.348,667,133,800,981,0,0,Low
2024-08-01,South,MAT-1008,Switchgear Cabinet,257,107,1.08,1.361,455,91,546,701,0,0,Low
2024-09-01,South,MAT-1008,Switchgear Cabinet,308,35,1.0,1.375,401,80,481,502,0,0,Low
2024-10-01,South,MAT-1008,Switchgear Cabinet,304,44,0.92,1.389,378,76,454,647,0,0,Low
2024-11-01,South,MAT-1008,Switchgear Cabinet,239,81,0.87,1.403,332,66,398,426,0,0,Low
2024-12-01,South,MAT-1008,Switchgear Cabinet,284,89,0.85,1.417,382,76,458,548,0,0,Low
2025-01-01,South,MAT-1008,Switchgear Cabinet,259,18,0.87,1.431,293,59,352,446,0,0,Low
2025-02-01,South,MAT-1008,Switchgear Cabinet,295,101,0.92,1.445,447,89,536,564,0,0,Low
2025-03-01,South,MAT-1008,Switchgear Cabinet,267,25,1.0,1.46,362,72,434,615,0,0,Low
2025-04-01,South,MAT-1008,Switchgear Cabinet,271,35,1.08,1.474,414,83,497,715,0,0,Low
2025-05-01,South,MAT-1008,Switchgear Cabinet,294,76,1.13,1.489,529,106,635,681,0,0,Low
2025-06-01,South,MAT-1008,Switchgear Cabinet,371,107,1.15,1.504,703,141,844,978,0,0,Low
2025-07-01,South,MAT-1008,Switchgear Cabinet,372,27,1.13,1.519,582,116,698,847,0,0,Low
2025-08-01,South,MAT-1008,Switchgear Cabinet,257,88,1.08,1.534,486,97,583,978,0,0,Low
2025-09-01,South,MAT-1008,Switchgear Cabinet,335,53,1.0,1.549,511,102,613,1008,0,0,Low
2025-10-01,South,MAT-1008,Switchgear Cabinet,273,37,0.92,1.565,379,76,455,493,0,0,Low
2025-11-01,South,MAT-1008,Switchgear Cabinet,227,89,0.87,1.58,369,74,443,622,0,0,Low
2025-12-01,South,MAT-1008,Switchgear Cabinet,289,125,0.85,1.596,477,95,572,899,0,0,Low
2026-01-01,South,MAT-1008,Switchgear Cabinet,307,94,0.87,1.612,478,96,574,708,0,0,Low
2026-02-01,South,MAT-1008,Switchgear Cabinet,221,65,0.92,1.628,364,73,437,540,0,0,Low
2026-03-01,South,MAT-1008,Switchgear Cabinet,327,40,1.0,1.645,513,103,616,810,0,0,Low
2026-04-01,South,MAT-1008,Switchgear Cabinet,288,32,1.08,1.661,488,98,586,952,0,0,Low
2026-05-01,South,MAT-1008,Switchgear Cabinet,338,70,1.13,1.678,657,131,788,1076,0,0,Low
2026-06-01,South,MAT-1008,Switchgear Cabinet,406,93,1.15,1.694,827,165,992,1574,0,0,Low
2026-07-01,South,MAT-1008,Switchgear Cabinet,296,77,1.13,1.711,613,123,736,1089,0,0,Low
2026-08-01,South,MAT-1008,Switchgear Cabinet,271,97,1.08,1.729,584,117,701,925,0,0,Low
2026-09-01,South,MAT-1008,Switchgear Cabinet,312,65,1.0,1.746,559,112,671,686,0,0,Low
2026-10-01,South,MAT-1008,Switchgear Cabinet,305,76,0.92,1.763,525,105,630,862,0,0,Low
2026-11-01,South,MAT-1008,Switchgear Cabinet,244,48,0.87,1.781,385,77,462,619,0,0,Low
2026-12-01,South,MAT-1008,Switchgear Cabinet,228,25,0.85,1.799,329,66,395,562,0,0,Low
2022-01-01,East,MAT-1008,Switchgear Cabinet,379,129,0.87,1.0,376,75,451,634,0,0,Low
2022-02-01,East,MAT-1008,Switchgear Cabinet,341,106,0.92,1.01,353,71,424,472,0,0,Low
2022-03-01,East,MAT-1008,Switchgear Cabinet,341,74,1.0,1.02,360,72,432,515,0,0,Low
2022-04-01,East,MAT-1008,Switchgear Cabinet,445,182,1.08,1.03,593,119,712,1072,0,0,Low
2022-05-01,East,MAT-1008,Switchgear Cabinet,373,163,1.13,1.041,536,107,643,981,0,0,Low
2022-06-01,East,MAT-1008,Switchgear Cabinet,391,89,1.15,1.051,493,99,592,648,0,0,Low
2022-07-01,East,MAT-1008,Switchgear Cabinet,366,28,1.13,1.062,402,80,482,809,0,0,Low
2022-08-01,East,MAT-1008,Switchgear Cabinet,368,75,1.08,1.072,436,87,523,541,0,0,Low
2022-09-01,East,MAT-1008,Switchgear Cabinet,364,68,1.0,1.083,398,80,478,628,0,0,Low
2022-10-01,East,MAT-1008,Switchgear Cabinet,414,36,0.92,1.094,385,77,462,546,0,0,Low
2022-11-01,East,MAT-1008,Switchgear Cabinet,366,79,0.87,1.105,364,73,437,672,0,0,Low
2022-12-01,East,MAT-1008,Switchgear Cabinet,291,25,0.85,1.116,255,51,306,439,0,0,Low
2023-01-01,East,MAT-1008,Switchgear Cabinet,303,118,0.87,1.127,351,70,421,585,0,0,Low
2023-02-01,East,MAT-1008,Switchgear Cabinet,306,131,0.92,1.138,389,78,467,695,0,0,Low
2023-03-01,East,MAT-1008,Switchgear Cabinet,421,156,1.0,1.149,564,113,677,826,0,0,Low
2023-04-01,East,MAT-1008,Switchgear Cabinet,380,43,1.08,1.161,451,90,541,850,0,0,Low
2023-05-01,East,MAT-1008,Switchgear Cabinet,420,92,1.13,1.173,577,115,692,702,0,0,Low
2023-06-01,East,MAT-1008,Switchgear Cabinet,401,106,1.15,1.184,587,117,704,1041,0,0,Low
2023-07-01,East,MAT-1008,Switchgear Cabinet,351,45,1.13,1.196,455,91,546,750,0,0,Low
2023-08-01,East,MAT-1008,Switchgear Cabinet,437,187,1.08,1.208,692,138,830,931,0,0,Low
2023-09-01,East,MAT-1008,Switchgear Cabinet,309,104,1.0,1.22,428,86,514,773,0,0,Low
2023-10-01,East,MAT-1008,Switchgear Cabinet,375,90,0.92,1.232,448,90,538,783,0,0,Low
2023-11-01,East,MAT-1008,Switchgear Cabinet,286,74,0.87,1.245,331,66,397,526,0,0,Low
2023-12-01,East,MAT-1008,Switchgear Cabinet,285,103,0.85,1.257,352,70,422,676,0,0,Low
2024-01-01,East,MAT-1008,Switchgear Cabinet,377,73,0.87,1.27,423,85,508,608,0,0,Low
2024-02-01,East,MAT-1008,Switchgear Cabinet,287,62,0.92,1.282,350,70,420,519,0,0,Low
2024-03-01,East,MAT-1008,Switchgear Cabinet,330,28,1.0,1.295,394,79,473,600,0,0,Low
2024-04-01,East,MAT-1008,Switchgear Cabinet,448,106,1.08,1.308,665,133,798,1037,0,0,Low
2024-05-01,East,MAT-1008,Switchgear Cabinet,404,82,1.13,1.321,617,123,740,1200,0,0,Low
2024-06-01,East,MAT-1008,Switchgear Cabinet,438,161,1.15,1.335,781,156,937,1504,0,0,Low
2024-07-01,East,MAT-1008,Switchgear Cabinet,420,151,1.13,1.348,739,148,887,1354,0,0,Low
2024-08-01,East,MAT-1008,Switchgear Cabinet,419,138,1.08,1.361,696,139,835,1105,0,0,Low
2024-09-01,East,MAT-1008,Switchgear Cabinet,331,64,1.0,1.375,462,92,554,685,0,0,Low
2024-10-01,East,MAT-1008,Switchgear Cabinet,329,111,0.92,1.389,478,96,574,634,0,0,Low
2024-11-01,East,MAT-1008,Switchgear Cabinet,354,68,0.87,1.403,438,88,526,634,0,0,Low
2024-12-01,East,MAT-1008,Switchgear Cabinet,272,38,0.85,1.417,317,63,380,532,0,0,Low
2025-01-01,East,MAT-1008,Switchgear Cabinet,266,94,0.87,1.431,381,76,457,462,0,0,Low
2025-02-01,East,MAT-1008,Switchgear Cabinet,355,29,0.92,1.445,434,87,521,695,0,0,Low
2025-03-01,East,MAT-1008,Switchgear Cabinet,348,73,1.0,1.46,522,104,626,1003,0,0,Low
2025-04-01,East,MAT-1008,Switchgear Cabinet,452,115,1.08,1.474,767,153,920,1557,0,0,Low
2025-05-01,East,MAT-1008,Switchgear Cabinet,481,116,1.13,1.489,854,171,1025,1194,0,0,Low
2025-06-01,East,MAT-1008,Switchgear Cabinet,499,160,1.15,1.504,969,194,1163,1954,0,0,Low
2025-07-01,East,MAT-1008,Switchgear Cabinet,457,200,1.13,1.519,958,192,1150,1727,0,0,Low
2025-08-01,East,MAT-1008,Switchgear Cabinet,397,38,1.08,1.534,613,123,736,982,0,0,Low
2025-09-01,East,MAT-1008,Switchgear Cabinet,370,129,1.0,1.549,657,131,788,978,0,0,Low
2025-10-01,East,MAT-1008,Switchgear Cabinet,376,94,0.92,1.565,575,115,690,1011,0,0,Low
2025-11-01,East,MAT-1008,Switchgear Cabinet,284,49,0.87,1.58,389,78,467,520,0,0,Low
2025-12-01,East,MAT-1008,Switchgear Cabinet,357,143,0.85,1.596,577,115,692,1065,0,0,Low
2026-01-01,East,MAT-1008,Switchgear Cabinet,305,26,0.87,1.612,395,79,474,693,0,0,Low
2026-02-01,East,MAT-1008,Switchgear Cabinet,280,100,0.92,1.628,484,97,581,659,0,0,Low
2026-03-01,East,MAT-1008,Switchgear Cabinet,431,162,1.0,1.645,829,166,995,1211,0,0,Low
2026-04-01,East,MAT-1008,Switchgear Cabinet,443,50,1.08,1.661,752,150,902,1121,0,0,Low
2026-05-01,East,MAT-1008,Switchgear Cabinet,450,80,1.13,1.678,854,171,1025,1308,0,0,Low
2026-06-01,East,MAT-1008,Switchgear Cabinet,375,85,1.15,1.694,762,152,914,1343,0,0,Low
2026-07-01,East,MAT-1008,Switchgear Cabinet,484,62,1.13,1.711,898,180,1078,1279,0,0,Low
2026-08-01,East,MAT-1008,Switchgear Cabinet,358,39,1.08,1.729,630,126,756,983,0,0,Low
2026-09-01,East,MAT-1008,Switchgear Cabinet,409,171,1.0,1.746,861,172,1033,1641,0,0,Low
2026-10-01,East,MAT-1008,Switchgear Cabinet,396,35,0.92,1.763,594,119,713,869,0,0,Low
2026-11-01,East,MAT-1008,Switchgear Cabinet,333,80,0.87,1.781,544,109,653,765,0,0,Low
2026-12-01,East,MAT-1008,Switchgear Cabinet,352,73,0.85,1.799,552,110,662,683,0,0,Low
2022-01-01,West,MAT-1008,Switchgear Cabinet,280,60,0.87,1.0,251,50,301,503,0,0,Low
2022-02-01,West,MAT-1008,Switchgear Cabinet,250,103,0.92,1.01,279,56,335,521,0,0,Low
2022-03-01,West,MAT-1008,Switchgear Cabinet,346,81,1.0,1.02,370,74,444,600,0,0,Low
2022-04-01,West,MAT-1008,Switchgear Cabinet,338,89,1.08,1.03,404,81,485,808,0,0,Low
2022-05-01,West,MAT-1008,Switchgear Cabinet,302,34,1.13,1.041,336,67,403,538,0,0,Low
2022-06-01,West,MAT-1008,Switchgear Cabinet,428,135,1.15,1.051,578,116,694,983,0,0,Low
2022-07-01,West,MAT-1008,Switchgear Cabinet,342,151,1.13,1.062,503,101,604,946,0,0,Low
2022-08-01,West,MAT-1008,Switchgear Cabinet,372,99,1.08,1.072,464,93,557,626,0,0,Low
2022-09-01,West,MAT-1008,Switchgear Cabinet,335,136,1.0,1.083,434,87,521,767,0,0,Low
2022-10-01,West,MAT-1008,Switchgear Cabinet,250,82,0.92,1.094,284,57,341,389,0,0,Low
2022-11-01,West,MAT-1008,Switchgear Cabinet,237,37,0.87,1.105,224,45,269,427,0,0,Low
2022-12-01,West,MAT-1008,Switchgear Cabinet,240,46,0.85,1.116,231,46,277,323,0,0,Low
2023-01-01,West,MAT-1008,Switchgear Cabinet,321,127,0.87,1.127,373,75,448,684,0,0,Low
2023-02-01,West,MAT-1008,Switchgear Cabinet,328,84,0.92,1.138,367,73,440,637,0,0,Low
2023-03-01,West,MAT-1008,Switchgear Cabinet,361,139,1.0,1.149,489,98,587,709,0,0,Low
2023-04-01,West,MAT-1008,Switchgear Cabinet,321,84,1.08,1.161,432,86,518,661,0,0,Low
2023-05-01,West,MAT-1008,Switchgear Cabinet,354,67,1.13,1.173,474,95,569,773,0,0,Low
2023-06-01,West,MAT-1008,Switchgear Cabinet,440,181,1.15,1.184,719,144,863,1116,0,0,Low
2023-07-01,West,MAT-1008,Switchgear Cabinet,424,88,1.13,1.196,588,118,706,925,0,0,Low
2023-08-01,West,MAT-1008,Switchgear Cabinet,359,103,1.08,1.208,512,102,614,635,0,0,Low
2023-09-01,West,MAT-1008,Switchgear Cabinet,288,71,1.0,1.22,372,74,446,608,0,0,Low
2023-10-01,West,MAT-1008,Switchgear Cabinet,251,43,0.92,1.232,283,57,340,499,0,0,Low
2023-11-01,West,MAT-1008,Switchgear Cabinet,249,56,0.87,1.245,281,56,337,482,0,0,Low
2023-12-01,West,MAT-1008,Switchgear Cabinet,264,79,0.85,1.257,312,62,374,452,0,0,Low
2024-01-01,West,MAT-1008,Switchgear Cabinet,263,92,0.87,1.27,333,67,400,678,0,0,Low
2024-02-01,West,MAT-1008,Switchgear Cabinet,267,53,0.92,1.282,321,64,385,447,0,0,Low
2024-03-01,West,MAT-1008,Switchgear Cabinet,295,79,1.0,1.295,412,82,494,661,0,0,Low
2024-04-01,West,MAT-1008,Switchgear Cabinet,314,85,1.08,1.308,479,96,575,634,0,0,Low
2024-05-01,West,MAT-1008,Switchgear Cabinet,306,81,1.13,1.321,491,98,589,701,0,0,Low
2024-06-01,West,MAT-1008,Switchgear Cabinet,439,125,1.15,1.335,736,147,883,1222,0,0,Low
2024-07-01,West,MAT-1008,Switchgear Cabinet,446,154,1.13,1.348,777,155,932,1547,0,0,Low
2024-08-01,West,MAT-1008,Switchgear Cabinet,361,133,1.08,1.361,617,123,740,838,0,0,Low
2024-09-01,West,MAT-1008,Switchgear Cabinet,347,139,1.0,1.375,568,114,682,1042,0,0,Low
2024-10-01,West,MAT-1008,Switchgear Cabinet,333,35,0.92,1.389,400,80,480,557,0,0,Low
2024-11-01,West,MAT-1008,Switchgear Cabinet,344,79,0.87,1.403,439,88,527,643,0,0,Low
2024-12-01,West,MAT-1008,Switchgear Cabinet,277,94,0.85,1.417,380,76,456,725,0,0,Low
2025-01-01,West,MAT-1008,Switchgear Cabinet,231,89,0.87,1.431,339,68,407,429,0,0,Low
2025-02-01,West,MAT-1008,Switchgear Cabinet,306,36,0.92,1.445,386,77,463,768,0,0,Low
2025-03-01,West,MAT-1008,Switchgear Cabinet,360,88,1.0,1.46,556,111,667,869,0,0,Low
2025-04-01,West,MAT-1008,Switchgear Cabinet,324,75,1.08,1.474,540,108,648,766,0,0,Low
2025-05-01,West,MAT-1008,Switchgear Cabinet,362,32,1.13,1.489,563,113,676,703,0,0,Low
2025-06-01,West,MAT-1008,Switchgear Cabinet,324,108,1.15,1.504,635,127,762,985,0,0,Low
2025-07-01,West,MAT-1008,Switchgear Cabinet,409,38,1.13,1.519,652,130,782,1195,0,0,Low
2025-08-01,West,MAT-1008,Switchgear Cabinet,390,35,1.08,1.534,598,120,718,1050,0,0,Low
2025-09-01,West,MAT-1008,Switchgear Cabinet,351,107,1.0,1.549,603,121,724,883,0,0,Low
2025-10-01,West,MAT-1008,Switchgear Cabinet,358,116,0.92,1.565,580,116,696,1181,0,0,Low
2025-11-01,West,MAT-1008,Switchgear Cabinet,325,34,0.87,1.58,420,84,504,558,0,0,Low
2025-12-01,West,MAT-1008,Switchgear Cabinet,292,110,0.85,1.596,464,93,557,633,0,0,Low
2026-01-01,West,MAT-1008,Switchgear Cabinet,256,78,0.87,1.612,398,80,478,764,0,0,Low
2026-02-01,West,MAT-1008,Switchgear Cabinet,279,86,0.92,1.628,465,93,558,884,0,0,Low
2026-03-01,West,MAT-1008,Switchgear Cabinet,318,77,1.0,1.645,552,110,662,1115,0,0,Low
2026-04-01,West,MAT-1008,Switchgear Cabinet,394,128,1.08,1.661,796,159,955,1621,0,0,Low
2026-05-01,West,MAT-1008,Switchgear Cabinet,342,69,1.13,1.678,662,132,794,1235,0,0,Low
2026-06-01,West,MAT-1008,Switchgear Cabinet,357,108,1.15,1.694,770,154,924,1211,0,0,Low
2026-07-01,West,MAT-1008,Switchgear Cabinet,340,98,1.13,1.711,720,144,864,915,0,0,Low
2026-08-01,West,MAT-1008,Switchgear Cabinet,389,75,1.08,1.729,736,147,883,1113,0,0,Low
2026-09-01,West,MAT-1008,Switchgear Cabinet,349,61,1.0,1.746,608,122,730,892,0,0,Low
2026-10-01,West,MAT-1008,Switchgear Cabinet,267,21,0.92,1.763,397,79,476,532,0,0,Low
2026-11-01,West,MAT-1008,Switchgear Cabinet,276,55,0.87,1.781,436,87,523,551,0,0,Low
2026-12-01,West,MAT-1008,Switchgear Cabinet,313,133,0.85,1.799,580,116,696,1083,0,0,Low
2022-01-01,North,MAT-1009,Smart Meter,153,15,0.87,1.0,124,25,149,193,0,0,Low
2022-02-01,North,MAT-1009,Smart Meter,133,32,0.92,1.01,130,26,156,251,0,0,Low
2022-03-01,North,MAT-1009,Smart Meter,200,26,1.0,1.02,196,39,235,259,0,0,Low
2022-04-01,North,MAT-1009,Smart Meter,227,54,1.08,1.03,266,53,319,454,0,0,Low
2022-05-01,North,MAT-1009,Smart Meter,207,13,1.13,1.041,220,44,264,311,0,0,Low
2022-06-01,North,MAT-1009,Smart Meter,236,90,1.15,1.051,335,67,402,638,0,0,Low
2022-07-01,North,MAT-1009,Smart Meter,197,42,1.13,1.062,244,49,293,474,0,0,Low
2022-08-01,North,MAT-1009,Smart Meter,220,14,1.08,1.072,230,46,276,381,0,0,Low
2022-09-01,North,MAT-1009,Smart Meter,196,88,1.0,1.083,261,52,313,450,0,0,Low
2022-10-01,North,MAT-1009,Smart Meter,182,69,0.92,1.094,215,43,258,379,0,0,Low
2022-11-01,North,MAT-1009,Smart Meter,159,49,0.87,1.105,170,34,204,234,0,0,Low
2022-12-01,North,MAT-1009,Smart Meter,132,30,0.85,1.116,131,26,157,219,0,0,Low
2023-01-01,North,MAT-1009,Smart Meter,157,52,0.87,1.127,174,35,209,226,0,0,Low
2023-02-01,North,MAT-1009,Smart Meter,190,36,0.92,1.138,201,40,241,357,0,0,Low
2023-03-01,North,MAT-1009,Smart Meter,164,11,1.0,1.149,171,34,205,262,0,0,Low
2023-04-01,North,MAT-1009,Smart Meter,197,14,1.08,1.161,225,45,270,274,0,0,Low
2023-05-01,North,MAT-1009,Smart Meter,206,32,1.13,1.173,268,54,322,331,0,0,Low
2023-06-01,North,MAT-1009,Smart Meter,228,73,1.15,1.184,348,70,418,454,0,0,Low
2023-07-01,North,MAT-1009,Smart Meter,229,64,1.13,1.196,337,67,404,463,0,0,Low
2023-08-01,North,MAT-1009,Smart Meter,181,38,1.08,1.208,243,49,292,322,0,0,Low
2023-09-01,North,MAT-1009,Smart Meter,204,44,1.0,1.22,257,51,308,429,0,0,Low
2023-10-01,North,MAT-1009,Smart Meter,197,72,0.92,1.232,259,52,311,420,0,0,Low
2023-11-01,North,MAT-1009,Smart Meter,179,57,0.87,1.245,217,43,260,355,0,0,Low
2023-12-01,North,MAT-1009,Smart Meter,136,49,0.85,1.257,168,34,202,341,0,0,Low
2024-01-01,North,MAT-1009,Smart Meter,169,11,0.87,1.27,169,34,203,207,0,0,Low
2024-02-01,North,MAT-1009,Smart Meter,154,61,0.92,1.282,216,43,259,381,0,0,Low
2024-03-01,North,MAT-1009,Smart Meter,209,22,1.0,1.295,254,51,305,445,0,0,Low
2024-04-01,North,MAT-1009,Smart Meter,212,40,1.08,1.308,303,61,364,466,0,0,Low
2024-05-01,North,MAT-1009,Smart Meter,242,79,1.13,1.321,407,81,488,496,0,0,Low
2024-06-01,North,MAT-1009,Smart Meter,201,41,1.15,1.335,316,63,379,603,0,0,Low
2024-07-01,North,MAT-1009,Smart Meter,211,53,1.13,1.348,342,68,410,513,0,0,Low
2024-08-01,North,MAT-1009,Smart Meter,176,57,1.08,1.361,291,58,349,541,0,0,Low
2024-09-01,North,MAT-1009,Smart Meter,155,44,1.0,1.375,233,47,280,309,0,0,Low
2024-10-01,North,MAT-1009,Smart Meter,181,62,0.92,1.389,264,53,317,516,0,0,Low
2024-11-01,North,MAT-1009,Smart Meter,163,49,0.87,1.403,220,44,264,349,0,0,Low
2024-12-01,North,MAT-1009,Smart Meter,157,50,0.85,1.417,212,42,254,293,0,0,Low
2025-01-01,North,MAT-1009,Smart Meter,144,11,0.87,1.431,164,33,197,303,0,0,Low
2025-02-01,North,MAT-1009,Smart Meter,164,65,0.92,1.445,259,52,311,345,0,0,Low
2025-03-01,North,MAT-1009,Smart Meter,149,58,1.0,1.46,257,51,308,455,0,0,Low
2025-04-01,North,MAT-1009,Smart Meter,201,38,1.08,1.474,323,65,388,421,0,0,Low
2025-05-01,North,MAT-1009,Smart Meter,215,13,1.13,1.489,326,65,391,567,0,0,Low
2025-06-01,North,MAT-1009,Smart Meter,232,17,1.15,1.504,366,73,439,643,0,0,Low
2025-07-01,North,MAT-1009,Smart Meter,214,16,1.13,1.519,336,67,403,496,0,0,Low
2025-08-01,North,MAT-1009,Smart Meter,180,73,1.08,1.534,356,71,427,445,0,0,Low
2025-09-01,North,MAT-1009,Smart Meter,167,65,1.0,1.549,306,61,367,480,0,0,Low
2025-10-01,North,MAT-1009,Smart Meter,171,29,0.92,1.565,245,49,294,321,0,0,Low
2025-11-01,North,MAT-1009,Smart Meter,180,23,0.87,1.58,237,47,284,461,0,0,Low
2025-12-01,North,MAT-1009,Smart Meter,147,49,0.85,1.596,226,45,271,351,0,0,Low
2026-01-01,North,MAT-1009,Smart Meter,161,35,0.87,1.612,234,47,281,303,0,0,Low
2026-02-01,North,MAT-1009,Smart Meter,199,59,0.92,1.628,329,66,395,545,0,0,Low
2026-03-01,North,MAT-1009,Smart Meter,216,32,1.0,1.645,347,69,416,457,0,0,Low
2026-04-01,North,MAT-1009,Smart Meter,167,25,1.08,1.661,293,59,352,520,0,0,Low
2026-05-01,North,MAT-1009,Smart Meter,169,75,1.13,1.678,393,79,472,758,0,0,Low
2026-06-01,North,MAT-1009,Smart Meter,239,87,1.15,1.694,540,108,648,752,0,0,Low
2026-07-01,North,MAT-1009,Smart Meter,196,42,1.13,1.711,391,78,469,541,0,0,Low
2026-08-01,North,MAT-1009,Smart Meter,186,15,1.08,1.729,319,64,383,520,0,0,Low
2026-09-01,North,MAT-1009,Smart Meter,202,10,1.0,1.746,315,63,378,644,0,0,Low
2026-10-01,North,MAT-1009,Smart Meter,140,27,0.92,1.763,230,46,276,285,0,0,Low
2026-11-01,North,MAT-1009,Smart Meter,136,17,0.87,1.781,201,40,241,329,0,0,Low
2026-12-01,North,MAT-1009,Smart Meter,138,28,0.85,1.799,216,43,259,402,0,0,Low
2022-01-01,South,MAT-1009,Smart Meter,158,41,0.87,1.0,147,29,176,219,0,0,Low
2022-02-01,South,MAT-1009,Smart Meter,152,12,0.92,1.01,130,26,156,219,0,0,Low
2022-03-01,South,MAT-1009,Smart Meter,147,49,1.0,1.02,170,34,204,319,0,0,Low
2022-04-01,South,MAT-1009,Smart Meter,202,79,1.08,1.03,266,53,319,421,0,0,Low
2022-05-01,South,MAT-1009,Smart Meter,169,33,1.13,1.041,202,40,242,411,0,0,Low
2022-06-01,South,MAT-1009,Smart Meter,196,60,1.15,1.051,263,53,316,504,0,0,Low
2022-07-01,South,MAT-1009,Smart Meter,170,72,1.13,1.062,247,49,296,496,0,0,Low
2022-08-01,South,MAT-1009,Smart Meter,151,33,1.08,1.072,181,36,217,231,0,0,Low
2022-09-01,South,MAT-1009,Smart Meter,181,17,1.0,1.083,182,36,218,361,0,0,Low
2022-10-01,South,MAT-1009,Smart Meter,140,47,0.92,1.094,160,32,192,281,0,0,Low
2022-11-01,South,MAT-1009,Smart Meter,127,8,0.87,1.105,110,22,132,185,0,0,Low
2022-12-01,South,MAT-1009,Smart Meter,167,66,0.85,1.116,188,38,226,339,0,0,Low
2023-01-01,South,MAT-1009,Smart Meter,159,62,0.87,1.127,184,37,221,368,0,0,Low
2023-02-01,South,MAT-1009,Smart Meter,187,26,0.92,1.138,190,38,228,348,0,0,Low
2023-03-01,South,MAT-1009,Smart Meter,161,41,1.0,1.149,197,39,236,286,0,0,Low
2023-04-01,South,MAT-1009,Smart Meter,181,78,1.08,1.161,276,55,331,397,0,0,Low
2023-05-01,South,MAT-1009,Smart Meter,226,75,1.13,1.173,339,68,407,535,0,0,Low
2023-06-01,South,MAT-1009,Smart Meter,191,10,1.15,1.184,233,47,280,288,0,0,Low
2023-07-01,South,MAT-1009,Smart Meter,195,10,1.13,1.196,236,47,283,413,0,0,Low
2023-08-01,South,MAT-1009,Smart Meter,178,75,1.08,1.208,281,56,337,484,0,0,Low
2023-09-01,South,MAT-1009,Smart Meter,194,77,1.0,1.22,281,56,337,576,0,0,Low
2023-10-01,South,MAT-1009,Smart Meter,188,69,0.92,1.232,248,50,298,427,0,0,Low
2023-11-01,South,MAT-1009,Smart Meter,132,21,0.87,1.245,141,28,169,215,0,0,Low
2023-12-01,South,MAT-1009,Smart Meter,139,55,0.85,1.257,176,35,211,259,0,0,Low
2024-01-01,South,MAT-1009,Smart Meter,127,44,0.87,1.27,161,32,193,239,0,0,Low
2024-02-01,South,MAT-1009,Smart Meter,149,25,0.92,1.282,174,35,209,300,0,0,Low
2024-03-01,South,MAT-1009,Smart Meter,173,40,1.0,1.295,235,47,282,425,0,0,Low
2024-04-01,South,MAT-1009,Smart Meter,214,20,1.08,1.308,281,56,337,510,0,0,Low
2024-05-01,South,MAT-1009,Smart Meter,204,65,1.13,1.321,341,68,409,689,0,0,Low
2024-06-01,South,MAT-1009,Smart Meter,194,54,1.15,1.335,324,65,389,536,0,0,Low
2024-07-01,South,MAT-1009,Smart Meter,228,46,1.13,1.348,355,71,426,562,0,0,Low
2024-08-01,South,MAT-1009,Smart Meter,170,60,1.08,1.361,287,57,344,357,0,0,Low
2024-09-01,South,MAT-1009,Smart Meter,165,16,1.0,1.375,212,42,254,430,0,0,Low
2024-10-01,South,MAT-1009,Smart Meter,140,25,0.92,1.389,179,36,215,283,0,0,Low
2024-11-01,South,MAT-1009,Smart Meter,135,28,0.87,1.403,169,34,203,255,0,0,Low
2024-12-01,South,MAT-1009,Smart Meter,120,47,0.85,1.417,171,34,205,297,0,0,Low
2025-01-01,South,MAT-1009,Smart Meter,157,68,0.87,1.431,238,48,286,478,0,0,Low
2025-02-01,South,MAT-1009,Smart Meter,175,63,0.92,1.445,269,54,323,443,0,0,Low
2025-03-01,South,MAT-1009,Smart Meter,194,24,1.0,1.46,270,54,324,525,0,0,Low
2025-04-01,South,MAT-1009,Smart Meter,152,63,1.08,1.474,291,58,349,490,0,0,Low
2025-05-01,South,MAT-1009,Smart Meter,198,44,1.13,1.489,346,69,415,421,0,0,Low
2025-06-01,South,MAT-1009,Smart Meter,216,15,1.15,1.504,340,68,408,605,0,0,Low
2025-07-01,South,MAT-1009,Smart Meter,193,32,1.13,1.519,328,66,394,520,0,0,Low
2025-08-01,South,MAT-1009,Smart Meter,177,54,1.08,1.534,325,65,390,601,0,0,Low
2025-09-01,South,MAT-1009,Smart Meter,199,52,1.0,1.549,331,66,397,454,0,0,Low
2025-10-01,South,MAT-1009,Smart Meter,131,41,0.92,1.565,210,42,252,332,0,0,Low
2025-11-01,South,MAT-1009,Smart Meter,132,18,0.87,1.58,175,35,210,218,0,0,Low
2025-12-01,South,MAT-1009,Smart Meter,148,17,0.85,1.596,190,38,228,352,0,0,Low
2026-01-01,South,MAT-1009,Smart Meter,129,48,0.87,1.612,211,42,253,311,0,0,Low
2026-02-01,South,MAT-1009,Smart Meter,128,42,0.92,1.628,216,43,259,338,0,0,Low
2026-03-01,South,MAT-1009,Smart Meter,193,53,1.0,1.645,344,69,413,640,0,0,Low
2026-04-01,South,MAT-1009,Smart Meter,164,26,1.08,1.661,290,58,348,369,0,0,Low
2026-05-01,South,MAT-1009,Smart Meter,199,20,1.13,1.678,353,71,424,484,0,0,Low
2026-06-01,South,MAT-1009,Smart Meter,204,89,1.15,1.694,485,97,582,922,0,0,Low
2026-07-01,South,MAT-1009,Smart Meter,193,50,1.13,1.711,399,80,479,548,0,0,Low
2026-08-01,South,MAT-1009,Smart Meter,178,79,1.08,1.729,408,82,490,777,0,0,Low
2026-09-01,South,MAT-1009,Smart Meter,173,67,1.0,1.746,356,71,427,466,0,0,Low
2026-10-01,South,MAT-1009,Smart Meter,170,76,0.92,1.763,339,68,407,548,0,0,Low
2026-11-01,South,MAT-1009,Smart Meter,163,46,0.87,1.781,275,55,330,440,0,0,Low
2026-12-01,South,MAT-1009,Smart Meter,155,12,0.85,1.799,217,43,260,378,0,0,Low
2022-01-01,East,MAT-1009,Smart Meter,193,50,0.87,1.0,180,36,216,264,0,0,Low
2022-02-01,East,MAT-1009,Smart Meter,238,101,0.92,1.01,268,54,322,484,0,0,Low
2022-03-01,East,MAT-1009,Smart Meter,195,41,1.0,1.02,205,41,246,398,0,0,Low
2022-04-01,East,MAT-1009,Smart Meter,205,42,1.08,1.03,234,47,281,377,0,0,Low
2022-05-01,East,MAT-1009,Smart Meter,249,50,1.13,1.041,299,60,359,600,0,0,Low
2022-06-01,East,MAT-1009,Smart Meter,261,78,1.15,1.051,348,70,418,450,0,0,Low
2022-07-01,East,MAT-1009,Smart Meter,210,39,1.13,1.062,254,51,305,360,0,0,Low
2022-08-01,East,MAT-1009,Smart Meter,200,37,1.08,1.072,233,47,280,390,0,0,Low
2022-09-01,East,MAT-1009,Smart Meter,193,44,1.0,1.083,218,44,262,338,0,0,Low
2022-10-01,East,MAT-1009,Smart Meter,161,13,0.92,1.094,149,30,179,201,0,0,Low
2022-11-01,East,MAT-1009,Smart Meter,214,48,0.87,1.105,214,43,257,392,0,0,Low
2022-12-01,East,MAT-1009,Smart Meter,159,30,0.85,1.116,152,30,182,204,0,0,Low
2023-01-01,East,MAT-1009,Smart Meter,158,47,0.87,1.127,171,34,205,324,0,0,Low
2023-02-01,East,MAT-1009,Smart Meter,214,16,0.92,1.138,205,41,246,307,0,0,Low
2023-03-01,East,MAT-1009,Smart Meter,227,45,1.0,1.149,266,53,319,324,0,0,Low
2023-04-01,East,MAT-1009,Smart Meter,270,75,1.08,1.161,368,74,442,484,0,0,Low
2023-05-01,East,MAT-1009,Smart Meter,212,47,1.13,1.173,292,58,350,430,0,0,Low
2023-06-01,East,MAT-1009,Smart Meter,262,82,1.15,1.184,398,80,478,662,0,0,Low
2023-07-01,East,MAT-1009,Smart Meter,208,82,1.13,1.196,333,67,400,670,0,0,Low
2023-08-01,East,MAT-1009,Smart Meter,269,55,1.08,1.208,359,72,431,532,0,0,Low
2023-09-01,East,MAT-1009,Smart Meter,254,84,1.0,1.22,351,70,421,639,0,0,Low
2023-10-01,East,MAT-1009,Smart Meter,211,87,0.92,1.232,287,57,344,535,0,0,Low
2023-11-01,East,MAT-1009,Smart Meter,155,67,0.87,1.245,204,41,245,404,0,0,Low
2023-12-01,East,MAT-1009,Smart Meter,168,71,0.85,1.257,217,43,260,335,0,0,Low
2024-01-01,East,MAT-1009,Smart Meter,153,63,0.87,1.27,203,41,244,281,0,0,Low
2024-02-01,East,MAT-1009,Smart Meter,209,40,0.92,1.282,250,50,300,511,0,0,Low
2024-03-01,East,MAT-1009,Smart Meter,234,82,1.0,1.295,348,70,418,591,0,0,Low
2024-04-01,East,MAT-1009,Smart Meter,278,63,1.08,1.308,410,82,492,737,0,0,Low
2024-05-01,East,MAT-1009,Smart Meter,257,111,1.13,1.321,467,93,560,613,0,0,Low
2024-06-01,East,MAT-1009,Smart Meter,228,74,1.15,1.335,394,79,473,549,0,0,Low
2024-07-01,East,MAT-1009,Smart Meter,204,32,1.13,1.348,306,61,367,573,0,0,Low
2024-08-01,East,MAT-1009,Smart Meter,268,62,1.08,1.361,412,82,494,744,0,0,Low
2024-09-01,East,MAT-1009,Smart Meter,236,73,1.0,1.375,361,72,433,465,0,0,Low
2024-10-01,East,MAT-1009,Smart Meter,211,86,0.92,1.389,323,65,388,618,0,0,Low
2024-11-01,East,MAT-1009,Smart Meter,204,79,0.87,1.403,294,59,353,497,0,0,Low
2024-12-01,East,MAT-1009,Smart Meter,152,20,0.85,1.417,176,35,211,277,0,0,Low
2025-01-01,East,MAT-1009,Smart Meter,198,29,0.87,1.431,240,48,288,452,0,0,Low
2025-02-01,East,MAT-1009,Smart Meter,188,29,0.92,1.445,245,49,294,384,0,0,Low
2025-03-01,East,MAT-1009,Smart Meter,222,23,1.0,1.46,304,61,365,426,0,0,Low
2025-04-01,East,MAT-1009,Smart Meter,265,39,1.08,1.474,411,82,493,703,0,0,Low
2025-05-01,East,MAT-1009,Smart Meter,268,95,1.13,1.489,519,104,623,762,0,0,Low
2025-06-01,East,MAT-1009,Smart Meter,280,89,1.15,1.504,542,108,650,1040,0,0,Low
2025-07-01,East,MAT-1009,Smart Meter,201,71,1.13,1.519,397,79,476,717,0,0,Low
2025-08-01,East,MAT-1009,Smart Meter,222,38,1.08,1.534,366,73,439,538,0,0,Low
2025-09-01,East,MAT-1009,Smart Meter,208,12,1.0,1.549,290,58,348,445,0,0,Low
2025-10-01,East,MAT-1009,Smart Meter,236,45,0.92,1.565,344,69,413,487,0,0,Low
2025-11-01,East,MAT-1009,Smart Meter,196,64,0.87,1.58,304,61,365,540,0,0,Low
2025-12-01,East,MAT-1009,Smart Meter,207,41,0.85,1.596,286,57,343,548,0,0,Low
2026-01-01,East,MAT-1009,Smart Meter,189,10,0.87,1.612,237,47,284,468,0,0,Low
2026-02-01,East,MAT-1009,Smart Meter,204,36,0.92,1.628,306,61,367,395,0,0,Low
2026-03-01,East,MAT-1009,Smart Meter,178,54,1.0,1.645,324,65,389,502,0,0,Low
2026-04-01,East,MAT-1009,Smart Meter,256,43,1.08,1.661,456,91,547,550,0,0,Low
2026-05-01,East,MAT-1009,Smart Meter,201,80,1.13,1.678,453,91,544,650,0,0,Low
2026-06-01,East,MAT-1009,Smart Meter,300,104,1.15,1.694,669,134,803,1154,0,0,Low
2026-07-01,East,MAT-1009,Smart Meter,283,90,1.13,1.711,613,123,736,879,0,0,Low
2026-08-01,East,MAT-1009,Smart Meter,212,15,1.08,1.729,360,72,432,638,0,0,Low
2026-09-01,East,MAT-1009,Smart Meter,228,87,1.0,1.746,467,93,560,730,0,0,Low
2026-10-01,East,MAT-1009,Smart Meter,178,76,0.92,1.763,350,70,420,559,0,0,Low
2026-11-01,East,MAT-1009,Smart Meter,168,75,0.87,1.781,320,64,384,555,0,0,Low
2026-12-01,East,MAT-1009,Smart Meter,172,24,0.85,1.799,255,51,306,513,0,0,Low
2022-01-01,West,MAT-1009,Smart Meter,175,25,0.87,1.0,148,30,178,205,0,0,Low
2022-02-01,West,MAT-1009,Smart Meter,144,62,0.92,1.01,163,33,196,258,0,0,Low
2022-03-01,West,MAT-1009,Smart Meter,163,8,1.0,1.02,148,30,178,298,0,0,Low
2022-04-01,West,MAT-1009,Smart Meter,235,83,1.08,1.03,301,60,361,556,0,0,Low
2022-05-01,West,MAT-1009,Smart Meter,199,42,1.13,1.041,241,48,289,346,0,0,Low
2022-06-01,West,MAT-1009,Smart Meter,249,101,1.15,1.051,360,72,432,534,0,0,Low
2022-07-01,West,MAT-1009,Smart Meter,212,16,1.13,1.062,232,46,278,347,0,0,Low
2022-08-01,West,MAT-1009,Smart Meter,205,41,1.08,1.072,242,48,290,454,0,0,Low
2022-09-01,West,MAT-1009,Smart Meter,204,64,1.0,1.083,247,49,296,477,0,0,Low
2022-10-01,West,MAT-1009,Smart Meter,175,42,0.92,1.094,186,37,223,291,0,0,Low
2022-11-01,West,MAT-1009,Smart Meter,187,76,0.87,1.105,215,43,258,280,0,0,Low
2022-12-01,West,MAT-1009,Smart Meter,140,49,0.85,1.116,152,30,182,221,0,0,Low
2023-01-01,West,MAT-1009,Smart Meter,156,39,0.87,1.127,162,32,194,228,0,0,Low
2023-02-01,West,MAT-1009,Smart Meter,158,56,0.92,1.138,190,38,228,360,0,0,Low
2023-03-01,West,MAT-1009,Smart Meter,208,54,1.0,1.149,256,51,307,456,0,0,Low
2023-04-01,West,MAT-1009,Smart Meter,170,68,1.08,1.161,254,51,305,458,0,0,Low
2023-05-01,West,MAT-1009,Smart Meter,182,80,1.13,1.173,295,59,354,416,0,0,Low
2023-06-01,West,MAT-1009,Smart Meter,218,59,1.15,1.184,321,64,385,598,0,0,Low
2023-07-01,West,MAT-1009,Smart Meter,178,25,1.13,1.196,233,47,280,302,0,0,Low
2023-08-01,West,MAT-1009,Smart Meter,239,89,1.08,1.208,364,73,437,491,0,0,Low
2023-09-01,West,MAT-1009,Smart Meter,176,78,1.0,1.22,263,53,316,335,0,0,Low
2023-10-01,West,MAT-1009,Smart Meter,153,42,0.92,1.232,188,38,226,255,0,0,Low
2023-11-01,West,MAT-1009,Smart Meter,161,34,0.87,1.245,179,36,215,352,0,0,Low
2023-12-01,West,MAT-1009,Smart Meter,155,15,0.85,1.257,154,31,185,260,0,0,Low
2024-01-01,West,MAT-1009,Smart Meter,166,26,0.87,1.27,180,36,216,237,0,0,Low
2024-02-01,West,MAT-1009,Smart Meter,152,17,0.92,1.282,169,34,203,333,0,0,Low
2024-03-01,West,MAT-1009,Smart Meter,220,82,1.0,1.295,332,66,398,615,0,0,Low
2024-04-01,West,MAT-1009,Smart Meter,219,95,1.08,1.308,377,75,452,764,0,0,Low
2024-05-01,West,MAT-1009,Smart Meter,190,12,1.13,1.321,256,51,307,524,0,0,Low
2024-06-01,West,MAT-1009,Smart Meter,193,58,1.15,1.335,327,65,392,610,0,0,Low
2024-07-01,West,MAT-1009,Smart Meter,255,97,1.13,1.348,456,91,547,871,0,0,Low
2024-08-01,West,MAT-1009,Smart Meter,182,28,1.08,1.361,262,52,314,351,0,0,Low
2024-09-01,West,MAT-1009,Smart Meter,212,49,1.0,1.375,305,61,366,412,0,0,Low
2024-10-01,West,MAT-1009,Smart Meter,151,43,0.92,1.389,211,42,253,303,0,0,Low
2024-11-01,West,MAT-1009,Smart Meter,143,58,0.87,1.403,208,42,250,311,0,0,Low
2024-12-01,West,MAT-1009,Smart Meter,161,17,0.85,1.417,182,36,218,264,0,0,Low
2025-01-01,West,MAT-1009,Smart Meter,184,10,0.87,1.431,205,41,246,259,0,0,Low
2025-02-01,West,MAT-1009,Smart Meter,183,34,0.92,1.445,245,49,294,325,0,0,Low
2025-03-01,West,MAT-1009,Smart Meter,189,31,1.0,1.46,273,55,328,368,0,0,Low
2025-04-01,West,MAT-1009,Smart Meter,216,92,1.08,1.474,417,83,500,732,0,0,Low
2025-05-01,West,MAT-1009,Smart Meter,217,84,1.13,1.489,430,86,516,666,0,0,Low
2025-06-01,West,MAT-1009,Smart Meter,206,28,1.15,1.504,344,69,413,445,0,0,Low
2025-07-01,West,MAT-1009,Smart Meter,179,74,1.13,1.519,369,74,443,472,0,0,Low
2025-08-01,West,MAT-1009,Smart Meter,194,17,1.08,1.534,297,59,356,444,0,0,Low
2025-09-01,West,MAT-1009,Smart Meter,158,33,1.0,1.549,252,50,302,447,0,0,Low
2025-10-01,West,MAT-1009,Smart Meter,197,36,0.92,1.565,285,57,342,544,0,0,Low
2025-11-01,West,MAT-1009,Smart Meter,191,41,0.87,1.58,271,54,325,410,0,0,Low
2025-12-01,West,MAT-1009,Smart Meter,167,44,0.85,1.596,243,49,292,346,0,0,Low
2026-01-01,West,MAT-1009,Smart Meter,148,14,0.87,1.612,193,39,232,370,0,0,Low
2026-02-01,West,MAT-1009,Smart Meter,178,72,0.92,1.628,318,64,382,568,0,0,Low
2026-03-01,West,MAT-1009,Smart Meter,176,27,1.0,1.645,284,57,341,541,0,0,Low
2026-04-01,West,MAT-1009,Smart Meter,219,72,1.08,1.661,444,89,533,658,0,0,Low
2026-05-01,West,MAT-1009,Smart Meter,179,55,1.13,1.678,377,75,452,489,0,0,Low
2026-06-01,West,MAT-1009,Smart Meter,238,28,1.15,1.694,441,88,529,730,0,0,Low
2026-07-01,West,MAT-1009,Smart Meter,220,80,1.13,1.711,493,99,592,750,0,0,Low
2026-08-01,West,MAT-1009,Smart Meter,166,24,1.08,1.729,301,60,361,574,0,0,Low
2026-09-01,West,MAT-1009,Smart Meter,160,18,1.0,1.746,264,53,317,349,0,0,Low
2026-10-01,West,MAT-1009,Smart Meter,153,25,0.92,1.763,245,49,294,356,0,0,Low
2026-11-01,West,MAT-1009,Smart Meter,139,44,0.87,1.781,241,48,289,360,0,0,Low
2026-12-01,West,MAT-1009,Smart Meter,131,18,0.85,1.799,194,39,233,289,0,0,Low
2022-01-01,North,MAT-1010,Communication Gateway,144,21,0.87,1.0,122,24,146,203,0,0,Low
2022-02-01,North,MAT-1010,Communication Gateway,140,33,0.92,1.01,137,27,164,192,0,0,Low
2022-03-01,North,MAT-1010,Communication Gateway,191,25,1.0,1.02,187,37,224,266,0,0,Low
2022-04-01,North,MAT-1010,Communication Gateway,208,73,1.08,1.03,266,53,319,440,0,0,Low
2022-05-01,North,MAT-1010,Communication Gateway,169,21,1.13,1.041,190,38,228,286,0,0,Low
2022-06-01,North,MAT-1010,Communication Gateway,179,32,1.15,1.051,217,43,260,423,0,0,Low
2022-07-01,North,MAT-1010,Communication Gateway,185,30,1.13,1.062,219,44,263,321,0,0,Low
2022-08-01,North,MAT-1010,Communication Gateway,172,61,1.08,1.072,229,46,275,464,0,0,Low
2022-09-01,North,MAT-1010,Communication Gateway,151,14,1.0,1.083,152,30,182,293,0,0,Low
2022-10-01,North,MAT-1010,Communication Gateway,128,30,0.92,1.094,135,27,162,214,0,0,Low
2022-11-01,North,MAT-1010,Communication Gateway,152,45,0.87,1.105,161,32,193,252,0,0,Low
2022-12-01,North,MAT-1010,Communication Gateway,158,45,0.85,1.116,164,33,197,272,0,0,Low
2023-01-01,North,MAT-1010,Communication Gateway,157,68,0.87,1.127,187,37,224,335,0,0,Low
2023-02-01,North,MAT-1010,Communication Gateway,130,23,0.92,1.138,136,27,163,194,0,0,Low
2023-03-01,North,MAT-1010,Communication Gateway,164,62,1.0,1.149,221,44,265,417,0,0,Low
2023-04-01,North,MAT-1010,Communication Gateway,190,44,1.08,1.161,249,50,299,503,0,0,Low
2023-05-01,North,MAT-1010,Communication Gateway,177,53,1.13,1.173,259,52,311,456,0,0,Low
2023-06-01,North,MAT-1010,Communication Gateway,159,33,1.15,1.184,222,44,266,392,0,0,Low
2023-07-01,North,MAT-1010,Communication Gateway,182,25,1.13,1.196,238,48,286,322,0,0,Low
2023-08-01,North,MAT-1010,Communication Gateway,166,49,1.08,1.208,238,48,286,287,0,0,Low
2023-09-01,North,MAT-1010,Communication Gateway,199,18,1.0,1.22,225,45,270,425,0,0,Low
2023-10-01,North,MAT-1010,Communication Gateway,181,63,0.92,1.232,235,47,282,372,0,0,Low
2023-11-01,North,MAT-1010,Communication Gateway,172,55,0.87,1.245,209,42,251,262,0,0,Low
2023-12-01,North,MAT-1010,Communication Gateway,152,51,0.85,1.257,184,37,221,265,0,0,Low
2024-01-01,North,MAT-1010,Communication Gateway,168,49,0.87,1.27,204,41,245,296,0,0,Low
2024-02-01,North,MAT-1010,Communication Gateway,181,80,0.92,1.282,262,52,314,511,0,0,Low
2024-03-01,North,MAT-1010,Communication Gateway,178,73,1.0,1.295,276,55,331,363,0,0,Low
2024-04-01,North,MAT-1010,Communication Gateway,150,23,1.08,1.308,208,42,250,398,0,0,Low
2024-05-01,North,MAT-1010,Communication Gateway,158,64,1.13,1.321,282,56,338,453,0,0,Low
2024-06-01,North,MAT-1010,Communication Gateway,183,68,1.15,1.335,327,65,392,644,0,0,Low
2024-07-01,North,MAT-1010,Communication Gateway,223,56,1.13,1.348,361,72,433,697,0,0,Low
2024-08-01,North,MAT-1010,Communication Gateway,187,14,1.08,1.361,251,50,301,410,0,0,Low
2024-09-01,North,MAT-1010,Communication Gateway,179,10,1.0,1.375,221,44,265,307,0,0,Low
2024-10-01,North,MAT-1010,Communication Gateway,178,27,0.92,1.389,223,45,268,370,0,0,Low
2024-11-01,North,MAT-1010,Communication Gateway,173,18,0.87,1.403,198,40,238,241,0,0,Low
2024-12-01,North,MAT-1010,Communication Gateway,166,54,0.85,1.417,225,45,270,452,0,0,Low
2025-01-01,North,MAT-1010,Communication Gateway,150,21,0.87,1.431,181,36,217,243,0,0,Low
2025-02-01,North,MAT-1010,Communication Gateway,145,54,0.92,1.445,225,45,270,345,0,0,Low
2025-03-01,North,MAT-1010,Communication Gateway,160,9,1.0,1.46,210,42,252,318,0,0,Low
2025-04-01,North,MAT-1010,Communication Gateway,144,14,1.08,1.474,214,43,257,293,0,0,Low
2025-05-01,North,MAT-1010,Communication Gateway,225,63,1.13,1.489,412,82,494,623,0,0,Low
2025-06-01,North,MAT-1010,Communication Gateway,216,74,1.15,1.504,426,85,511,641,0,0,Low
2025-07-01,North,MAT-1010,Communication Gateway,163,61,1.13,1.519,327,65,392,499,0,0,Low
2025-08-01,North,MAT-1010,Communication Gateway,187,40,1.08,1.534,320,64,384,515,0,0,Low
2025-09-01,North,MAT-1010,Communication Gateway,137,46,1.0,1.549,241,48,289,473,0,0,Low
2025-10-01,North,MAT-1010,Communication Gateway,127,46,0.92,1.565,212,42,254,368,0,0,Low
2025-11-01,North,MAT-1010,Communication Gateway,154,12,0.87,1.58,194,39,233,247,0,0,Low
2025-12-01,North,MAT-1010,Communication Gateway,127,36,0.85,1.596,188,38,226,259,0,0,Low
2026-01-01,North,MAT-1010,Communication Gateway,141,29,0.87,1.612,203,41,244,379,0,0,Low
2026-02-01,North,MAT-1010,Communication Gateway,131,31,0.92,1.628,206,41,247,287,0,0,Low
2026-03-01,North,MAT-1010,Communication Gateway,171,17,1.0,1.645,263,53,316,527,0,0,Low
2026-04-01,North,MAT-1010,Communication Gateway,205,15,1.08,1.661,335,67,402,555,0,0,Low
2026-05-01,North,MAT-1010,Communication Gateway,184,58,1.13,1.678,390,78,468,626,0,0,Low
2026-06-01,North,MAT-1010,Communication Gateway,229,86,1.15,1.694,522,104,626,805,0,0,Low
2026-07-01,North,MAT-1010,Communication Gateway,196,45,1.13,1.711,396,79,475,603,0,0,Low
2026-08-01,North,MAT-1010,Communication Gateway,214,25,1.08,1.729,379,76,455,548,0,0,Low
2026-09-01,North,MAT-1010,Communication Gateway,182,42,1.0,1.746,332,66,398,467,0,0,Low
2026-10-01,North,MAT-1010,Communication Gateway,178,55,0.92,1.763,321,64,385,605,0,0,Low
2026-11-01,North,MAT-1010,Communication Gateway,154,38,0.87,1.781,253,51,304,471,0,0,Low
2026-12-01,North,MAT-1010,Communication Gateway,144,39,0.85,1.799,238,48,286,485,0,0,Low
2022-01-01,South,MAT-1010,Communication Gateway,143,27,0.87,1.0,126,25,151,255,0,0,Low
2022-02-01,South,MAT-1010,Communication Gateway,121,16,0.92,1.01,108,22,130,216,0,0,Low
2022-03-01,South,MAT-1010,Communication Gateway,163,18,1.0,1.02,157,31,188,291,0,0,Low
2022-04-01,South,MAT-1010,Communication Gateway,152,18,1.08,1.03,161,32,193,319,0,0,Low
2022-05-01,South,MAT-1010,Communication Gateway,198,52,1.13,1.041,250,50,300,312,0,0,Low
2022-06-01,South,MAT-1010,Communication Gateway,195,33,1.15,1.051,234,47,281,282,0,0,Low
2022-07-01,South,MAT-1010,Communication Gateway,176,37,1.13,1.062,217,43,260,282,0,0,Low
2022-08-01,South,MAT-1010,Communication Gateway,165,28,1.08,1.072,190,38,228,298,0,0,Low
2022-09-01,South,MAT-1010,Communication Gateway,169,36,1.0,1.083,189,38,227,311,0,0,Low
2022-10-01,South,MAT-1010,Communication Gateway,167,51,0.92,1.094,186,37,223,291,0,0,Low
2022-11-01,South,MAT-1010,Communication Gateway,129,18,0.87,1.105,120,24,144,182,0,0,Low
2022-12-01,South,MAT-1010,Communication Gateway,150,30,0.85,1.116,145,29,174,289,0,0,Low
2023-01-01,South,MAT-1010,Communication Gateway,155,9,0.87,1.127,137,27,164,170,0,0,Low
2023-02-01,South,MAT-1010,Communication Gateway,148,45,0.92,1.138,172,34,206,206,0,0,Low
2023-03-01,South,MAT-1010,Communication Gateway,137,40,1.0,1.149,173,35,208,292,0,0,Low
2023-04-01,South,MAT-1010,Communication Gateway,140,54,1.08,1.161,207,41,248,355,0,0,Low
2023-05-01,South,MAT-1010,Communication Gateway,185,70,1.13,1.173,287,57,344,466,0,0,Low
2023-06-01,South,MAT-1010,Communication Gateway,181,28,1.15,1.184,242,48,290,323,0,0,Low
2023-07-01,South,MAT-1010,Communication Gateway,146,15,1.13,1.196,185,37,222,322,0,0,Low
2023-08-01,South,MAT-1010,Communication Gateway,162,57,1.08,1.208,243,49,292,456,0,0,Low
2023-09-01,South,MAT-1010,Communication Gateway,152,30,1.0,1.22,189,38,227,265,0,0,Low
2023-10-01,South,MAT-1010,Communication Gateway,138,42,0.92,1.232,173,35,208,335,0,0,Low
2023-11-01,South,MAT-1010,Communication Gateway,152,36,0.87,1.245,173,35,208,300,0,0,Low
2023-12-01,South,MAT-1010,Communication Gateway,138,13,0.85,1.257,137,27,164,230,0,0,Low
2024-01-01,South,MAT-1010,Communication Gateway,120,14,0.87,1.27,126,25,151,170,0,0,Low
2024-02-01,South,MAT-1010,Communication Gateway,161,27,0.92,1.282,189,38,227,338,0,0,Low
2024-03-01,South,MAT-1010,Communication Gateway,157,47,1.0,1.295,225,45,270,415,0,0,Low
2024-04-01,South,MAT-1010,Communication Gateway,192,50,1.08,1.308,291,58,349,544,0,0,Low
2024-05-01,South,MAT-1010,Communication Gateway,181,61,1.13,1.321,307,61,368,607,0,0,Low
2024-06-01,South,MAT-1010,Communication Gateway,164,53,1.15,1.335,283,57,340,430,0,0,Low
2024-07-01,South,MAT-1010,Communication Gateway,155,11,1.13,1.348,215,43,258,359,0,0,Low
2024-08-01,South,MAT-1010,Communication Gateway,198,82,1.08,1.361,350,70,420,472,0,0,Low
2024-09-01,South,MAT-1010,Communication Gateway,156,61,1.0,1.375,254,51,305,306,0,0,Low
2024-10-01,South,MAT-1010,Communication Gateway,134,34,0.92,1.389,182,36,218,369,0,0,Low
2024-11-01,South,MAT-1010,Communication Gateway,161,47,0.87,1.403,216,43,259,276,0,0,Low
2024-12-01,South,MAT-1010,Communication Gateway,138,11,0.85,1.417,153,31,184,193,0,0,Low
2025-01-01,South,MAT-1010,Communication Gateway,130,15,0.87,1.431,153,31,184,247,0,0,Low
2025-02-01,South,MAT-1010,Communication Gateway,168,71,0.92,1.445,270,54,324,417,0,0,Low
2025-03-01,South,MAT-1010,Communication Gateway,156,8,1.0,1.46,203,41,244,276,0,0,Low
2025-04-01,South,MAT-1010,Communication Gateway,175,41,1.08,1.474,292,58,350,419,0,0,Low
2025-05-01,South,MAT-1010,Communication Gateway,195,14,1.13,1.489,299,60,359,426,0,0,Low
2025-06-01,South,MAT-1010,Communication Gateway,161,48,1.15,1.504,307,61,368,422,0,0,Low
2025-07-01,South,MAT-1010,Communication Gateway,208,17,1.13,1.519,328,66,394,413,0,0,Low
2025-08-01,South,MAT-1010,Communication Gateway,142,13,1.08,1.534,218,44,262,325,0,0,Low
2025-09-01,South,MAT-1010,Communication Gateway,137,55,1.0,1.549,253,51,304,333,0,0,Low
2025-10-01,South,MAT-1010,Communication Gateway,145,49,0.92,1.565,237,47,284,372,0,0,Low
2025-11-01,South,MAT-1010,Communication Gateway,115,35,0.87,1.58,175,35,210,315,0,0,Low
2025-12-01,South,MAT-1010,Communication Gateway,135,52,0.85,1.596,216,43,259,264,0,0,Low
2026-01-01,South,MAT-1010,Communication Gateway,162,31,0.87,1.612,230,46,276,315,0,0,Low
2026-02-01,South,MAT-1010,Communication Gateway,122,49,0.92,1.628,218,44,262,424,0,0,Low
2026-03-01,South,MAT-1010,Communication Gateway,159,47,1.0,1.645,288,58,346,471,0,0,Low
2026-04-01,South,MAT-1010,Communication Gateway,189,45,1.08,1.661,357,71,428,502,0,0,Low
2026-05-01,South,MAT-1010,Communication Gateway,144,59,1.13,1.678,327,65,392,555,0,0,Low
2026-06-01,South,MAT-1010,Communication Gateway,167,14,1.15,1.694,300,60,360,421,0,0,Low
2026-07-01,South,MAT-1010,Communication Gateway,198,58,1.13,1.711,421,84,505,526,0,0,Low
2026-08-01,South,MAT-1010,Communication Gateway,201,87,1.08,1.729,457,91,548,736,0,0,Low
2026-09-01,South,MAT-1010,Communication Gateway,135,45,1.0,1.746,267,53,320,505,0,0,Low
2026-10-01,South,MAT-1010,Communication Gateway,117,19,0.92,1.763,188,38,226,338,0,0,Low
2026-11-01,South,MAT-1010,Communication Gateway,134,58,0.87,1.781,253,51,304,398,0,0,Low
2026-12-01,South,MAT-1010,Communication Gateway,120,12,0.85,1.799,172,34,206,282,0,0,Low
2022-01-01,East,MAT-1010,Communication Gateway,165,65,0.87,1.0,170,34,204,276,0,0,Low
2022-02-01,East,MAT-1010,Communication Gateway,173,30,0.92,1.01,160,32,192,253,0,0,Low
2022-03-01,East,MAT-1010,Communication Gateway,206,82,1.0,1.02,250,50,300,420,0,0,Low
2022-04-01,East,MAT-1010,Communication Gateway,207,39,1.08,1.03,233,47,280,318,0,0,Low
2022-05-01,East,MAT-1010,Communication Gateway,187,47,1.13,1.041,234,47,281,356,0,0,Low
2022-06-01,East,MAT-1010,Communication Gateway,249,33,1.15,1.051,290,58,348,568,0,0,Low
2022-07-01,East,MAT-1010,Communication Gateway,184,82,1.13,1.062,271,54,325,327,0,0,Low
2022-08-01,East,MAT-1010,Communication Gateway,184,53,1.08,1.072,233,47,280,425,0,0,Low
2022-09-01,East,MAT-1010,Communication Gateway,164,15,1.0,1.083,165,33,198,327,0,0,Low
2022-10-01,East,MAT-1010,Communication Gateway,188,55,0.92,1.094,208,42,250,288,0,0,Low
2022-11-01,East,MAT-1010,Communication Gateway,152,51,0.87,1.105,166,33,199,226,0,0,Low
2022-12-01,East,MAT-1010,Communication Gateway,144,52,0.85,1.116,158,32,190,249,0,0,Low
2023-01-01,East,MAT-1010,Communication Gateway,145,46,0.87,1.127,159,32,191,273,0,0,Low
2023-02-01,East,MAT-1010,Communication Gateway,219,90,0.92,1.138,275,55,330,536,0,0,Low
2023-03-01,East,MAT-1010,Communication Gateway,192,48,1.0,1.149,234,47,281,404,0,0,Low
2023-04-01,East,MAT-1010,Communication Gateway,180,67,1.08,1.161,263,53,316,319,0,0,Low
2023-05-01,East,MAT-1010,Communication Gateway,205,55,1.13,1.173,293,59,352,530,0,0,Low
2023-06-01,East,MAT-1010,Communication Gateway,204,14,1.15,1.184,252,50,302,447,0,0,Low
2023-07-01,East,MAT-1010,Communication Gateway,211,95,1.13,1.196,352,70,422,592,0,0,Low
2023-08-01,East,MAT-1010,Communication Gateway,225,39,1.08,1.208,293,59,352,569,0,0,Low
2023-09-01,East,MAT-1010,Communication Gateway,237,94,1.0,1.22,343,69,412,697,0,0,Low
2023-10-01,East,MAT-1010,Communication Gateway,218,35,0.92,1.232,244,49,293,347,0,0,Low
2023-11-01,East,MAT-1010,Communication Gateway,186,65,0.87,1.245,231,46,277,383,0,0,Low
2023-12-01,East,MAT-1010,Communication Gateway,187,77,0.85,1.257,240,48,288,400,0,0,Low
2024-01-01,East,MAT-1010,Communication Gateway,202,80,0.87,1.27,265,53,318,517,0,0,Low
2024-02-01,East,MAT-1010,Communication Gateway,219,77,0.92,1.282,297,59,356,526,0,0,Low
2024-03-01,East,MAT-1010,Communication Gateway,230,54,1.0,1.295,313,63,376,383,0,0,Low
2024-04-01,East,MAT-1010,Communication Gateway,243,62,1.08,1.308,366,73,439,618,0,0,Low
2024-05-01,East,MAT-1010,Communication Gateway,217,18,1.13,1.321,298,60,358,463,0,0,Low
2024-06-01,East,MAT-1010,Communication Gateway,247,27,1.15,1.335,357,71,428,729,0,0,Low
2024-07-01,East,MAT-1010,Communication Gateway,195,46,1.13,1.348,312,62,374,627,0,0,Low
2024-08-01,East,MAT-1010,Communication Gateway,260,13,1.08,1.361,341,68,409,653,0,0,Low
2024-09-01,East,MAT-1010,Communication Gateway,206,17,1.0,1.375,261,52,313,458,0,0,Low
2024-10-01,East,MAT-1010,Communication Gateway,218,47,0.92,1.389,288,58,346,442,0,0,Low
2024-11-01,East,MAT-1010,Communication Gateway,143,22,0.87,1.403,171,34,205,300,0,0,Low
2024-12-01,East,MAT-1010,Communication Gateway,157,24,0.85,1.417,185,37,222,343,0,0,Low
2025-01-01,East,MAT-1010,Communication Gateway,174,72,0.87,1.431,260,52,312,389,0,0,Low
2025-02-01,East,MAT-1010,Communication Gateway,186,10,0.92,1.445,221,44,265,406,0,0,Low
2025-03-01,East,MAT-1010,Communication Gateway,161,39,1.0,1.46,248,50,298,365,0,0,Low
2025-04-01,East,MAT-1010,Communication Gateway,247,84,1.08,1.474,448,90,538,659,0,0,Low
2025-05-01,East,MAT-1010,Communication Gateway,231,81,1.13,1.489,446,89,535,581,0,0,Low
2025-06-01,East,MAT-1010,Communication Gateway,266,69,1.15,1.504,492,98,590,600,0,0,Low
2025-07-01,East,MAT-1010,Communication Gateway,238,102,1.13,1.519,496,99,595,1000,0,0,Low
2025-08-01,East,MAT-1010,Communication Gateway,228,62,1.08,1.534,408,82,490,750,0,0,Low
2025-09-01,East,MAT-1010,Communication Gateway,212,25,1.0,1.549,312,62,374,383,0,0,Low
2025-10-01,East,MAT-1010,Communication Gateway,201,27,0.92,1.565,279,56,335,337,0,0,Low
2025-11-01,East,MAT-1010,Communication Gateway,185,78,0.87,1.58,307,61,368,571,0,0,Low
2025-12-01,East,MAT-1010,Communication Gateway,191,33,0.85,1.596,258,52,310,452,0,0,Low
2026-01-01,East,MAT-1010,Communication Gateway,157,63,0.87,1.612,262,52,314,510,0,0,Low
2026-02-01,East,MAT-1010,Communication Gateway,196,10,0.92,1.628,262,52,314,361,0,0,Low
2026-03-01,East,MAT-1010,Communication Gateway,195,40,1.0,1.645,329,66,395,604,0,0,Low
2026-04-01,East,MAT-1010,Communication Gateway,212,17,1.08,1.661,349,70,419,679,0,0,Low
2026-05-01,East,MAT-1010,Communication Gateway,236,56,1.13,1.678,471,94,565,895,0,0,Low
2026-06-01,East,MAT-1010,Communication Gateway,190,41,1.15,1.694,383,77,460,666,0,0,Low
2026-07-01,East,MAT-1010,Communication Gateway,226,73,1.13,1.711,491,98,589,1003,0,0,Low
2026-08-01,East,MAT-1010,Communication Gateway,191,86,1.08,1.729,440,88,528,884,0,0,Low
2026-09-01,East,MAT-1010,Communication Gateway,230,51,1.0,1.746,417,83,500,763,0,0,Low
2026-10-01,East,MAT-1010,Communication Gateway,180,51,0.92,1.763,319,64,383,611,0,0,Low
2026-11-01,East,MAT-1010,Communication Gateway,160,45,0.87,1.781,270,54,324,438,0,0,Low
2026-12-01,East,MAT-1010,Communication Gateway,174,39,0.85,1.799,277,55,332,421,0,0,Low
2022-01-01,West,MAT-1010,Communication Gateway,149,37,0.87,1.0,138,28,166,228,0,0,Low
2022-02-01,West,MAT-1010,Communication Gateway,191,28,0.92,1.01,173,35,208,232,0,0,Low
2022-03-01,West,MAT-1010,Communication Gateway,150,27,1.0,1.02,153,31,184,262,0,0,Low
2022-04-01,West,MAT-1010,Communication Gateway,177,46,1.08,1.03,211,42,253,335,0,0,Low
2022-05-01,West,MAT-1010,Communication Gateway,199,55,1.13,1.041,254,51,305,500,0,0,Low
2022-06-01,West,MAT-1010,Communication Gateway,208,17,1.15,1.051,231,46,277,450,0,0,Low
2022-07-01,West,MAT-1010,Communication Gateway,177,23,1.13,1.062,204,41,245,328,0,0,Low
2022-08-01,West,MAT-1010,Communication Gateway,215,23,1.08,1.072,234,47,281,344,0,0,Low
2022-09-01,West,MAT-1010,Communication Gateway,145,20,1.0,1.083,152,30,182,251,0,0,Low
2022-10-01,West,MAT-1010,Communication Gateway,185,67,0.92,1.094,216,43,259,420,0,0,Low
2022-11-01,West,MAT-1010,Communication Gateway,178,47,0.87,1.105,184,37,221,275,0,0,Low
2022-12-01,West,MAT-1010,Communication Gateway,121,42,0.85,1.116,131,26,157,168,0,0,Low
2023-01-01,West,MAT-1010,Communication Gateway,174,75,0.87,1.127,207,41,248,323,0,0,Low
2023-02-01,West,MAT-1010,Communication Gateway,166,48,0.92,1.138,190,38,228,367,0,0,Low
2023-03-01,West,MAT-1010,Communication Gateway,195,53,1.0,1.149,242,48,290,352,0,0,Low
2023-04-01,West,MAT-1010,Communication Gateway,189,61,1.08,1.161,266,53,319,495,0,0,Low
2023-05-01,West,MAT-1010,Communication Gateway,218,77,1.13,1.173,332,66,398,576,0,0,Low
2023-06-01,West,MAT-1010,Communication Gateway,166,20,1.15,1.184,215,43,258,283,0,0,Low
2023-07-01,West,MAT-1010,Communication Gateway,212,27,1.13,1.196,275,55,330,454,0,0,Low
2023-08-01,West,MAT-1010,Communication Gateway,182,47,1.08,1.208,254,51,305,511,0,0,Low
2023-09-01,West,MAT-1010,Communication Gateway,149,61,1.0,1.22,218,44,262,408,0,0,Low
2023-10-01,West,MAT-1010,Communication Gateway,175,52,0.92,1.232,219,44,263,384,0,0,Low
2023-11-01,West,MAT-1010,Communication Gateway,140,35,0.87,1.245,161,32,193,266,0,0,Low
2023-12-01,West,MAT-1010,Communication Gateway,144,18,0.85,1.257,147,29,176,258,0,0,Low
2024-01-01,West,MAT-1010,Communication Gateway,146,30,0.87,1.27,165,33,198,331,0,0,Low
2024-02-01,West,MAT-1010,Communication Gateway,162,22,0.92,1.282,185,37,222,290,0,0,Low
2024-03-01,West,MAT-1010,Communication Gateway,153,20,1.0,1.295,190,38,228,386,0,0,Low
2024-04-01,West,MAT-1010,Communication Gateway,193,80,1.08,1.308,328,66,394,494,0,0,Low
2024-05-01,West,MAT-1010,Communication Gateway,214,28,1.13,1.321,307,61,368,383,0,0,Low
2024-06-01,West,MAT-1010,Communication Gateway,213,92,1.15,1.335,398,80,478,489,0,0,Low
2024-07-01,West,MAT-1010,Communication Gateway,234,39,1.13,1.348,353,71,424,481,0,0,Low
2024-08-01,West,MAT-1010,Communication Gateway,210,41,1.08,1.361,314,63,377,497,0,0,Low
2024-09-01,West,MAT-1010,Communication Gateway,177,79,1.0,1.375,299,60,359,364,0,0,Low
2024-10-01,West,MAT-1010,Communication Gateway,129,47,0.92,1.389,191,38,229,246,0,0,Low
2024-11-01,West,MAT-1010,Communication Gateway,148,21,0.87,1.403,175,35,210,289,0,0,Low
2024-12-01,West,MAT-1010,Communication Gateway,161,64,0.85,1.417,230,46,276,379,0,0,Low
2025-01-01,West,MAT-1010,Communication Gateway,135,43,0.87,1.431,188,38,226,244,0,0,Low
2025-02-01,West,MAT-1010,Communication Gateway,156,21,0.92,1.445,200,40,240,283,0,0,Low
2025-03-01,West,MAT-1010,Communication Gateway,205,61,1.0,1.46,330,66,396,406,0,0,Low
2025-04-01,West,MAT-1010,Communication Gateway,179,26,1.08,1.474,277,55,332,546,0,0,Low
2025-05-01,West,MAT-1010,Communication Gateway,187,74,1.13,1.489,373,75,448,448,0,0,Low
2025-06-01,West,MAT-1010,Communication Gateway,182,59,1.15,1.504,354,71,425,704,0,0,Low
2025-07-01,West,MAT-1010,Communication Gateway,208,41,1.13,1.519,363,73,436,455,0,0,Low
2025-08-01,West,MAT-1010,Communication Gateway,201,25,1.08,1.534,318,64,382,561,0,0,Low
2025-09-01,West,MAT-1010,Communication Gateway,181,38,1.0,1.549,288,58,346,538,0,0,Low
2025-10-01,West,MAT-1010,Communication Gateway,139,8,0.92,1.565,180,36,216,365,0,0,Low
2025-11-01,West,MAT-1010,Communication Gateway,158,57,0.87,1.58,251,50,301,457,0,0,Low
2025-12-01,West,MAT-1010,Communication Gateway,137,44,0.85,1.596,209,42,251,334,0,0,Low
2026-01-01,West,MAT-1010,Communication Gateway,158,18,0.87,1.612,210,42,252,287,0,0,Low
2026-02-01,West,MAT-1010,Communication Gateway,183,31,0.92,1.628,273,55,328,499,0,0,Low
2026-03-01,West,MAT-1010,Communication Gateway,202,35,1.0,1.645,331,66,397,468,0,0,Low
2026-04-01,West,MAT-1010,Communication Gateway,188,81,1.08,1.661,410,82,492,564,0,0,Low
2026-05-01,West,MAT-1010,Communication Gateway,164,22,1.13,1.678,300,60,360,473,0,0,Low
2026-06-01,West,MAT-1010,Communication Gateway,174,25,1.15,1.694,330,66,396,461,0,0,Low
2026-07-01,West,MAT-1010,Communication Gateway,189,29,1.13,1.711,358,72,430,545,0,0,Low
2026-08-01,West,MAT-1010,Communication Gateway,226,41,1.08,1.729,424,85,509,559,0,0,Low
2026-09-01,West,MAT-1010,Communication Gateway,182,20,1.0,1.746,300,60,360,507,0,0,Low
2026-10-01,West,MAT-1010,Communication Gateway,146,9,0.92,1.763,214,43,257,283,0,0,Low
2026-11-01,West,MAT-1010,Communication Gateway,131,37,0.87,1.781,221,44,265,416,0,0,Low
2026-12-01,West,MAT-1010,Communication Gateway,134,50,0.85,1.799,239,48,287,371,0,0,Low
2022-01-01,North,MAT-1011,Grounding Kit,189,17,0.87,1.0,152,30,182,302,0,0,Low
2022-02-01,North,MAT-1011,Grounding Kit,219,13,0.92,1.01,183,37,220,330,0,0,Low
2022-03-01,North,MAT-1011,Grounding Kit,191,19,1.0,1.02,182,36,218,310,0,0,Low
2022-04-01,North,MAT-1011,Grounding Kit,253,23,1.08,1.03,261,52,313,509,0,0,Low
2022-05-01,North,MAT-1011,Grounding Kit,282,21,1.13,1.041,303,61,364,401,0,0,Low
2022-06-01,North,MAT-1011,Grounding Kit,256,79,1.15,1.051,344,69,413,423,0,0,Low
2022-07-01,North,MAT-1011,Grounding Kit,246,80,1.13,1.062,332,66,398,483,0,0,Low
2022-08-01,North,MAT-1011,Grounding Kit,266,88,1.08,1.072,348,70,418,476,0,0,Low
2022-09-01,North,MAT-1011,Grounding Kit,186,42,1.0,1.083,210,42,252,293,0,0,Low
2022-10-01,North,MAT-1011,Grounding Kit,165,14,0.92,1.094,153,31,184,311,0,0,Low
2022-11-01,North,MAT-1011,Grounding Kit,183,22,0.87,1.105,167,33,200,274,0,0,Low
2022-12-01,North,MAT-1011,Grounding Kit,206,54,0.85,1.116,210,42,252,343,0,0,Low
2023-01-01,North,MAT-1011,Grounding Kit,190,11,0.87,1.127,167,33,200,265,0,0,Low
2023-02-01,North,MAT-1011,Grounding Kit,221,78,0.92,1.138,266,53,319,321,0,0,Low
2023-03-01,North,MAT-1011,Grounding Kit,234,82,1.0,1.149,309,62,371,424,0,0,Low
2023-04-01,North,MAT-1011,Grounding Kit,238,62,1.08,1.161,320,64,384,614,0,0,Low
2023-05-01,North,MAT-1011,Grounding Kit,262,67,1.13,1.173,371,74,445,500,0,0,Low
2023-06-01,North,MAT-1011,Grounding Kit,258,50,1.15,1.184,357,71,428,602,0,0,Low
2023-07-01,North,MAT-1011,Grounding Kit,219,41,1.13,1.196,299,60,359,387,0,0,Low
2023-08-01,North,MAT-1011,Grounding Kit,205,48,1.08,1.208,281,56,337,402,0,0,Low
2023-09-01,North,MAT-1011,Grounding Kit,243,56,1.0,1.22,310,62,372,446,0,0,Low
2023-10-01,North,MAT-1011,Grounding Kit,172,29,0.92,1.232,194,39,233,349,0,0,Low
2023-11-01,North,MAT-1011,Grounding Kit,193,51,0.87,1.245,225,45,270,388,0,0,Low
2023-12-01,North,MAT-1011,Grounding Kit,158,62,0.85,1.257,200,40,240,375,0,0,Low
2024-01-01,North,MAT-1011,Grounding Kit,208,27,0.87,1.27,221,44,265,372,0,0,Low
2024-02-01,North,MAT-1011,Grounding Kit,172,76,0.92,1.282,249,50,299,371,0,0,Low
2024-03-01,North,MAT-1011,Grounding Kit,187,57,1.0,1.295,269,54,323,323,0,0,Low
2024-04-01,North,MAT-1011,Grounding Kit,213,53,1.08,1.308,319,64,383,399,0,0,Low
2024-05-01,North,MAT-1011,Grounding Kit,258,72,1.13,1.321,419,84,503,789,0,0,Low
2024-06-01,North,MAT-1011,Grounding Kit,257,48,1.15,1.335,398,80,478,719,0,0,Low
2024-07-01,North,MAT-1011,Grounding Kit,214,84,1.13,1.348,386,77,463,788,0,0,Low
2024-08-01,North,MAT-1011,Grounding Kit,200,89,1.08,1.361,361,72,433,711,0,0,Low
2024-09-01,North,MAT-1011,Grounding Kit,243,57,1.0,1.375,351,70,421,708,0,0,Low
2024-10-01,North,MAT-1011,Grounding Kit,216,34,0.92,1.389,271,54,325,431,0,0,Low
2024-11-01,North,MAT-1011,Grounding Kit,172,19,0.87,1.403,198,40,238,375,0,0,Low
2024-12-01,North,MAT-1011,Grounding Kit,177,47,0.85,1.417,229,46,275,326,0,0,Low
2025-01-01,North,MAT-1011,Grounding Kit,197,15,0.87,1.431,224,45,269,313,0,0,Low
2025-02-01,North,MAT-1011,Grounding Kit,177,47,0.92,1.445,253,51,304,396,0,0,Low
2025-03-01,North,MAT-1011,Grounding Kit,220,55,1.0,1.46,341,68,409,694,0,0,Low
2025-04-01,North,MAT-1011,Grounding Kit,264,66,1.08,1.474,447,89,536,747,0,0,Low
2025-05-01,North,MAT-1011,Grounding Kit,275,42,1.13,1.489,453,91,544,803,0,0,Low
2025-06-01,North,MAT-1011,Grounding Kit,206,61,1.15,1.504,392,78,470,743,0,0,Low
2025-07-01,North,MAT-1011,Grounding Kit,244,47,1.13,1.519,425,85,510,797,0,0,Low
2025-08-01,North,MAT-1011,Grounding Kit,181,60,1.08,1.534,339,68,407,639,0,0,Low
2025-09-01,North,MAT-1011,Grounding Kit,200,36,1.0,1.549,311,62,373,502,0,0,Low
2025-10-01,North,MAT-1011,Grounding Kit,184,50,0.92,1.565,286,57,343,474,0,0,Low
2025-11-01,North,MAT-1011,Grounding Kit,166,8,0.87,1.58,203,41,244,278,0,0,Low
2025-12-01,North,MAT-1011,Grounding Kit,205,32,0.85,1.596,273,55,328,556,0,0,Low
2026-01-01,North,MAT-1011,Grounding Kit,164,60,0.87,1.612,267,53,320,342,0,0,Low
2026-02-01,North,MAT-1011,Grounding Kit,177,65,0.92,1.628,308,62,370,388,0,0,Low
2026-03-01,North,MAT-1011,Grounding Kit,169,27,1.0,1.645,274,55,329,457,0,0,Low
2026-04-01,North,MAT-1011,Grounding Kit,253,17,1.08,1.661,412,82,494,688,0,0,Low
2026-05-01,North,MAT-1011,Grounding Kit,236,23,1.13,1.678,417,83,500,793,0,0,Low
2026-06-01,North,MAT-1011,Grounding Kit,194,72,1.15,1.694,441,88,529,713,0,0,Low
2026-07-01,North,MAT-1011,Grounding Kit,221,25,1.13,1.711,404,81,485,530,0,0,Low
2026-08-01,North,MAT-1011,Grounding Kit,204,62,1.08,1.729,422,84,506,667,0,0,Low
2026-09-01,North,MAT-1011,Grounding Kit,250,37,1.0,1.746,426,85,511,688,0,0,Low
2026-10-01,North,MAT-1011,Grounding Kit,209,17,0.92,1.763,312,62,374,496,0,0,Low
2026-11-01,North,MAT-1011,Grounding Kit,217,78,0.87,1.781,389,78,467,607,0,0,Low
2026-12-01,North,MAT-1011,Grounding Kit,162,22,0.85,1.799,239,48,287,333,0,0,Low
2022-01-01,South,MAT-1011,Grounding Kit,146,60,0.87,1.0,152,30,182,267,0,0,Low
2022-02-01,South,MAT-1011,Grounding Kit,201,66,0.92,1.01,211,42,253,317,0,0,Low
2022-03-01,South,MAT-1011,Grounding Kit,187,53,1.0,1.02,208,42,250,299,0,0,Low
2022-04-01,South,MAT-1011,Grounding Kit,196,12,1.08,1.03,197,39,236,236,0,0,Low
2022-05-01,South,MAT-1011,Grounding Kit,200,72,1.13,1.041,272,54,326,372,0,0,Low
2022-06-01,South,MAT-1011,Grounding Kit,186,51,1.15,1.051,243,49,292,347,0,0,Low
2022-07-01,South,MAT-1011,Grounding Kit,256,32,1.13,1.062,294,59,353,403,0,0,Low
2022-08-01,South,MAT-1011,Grounding Kit,206,23,1.08,1.072,225,45,270,446,0,0,Low
2022-09-01,South,MAT-1011,Grounding Kit,201,58,1.0,1.083,238,48,286,429,0,0,Low
2022-10-01,South,MAT-1011,Grounding Kit,184,11,0.92,1.094,167,33,200,231,0,0,Low
2022-11-01,South,MAT-1011,Grounding Kit,141,17,0.87,1.105,129,26,155,262,0,0,Low
2022-12-01,South,MAT-1011,Grounding Kit,167,11,0.85,1.116,143,29,172,282,0,0,Low
2023-01-01,South,MAT-1011,Grounding Kit,140,60,0.87,1.127,167,33,200,219,0,0,Low
2023-02-01,South,MAT-1011,Grounding Kit,158,62,0.92,1.138,196,39,235,336,0,0,Low
2023-03-01,South,MAT-1011,Grounding Kit,178,52,1.0,1.149,225,45,270,394,0,0,Low
2023-04-01,South,MAT-1011,Grounding Kit,189,52,1.08,1.161,257,51,308,387,0,0,Low
2023-05-01,South,MAT-1011,Grounding Kit,217,89,1.13,1.173,345,69,414,702,0,0,Low
2023-06-01,South,MAT-1011,Grounding Kit,239,107,1.15,1.184,401,80,481,759,0,0,Low
2023-07-01,South,MAT-1011,Grounding Kit,249,18,1.13,1.196,307,61,368,585,0,0,Low
2023-08-01,South,MAT-1011,Grounding Kit,212,64,1.08,1.208,306,61,367,498,0,0,Low
2023-09-01,South,MAT-1011,Grounding Kit,208,56,1.0,1.22,274,55,329,363,0,0,Low
2023-10-01,South,MAT-1011,Grounding Kit,181,73,0.92,1.232,245,49,294,343,0,0,Low
2023-11-01,South,MAT-1011,Grounding Kit,144,32,0.87,1.245,162,32,194,201,0,0,Low
2023-12-01,South,MAT-1011,Grounding Kit,151,11,0.85,1.257,147,29,176,264,0,0,Low
2024-01-01,South,MAT-1011,Grounding Kit,169,75,0.87,1.27,229,46,275,352,0,0,Low
2024-02-01,South,MAT-1011,Grounding Kit,150,66,0.92,1.282,217,43,260,319,0,0,Low
2024-03-01,South,MAT-1011,Grounding Kit,230,103,1.0,1.295,367,73,440,577,0,0,Low
2024-04-01,South,MAT-1011,Grounding Kit,215,31,1.08,1.308,295,59,354,505,0,0,Low
2024-05-01,South,MAT-1011,Grounding Kit,226,56,1.13,1.321,358,72,430,698,0,0,Low
2024-06-01,South,MAT-1011,Grounding Kit,236,98,1.15,1.335,436,87,523,876,0,0,Low
2024-07-01,South,MAT-1011,Grounding Kit,224,65,1.13,1.348,374,75,449,591,0,0,Low
2024-08-01,South,MAT-1011,Grounding Kit,233,71,1.08,1.361,380,76,456,677,0,0,Low
2024-09-01,South,MAT-1011,Grounding Kit,183,71,1.0,1.375,297,59,356,528,0,0,Low
2024-10-01,South,MAT-1011,Grounding Kit,154,49,0.92,1.389,220,44,264,357,0,0,Low
2024-11-01,South,MAT-1011,Grounding Kit,193,84,0.87,1.403,287,57,344,518,0,0,Low
2024-12-01,South,MAT-1011,Grounding Kit,182,74,0.85,1.417,262,52,314,336,0,0,Low
2025-01-01,South,MAT-1011,Grounding Kit,200,85,0.87,1.431,302,60,362,447,0,0,Low
2025-02-01,South,MAT-1011,Grounding Kit,157,35,0.92,1.445,217,43,260,348,0,0,Low
2025-03-01,South,MAT-1011,Grounding Kit,183,72,1.0,1.46,316,63,379,583,0,0,Low
2025-04-01,South,MAT-1011,Grounding Kit,244,89,1.08,1.474,451,90,541,707,0,0,Low
2025-05-01,South,MAT-1011,Grounding Kit,240,68,1.13,1.489,440,88,528,859,0,0,Low
2025-06-01,South,MAT-1011,Grounding Kit,196,82,1.15,1.504,409,82,491,507,0,0,Low
2025-07-01,South,MAT-1011,Grounding Kit,263,81,1.13,1.519,502,100,602,761,0,0,Low
2025-08-01,South,MAT-1011,Grounding Kit,248,54,1.08,1.534,425,85,510,715,0,0,Low
2025-09-01,South,MAT-1011,Grounding Kit,185,75,1.0,1.549,342,68,410,429,0,0,Low
2025-10-01,South,MAT-1011,Grounding Kit,151,52,0.92,1.565,248,50,298,495,0,0,Low
2025-11-01,South,MAT-1011,Grounding Kit,148,64,0.87,1.58,248,50,298,407,0,0,Low
2025-12-01,South,MAT-1011,Grounding Kit,153,15,0.85,1.596,194,39,233,339,0,0,Low
2026-01-01,South,MAT-1011,Grounding Kit,163,55,0.87,1.612,260,52,312,504,0,0,Low
2026-02-01,South,MAT-1011,Grounding Kit,193,21,0.92,1.628,273,55,328,419,0,0,Low
2026-03-01,South,MAT-1011,Grounding Kit,226,88,1.0,1.645,439,88,527,655,0,0,Low
2026-04-01,South,MAT-1011,Grounding Kit,254,71,1.08,1.661,496,99,595,635,0,0,Low
2026-05-01,South,MAT-1011,Grounding Kit,264,111,1.13,1.678,604,121,725,1125,0,0,Low
2026-06-01,South,MAT-1011,Grounding Kit,193,79,1.15,1.694,451,90,541,587,0,0,Low
2026-07-01,South,MAT-1011,Grounding Kit,222,52,1.13,1.711,450,90,540,867,0,0,Low
2026-08-01,South,MAT-1011,Grounding Kit,198,81,1.08,1.729,443,89,532,732,0,0,Low
2026-09-01,South,MAT-1011,Grounding Kit,180,38,1.0,1.746,323,65,388,475,0,0,Low
2026-10-01,South,MAT-1011,Grounding Kit,213,49,0.92,1.763,361,72,433,706,0,0,Low
2026-11-01,South,MAT-1011,Grounding Kit,191,43,0.87,1.781,308,62,370,427,0,0,Low
2026-12-01,South,MAT-1011,Grounding Kit,183,53,0.85,1.799,307,61,368,504,0,0,Low
2022-01-01,East,MAT-1011,Grounding Kit,226,12,0.87,1.0,176,35,211,321,0,0,Low
2022-02-01,East,MAT-1011,Grounding Kit,263,111,0.92,1.01,295,59,354,511,0,0,Low
2022-03-01,East,MAT-1011,Grounding Kit,224,19,1.0,1.02,211,42,253,382,0,0,Low
2022-04-01,East,MAT-1011,Grounding Kit,275,95,1.08,1.03,350,70,420,434,0,0,Low
2022-05-01,East,MAT-1011,Grounding Kit,263,67,1.13,1.041,330,66,396,606,0,0,Low
2022-06-01,East,MAT-1011,Grounding Kit,325,125,1.15,1.051,462,92,554,710,0,0,Low
2022-07-01,East,MAT-1011,Grounding Kit,261,73,1.13,1.062,341,68,409,498,0,0,Low
2022-08-01,East,MAT-1011,Grounding Kit,229,94,1.08,1.072,318,64,382,403,0,0,Low
2022-09-01,East,MAT-1011,Grounding Kit,225,78,1.0,1.083,279,56,335,354,0,0,Low
2022-10-01,East,MAT-1011,Grounding Kit,238,14,0.92,1.094,216,43,259,325,0,0,Low
2022-11-01,East,MAT-1011,Grounding Kit,245,88,0.87,1.105,272,54,326,448,0,0,Low
2022-12-01,East,MAT-1011,Grounding Kit,197,37,0.85,1.116,189,38,227,372,0,0,Low
2023-01-01,East,MAT-1011,Grounding Kit,237,22,0.87,1.127,216,43,259,327,0,0,Low
2023-02-01,East,MAT-1011,Grounding Kit,235,34,0.92,1.138,239,48,287,401,0,0,Low
2023-03-01,East,MAT-1011,Grounding Kit,286,115,1.0,1.149,392,78,470,485,0,0,Low
2023-04-01,East,MAT-1011,Grounding Kit,325,101,1.08,1.161,454,91,545,721,0,0,Low
2023-05-01,East,MAT-1011,Grounding Kit,320,102,1.13,1.173,475,95,570,895,0,0,Low
2023-06-01,East,MAT-1011,Grounding Kit,275,83,1.15,1.184,414,83,497,781,0,0,Low
2023-07-01,East,MAT-1011,Grounding Kit,267,23,1.13,1.196,333,67,400,480,0,0,Low
2023-08-01,East,MAT-1011,Grounding Kit,320,64,1.08,1.208,426,85,511,706,0,0,Low
2023-09-01,East,MAT-1011,Grounding Kit,234,59,1.0,1.22,304,61,365,537,0,0,Low
2023-10-01,East,MAT-1011,Grounding Kit,235,31,0.92,1.232,256,51,307,479,0,0,Low
2023-11-01,East,MAT-1011,Grounding Kit,186,63,0.87,1.245,229,46,275,313,0,0,Low
2023-12-01,East,MAT-1011,Grounding Kit,243,86,0.85,1.257,299,60,359,373,0,0,Low
2024-01-01,East,MAT-1011,Grounding Kit,194,32,0.87,1.27,212,42,254,405,0,0,Low
2024-02-01,East,MAT-1011,Grounding Kit,194,63,0.92,1.282,258,52,310,495,0,0,Low
2024-03-01,East,MAT-1011,Grounding Kit,267,111,1.0,1.295,416,83,499,768,0,0,Low
2024-04-01,East,MAT-1011,Grounding Kit,240,95,1.08,1.308,402,80,482,745,0,0,Low
2024-05-01,East,MAT-1011,Grounding Kit,262,63,1.13,1.321,412,82,494,552,0,0,Low
2024-06-01,East,MAT-1011,Grounding Kit,291,125,1.15,1.335,543,109,652,840,0,0,Low
2024-07-01,East,MAT-1011,Grounding Kit,297,82,1.13,1.348,491,98,589,958,0,0,Low
2024-08-01,East,MAT-1011,Grounding Kit,229,17,1.08,1.361,307,61,368,476,0,0,Low
2024-09-01,East,MAT-1011,Grounding Kit,279,116,1.0,1.375,462,92,554,672,0,0,Low
2024-10-01,East,MAT-1011,Grounding Kit,232,38,0.92,1.389,293,59,352,539,0,0,Low
2024-11-01,East,MAT-1011,Grounding Kit,204,16,0.87,1.403,228,46,274,395,0,0,Low
2024-12-01,East,MAT-1011,Grounding Kit,225,50,0.85,1.417,281,56,337,420,0,0,Low
2025-01-01,East,MAT-1011,Grounding Kit,224,94,0.87,1.431,336,67,403,467,0,0,Low
2025-02-01,East,MAT-1011,Grounding Kit,241,25,0.92,1.445,301,60,361,381,0,0,Low
2025-03-01,East,MAT-1011,Grounding Kit,279,41,1.0,1.46,397,79,476,522,0,0,Low
2025-04-01,East,MAT-1011,Grounding Kit,226,41,1.08,1.474,361,72,433,493,0,0,Low
2025-05-01,East,MAT-1011,Grounding Kit,318,123,1.13,1.489,631,126,757,1099,0,0,Low
2025-06-01,East,MAT-1011,Grounding Kit,236,19,1.15,1.504,375,75,450,762,0,0,Low
2025-07-01,East,MAT-1011,Grounding Kit,336,125,1.13,1.519,673,135,808,982,0,0,Low
2025-08-01,East,MAT-1011,Grounding Kit,243,52,1.08,1.534,415,83,498,589,0,0,Low
2025-09-01,East,MAT-1011,Grounding Kit,278,68,1.0,1.549,456,91,547,792,0,0,Low
2025-10-01,East,MAT-1011,Grounding Kit,273,60,0.92,1.565,407,81,488,493,0,0,Low
2025-11-01,East,MAT-1011,Grounding Kit,188,62,0.87,1.58,292,58,350,474,0,0,Low
2025-12-01,East,MAT-1011,Grounding Kit,175,23,0.85,1.596,228,46,274,321,0,0,Low
2026-01-01,East,MAT-1011,Grounding Kit,182,68,0.87,1.612,298,60,358,442,0,0,Low
2026-02-01,East,MAT-1011,Grounding Kit,196,67,0.92,1.628,335,67,402,636,0,0,Low
2026-03-01,East,MAT-1011,Grounding Kit,208,13,1.0,1.645,309,62,371,383,0,0,Low
2026-04-01,East,MAT-1011,Grounding Kit,273,20,1.08,1.661,447,89,536,585,0,0,Low
2026-05-01,East,MAT-1011,Grounding Kit,288,91,1.13,1.678,611,122,733,776,0,0,Low
2026-06-01,East,MAT-1011,Grounding Kit,339,52,1.15,1.694,648,130,778,1311,0,0,Low
2026-07-01,East,MAT-1011,Grounding Kit,310,67,1.13,1.711,620,124,744,1165,0,0,Low
2026-08-01,East,MAT-1011,Grounding Kit,323,56,1.08,1.729,601,120,721,1111,0,0,Low
2026-09-01,East,MAT-1011,Grounding Kit,285,36,1.0,1.746,476,95,571,765,0,0,Low
2026-10-01,East,MAT-1011,Grounding Kit,242,94,0.92,1.763,463,93,556,657,0,0,Low
2026-11-01,East,MAT-1011,Grounding Kit,250,50,0.87,1.781,395,79,474,800,0,0,Low
2026-12-01,East,MAT-1011,Grounding Kit,210,44,0.85,1.799,330,66,396,564,0,0,Low
2022-01-01,West,MAT-1011,Grounding Kit,197,17,0.87,1.0,158,32,190,300,0,0,Low
2022-02-01,West,MAT-1011,Grounding Kit,175,37,0.92,1.01,167,33,200,326,0,0,Low
2022-03-01,West,MAT-1011,Grounding Kit,189,76,1.0,1.02,230,46,276,450,0,0,Low
2022-04-01,West,MAT-1011,Grounding Kit,242,58,1.08,1.03,284,57,341,357,0,0,Low
2022-05-01,West,MAT-1011,Grounding Kit,249,60,1.13,1.041,309,62,371,517,0,0,Low
2022-06-01,West,MAT-1011,Grounding Kit,229,23,1.15,1.051,259,52,311,411,0,0,Low
2022-07-01,West,MAT-1011,Grounding Kit,253,97,1.13,1.062,357,71,428,615,0,0,Low
2022-08-01,West,MAT-1011,Grounding Kit,279,78,1.08,1.072,351,70,421,697,0,0,Low
2022-09-01,West,MAT-1011,Grounding Kit,227,47,1.0,1.083,252,50,302,314,0,0,Low
2022-10-01,West,MAT-1011,Grounding Kit,193,28,0.92,1.094,189,38,227,264,0,0,Low
2022-11-01,West,MAT-1011,Grounding Kit,160,29,0.87,1.105,154,31,185,299,0,0,Low
2022-12-01,West,MAT-1011,Grounding Kit,152,41,0.85,1.116,156,31,187,214,0,0,Low
2023-01-01,West,MAT-1011,Grounding Kit,181,49,0.87,1.127,192,38,230,359,0,0,Low
2023-02-01,West,MAT-1011,Grounding Kit,226,54,0.92,1.138,249,50,299,453,0,0,Low
2023-03-01,West,MAT-1011,Grounding Kit,263,20,1.0,1.149,277,55,332,420,0,0,Low
2023-04-01,West,MAT-1011,Grounding Kit,192,52,1.08,1.161,260,52,312,421,0,0,Low
2023-05-01,West,MAT-1011,Grounding Kit,211,78,1.13,1.173,325,65,390,415,0,0,Low
2023-06-01,West,MAT-1011,Grounding Kit,295,127,1.15,1.184,489,98,587,829,0,0,Low
2023-07-01,West,MAT-1011,Grounding Kit,285,86,1.13,1.196,426,85,511,555,0,0,Low
2023-08-01,West,MAT-1011,Grounding Kit,227,46,1.08,1.208,303,61,364,517,0,0,Low
2023-09-01,West,MAT-1011,Grounding Kit,260,39,1.0,1.22,310,62,372,476,0,0,Low
2023-10-01,West,MAT-1011,Grounding Kit,204,50,0.92,1.232,245,49,294,492,0,0,Low
2023-11-01,West,MAT-1011,Grounding Kit,223,76,0.87,1.245,275,55,330,350,0,0,Low
2023-12-01,West,MAT-1011,Grounding Kit,157,58,0.85,1.257,195,39,234,256,0,0,Low
2024-01-01,West,MAT-1011,Grounding Kit,158,25,0.87,1.27,172,34,206,307,0,0,Low
2024-02-01,West,MAT-1011,Grounding Kit,234,39,0.92,1.282,274,55,329,357,0,0,Low
2024-03-01,West,MAT-1011,Grounding Kit,204,62,1.0,1.295,293,59,352,413,0,0,Low
2024-04-01,West,MAT-1011,Grounding Kit,221,61,1.08,1.308,339,68,407,643,0,0,Low
2024-05-01,West,MAT-1011,Grounding Kit,232,78,1.13,1.321,393,79,472,571,0,0,Low
2024-06-01,West,MAT-1011,Grounding Kit,232,28,1.15,1.335,339,68,407,466,0,0,Low
2024-07-01,West,MAT-1011,Grounding Kit,252,109,1.13,1.348,467,93,560,866,0,0,Low
2024-08-01,West,MAT-1011,Grounding Kit,257,42,1.08,1.361,374,75,449,462,0,0,Low
2024-09-01,West,MAT-1011,Grounding Kit,177,26,1.0,1.375,237,47,284,366,0,0,Low
2024-10-01,West,MAT-1011,Grounding Kit,239,21,0.92,1.389,282,56,338,378,0,0,Low
2024-11-01,West,MAT-1011,Grounding Kit,186,73,0.87,1.403,269,54,323,453,0,0,Low
2024-12-01,West,MAT-1011,Grounding Kit,224,100,0.85,1.417,332,66,398,663,0,0,Low
2025-01-01,West,MAT-1011,Grounding Kit,195,60,0.87,1.431,270,54,324,519,0,0,Low
2025-02-01,West,MAT-1011,Grounding Kit,199,55,0.92,1.445,287,57,344,379,0,0,Low
2025-03-01,West,MAT-1011,Grounding Kit,231,52,1.0,1.46,351,70,421,653,0,0,Low
2025-04-01,West,MAT-1011,Grounding Kit,225,31,1.08,1.474,346,69,415,577,0,0,Low
2025-05-01,West,MAT-1011,Grounding Kit,251,45,1.13,1.489,423,85,508,541,0,0,Low
2025-06-01,West,MAT-1011,Grounding Kit,236,55,1.15,1.504,428,86,514,740,0,0,Low
2025-07-01,West,MAT-1011,Grounding Kit,294,83,1.13,1.519,550,110,660,1012,0,0,Low
2025-08-01,West,MAT-1011,Grounding Kit,275,18,1.08,1.534,413,83,496,598,0,0,Low
2025-09-01,West,MAT-1011,Grounding Kit,242,46,1.0,1.549,379,76,455,718,0,0,Low
2025-10-01,West,MAT-1011,Grounding Kit,163,45,0.92,1.565,255,51,306,486,0,0,Low
2025-11-01,West,MAT-1011,Grounding Kit,210,22,0.87,1.58,271,54,325,446,0,0,Low
2025-12-01,West,MAT-1011,Grounding Kit,215,49,0.85,1.596,304,61,365,453,0,0,Low
2026-01-01,West,MAT-1011,Grounding Kit,197,45,0.87,1.612,289,58,347,374,0,0,Low
2026-02-01,West,MAT-1011,Grounding Kit,222,97,0.92,1.628,406,81,487,699,0,0,Low
2026-03-01,West,MAT-1011,Grounding Kit,233,58,1.0,1.645,407,81,488,797,0,0,Low
2026-04-01,West,MAT-1011,Grounding Kit,213,50,1.08,1.661,401,80,481,785,0,0,Low
2026-05-01,West,MAT-1011,Grounding Kit,232,64,1.13,1.678,477,95,572,714,0,0,Low
2026-06-01,West,MAT-1011,Grounding Kit,262,57,1.15,1.694,528,106,634,713,0,0,Low
2026-07-01,West,MAT-1011,Grounding Kit,264,86,1.13,1.711,575,115,690,809,0,0,Low
2026-08-01,West,MAT-1011,Grounding Kit,203,83,1.08,1.729,454,91,545,622,0,0,Low
2026-09-01,West,MAT-1011,Grounding Kit,248,37,1.0,1.746,423,85,508,756,0,0,Low
2026-10-01,West,MAT-1011,Grounding Kit,195,82,0.92,1.763,382,76,458,586,0,0,Low
2026-11-01,West,MAT-1011,Grounding Kit,222,55,0.87,1.781,365,73,438,541,0,0,Low
2026-12-01,West,MAT-1011,Grounding Kit,179,79,0.85,1.799,335,67,402,516,0,0,Low
2022-01-01,North,MAT-1012,Connector Set,187,35,0.87,1.0,164,33,197,271,0,0,Low
2022-02-01,North,MAT-1012,Connector Set,191,12,0.92,1.01,160,32,192,283,0,0,Low
2022-03-01,North,MAT-1012,Connector Set,194,48,1.0,1.02,210,42,252,265,0,0,Low
2022-04-01,North,MAT-1012,Connector Set,288,46,1.08,1.03,316,63,379,503,0,0,Low
2022-05-01,North,MAT-1012,Connector Set,287,109,1.13,1.041,396,79,475,799,0,0,Low
2022-06-01,North,MAT-1012,Connector Set,261,17,1.15,1.051,286,57,343,489,0,0,Low
2022-07-01,North,MAT-1012,Connector Set,234,38,1.13,1.062,277,55,332,529,0,0,Low
2022-08-01,North,MAT-1012,Connector Set,204,54,1.08,1.072,254,51,305,465,0,0,Low
2022-09-01,North,MAT-1012,Connector Set,264,54,1.0,1.083,293,59,352,558,0,0,Low
2022-10-01,North,MAT-1012,Connector Set,171,30,0.92,1.094,172,34,206,323,0,0,Low
2022-11-01,North,MAT-1012,Connector Set,159,40,0.87,1.105,163,33,196,246,0,0,Low
2022-12-01,North,MAT-1012,Connector Set,228,85,0.85,1.116,252,50,302,418,0,0,Low
2023-01-01,North,MAT-1012,Connector Set,167,38,0.87,1.127,171,34,205,231,0,0,Low
2023-02-01,North,MAT-1012,Connector Set,247,29,0.92,1.138,246,49,295,400,0,0,Low
2023-03-01,North,MAT-1012,Connector Set,237,98,1.0,1.149,327,65,392,628,0,0,Low
2023-04-01,North,MAT-1012,Connector Set,226,56,1.08,1.161,301,60,361,542,0,0,Low
2023-05-01,North,MAT-1012,Connector Set,219,81,1.13,1.173,338,68,406,527,0,0,Low
2023-06-01,North,MAT-1012,Connector Set,215,31,1.15,1.184,285,57,342,530,0,0,Low
2023-07-01,North,MAT-1012,Connector Set,288,107,1.13,1.196,454,91,545,714,0,0,Low
2023-08-01,North,MAT-1012,Connector Set,223,95,1.08,1.208,353,71,424,502,0,0,Low
2023-09-01,North,MAT-1012,Connector Set,238,41,1.0,1.22,289,58,347,414,0,0,Low
2023-10-01,North,MAT-1012,Connector Set,245,49,0.92,1.232,283,57,340,377,0,0,Low
2023-11-01,North,MAT-1012,Connector Set,194,82,0.87,1.245,254,51,305,312,0,0,Low
2023-12-01,North,MAT-1012,Connector Set,189,49,0.85,1.257,216,43,259,424,0,0,Low
2024-01-01,North,MAT-1012,Connector Set,179,59,0.87,1.27,223,45,268,341,0,0,Low
2024-02-01,North,MAT-1012,Connector Set,170,25,0.92,1.282,196,39,235,260,0,0,Low
2024-03-01,North,MAT-1012,Connector Set,188,73,1.0,1.295,287,57,344,399,0,0,Low
2024-04-01,North,MAT-1012,Connector Set,252,78,1.08,1.308,396,79,475,753,0,0,Low
2024-05-01,North,MAT-1012,Connector Set,288,93,1.13,1.321,484,97,581,739,0,0,Low
2024-06-01,North,MAT-1012,Connector Set,271,41,1.15,1.335,407,81,488,640,0,0,Low
2024-07-01,North,MAT-1012,Connector Set,274,69,1.13,1.348,444,89,533,539,0,0,Low
2024-08-01,North,MAT-1012,Connector Set,229,48,1.08,1.361,346,69,415,478,0,0,Low
2024-09-01,North,MAT-1012,Connector Set,214,35,1.0,1.375,291,58,349,360,0,0,Low
2024-10-01,North,MAT-1012,Connector Set,247,87,0.92,1.389,363,73,436,654,0,0,Low
2024-11-01,North,MAT-1012,Connector Set,212,28,0.87,1.403,249,50,299,360,0,0,Low
2024-12-01,North,MAT-1012,Connector Set,199,36,0.85,1.417,241,48,289,431,0,0,Low
2025-01-01,North,MAT-1012,Connector Set,182,59,0.87,1.431,255,51,306,318,0,0,Low
2025-02-01,North,MAT-1012,Connector Set,250,55,0.92,1.445,345,69,414,471,0,0,Low
2025-03-01,North,MAT-1012,Connector Set,262,81,1.0,1.46,426,85,511,598,0,0,Low
2025-04-01,North,MAT-1012,Connector Set,237,105,1.08,1.474,463,93,556,668,0,0,Low
2025-05-01,North,MAT-1012,Connector Set,243,108,1.13,1.489,502,100,602,772,0,0,Low
2025-06-01,North,MAT-1012,Connector Set,240,93,1.15,1.504,489,98,587,687,0,0,Low
2025-07-01,North,MAT-1012,Connector Set,271,110,1.13,1.519,556,111,667,900,0,0,Low
2025-08-01,North,MAT-1012,Connector Set,261,55,1.08,1.534,445,89,534,800,0,0,Low
2025-09-01,North,MAT-1012,Connector Set,248,66,1.0,1.549,414,83,497,720,0,0,Low
2025-10-01,North,MAT-1012,Connector Set,222,60,0.92,1.565,345,69,414,505,0,0,Low
2025-11-01,North,MAT-1012,Connector Set,209,77,0.87,1.58,334,67,401,608,0,0,Low
2025-12-01,North,MAT-1012,Connector Set,216,64,0.85,1.596,323,65,388,526,0,0,Low
2026-01-01,North,MAT-1012,Connector Set,216,54,0.87,1.612,322,64,386,460,0,0,Low
2026-02-01,North,MAT-1012,Connector Set,212,15,0.92,1.628,289,58,347,505,0,0,Low
2026-03-01,North,MAT-1012,Connector Set,255,112,1.0,1.645,513,103,616,928,0,0,Low
2026-04-01,North,MAT-1012,Connector Set,251,57,1.08,1.661,470,94,564,739,0,0,Low
2026-05-01,North,MAT-1012,Connector Set,242,43,1.13,1.678,459,92,551,917,0,0,Low
2026-06-01,North,MAT-1012,Connector Set,237,44,1.15,1.694,465,93,558,642,0,0,Low
2026-07-01,North,MAT-1012,Connector Set,264,15,1.13,1.711,459,92,551,856,0,0,Low
2026-08-01,North,MAT-1012,Connector Set,270,107,1.08,1.729,598,120,718,813,0,0,Low
2026-09-01,North,MAT-1012,Connector Set,264,84,1.0,1.746,516,103,619,704,0,0,Low
2026-10-01,North,MAT-1012,Connector Set,184,28,0.92,1.763,292,58,350,523,0,0,Low
2026-11-01,North,MAT-1012,Connector Set,229,43,0.87,1.781,358,72,430,700,0,0,Low
2026-12-01,North,MAT-1012,Connector Set,224,40,0.85,1.799,343,69,412,659,0,0,Low
2022-01-01,South,MAT-1012,Connector Set,198,86,0.87,1.0,210,42,252,300,0,0,Low
2022-02-01,South,MAT-1012,Connector Set,177,65,0.92,1.01,191,38,229,334,0,0,Low
2022-03-01,South,MAT-1012,Connector Set,179,50,1.0,1.02,199,40,239,336,0,0,Low
2022-04-01,South,MAT-1012,Connector Set,275,14,1.08,1.03,273,55,328,497,0,0,Low
2022-05-01,South,MAT-1012,Connector Set,260,78,1.13,1.041,338,68,406,672,0,0,Low
2022-06-01,South,MAT-1012,Connector Set,226,18,1.15,1.051,251,50,301,479,0,0,Low
2022-07-01,South,MAT-1012,Connector Set,238,27,1.13,1.062,270,54,324,477,0,0,Low
2022-08-01,South,MAT-1012,Connector Set,266,25,1.08,1.072,286,57,343,538,0,0,Low
2022-09-01,South,MAT-1012,Connector Set,224,34,1.0,1.083,237,47,284,295,0,0,Low
2022-10-01,South,MAT-1012,Connector Set,202,42,0.92,1.094,209,42,251,419,0,0,Low
2022-11-01,South,MAT-1012,Connector Set,207,64,0.87,1.105,221,44,265,273,0,0,Low
2022-12-01,South,MAT-1012,Connector Set,167,19,0.85,1.116,150,30,180,261,0,0,Low
2023-01-01,South,MAT-1012,Connector Set,222,59,0.87,1.127,234,47,281,362,0,0,Low
2023-02-01,South,MAT-1012,Connector Set,187,19,0.92,1.138,183,37,220,357,0,0,Low
2023-03-01,South,MAT-1012,Connector Set,174,45,1.0,1.149,214,43,257,383,0,0,Low
2023-04-01,South,MAT-1012,Connector Set,210,85,1.08,1.161,314,63,377,505,0,0,Low
2023-05-01,South,MAT-1012,Connector Set,290,17,1.13,1.173,346,69,415,452,0,0,Low
2023-06-01,South,MAT-1012,Connector Set,287,93,1.15,1.184,440,88,528,573,0,0,Low
2023-07-01,South,MAT-1012,Connector Set,285,16,1.13,1.196,346,69,415,462,0,0,Low
2023-08-01,South,MAT-1012,Connector Set,224,18,1.08,1.208,268,54,322,417,0,0,Low
2023-09-01,South,MAT-1012,Connector Set,234,83,1.0,1.22,329,66,395,647,0,0,Low
2023-10-01,South,MAT-1012,Connector Set,204,66,0.92,1.232,260,52,312,337,0,0,Low
2023-11-01,South,MAT-1012,Connector Set,178,58,0.87,1.245,217,43,260,407,0,0,Low
2023-12-01,South,MAT-1012,Connector Set,155,57,0.85,1.257,193,39,232,382,0,0,Low
2024-01-01,South,MAT-1012,Connector Set,196,41,0.87,1.27,223,45,268,425,0,0,Low
2024-02-01,South,MAT-1012,Connector Set,185,13,0.92,1.282,199,40,239,348,0,0,Low
2024-03-01,South,MAT-1012,Connector Set,196,58,1.0,1.295,280,56,336,375,0,0,Low
2024-04-01,South,MAT-1012,Connector Set,238,104,1.08,1.308,411,82,493,554,0,0,Low
2024-05-01,South,MAT-1012,Connector Set,289,126,1.13,1.321,527,105,632,889,0,0,Low
2024-06-01,South,MAT-1012,Connector Set,265,57,1.15,1.335,420,84,504,638,0,0,Low
2024-07-01,South,MAT-1012,Connector Set,267,45,1.13,1.348,404,81,485,798,0,0,Low
2024-08-01,South,MAT-1012,Connector Set,210,40,1.08,1.361,312,62,374,461,0,0,Low
2024-09-01,South,MAT-1012,Connector Set,177,77,1.0,1.375,297,59,356,364,0,0,Low
2024-10-01,South,MAT-1012,Connector Set,228,57,0.92,1.389,309,62,371,513,0,0,Low
2024-11-01,South,MAT-1012,Connector Set,224,15,0.87,1.403,248,50,298,407,0,0,Low
2024-12-01,South,MAT-1012,Connector Set,197,76,0.85,1.417,279,56,335,470,0,0,Low
2025-01-01,South,MAT-1012,Connector Set,219,73,0.87,1.431,309,62,371,547,0,0,Low
2025-02-01,South,MAT-1012,Connector Set,160,56,0.92,1.445,244,49,293,296,0,0,Low
2025-03-01,South,MAT-1012,Connector Set,238,20,1.0,1.46,320,64,384,514,0,0,Low
2025-04-01,South,MAT-1012,Connector Set,227,43,1.08,1.474,365,73,438,585,0,0,Low
2025-05-01,South,MAT-1012,Connector Set,201,48,1.13,1.489,356,71,427,568,0,0,Low
2025-06-01,South,MAT-1012,Connector Set,238,76,1.15,1.504,462,92,554,712,0,0,Low
2025-07-01,South,MAT-1012,Connector Set,271,119,1.13,1.519,569,114,683,816,0,0,Low
2025-08-01,South,MAT-1012,Connector Set,238,13,1.08,1.534,353,71,424,642,0,0,Low
2025-09-01,South,MAT-1012,Connector Set,247,104,1.0,1.549,462,92,554,913,0,0,Low
2025-10-01,South,MAT-1012,Connector Set,212,65,0.92,1.565,339,68,407,537,0,0,Low
2025-11-01,South,MAT-1012,Connector Set,181,19,0.87,1.58,234,47,281,443,0,0,Low
2025-12-01,South,MAT-1012,Connector Set,207,47,0.85,1.596,293,59,352,412,0,0,Low
2026-01-01,South,MAT-1012,Connector Set,213,74,0.87,1.612,342,68,410,667,0,0,Low
2026-02-01,South,MAT-1012,Connector Set,195,78,0.92,1.628,348,70,418,656,0,0,Low
2026-03-01,South,MAT-1012,Connector Set,190,70,1.0,1.645,363,73,436,615,0,0,Low
2026-04-01,South,MAT-1012,Connector Set,275,108,1.08,1.661,584,117,701,753,0,0,Low
2026-05-01,South,MAT-1012,Connector Set,234,77,1.13,1.678,501,100,601,993,0,0,Low
2026-06-01,South,MAT-1012,Connector Set,265,33,1.15,1.694,494,99,593,702,0,0,Low
2026-07-01,South,MAT-1012,Connector Set,219,15,1.13,1.711,385,77,462,534,0,0,Low
2026-08-01,South,MAT-1012,Connector Set,274,104,1.08,1.729,600,120,720,867,0,0,Low
2026-09-01,South,MAT-1012,Connector Set,200,69,1.0,1.746,399,80,479,582,0,0,Low
2026-10-01,South,MAT-1012,Connector Set,221,66,0.92,1.763,396,79,475,742,0,0,Low
2026-11-01,South,MAT-1012,Connector Set,205,85,0.87,1.781,382,76,458,703,0,0,Low
2026-12-01,South,MAT-1012,Connector Set,168,26,0.85,1.799,252,50,302,329,0,0,Low
2022-01-01,East,MAT-1012,Connector Set,222,53,0.87,1.0,203,41,244,280,0,0,Low
2022-02-01,East,MAT-1012,Connector Set,268,91,0.92,1.01,284,57,341,555,0,0,Low
2022-03-01,East,MAT-1012,Connector Set,296,104,1.0,1.02,347,69,416,494,0,0,Low
2022-04-01,East,MAT-1012,Connector Set,303,71,1.08,1.03,354,71,425,476,0,0,Low
2022-05-01,East,MAT-1012,Connector Set,346,130,1.13,1.041,476,95,571,878,0,0,Low
2022-06-01,East,MAT-1012,Connector Set,376,41,1.15,1.051,428,86,514,783,0,0,Low
2022-07-01,East,MAT-1012,Connector Set,329,143,1.13,1.062,481,96,577,788,0,0,Low
2022-08-01,East,MAT-1012,Connector Set,244,22,1.08,1.072,262,52,314,425,0,0,Low
2022-09-01,East,MAT-1012,Connector Set,317,35,1.0,1.083,324,65,389,391,0,0,Low
2022-10-01,East,MAT-1012,Connector Set,256,72,0.92,1.094,281,56,337,505,0,0,Low
2022-11-01,East,MAT-1012,Connector Set,271,45,0.87,1.105,258,52,310,503,0,0,Low
2022-12-01,East,MAT-1012,Connector Set,226,68,0.85,1.116,237,47,284,388,0,0,Low
2023-01-01,East,MAT-1012,Connector Set,270,47,0.87,1.127,264,53,317,491,0,0,Low
2023-02-01,East,MAT-1012,Connector Set,216,78,0.92,1.138,262,52,314,488,0,0,Low
2023-03-01,East,MAT-1012,Connector Set,305,35,1.0,1.149,332,66,398,424,0,0,Low
2023-04-01,East,MAT-1012,Connector Set,308,88,1.08,1.161,422,84,506,756,0,0,Low
2023-05-01,East,MAT-1012,Connector Set,305,52,1.13,1.173,402,80,482,789,0,0,Low
2023-06-01,East,MAT-1012,Connector Set,359,39,1.15,1.184,461,92,553,683,0,0,Low
2023-07-01,East,MAT-1012,Connector Set,296,106,1.13,1.196,462,92,554,583,0,0,Low
2023-08-01,East,MAT-1012,Connector Set,334,38,1.08,1.208,413,83,496,821,0,0,Low
2023-09-01,East,MAT-1012,Connector Set,271,89,1.0,1.22,373,75,448,495,0,0,Low
2023-10-01,East,MAT-1012,Connector Set,275,124,0.92,1.232,385,77,462,634,0,0,Low
2023-11-01,East,MAT-1012,Connector Set,208,85,0.87,1.245,270,54,324,426,0,0,Low
2023-12-01,East,MAT-1012,Connector Set,193,86,0.85,1.257,253,51,304,312,0,0,Low
2024-01-01,East,MAT-1012,Connector Set,199,12,0.87,1.27,198,40,238,265,0,0,Low
2024-02-01,East,MAT-1012,Connector Set,260,48,0.92,1.282,309,62,371,427,0,0,Low
2024-03-01,East,MAT-1012,Connector Set,273,79,1.0,1.295,388,78,466,637,0,0,Low
2024-04-01,East,MAT-1012,Connector Set,288,18,1.08,1.308,367,73,440,711,0,0,Low
2024-05-01,East,MAT-1012,Connector Set,319,48,1.13,1.321,466,93,559,948,0,0,Low
2024-06-01,East,MAT-1012,Connector Set,330,60,1.15,1.335,509,102,611,756,0,0,Low
2024-07-01,East,MAT-1012,Connector Set,275,110,1.13,1.348,498,100,598,700,0,0,Low
2024-08-01,East,MAT-1012,Connector Set,326,94,1.08,1.361,525,105,630,1021,0,0,Low
2024-09-01,East,MAT-1012,Connector Set,287,115,1.0,1.375,470,94,564,655,0,0,Low
2024-10-01,East,MAT-1012,Connector Set,268,48,0.92,1.389,343,69,412,642,0,0,Low
2024-11-01,East,MAT-1012,Connector Set,280,79,0.87,1.403,372,74,446,671,0,0,Low
2024-12-01,East,MAT-1012,Connector Set,248,85,0.85,1.417,341,68,409,534,0,0,Low
2025-01-01,East,MAT-1012,Connector Set,274,110,0.87,1.431,406,81,487,558,0,0,Low
2025-02-01,East,MAT-1012,Connector Set,267,66,0.92,1.445,376,75,451,749,0,0,Low
2025-03-01,East,MAT-1012,Connector Set,300,33,1.0,1.46,413,83,496,719,0,0,Low
2025-04-01,East,MAT-1012,Connector Set,265,84,1.08,1.474,472,94,566,919,0,0,Low
2025-05-01,East,MAT-1012,Connector Set,354,40,1.13,1.489,563,113,676,854,0,0,Low
2025-06-01,East,MAT-1012,Connector Set,372,66,1.15,1.504,644,129,773,940,0,0,Low
2025-07-01,East,MAT-1012,Connector Set,301,51,1.13,1.519,513,103,616,962,0,0,Low
2025-08-01,East,MAT-1012,Connector Set,323,35,1.08,1.534,504,101,605,1005,0,0,Low
2025-09-01,East,MAT-1012,Connector Set,258,106,1.0,1.549,479,96,575,950,0,0,Low
2025-10-01,East,MAT-1012,Connector Set,216,90,0.92,1.565,374,75,449,452,0,0,Low
2025-11-01,East,MAT-1012,Connector Set,208,65,0.87,1.58,319,64,383,456,0,0,Low
2025-12-01,East,MAT-1012,Connector Set,218,20,0.85,1.596,274,55,329,396,0,0,Low
2026-01-01,East,MAT-1012,Connector Set,262,92,0.87,1.612,422,84,506,639,0,0,Low
2026-02-01,East,MAT-1012,Connector Set,210,93,0.92,1.628,386,77,463,744,0,0,Low
2026-03-01,East,MAT-1012,Connector Set,313,58,1.0,1.645,519,104,623,726,0,0,Low
2026-04-01,East,MAT-1012,Connector Set,279,44,1.08,1.661,493,99,592,965,0,0,Low
2026-05-01,East,MAT-1012,Connector Set,261,30,1.13,1.678,469,94,563,857,0,0,Low
2026-06-01,East,MAT-1012,Connector Set,282,80,1.15,1.694,600,120,720,1219,0,0,Low
2026-07-01,East,MAT-1012,Connector Set,336,35,1.13,1.711,610,122,732,1012,0,0,Low
2026-08-01,East,MAT-1012,Connector Set,300,123,1.08,1.729,671,134,805,1250,0,0,Low
2026-09-01,East,MAT-1012,Connector Set,318,98,1.0,1.746,617,123,740,1146,0,0,Low
2026-10-01,East,MAT-1012,Connector Set,232,44,0.92,1.763,381,76,457,619,0,0,Low
2026-11-01,East,MAT-1012,Connector Set,199,37,0.87,1.781,311,62,373,414,0,0,Low
2026-12-01,East,MAT-1012,Connector Set,207,13,0.85,1.799,286,57,343,518,0,0,Low
2022-01-01,West,MAT-1012,Connector Set,235,49,0.87,1.0,210,42,252,267,0,0,Low
2022-02-01,West,MAT-1012,Connector Set,226,31,0.92,1.01,203,41,244,285,0,0,Low
2022-03-01,West,MAT-1012,Connector Set,284,91,1.0,1.02,325,65,390,547,0,0,Low
2022-04-01,West,MAT-1012,Connector Set,240,85,1.08,1.03,307,61,368,501,0,0,Low
2022-05-01,West,MAT-1012,Connector Set,233,97,1.13,1.041,330,66,396,566,0,0,Low
2022-06-01,West,MAT-1012,Connector Set,273,75,1.15,1.051,358,72,430,472,0,0,Low
2022-07-01,West,MAT-1012,Connector Set,293,121,1.13,1.062,422,84,506,583,0,0,Low
2022-08-01,West,MAT-1012,Connector Set,226,40,1.08,1.072,262,52,314,417,0,0,Low
2022-09-01,West,MAT-1012,Connector Set,246,109,1.0,1.083,327,65,392,571,0,0,Low
2022-10-01,West,MAT-1012,Connector Set,204,12,0.92,1.094,185,37,222,325,0,0,Low
2022-11-01,West,MAT-1012,Connector Set,213,65,0.87,1.105,227,45,272,405,0,0,Low
2022-12-01,West,MAT-1012,Connector Set,167,18,0.85,1.116,149,30,179,195,0,0,Low
2023-01-01,West,MAT-1012,Connector Set,191,60,0.87,1.127,209,42,251,426,0,0,Low
2023-02-01,West,MAT-1012,Connector Set,211,11,0.92,1.138,198,40,238,350,0,0,Low
2023-03-01,West,MAT-1012,Connector Set,203,70,1.0,1.149,267,53,320,507,0,0,Low
2023-04-01,West,MAT-1012,Connector Set,240,33,1.08,1.161,291,58,349,500,0,0,Low
2023-05-01,West,MAT-1012,Connector Set,224,69,1.13,1.173,330,66,396,442,0,0,Low
2023-06-01,West,MAT-1012,Connector Set,266,63,1.15,1.184,381,76,457,576,0,0,Low
2023-07-01,West,MAT-1012,Connector Set,320,50,1.13,1.196,425,85,510,801,0,0,Low
2023-08-01,West,MAT-1012,Connector Set,254,87,1.08,1.208,378,76,454,689,0,0,Low
2023-09-01,West,MAT-1012,Connector Set,241,63,1.0,1.22,315,63,378,407,0,0,Low
2023-10-01,West,MAT-1012,Connector Set,224,75,0.92,1.232,288,58,346,580,0,0,Low
2023-11-01,West,MAT-1012,Connector Set,174,64,0.87,1.245,219,44,263,407,0,0,Low
2023-12-01,West,MAT-1012,Connector Set,201,33,0.85,1.257,213,43,256,373,0,0,Low
2024-01-01,West,MAT-1012,Connector Set,239,103,0.87,1.27,321,64,385,657,0,0,Low
2024-02-01,West,MAT-1012,Connector Set,257,65,0.92,1.282,323,65,388,470,0,0,Low
2024-03-01,West,MAT-1012,Connector Set,238,98,1.0,1.295,370,74,444,508,0,0,Low
2024-04-01,West,MAT-1012,Connector Set,271,58,1.08,1.308,395,79,474,543,0,0,Low
2024-05-01,West,MAT-1012,Connector Set,288,121,1.13,1.321,519,104,623,871,0,0,Low
2024-06-01,West,MAT-1012,Connector Set,269,49,1.15,1.335,415,83,498,796,0,0,Low
2024-07-01,West,MAT-1012,Connector Set,317,105,1.13,1.348,546,109,655,868,0,0,Low
2024-08-01,West,MAT-1012,Connector Set,257,60,1.08,1.361,396,79,475,772,0,0,Low
2024-09-01,West,MAT-1012,Connector Set,285,88,1.0,1.375,436,87,523,838,0,0,Low
2024-10-01,West,MAT-1012,Connector Set,264,38,0.92,1.389,328,66,394,435,0,0,Low
2024-11-01,West,MAT-1012,Connector Set,170,60,0.87,1.403,239,48,287,469,0,0,Low
2024-12-01,West,MAT-1012,Connector Set,217,31,0.85,1.417,254,51,305,343,0,0,Low
2025-01-01,West,MAT-1012,Connector Set,172,29,0.87,1.431,213,43,256,433,0,0,Low
2025-02-01,West,MAT-1012,Connector Set,209,33,0.92,1.445,273,55,328,418,0,0,Low
2025-03-01,West,MAT-1012,Connector Set,194,84,1.0,1.46,345,69,414,419,0,0,Low
2025-04-01,West,MAT-1012,Connector Set,244,82,1.08,1.474,441,88,529,871,0,0,Low
2025-05-01,West,MAT-1012,Connector Set,273,99,1.13,1.489,532,106,638,1064,0,0,Low
2025-06-01,West,MAT-1012,Connector Set,269,44,1.15,1.504,460,92,552,627,0,0,Low
2025-07-01,West,MAT-1012,Connector Set,298,119,1.13,1.519,608,122,730,1143,0,0,Low
2025-08-01,West,MAT-1012,Connector Set,294,116,1.08,1.534,577,115,692,827,0,0,Low
2025-09-01,West,MAT-1012,Connector Set,194,25,1.0,1.549,288,58,346,427,0,0,Low
2025-10-01,West,MAT-1012,Connector Set,261,71,0.92,1.565,406,81,487,801,0,0,Low
2025-11-01,West,MAT-1012,Connector Set,198,15,0.87,1.58,249,50,299,459,0,0,Low
2025-12-01,West,MAT-1012,Connector Set,232,31,0.85,1.596,303,61,364,432,0,0,Low
2026-01-01,West,MAT-1012,Connector Set,169,33,0.87,1.612,241,48,289,290,0,0,Low
2026-02-01,West,MAT-1012,Connector Set,181,79,0.92,1.628,331,66,397,612,0,0,Low
2026-03-01,West,MAT-1012,Connector Set,252,19,1.0,1.645,379,76,455,502,0,0,Low
2026-04-01,West,MAT-1012,Connector Set,299,71,1.08,1.661,564,113,677,999,0,0,Low
2026-05-01,West,MAT-1012,Connector Set,272,111,1.13,1.678,617,123,740,741,0,0,Low
2026-06-01,West,MAT-1012,Connector Set,228,14,1.15,1.694,401,80,481,807,0,0,Low
2026-07-01,West,MAT-1012,Connector Set,269,49,1.13,1.711,523,105,628,675,0,0,Low
2026-08-01,West,MAT-1012,Connector Set,246,23,1.08,1.729,427,85,512,581,0,0,Low
2026-09-01,West,MAT-1012,Connector Set,195,14,1.0,1.746,310,62,372,538,0,0,Low
2026-10-01,West,MAT-1012,Connector Set,201,82,0.92,1.763,390,78,468,744,0,0,Low
2026-11-01,West,MAT-1012,Connector Set,238,72,0.87,1.781,408,82,490,522,0,0,Low
2026-12-01,West,MAT-1012,Connector Set,192,16,0.85,1.799,270,54,324,406,0,0,Low
2022-01-01,North,MAT-1001,Composite Utility Pole,214,19,0.87,1.0,239,48,287,242,45,94500,High
2022-02-01,North,MAT-1001,Composite Utility Pole,192,11,0.92,1.01,223,45,268,219,49,102900,High
2022-03-01,North,MAT-1001,Composite Utility Pole,230,14,1.0,1.02,294,59,353,255,98,205800,High
2022-04-01,North,MAT-1001,Composite Utility Pole,206,84,1.08,1.03,381,76,457,353,104,218400,High
2022-05-01,North,MAT-1001,Composite Utility Pole,282,26,1.13,1.041,427,85,512,420,92,193200,High
2022-06-01,North,MAT-1001,Composite Utility Pole,220,63,1.15,1.051,404,81,485,475,10,21000,High
2022-07-01,North,MAT-1001,Composite Utility Pole,251,44,1.13,1.062,418,84,502,513,0,0,High
2022-08-01,North,MAT-1001,Composite Utility Pole,241,99,1.08,1.072,465,93,558,454,104,218400,High
2022-09-01,North,MAT-1001,Composite Utility Pole,208,40,1.0,1.083,317,63,380,366,14,29400,High
2022-10-01,North,MAT-1001,Composite Utility Pole,176,34,0.92,1.094,249,50,299,323,0,0,High
2022-11-01,North,MAT-1001,Composite Utility Pole,218,12,0.87,1.105,261,52,313,233,80,168000,High
2022-12-01,North,MAT-1001,Composite Utility Pole,154,41,0.85,1.116,218,44,262,208,54,113400,High
2023-01-01,North,MAT-1001,Composite Utility Pole,169,57,0.87,1.127,261,52,313,383,0,0,High
2023-02-01,North,MAT-1001,Composite Utility Pole,228,12,0.92,1.138,297,59,356,290,66,138600,High
2023-03-01,North,MAT-1001,Composite Utility Pole,229,27,1.0,1.149,347,69,416,360,56,117600,High
2023-04-01,North,MAT-1001,Composite Utility Pole,241,35,1.08,1.161,408,82,490,576,0,0,High
2023-05-01,North,MAT-1001,Composite Utility Pole,203,34,1.13,1.173,371,74,445,341,104,218400,High
2023-06-01,North,MAT-1001,Composite Utility Pole,216,87,1.15,1.184,487,97,584,654,0,0,High
2023-07-01,North,MAT-1001,Composite Utility Pole,283,22,1.13,1.196,486,97,583,435,148,310800,High
2023-08-01,North,MAT-1001,Composite Utility Pole,223,48,1.08,1.208,417,83,500,491,9,18900,High
2023-09-01,North,MAT-1001,Composite Utility Pole,234,23,1.0,1.22,370,74,444,338,106,222600,High
2023-10-01,North,MAT-1001,Composite Utility Pole,210,62,0.92,1.232,364,73,437,374,63,132300,High
2023-11-01,North,MAT-1001,Composite Utility Pole,214,68,0.87,1.245,360,72,432,357,75,157500,High
2023-12-01,North,MAT-1001,Composite Utility Pole,204,87,0.85,1.257,367,73,440,447,0,0,High
2024-01-01,North,MAT-1001,Composite Utility Pole,189,76,0.87,1.27,345,69,414,333,81,170100,High
2024-02-01,North,MAT-1001,Composite Utility Pole,224,35,0.92,1.282,361,72,433,525,0,0,High
2024-03-01,North,MAT-1001,Composite Utility Pole,212,78,1.0,1.295,443,89,532,586,0,0,High
2024-04-01,North,MAT-1001,Composite Utility Pole,203,66,1.08,1.308,448,90,538,656,0,0,High
2024-05-01,North,MAT-1001,Composite Utility Pole,272,111,1.13,1.321,675,135,810,761,49,102900,High
2024-06-01,North,MAT-1001,Composite Utility Pole,250,76,1.15,1.335,590,118,708,721,0,0,High
2024-07-01,North,MAT-1001,Composite Utility Pole,287,41,1.13,1.348,589,118,707,580,127,266700,High
2024-08-01,North,MAT-1001,Composite Utility Pole,205,64,1.08,1.361,467,93,560,468,92,193200,High
2024-09-01,North,MAT-1001,Composite Utility Pole,180,22,1.0,1.375,328,66,394,300,94,197400,High
2024-10-01,North,MAT-1001,Composite Utility Pole,214,85,0.92,1.389,451,90,541,650,0,0,High
2024-11-01,North,MAT-1001,Composite Utility Pole,208,79,0.87,1.403,413,83,496,544,0,0,High
2024-12-01,North,MAT-1001,Composite Utility Pole,185,23,0.85,1.417,296,59,355,287,68,142800,High
2025-01-01,North,MAT-1001,Composite Utility Pole,155,25,0.87,1.431,264,53,317,270,47,98700,High
2025-02-01,North,MAT-1001,Composite Utility Pole,240,104,0.92,1.445,540,108,648,747,0,0,High
2025-03-01,North,MAT-1001,Composite Utility Pole,249,27,1.0,1.46,475,95,570,687,0,0,High
2025-04-01,North,MAT-1001,Composite Utility Pole,241,16,1.08,1.474,483,97,580,548,32,67200,High
2025-05-01,North,MAT-1001,Composite Utility Pole,203,64,1.13,1.489,530,106,636,475,161,338100,High
2025-06-01,North,MAT-1001,Composite Utility Pole,278,47,1.15,1.504,663,133,796,600,196,411600,High
2025-07-01,North,MAT-1001,Composite Utility Pole,267,113,1.13,1.519,770,154,924,1098,0,0,High
2025-08-01,North,MAT-1001,Composite Utility Pole,192,50,1.08,1.534,473,95,568,547,21,44100,High
2025-09-01,North,MAT-1001,Composite Utility Pole,231,16,1.0,1.549,452,90,542,413,129,270900,High
2025-10-01,North,MAT-1001,Composite Utility Pole,219,29,0.92,1.565,421,84,505,579,0,0,High
2025-11-01,North,MAT-1001,Composite Utility Pole,194,52,0.87,1.58,399,80,479,362,117,245700,High
2025-12-01,North,MAT-1001,Composite Utility Pole,159,36,0.85,1.596,312,62,374,336,38,79800,High
2026-01-01,North,MAT-1001,Composite Utility Pole,227,35,0.87,1.612,434,87,521,406,115,241500,High
2026-02-01,North,MAT-1001,Composite Utility Pole,205,89,0.92,1.628,520,104,624,556,68,142800,High
2026-03-01,North,MAT-1001,Composite Utility Pole,251,102,1.0,1.645,685,137,822,956,0,0,High
2026-04-01,North,MAT-1001,Composite Utility Pole,196,81,1.08,1.661,586,117,703,675,28,58800,High
2026-05-01,North,MAT-1001,Composite Utility Pole,232,51,1.13,1.678,633,127,760,556,204,428400,High
2026-06-01,North,MAT-1001,Composite Utility Pole,274,78,1.15,1.694,809,162,971,1169,0,0,High
2026-07-01,North,MAT-1001,Composite Utility Pole,238,52,1.13,1.711,662,132,794,732,62,130200,High
2026-08-01,North,MAT-1001,Composite Utility Pole,219,53,1.08,1.729,599,120,719,546,173,363300,High
2026-09-01,North,MAT-1001,Composite Utility Pole,214,67,1.0,1.746,579,116,695,643,52,109200,High
2026-10-01,North,MAT-1001,Composite Utility Pole,238,38,0.92,1.763,528,106,634,599,35,73500,High
2026-11-01,North,MAT-1001,Composite Utility Pole,193,80,0.87,1.781,499,100,599,522,77,161700,High
2026-12-01,North,MAT-1001,Composite Utility Pole,163,11,0.85,1.799,314,63,377,409,0,0,High
2022-01-01,South,MAT-1001,Composite Utility Pole,161,52,0.87,1.0,219,44,263,314,0,0,High
2022-02-01,South,MAT-1001,Composite Utility Pole,177,66,0.92,1.01,266,53,319,259,60,126000,High
2022-03-01,South,MAT-1001,Composite Utility Pole,202,51,1.0,1.02,305,61,366,317,49,102900,High
2022-04-01,South,MAT-1001,Composite Utility Pole,239,66,1.08,1.03,400,80,480,479,1,2100,High
2022-05-01,South,MAT-1001,Composite Utility Pole,204,19,1.13,1.041,309,62,371,301,70,147000,High
2022-06-01,South,MAT-1001,Composite Utility Pole,218,85,1.15,1.051,432,86,518,487,31,65100,High
2022-07-01,South,MAT-1001,Composite Utility Pole,246,23,1.13,1.062,381,76,457,550,0,0,High
2022-08-01,South,MAT-1001,Composite Utility Pole,226,36,1.08,1.072,358,72,430,478,0,0,High
2022-09-01,South,MAT-1001,Composite Utility Pole,223,90,1.0,1.083,400,80,480,512,0,0,High
2022-10-01,South,MAT-1001,Composite Utility Pole,178,13,0.92,1.094,227,45,272,210,62,130200,High
2022-11-01,South,MAT-1001,Composite Utility Pole,213,62,0.87,1.105,312,62,374,368,6,12600,High
2022-12-01,South,MAT-1001,Composite Utility Pole,149,11,0.85,1.116,179,36,215,200,15,31500,High
2023-01-01,South,MAT-1001,Composite Utility Pole,179,53,0.87,1.127,268,54,322,237,85,178500,High
2023-02-01,South,MAT-1001,Composite Utility Pole,169,60,0.92,1.138,283,57,340,285,55,115500,High
2023-03-01,South,MAT-1001,Composite Utility Pole,189,60,1.0,1.149,338,68,406,493,0,0,High
2023-04-01,South,MAT-1001,Composite Utility Pole,265,60,1.08,1.161,481,96,577,702,0,0,High
2023-05-01,South,MAT-1001,Composite Utility Pole,277,49,1.13,1.173,510,102,612,701,0,0,High
2023-06-01,South,MAT-1001,Composite Utility Pole,237,48,1.15,1.184,458,92,550,524,26,54600,High
2023-07-01,South,MAT-1001,Composite Utility Pole,217,30,1.13,1.196,394,79,473,511,0,0,High
2023-08-01,South,MAT-1001,Composite Utility Pole,187,47,1.08,1.208,360,72,432,510,0,0,High
2023-09-01,South,MAT-1001,Composite Utility Pole,175,41,1.0,1.22,311,62,373,369,4,8400,High
2023-10-01,South,MAT-1001,Composite Utility Pole,221,49,0.92,1.232,361,72,433,318,115,241500,High
2023-11-01,South,MAT-1001,Composite Utility Pole,161,64,0.87,1.245,288,58,346,414,0,0,High
2023-12-01,South,MAT-1001,Composite Utility Pole,170,20,0.85,1.257,240,48,288,323,0,0,High
2024-01-01,South,MAT-1001,Composite Utility Pole,196,72,0.87,1.27,349,70,419,478,0,0,High
2024-02-01,South,MAT-1001,Composite Utility Pole,163,45,0.92,1.282,290,58,348,410,0,0,High
2024-03-01,South,MAT-1001,Composite Utility Pole,246,35,1.0,1.295,429,86,515,417,98,205800,High
2024-04-01,South,MAT-1001,Composite Utility Pole,229,42,1.08,1.308,452,90,542,558,0,0,High
2024-05-01,South,MAT-1001,Composite Utility Pole,265,58,1.13,1.321,569,114,683,649,34,71400,High
2024-06-01,South,MAT-1001,Composite Utility Pole,257,97,1.15,1.335,641,128,769,626,143,300300,High
2024-07-01,South,MAT-1001,Composite Utility Pole,263,32,1.13,1.348,530,106,636,640,0,0,High
2024-08-01,South,MAT-1001,Composite Utility Pole,251,16,1.08,1.361,463,93,556,597,0,0,High
2024-09-01,South,MAT-1001,Composite Utility Pole,210,43,1.0,1.375,410,82,492,541,0,0,High
2024-10-01,South,MAT-1001,Composite Utility Pole,173,20,0.92,1.389,291,58,349,262,87,182700,High
2024-11-01,South,MAT-1001,Composite Utility Pole,157,64,0.87,1.403,318,64,382,420,0,0,High
2024-12-01,South,MAT-1001,Composite Utility Pole,199,50,0.85,1.417,354,71,425,497,0,0,High
2025-01-01,South,MAT-1001,Composite Utility Pole,177,13,0.87,1.431,279,56,335,267,68,142800,High
2025-02-01,South,MAT-1001,Composite Utility Pole,201,68,0.92,1.445,422,84,506,495,11,23100,High
2025-03-01,South,MAT-1001,Composite Utility Pole,170,54,1.0,1.46,386,77,463,488,0,0,High
2025-04-01,South,MAT-1001,Composite Utility Pole,220,46,1.08,1.474,500,100,600,732,0,0,High
2025-05-01,South,MAT-1001,Composite Utility Pole,267,70,1.13,1.489,669,134,803,838,0,0,High
2025-06-01,South,MAT-1001,Composite Utility Pole,193,83,1.15,1.504,563,113,676,683,0,0,High
2025-07-01,South,MAT-1001,Composite Utility Pole,192,34,1.13,1.519,458,92,550,673,0,0,High
2025-08-01,South,MAT-1001,Composite Utility Pole,255,98,1.08,1.534,690,138,828,943,0,0,High
2025-09-01,South,MAT-1001,Composite Utility Pole,219,98,1.0,1.549,580,116,696,845,0,0,High
2025-10-01,South,MAT-1001,Composite Utility Pole,225,57,0.92,1.565,479,96,575,473,102,214200,High
2025-11-01,South,MAT-1001,Composite Utility Pole,178,19,0.87,1.58,320,64,384,294,90,189000,High
2025-12-01,South,MAT-1001,Composite Utility Pole,172,41,0.85,1.596,341,68,409,350,59,123900,High
2026-01-01,South,MAT-1001,Composite Utility Pole,205,76,0.87,1.612,465,93,558,607,0,0,High
2026-02-01,South,MAT-1001,Composite Utility Pole,160,54,0.92,1.628,378,76,454,399,55,115500,High
2026-03-01,South,MAT-1001,Composite Utility Pole,234,40,1.0,1.645,532,106,638,647,0,0,High
2026-04-01,South,MAT-1001,Composite Utility Pole,260,36,1.08,1.661,627,125,752,910,0,0,High
2026-05-01,South,MAT-1001,Composite Utility Pole,189,15,1.13,1.678,456,91,547,628,0,0,High
2026-06-01,South,MAT-1001,Composite Utility Pole,278,101,1.15,1.694,871,174,1045,840,205,430500,High
2026-07-01,South,MAT-1001,Composite Utility Pole,262,116,1.13,1.711,863,173,1036,852,184,386400,High
2026-08-01,South,MAT-1001,Composite Utility Pole,221,52,1.08,1.729,601,120,721,803,0,0,High
2026-09-01,South,MAT-1001,Composite Utility Pole,202,67,1.0,1.746,554,111,665,542,123,258300,High
2026-10-01,South,MAT-1001,Composite Utility Pole,155,65,0.92,1.763,421,84,505,433,72,151200,High
2026-11-01,South,MAT-1001,Composite Utility Pole,164,69,0.87,1.781,426,85,511,535,0,0,High
2026-12-01,South,MAT-1001,Composite Utility Pole,158,25,0.85,1.799,330,66,396,417,0,0,High
2022-01-01,East,MAT-1001,Composite Utility Pole,209,19,0.87,1.0,234,47,281,278,3,6300,High
2022-02-01,East,MAT-1001,Composite Utility Pole,291,95,0.92,1.01,423,85,508,608,0,0,High
2022-03-01,East,MAT-1001,Composite Utility Pole,309,47,1.0,1.02,429,86,515,593,0,0,High
2022-04-01,East,MAT-1001,Composite Utility Pole,256,82,1.08,1.03,444,89,533,597,0,0,High
2022-05-01,East,MAT-1001,Composite Utility Pole,267,38,1.13,1.041,423,85,508,429,79,165900,High
2022-06-01,East,MAT-1001,Composite Utility Pole,332,22,1.15,1.051,505,101,606,552,54,113400,High
2022-07-01,East,MAT-1001,Composite Utility Pole,350,148,1.13,1.062,705,141,846,853,0,0,High
2022-08-01,East,MAT-1001,Composite Utility Pole,281,61,1.08,1.072,467,93,560,573,0,0,High
2022-09-01,East,MAT-1001,Composite Utility Pole,259,77,1.0,1.083,429,86,515,589,0,0,High
2022-10-01,East,MAT-1001,Composite Utility Pole,231,65,0.92,1.094,351,70,421,316,105,220500,High
2022-11-01,East,MAT-1001,Composite Utility Pole,210,55,0.87,1.105,301,60,361,362,0,0,High
2022-12-01,East,MAT-1001,Composite Utility Pole,258,18,0.85,1.116,309,62,371,395,0,0,High
2023-01-01,East,MAT-1001,Composite Utility Pole,260,80,0.87,1.127,393,79,472,435,37,77700,High
2023-02-01,East,MAT-1001,Composite Utility Pole,265,92,0.92,1.138,441,88,529,639,0,0,High
2023-03-01,East,MAT-1001,Composite Utility Pole,232,21,1.0,1.149,343,69,412,327,85,178500,High
2023-04-01,East,MAT-1001,Composite Utility Pole,272,32,1.08,1.161,450,90,540,661,0,0,High
2023-05-01,East,MAT-1001,Composite Utility Pole,254,111,1.13,1.173,571,114,685,592,93,195300,High
2023-06-01,East,MAT-1001,Composite Utility Pole,286,82,1.15,1.184,591,118,709,672,37,77700,High
2023-07-01,East,MAT-1001,Composite Utility Pole,355,59,1.13,1.196,660,132,792,604,188,394800,High
2023-08-01,East,MAT-1001,Composite Utility Pole,237,43,1.08,1.208,431,86,517,441,76,159600,High
2023-09-01,East,MAT-1001,Composite Utility Pole,307,107,1.0,1.22,596,119,715,808,0,0,High
2023-10-01,East,MAT-1001,Composite Utility Pole,210,11,0.92,1.232,296,59,355,362,0,0,High
2023-11-01,East,MAT-1001,Composite Utility Pole,215,39,0.87,1.245,325,65,390,399,0,0,High
2023-12-01,East,MAT-1001,Composite Utility Pole,205,80,0.85,1.257,359,72,431,527,0,0,High
2024-01-01,East,MAT-1001,Composite Utility Pole,269,32,0.87,1.27,392,78,470,486,0,0,High
2024-02-01,East,MAT-1001,Composite Utility Pole,273,112,0.92,1.282,536,107,643,751,0,0,High
2024-03-01,East,MAT-1001,Composite Utility Pole,281,61,1.0,1.295,523,105,628,710,0,0,High
2024-04-01,East,MAT-1001,Composite Utility Pole,251,34,1.08,1.308,475,95,570,531,39,81900,High
2024-05-01,East,MAT-1001,Composite Utility Pole,274,31,1.13,1.321,537,107,644,545,99,207900,High
2024-06-01,East,MAT-1001,Composite Utility Pole,327,76,1.15,1.335,730,146,876,1037,0,0,High
2024-07-01,East,MAT-1001,Composite Utility Pole,245,48,1.13,1.348,527,105,632,589,43,90300,High
2024-08-01,East,MAT-1001,Composite Utility Pole,337,86,1.08,1.361,734,147,881,661,220,462000,High
2024-09-01,East,MAT-1001,Composite Utility Pole,215,53,1.0,1.375,435,87,522,527,0,0,High
2024-10-01,East,MAT-1001,Composite Utility Pole,242,77,0.92,1.389,481,96,577,425,152,319200,High
2024-11-01,East,MAT-1001,Composite Utility Pole,239,101,0.87,1.403,490,98,588,635,0,0,High
2024-12-01,East,MAT-1001,Composite Utility Pole,248,84,0.85,1.417,472,94,566,529,37,77700,High
2025-01-01,East,MAT-1001,Composite Utility Pole,190,83,0.87,1.431,401,80,481,486,0,0,High
2025-02-01,East,MAT-1001,Composite Utility Pole,248,39,0.92,1.445,450,90,540,434,106,222600,High
2025-03-01,East,MAT-1001,Composite Utility Pole,219,66,1.0,1.46,491,98,589,510,79,165900,High
2025-04-01,East,MAT-1001,Composite Utility Pole,250,62,1.08,1.474,586,117,703,860,0,0,High
2025-05-01,East,MAT-1001,Composite Utility Pole,296,113,1.13,1.489,812,162,974,953,21,44100,High
2025-06-01,East,MAT-1001,Composite Utility Pole,291,96,1.15,1.504,790,158,948,1016,0,0,High
2025-07-01,East,MAT-1001,Composite Utility Pole,346,94,1.13,1.519,891,178,1069,1283,0,0,High
2025-08-01,East,MAT-1001,Composite Utility Pole,244,29,1.08,1.534,534,107,641,684,0,0,High
2025-09-01,East,MAT-1001,Composite Utility Pole,223,36,1.0,1.549,474,95,569,438,131,275100,High
2025-10-01,East,MAT-1001,Composite Utility Pole,289,66,0.92,1.565,603,121,724,617,107,224700,High
2025-11-01,East,MAT-1001,Composite Utility Pole,191,78,0.87,1.58,436,87,523,598,0,0,High
2025-12-01,East,MAT-1001,Composite Utility Pole,198,28,0.85,1.596,362,72,434,325,109,228900,High
2026-01-01,East,MAT-1001,Composite Utility Pole,188,45,0.87,1.612,386,77,463,566,0,0,High
2026-02-01,East,MAT-1001,Composite Utility Pole,272,60,0.92,1.628,587,117,704,704,0,0,High
2026-03-01,East,MAT-1001,Composite Utility Pole,223,84,1.0,1.645,596,119,715,526,189,396900,High
2026-04-01,East,MAT-1001,Composite Utility Pole,341,65,1.08,1.661,859,172,1031,825,206,432600,High
2026-05-01,East,MAT-1001,Composite Utility Pole,335,61,1.13,1.678,886,177,1063,888,175,367500,High
2026-06-01,East,MAT-1001,Composite Utility Pole,325,123,1.15,1.694,1030,206,1236,1357,0,0,High
2026-07-01,East,MAT-1001,Composite Utility Pole,333,30,1.13,1.711,828,166,994,1139,0,0,High
2026-08-01,East,MAT-1001,Composite Utility Pole,282,23,1.08,1.729,672,134,806,647,159,333900,High
2026-09-01,East,MAT-1001,Composite Utility Pole,225,78,1.0,1.746,624,125,749,845,0,0,High
2026-10-01,East,MAT-1001,Composite Utility Pole,266,55,0.92,1.763,614,123,737,879,0,0,High
2026-11-01,East,MAT-1001,Composite Utility Pole,240,47,0.87,1.781,525,105,630,635,0,0,High
2026-12-01,East,MAT-1001,Composite Utility Pole,260,26,0.85,1.799,516,103,619,709,0,0,High
2022-01-01,West,MAT-1001,Composite Utility Pole,232,94,0.87,1.0,335,67,402,350,52,109200,High
2022-02-01,West,MAT-1001,Composite Utility Pole,192,12,0.92,1.01,224,45,269,205,64,134400,High
2022-03-01,West,MAT-1001,Composite Utility Pole,255,55,1.0,1.02,373,75,448,334,114,239400,High
2022-04-01,West,MAT-1001,Composite Utility Pole,230,86,1.08,1.03,415,83,498,416,82,172200,High
2022-05-01,West,MAT-1001,Composite Utility Pole,305,128,1.13,1.041,601,120,721,689,32,67200,High
2022-06-01,West,MAT-1001,Composite Utility Pole,233,47,1.15,1.051,399,80,479,419,60,126000,High
2022-07-01,West,MAT-1001,Composite Utility Pole,252,67,1.13,1.062,452,90,542,439,103,216300,High
2022-08-01,West,MAT-1001,Composite Utility Pole,221,77,1.08,1.072,407,81,488,353,135,283500,High
2022-09-01,West,MAT-1001,Composite Utility Pole,228,69,1.0,1.083,379,76,455,540,0,0,High
2022-10-01,West,MAT-1001,Composite Utility Pole,250,103,0.92,1.094,419,84,503,575,0,0,High
2022-11-01,West,MAT-1001,Composite Utility Pole,164,24,0.87,1.105,213,43,256,254,2,4200,High
2022-12-01,West,MAT-1001,Composite Utility Pole,211,83,0.85,1.116,329,66,395,476,0,0,High
2023-01-01,West,MAT-1001,Composite Utility Pole,237,19,0.87,1.127,296,59,355,316,39,81900,High
2023-02-01,West,MAT-1001,Composite Utility Pole,174,24,0.92,1.138,245,49,294,240,54,113400,High
2023-03-01,West,MAT-1001,Composite Utility Pole,249,106,1.0,1.149,482,96,578,481,97,203700,High
2023-04-01,West,MAT-1001,Composite Utility Pole,218,66,1.08,1.161,420,84,504,564,0,0,High
2023-05-01,West,MAT-1001,Composite Utility Pole,263,91,1.13,1.173,553,111,664,515,149,312900,High
2023-06-01,West,MAT-1001,Composite Utility Pole,279,108,1.15,1.184,622,124,746,713,33,69300,High
2023-07-01,West,MAT-1001,Composite Utility Pole,224,96,1.13,1.196,510,102,612,459,153,321300,High
2023-08-01,West,MAT-1001,Composite Utility Pole,238,89,1.08,1.208,503,101,604,657,0,0,High
2023-09-01,West,MAT-1001,Composite Utility Pole,257,19,1.0,1.22,397,79,476,554,0,0,High
2023-10-01,West,MAT-1001,Composite Utility Pole,203,54,0.92,1.232,344,69,413,481,0,0,High
2023-11-01,West,MAT-1001,Composite Utility Pole,171,28,0.87,1.245,254,51,305,349,0,0,High
2023-12-01,West,MAT-1001,Composite Utility Pole,232,52,0.85,1.257,358,72,430,334,96,201600,High
2024-01-01,West,MAT-1001,Composite Utility Pole,224,12,0.87,1.27,308,62,370,341,29,60900,High
2024-02-01,West,MAT-1001,Composite Utility Pole,206,54,0.92,1.282,362,72,434,405,29,60900,High
2024-03-01,West,MAT-1001,Composite Utility Pole,254,52,1.0,1.295,468,94,562,496,66,138600,High
2024-04-01,West,MAT-1001,Composite Utility Pole,276,14,1.08,1.308,483,97,580,455,125,262500,High
2024-05-01,West,MAT-1001,Composite Utility Pole,300,49,1.13,1.321,615,123,738,801,0,0,High
2024-06-01,West,MAT-1001,Composite Utility Pole,255,17,1.15,1.335,493,99,592,506,86,180600,High
2024-07-01,West,MAT-1001,Composite Utility Pole,253,63,1.13,1.348,568,114,682,573,109,228900,High
2024-08-01,West,MAT-1001,Composite Utility Pole,245,32,1.08,1.361,481,96,577,657,0,0,High
2024-09-01,West,MAT-1001,Composite Utility Pole,187,42,1.0,1.375,372,74,446,503,0,0,High
2024-10-01,West,MAT-1001,Composite Utility Pole,251,102,0.92,1.389,532,106,638,709,0,0,High
2024-11-01,West,MAT-1001,Composite Utility Pole,183,41,0.87,1.403,323,65,388,434,0,0,High
2024-12-01,West,MAT-1001,Composite Utility Pole,219,62,0.85,1.417,399,80,479,407,72,151200,High
2025-01-01,West,MAT-1001,Composite Utility Pole,175,75,0.87,1.431,367,73,440,433,7,14700,High
2025-02-01,West,MAT-1001,Composite Utility Pole,226,84,0.92,1.445,486,97,583,617,0,0,High
2025-03-01,West,MAT-1001,Composite Utility Pole,221,15,1.0,1.46,406,81,487,482,5,10500,High
2025-04-01,West,MAT-1001,Composite Utility Pole,243,83,1.08,1.474,612,122,734,697,37,77700,High
2025-05-01,West,MAT-1001,Composite Utility Pole,274,36,1.13,1.489,615,123,738,707,31,65100,High
2025-06-01,West,MAT-1001,Composite Utility Pole,291,97,1.15,1.504,792,158,950,1130,0,0,High
2025-07-01,West,MAT-1001,Composite Utility Pole,234,59,1.13,1.519,593,119,712,851,0,0,High
2025-08-01,West,MAT-1001,Composite Utility Pole,284,77,1.08,1.534,706,141,847,611,236,495600,High
2025-09-01,West,MAT-1001,Composite Utility Pole,238,104,1.0,1.549,625,125,750,631,119,249900,High
2025-10-01,West,MAT-1001,Composite Utility Pole,247,26,0.92,1.565,464,93,557,436,121,254100,High
2025-11-01,West,MAT-1001,Composite Utility Pole,195,31,0.87,1.58,367,73,440,492,0,0,High
2025-12-01,West,MAT-1001,Composite Utility Pole,189,20,0.85,1.596,335,67,402,451,0,0,High
2026-01-01,West,MAT-1001,Composite Utility Pole,216,46,0.87,1.612,434,87,521,401,120,252000,High
2026-02-01,West,MAT-1001,Composite Utility Pole,200,86,0.92,1.628,506,101,607,673,0,0,High
2026-03-01,West,MAT-1001,Composite Utility Pole,213,72,1.0,1.645,553,111,664,785,0,0,High
2026-04-01,West,MAT-1001,Composite Utility Pole,282,86,1.08,1.661,779,156,935,933,2,4200,High
2026-05-01,West,MAT-1001,Composite Utility Pole,285,84,1.13,1.678,825,165,990,817,173,363300,High
2026-06-01,West,MAT-1001,Composite Utility Pole,218,87,1.15,1.694,701,140,841,1009,0,0,High
2026-07-01,West,MAT-1001,Composite Utility Pole,293,99,1.13,1.711,895,179,1074,961,113,237300,High
2026-08-01,West,MAT-1001,Composite Utility Pole,261,100,1.08,1.729,795,159,954,1057,0,0,High
2026-09-01,West,MAT-1001,Composite Utility Pole,219,17,1.0,1.746,486,97,583,471,112,235200,High
2026-10-01,West,MAT-1001,Composite Utility Pole,215,86,0.92,1.763,576,115,691,560,131,275100,High
2026-11-01,West,MAT-1001,Composite Utility Pole,240,90,0.87,1.781,603,121,724,823,0,0,High
2026-12-01,West,MAT-1001,Composite Utility Pole,194,31,0.85,1.799,406,81,487,462,25,52500,High
2022-01-01,North,MAT-1002,Crossarm Assembly,75,30,0.87,1.0,108,22,130,154,0,0,High
2022-02-01,North,MAT-1002,Crossarm Assembly,82,8,0.92,1.01,99,20,119,91,28,11760,High
2022-03-01,North,MAT-1002,Crossarm Assembly,73,21,1.0,1.02,113,23,136,151,0,0,High
2022-04-01,North,MAT-1002,Crossarm Assembly,94,18,1.08,1.03,147,29,176,141,35,14700,High
2022-05-01,North,MAT-1002,Crossarm Assembly,84,22,1.13,1.041,147,29,176,139,37,15540,High
2022-06-01,North,MAT-1002,Crossarm Assembly,86,35,1.15,1.051,173,35,208,156,52,21840,High
2022-07-01,North,MAT-1002,Crossarm Assembly,78,27,1.13,1.062,149,30,179,200,0,0,High
2022-08-01,North,MAT-1002,Crossarm Assembly,104,38,1.08,1.072,194,39,233,190,43,18060,High
2022-09-01,North,MAT-1002,Crossarm Assembly,74,11,1.0,1.083,109,22,131,133,0,0,High
2022-10-01,North,MAT-1002,Crossarm Assembly,81,27,0.92,1.094,128,26,154,124,30,12600,High
2022-11-01,North,MAT-1002,Crossarm Assembly,60,15,0.87,1.105,85,17,102,75,27,11340,High
2022-12-01,North,MAT-1002,Crossarm Assembly,75,24,0.85,1.116,111,22,133,134,0,0,High
2023-01-01,North,MAT-1002,Crossarm Assembly,74,20,0.87,1.127,109,22,131,151,0,0,High
2023-02-01,North,MAT-1002,Crossarm Assembly,86,36,0.92,1.138,151,30,181,175,6,2520,High
2023-03-01,North,MAT-1002,Crossarm Assembly,68,22,1.0,1.149,122,24,146,129,17,7140,High
2023-04-01,North,MAT-1002,Crossarm Assembly,78,11,1.08,1.161,132,26,158,129,29,12180,High
2023-05-01,North,MAT-1002,Crossarm Assembly,81,26,1.13,1.173,167,33,200,240,0,0,High
2023-06-01,North,MAT-1002,Crossarm Assembly,81,28,1.15,1.184,175,35,210,255,0,0,High
2023-07-01,North,MAT-1002,Crossarm Assembly,87,15,1.13,1.196,163,33,196,191,5,2100,High
2023-08-01,North,MAT-1002,Crossarm Assembly,110,34,1.08,1.208,222,44,266,222,44,18480,High
2023-09-01,North,MAT-1002,Crossarm Assembly,78,19,1.0,1.22,140,28,168,173,0,0,High
2023-10-01,North,MAT-1002,Crossarm Assembly,92,19,0.92,1.232,149,30,179,151,28,11760,High
2023-11-01,North,MAT-1002,Crossarm Assembly,84,24,0.87,1.245,138,28,166,170,0,0,High
2023-12-01,North,MAT-1002,Crossarm Assembly,73,30,0.85,1.257,130,26,156,145,11,4620,High
2024-01-01,North,MAT-1002,Crossarm Assembly,61,11,0.87,1.27,94,19,113,125,0,0,High
2024-02-01,North,MAT-1002,Crossarm Assembly,89,28,0.92,1.282,163,33,196,238,0,0,High
2024-03-01,North,MAT-1002,Crossarm Assembly,98,21,1.0,1.295,182,36,218,212,6,2520,High
2024-04-01,North,MAT-1002,Crossarm Assembly,110,34,1.08,1.308,240,48,288,343,0,0,High
2024-05-01,North,MAT-1002,Crossarm Assembly,96,6,1.13,1.321,180,36,216,236,0,0,High
2024-06-01,North,MAT-1002,Crossarm Assembly,111,47,1.15,1.335,286,57,343,276,67,28140,High
2024-07-01,North,MAT-1002,Crossarm Assembly,103,36,1.13,1.348,250,50,300,253,47,19740,High
2024-08-01,North,MAT-1002,Crossarm Assembly,101,8,1.08,1.361,189,38,227,206,21,8820,High
2024-09-01,North,MAT-1002,Crossarm Assembly,90,26,1.0,1.375,188,38,226,185,41,17220,High
2024-10-01,North,MAT-1002,Crossarm Assembly,84,18,0.92,1.389,154,31,185,223,0,0,High
2024-11-01,North,MAT-1002,Crossarm Assembly,83,15,0.87,1.403,141,28,169,155,14,5880,High
2024-12-01,North,MAT-1002,Crossarm Assembly,59,9,0.85,1.417,97,19,116,118,0,0,High
2025-01-01,North,MAT-1002,Crossarm Assembly,73,8,0.87,1.431,119,24,143,113,30,12600,High
2025-02-01,North,MAT-1002,Crossarm Assembly,88,6,0.92,1.445,147,29,176,184,0,0,High
2025-03-01,North,MAT-1002,Crossarm Assembly,71,25,1.0,1.46,165,33,198,223,0,0,High
2025-04-01,North,MAT-1002,Crossarm Assembly,86,14,1.08,1.474,188,38,226,271,0,0,High
2025-05-01,North,MAT-1002,Crossarm Assembly,89,15,1.13,1.489,206,41,247,289,0,0,High
2025-06-01,North,MAT-1002,Crossarm Assembly,106,26,1.15,1.504,269,54,323,317,6,2520,High
2025-07-01,North,MAT-1002,Crossarm Assembly,115,41,1.13,1.519,316,63,379,369,10,4200,High
2025-08-01,North,MAT-1002,Crossarm Assembly,99,27,1.08,1.534,246,49,295,245,50,21000,High
2025-09-01,North,MAT-1002,Crossarm Assembly,83,7,1.0,1.549,165,33,198,167,31,13020,High
2025-10-01,North,MAT-1002,Crossarm Assembly,77,14,0.92,1.565,155,31,186,169,17,7140,High
2025-11-01,North,MAT-1002,Crossarm Assembly,88,39,0.87,1.58,206,41,247,180,67,28140,High
2025-12-01,North,MAT-1002,Crossarm Assembly,68,23,0.85,1.596,146,29,175,172,3,1260,High
2026-01-01,North,MAT-1002,Crossarm Assembly,69,28,0.87,1.612,161,32,193,190,3,1260,High
2026-02-01,North,MAT-1002,Crossarm Assembly,68,19,0.92,1.628,154,31,185,187,0,0,High
2026-03-01,North,MAT-1002,Crossarm Assembly,72,9,1.0,1.645,157,31,188,147,41,17220,High
2026-04-01,North,MAT-1002,Crossarm Assembly,96,41,1.08,1.661,290,58,348,323,25,10500,High
2026-05-01,North,MAT-1002,Crossarm Assembly,89,20,1.13,1.678,244,49,293,254,39,16380,High
2026-06-01,North,MAT-1002,Crossarm Assembly,81,23,1.15,1.694,239,48,287,270,17,7140,High
2026-07-01,North,MAT-1002,Crossarm Assembly,106,12,1.13,1.711,269,54,323,291,32,13440,High
2026-08-01,North,MAT-1002,Crossarm Assembly,83,19,1.08,1.729,225,45,270,245,25,10500,High
2026-09-01,North,MAT-1002,Crossarm Assembly,78,29,1.0,1.746,220,44,264,312,0,0,High
2026-10-01,North,MAT-1002,Crossarm Assembly,69,8,0.92,1.763,147,29,176,204,0,0,High
2026-11-01,North,MAT-1002,Crossarm Assembly,67,11,0.87,1.781,143,29,172,134,38,15960,High
2026-12-01,North,MAT-1002,Crossarm Assembly,74,30,0.85,1.799,188,38,226,191,35,14700,High
2022-01-01,South,MAT-1002,Crossarm Assembly,70,24,0.87,1.0,97,19,116,107,9,3780,High
2022-02-01,South,MAT-1002,Crossarm Assembly,60,14,0.92,1.01,81,16,97,106,0,0,High
2022-03-01,South,MAT-1002,Crossarm Assembly,75,15,1.0,1.02,108,22,130,129,1,420,High
2022-04-01,South,MAT-1002,Crossarm Assembly,80,25,1.08,1.03,138,28,166,187,0,0,High
2022-05-01,South,MAT-1002,Crossarm Assembly,87,15,1.13,1.041,142,28,170,163,7,2940,High
2022-06-01,South,MAT-1002,Crossarm Assembly,79,11,1.15,1.051,128,26,154,189,0,0,High
2022-07-01,South,MAT-1002,Crossarm Assembly,92,17,1.13,1.062,154,31,185,149,36,15120,High
2022-08-01,South,MAT-1002,Crossarm Assembly,94,20,1.08,1.072,156,31,187,200,0,0,High
2022-09-01,South,MAT-1002,Crossarm Assembly,80,10,1.0,1.083,115,23,138,126,12,5040,High
2022-10-01,South,MAT-1002,Crossarm Assembly,78,27,0.92,1.094,125,25,150,134,16,6720,High
2022-11-01,South,MAT-1002,Crossarm Assembly,69,19,0.87,1.105,100,20,120,140,0,0,High
2022-12-01,South,MAT-1002,Crossarm Assembly,78,17,0.85,1.116,106,21,127,94,33,13860,High
2023-01-01,South,MAT-1002,Crossarm Assembly,79,24,0.87,1.127,119,24,143,174,0,0,High
2023-02-01,South,MAT-1002,Crossarm Assembly,89,15,0.92,1.138,128,26,154,162,0,0,High
2023-03-01,South,MAT-1002,Crossarm Assembly,71,5,1.0,1.149,103,21,124,122,2,840,High
2023-04-01,South,MAT-1002,Crossarm Assembly,86,4,1.08,1.161,133,27,160,150,10,4200,High
2023-05-01,South,MAT-1002,Crossarm Assembly,79,20,1.13,1.173,155,31,186,135,51,21420,High
2023-06-01,South,MAT-1002,Crossarm Assembly,77,29,1.15,1.184,170,34,204,192,12,5040,High
2023-07-01,South,MAT-1002,Crossarm Assembly,108,36,1.13,1.196,230,46,276,207,69,28980,High
2023-08-01,South,MAT-1002,Crossarm Assembly,102,43,1.08,1.208,223,45,268,267,1,420,High
2023-09-01,South,MAT-1002,Crossarm Assembly,76,8,1.0,1.22,121,24,145,170,0,0,High
2023-10-01,South,MAT-1002,Crossarm Assembly,71,8,0.92,1.232,106,21,127,143,0,0,High
2023-11-01,South,MAT-1002,Crossarm Assembly,67,13,0.87,1.245,102,20,122,130,0,0,High
2023-12-01,South,MAT-1002,Crossarm Assembly,74,21,0.85,1.257,120,24,144,150,0,0,High
2024-01-01,South,MAT-1002,Crossarm Assembly,78,14,0.87,1.27,120,24,144,166,0,0,High
2024-02-01,South,MAT-1002,Crossarm Assembly,87,9,0.92,1.282,134,27,161,182,0,0,High
2024-03-01,South,MAT-1002,Crossarm Assembly,82,10,1.0,1.295,141,28,169,185,0,0,High
2024-04-01,South,MAT-1002,Crossarm Assembly,87,16,1.08,1.308,172,34,206,224,0,0,High
2024-05-01,South,MAT-1002,Crossarm Assembly,96,15,1.13,1.321,196,39,235,240,0,0,High
2024-06-01,South,MAT-1002,Crossarm Assembly,111,49,1.15,1.335,290,58,348,400,0,0,High
2024-07-01,South,MAT-1002,Crossarm Assembly,95,35,1.13,1.348,234,47,281,248,33,13860,High
2024-08-01,South,MAT-1002,Crossarm Assembly,75,32,1.08,1.361,186,37,223,181,42,17640,High
2024-09-01,South,MAT-1002,Crossarm Assembly,85,35,1.0,1.375,195,39,234,192,42,17640,High
2024-10-01,South,MAT-1002,Crossarm Assembly,63,14,0.92,1.389,116,23,139,108,31,13020,High
2024-11-01,South,MAT-1002,Crossarm Assembly,75,18,0.87,1.403,134,27,161,133,28,11760,High
2024-12-01,South,MAT-1002,Crossarm Assembly,78,26,0.85,1.417,148,30,178,146,32,13440,High
2025-01-01,South,MAT-1002,Crossarm Assembly,61,22,0.87,1.431,122,24,146,174,0,0,High
2025-02-01,South,MAT-1002,Crossarm Assembly,78,5,0.92,1.445,130,26,156,133,23,9660,High
2025-03-01,South,MAT-1002,Crossarm Assembly,71,13,1.0,1.46,145,29,174,157,17,7140,High
2025-04-01,South,MAT-1002,Crossarm Assembly,89,6,1.08,1.474,178,36,214,213,1,420,High
2025-05-01,South,MAT-1002,Crossarm Assembly,105,28,1.13,1.489,264,53,317,241,76,31920,High
2025-06-01,South,MAT-1002,Crossarm Assembly,87,11,1.15,1.504,200,40,240,263,0,0,High
2025-07-01,South,MAT-1002,Crossarm Assembly,94,13,1.13,1.519,217,43,260,292,0,0,High
2025-08-01,South,MAT-1002,Crossarm Assembly,90,14,1.08,1.534,203,41,244,214,30,12600,High
2025-09-01,South,MAT-1002,Crossarm Assembly,91,14,1.0,1.549,192,38,230,265,0,0,High
2025-10-01,South,MAT-1002,Crossarm Assembly,84,17,0.92,1.565,172,34,206,206,0,0,High
2025-11-01,South,MAT-1002,Crossarm Assembly,77,29,0.87,1.58,172,34,206,224,0,0,High
2025-12-01,South,MAT-1002,Crossarm Assembly,56,19,0.85,1.596,120,24,144,124,20,8400,High
2026-01-01,South,MAT-1002,Crossarm Assembly,64,9,0.87,1.612,121,24,145,159,0,0,High
2026-02-01,South,MAT-1002,Crossarm Assembly,80,14,0.92,1.628,166,33,199,180,19,7980,High
2026-03-01,South,MAT-1002,Crossarm Assembly,97,8,1.0,1.645,204,41,245,281,0,0,High
2026-04-01,South,MAT-1002,Crossarm Assembly,81,6,1.08,1.661,184,37,221,185,36,15120,High
2026-05-01,South,MAT-1002,Crossarm Assembly,93,28,1.13,1.678,271,54,325,252,73,30660,High
2026-06-01,South,MAT-1002,Crossarm Assembly,76,6,1.15,1.694,189,38,227,274,0,0,High
2026-07-01,South,MAT-1002,Crossarm Assembly,74,17,1.13,1.711,208,42,250,188,62,26040,High
2026-08-01,South,MAT-1002,Crossarm Assembly,93,16,1.08,1.729,240,48,288,291,0,0,High
2026-09-01,South,MAT-1002,Crossarm Assembly,77,23,1.0,1.746,206,41,247,196,51,21420,High
2026-10-01,South,MAT-1002,Crossarm Assembly,78,31,0.92,1.763,209,42,251,296,0,0,High
2026-11-01,South,MAT-1002,Crossarm Assembly,63,24,0.87,1.781,159,32,191,145,46,19320,High
2026-12-01,South,MAT-1002,Crossarm Assembly,79,31,0.85,1.799,198,40,238,257,0,0,High
2022-01-01,East,MAT-1002,Crossarm Assembly,72,14,0.87,1.0,88,18,106,127,0,0,High
2022-02-01,East,MAT-1002,Crossarm Assembly,78,9,0.92,1.01,95,19,114,96,18,7560,High
2022-03-01,East,MAT-1002,Crossarm Assembly,96,7,1.0,1.02,124,25,149,120,29,12180,High
2022-04-01,East,MAT-1002,Crossarm Assembly,129,14,1.08,1.03,188,38,226,235,0,0,High
2022-05-01,East,MAT-1002,Crossarm Assembly,124,47,1.13,1.041,237,47,284,243,41,17220,High
2022-06-01,East,MAT-1002,Crossarm Assembly,140,56,1.15,1.051,280,56,336,369,0,0,High
2022-07-01,East,MAT-1002,Crossarm Assembly,129,9,1.13,1.062,195,39,234,213,21,8820,High
2022-08-01,East,MAT-1002,Crossarm Assembly,115,49,1.08,1.072,224,45,269,240,29,12180,High
2022-09-01,East,MAT-1002,Crossarm Assembly,87,11,1.0,1.083,125,25,150,162,0,0,High
2022-10-01,East,MAT-1002,Crossarm Assembly,111,44,0.92,1.094,184,37,221,209,12,5040,High
2022-11-01,East,MAT-1002,Crossarm Assembly,97,8,0.87,1.105,119,24,143,118,25,10500,High
2022-12-01,East,MAT-1002,Crossarm Assembly,97,35,0.85,1.116,148,30,178,211,0,0,High
2023-01-01,East,MAT-1002,Crossarm Assembly,85,8,0.87,1.127,108,22,130,97,33,13860,High
2023-02-01,East,MAT-1002,Crossarm Assembly,112,35,0.92,1.138,182,36,218,250,0,0,High
2023-03-01,East,MAT-1002,Crossarm Assembly,113,29,1.0,1.149,193,39,232,257,0,0,High
2023-04-01,East,MAT-1002,Crossarm Assembly,118,46,1.08,1.161,243,49,292,342,0,0,High
2023-05-01,East,MAT-1002,Crossarm Assembly,126,19,1.13,1.173,227,45,272,207,65,27300,High
2023-06-01,East,MAT-1002,Crossarm Assembly,106,38,1.15,1.184,231,46,277,220,57,23940,High
2023-07-01,East,MAT-1002,Crossarm Assembly,125,32,1.13,1.196,250,50,300,311,0,0,High
2023-08-01,East,MAT-1002,Crossarm Assembly,124,41,1.08,1.208,254,51,305,290,15,6300,High
2023-09-01,East,MAT-1002,Crossarm Assembly,95,14,1.0,1.22,157,31,188,167,21,8820,High
2023-10-01,East,MAT-1002,Crossarm Assembly,105,19,0.92,1.232,166,33,199,170,29,12180,High
2023-11-01,East,MAT-1002,Crossarm Assembly,74,32,0.87,1.245,135,27,162,147,15,6300,High
2023-12-01,East,MAT-1002,Crossarm Assembly,83,33,0.85,1.257,146,29,175,167,8,3360,High
2024-01-01,East,MAT-1002,Crossarm Assembly,102,36,0.87,1.27,180,36,216,254,0,0,High
2024-02-01,East,MAT-1002,Crossarm Assembly,112,23,0.92,1.282,188,38,226,200,26,10920,High
2024-03-01,East,MAT-1002,Crossarm Assembly,124,22,1.0,1.295,223,45,268,263,5,2100,High
2024-04-01,East,MAT-1002,Crossarm Assembly,130,39,1.08,1.308,282,56,338,328,10,4200,High
2024-05-01,East,MAT-1002,Crossarm Assembly,126,13,1.13,1.321,245,49,294,264,30,12600,High
2024-06-01,East,MAT-1002,Crossarm Assembly,129,55,1.15,1.335,333,67,400,433,0,0,High
2024-07-01,East,MAT-1002,Crossarm Assembly,121,24,1.13,1.348,261,52,313,226,87,36540,High
2024-08-01,East,MAT-1002,Crossarm Assembly,122,25,1.08,1.361,255,51,306,296,10,4200,High
2024-09-01,East,MAT-1002,Crossarm Assembly,106,10,1.0,1.375,188,38,226,218,8,3360,High
2024-10-01,East,MAT-1002,Crossarm Assembly,81,27,0.92,1.389,163,33,196,227,0,0,High
2024-11-01,East,MAT-1002,Crossarm Assembly,77,12,0.87,1.403,128,26,154,155,0,0,High
2024-12-01,East,MAT-1002,Crossarm Assembly,75,22,0.85,1.417,138,28,166,144,22,9240,High
2025-01-01,East,MAT-1002,Crossarm Assembly,85,11,0.87,1.431,141,28,169,136,33,13860,High
2025-02-01,East,MAT-1002,Crossarm Assembly,78,13,0.92,1.445,143,29,172,178,0,0,High
2025-03-01,East,MAT-1002,Crossarm Assembly,95,18,1.0,1.46,195,39,234,171,63,26460,High
2025-04-01,East,MAT-1002,Crossarm Assembly,106,18,1.08,1.474,233,47,280,270,10,4200,High
2025-05-01,East,MAT-1002,Crossarm Assembly,96,35,1.13,1.489,260,52,312,268,44,18480,High
2025-06-01,East,MAT-1002,Crossarm Assembly,122,46,1.15,1.504,343,69,412,449,0,0,High
2025-07-01,East,MAT-1002,Crossarm Assembly,122,31,1.13,1.519,310,62,372,390,0,0,High
2025-08-01,East,MAT-1002,Crossarm Assembly,127,13,1.08,1.534,274,55,329,239,90,37800,High
2025-09-01,East,MAT-1002,Crossarm Assembly,111,11,1.0,1.549,223,45,268,256,12,5040,High
2025-10-01,East,MAT-1002,Crossarm Assembly,101,32,0.92,1.565,226,45,271,291,0,0,High
2025-11-01,East,MAT-1002,Crossarm Assembly,100,11,0.87,1.58,180,36,216,259,0,0,High
2025-12-01,East,MAT-1002,Crossarm Assembly,102,19,0.85,1.596,194,39,233,226,7,2940,High
2026-01-01,East,MAT-1002,Crossarm Assembly,96,41,0.87,1.612,227,45,272,268,4,1680,High
2026-02-01,East,MAT-1002,Crossarm Assembly,103,19,0.92,1.628,216,43,259,236,23,9660,High
2026-03-01,East,MAT-1002,Crossarm Assembly,97,41,1.0,1.645,268,54,322,366,0,0,High
2026-04-01,East,MAT-1002,Crossarm Assembly,89,39,1.08,1.661,271,54,325,300,25,10500,High
2026-05-01,East,MAT-1002,Crossarm Assembly,97,13,1.13,1.678,246,49,295,283,12,5040,High
2026-06-01,East,MAT-1002,Crossarm Assembly,99,23,1.15,1.694,281,56,337,250,87,36540,High
2026-07-01,East,MAT-1002,Crossarm Assembly,125,33,1.13,1.711,361,72,433,504,0,0,High
2026-08-01,East,MAT-1002,Crossarm Assembly,95,22,1.08,1.729,258,52,310,310,0,0,High
2026-09-01,East,MAT-1002,Crossarm Assembly,96,13,1.0,1.746,225,45,270,199,71,29820,High
2026-10-01,East,MAT-1002,Crossarm Assembly,106,7,0.92,1.763,216,43,259,316,0,0,High
2026-11-01,East,MAT-1002,Crossarm Assembly,78,33,0.87,1.781,203,41,244,180,64,26880,High
2026-12-01,East,MAT-1002,Crossarm Assembly,74,18,0.85,1.799,166,33,199,204,0,0,High
2022-01-01,West,MAT-1002,Crossarm Assembly,73,19,0.87,1.0,94,19,113,132,0,0,High
2022-02-01,West,MAT-1002,Crossarm Assembly,89,30,0.92,1.01,130,26,156,115,41,17220,High
2022-03-01,West,MAT-1002,Crossarm Assembly,97,16,1.0,1.02,136,27,163,158,5,2100,High
2022-04-01,West,MAT-1002,Crossarm Assembly,95,42,1.08,1.03,180,36,216,236,0,0,High
2022-05-01,West,MAT-1002,Crossarm Assembly,115,32,1.13,1.041,204,41,245,294,0,0,High
2022-06-01,West,MAT-1002,Crossarm Assembly,102,26,1.15,1.051,183,37,220,206,14,5880,High
2022-07-01,West,MAT-1002,Crossarm Assembly,116,37,1.13,1.062,217,43,260,302,0,0,High
2022-08-01,West,MAT-1002,Crossarm Assembly,115,46,1.08,1.072,220,44,264,260,4,1680,High
2022-09-01,West,MAT-1002,Crossarm Assembly,75,32,1.0,1.083,137,27,164,165,0,0,High
2022-10-01,West,MAT-1002,Crossarm Assembly,93,41,0.92,1.094,159,32,191,205,0,0,High
2022-11-01,West,MAT-1002,Crossarm Assembly,67,19,0.87,1.105,98,20,118,108,10,4200,High
2022-12-01,West,MAT-1002,Crossarm Assembly,62,23,0.85,1.116,95,19,114,90,24,10080,High
2023-01-01,West,MAT-1002,Crossarm Assembly,63,5,0.87,1.127,79,16,95,78,17,7140,High
2023-02-01,West,MAT-1002,Crossarm Assembly,71,13,0.92,1.138,104,21,125,131,0,0,High
2023-03-01,West,MAT-1002,Crossarm Assembly,94,9,1.0,1.149,140,28,168,170,0,0,High
2023-04-01,West,MAT-1002,Crossarm Assembly,115,33,1.08,1.161,219,44,263,258,5,2100,High
2023-05-01,West,MAT-1002,Crossarm Assembly,112,8,1.13,1.173,188,38,226,172,54,22680,High
2023-06-01,West,MAT-1002,Crossarm Assembly,116,35,1.15,1.184,243,49,292,277,15,6300,High
2023-07-01,West,MAT-1002,Crossarm Assembly,88,36,1.13,1.196,198,40,238,201,37,15540,High
2023-08-01,West,MAT-1002,Crossarm Assembly,99,33,1.08,1.208,203,41,244,224,20,8400,High
2023-09-01,West,MAT-1002,Crossarm Assembly,82,6,1.0,1.22,127,25,152,143,9,3780,High
2023-10-01,West,MAT-1002,Crossarm Assembly,76,33,0.92,1.232,146,29,175,182,0,0,High
2023-11-01,West,MAT-1002,Crossarm Assembly,76,17,0.87,1.245,119,24,143,162,0,0,High
2023-12-01,West,MAT-1002,Crossarm Assembly,83,21,0.85,1.257,131,26,157,174,0,0,High
2024-01-01,West,MAT-1002,Crossarm Assembly,66,22,0.87,1.27,115,23,138,111,27,11340,High
2024-02-01,West,MAT-1002,Crossarm Assembly,82,26,0.92,1.282,150,30,180,194,0,0,High
2024-03-01,West,MAT-1002,Crossarm Assembly,100,33,1.0,1.295,203,41,244,237,7,2940,High
2024-04-01,West,MAT-1002,Crossarm Assembly,91,35,1.08,1.308,210,42,252,267,0,0,High
2024-05-01,West,MAT-1002,Crossarm Assembly,121,23,1.13,1.321,254,51,305,304,1,420,High
2024-06-01,West,MAT-1002,Crossarm Assembly,85,30,1.15,1.335,208,42,250,226,24,10080,High
2024-07-01,West,MAT-1002,Crossarm Assembly,82,17,1.13,1.348,178,36,214,232,0,0,High
2024-08-01,West,MAT-1002,Crossarm Assembly,82,16,1.08,1.361,170,34,204,177,27,11340,High
2024-09-01,West,MAT-1002,Crossarm Assembly,90,6,1.0,1.375,156,31,187,140,47,19740,High
2024-10-01,West,MAT-1002,Crossarm Assembly,85,19,0.92,1.389,157,31,188,170,18,7560,High
2024-11-01,West,MAT-1002,Crossarm Assembly,84,23,0.87,1.403,154,31,185,217,0,0,High
2024-12-01,West,MAT-1002,Crossarm Assembly,86,17,0.85,1.417,146,29,175,150,25,10500,High
2025-01-01,West,MAT-1002,Crossarm Assembly,70,22,0.87,1.431,135,27,162,192,0,0,High
2025-02-01,West,MAT-1002,Crossarm Assembly,78,28,0.92,1.445,166,33,199,149,50,21000,High
2025-03-01,West,MAT-1002,Crossarm Assembly,89,23,1.0,1.46,193,39,232,271,0,0,High
2025-04-01,West,MAT-1002,Crossarm Assembly,82,26,1.08,1.474,203,41,244,258,0,0,High
2025-05-01,West,MAT-1002,Crossarm Assembly,92,38,1.13,1.489,258,52,310,251,59,24780,High
2025-06-01,West,MAT-1002,Crossarm Assembly,122,13,1.15,1.504,275,55,330,377,0,0,High
2025-07-01,West,MAT-1002,Crossarm Assembly,98,11,1.13,1.519,221,44,265,269,0,0,High
2025-08-01,West,MAT-1002,Crossarm Assembly,99,26,1.08,1.534,244,49,293,324,0,0,High
2025-09-01,West,MAT-1002,Crossarm Assembly,81,16,1.0,1.549,177,35,212,248,0,0,High
2025-10-01,West,MAT-1002,Crossarm Assembly,67,28,0.92,1.565,161,32,193,237,0,0,High
2025-11-01,West,MAT-1002,Crossarm Assembly,75,26,0.87,1.58,164,33,197,161,36,15120,High
2025-12-01,West,MAT-1002,Crossarm Assembly,88,31,0.85,1.596,191,38,229,262,0,0,High
2026-01-01,West,MAT-1002,Crossarm Assembly,72,20,0.87,1.612,152,30,182,152,30,12600,High
2026-02-01,West,MAT-1002,Crossarm Assembly,93,15,0.92,1.628,191,38,229,228,1,420,High
2026-03-01,West,MAT-1002,Crossarm Assembly,81,36,1.0,1.645,227,45,272,300,0,0,High
2026-04-01,West,MAT-1002,Crossarm Assembly,115,20,1.08,1.661,286,57,343,300,43,18060,High
2026-05-01,West,MAT-1002,Crossarm Assembly,100,30,1.13,1.678,291,58,349,251,98,41160,High
2026-06-01,West,MAT-1002,Crossarm Assembly,109,35,1.15,1.694,331,66,397,477,0,0,High
2026-07-01,West,MAT-1002,Crossarm Assembly,88,9,1.13,1.711,221,44,265,301,0,0,High
2026-08-01,West,MAT-1002,Crossarm Assembly,110,23,1.08,1.729,293,59,352,399,0,0,High
2026-09-01,West,MAT-1002,Crossarm Assembly,96,29,1.0,1.746,258,52,310,273,37,15540,High
2026-10-01,West,MAT-1002,Crossarm Assembly,76,23,0.92,1.763,190,38,228,189,39,16380,High
2026-11-01,West,MAT-1002,Crossarm Assembly,77,20,0.87,1.781,177,35,212,252,0,0,High
2026-12-01,West,MAT-1002,Crossarm Assembly,70,5,0.85,1.799,135,27,162,169,0,0,High
2022-01-01,North,MAT-1003,15 kV Cable,7117,1495,0.87,1.0,8841,1768,10609,11260,0,0,High
2022-02-01,North,MAT-1003,15 kV Cable,7577,3158,0.92,1.01,11770,2354,14124,14935,0,0,High
2022-03-01,North,MAT-1003,15 kV Cable,8688,2460,1.0,1.02,13419,2684,16103,19092,0,0,High
2022-04-01,North,MAT-1003,15 kV Cable,8109,3083,1.08,1.03,14695,2939,17634,14520,3114,37368,High
2022-05-01,North,MAT-1003,15 kV Cable,9947,2712,1.13,1.041,17565,3513,21078,15229,5849,70188,High
2022-06-01,North,MAT-1003,15 kV Cable,11094,1792,1.15,1.051,18378,3676,22054,24613,0,0,High
2022-07-01,North,MAT-1003,15 kV Cable,8820,1322,1.13,1.062,14355,2871,17226,19904,0,0,High
2022-08-01,North,MAT-1003,15 kV Cable,8370,3436,1.08,1.072,16131,3226,19357,17016,2341,28092,High
2022-09-01,North,MAT-1003,15 kV Cable,9871,4166,1.0,1.083,17936,3587,21523,16309,5214,62568,High
2022-10-01,North,MAT-1003,15 kV Cable,8382,2789,0.92,1.094,13263,2653,15916,11798,4118,49416,High
2022-11-01,North,MAT-1003,15 kV Cable,6962,1282,0.87,1.105,9349,1870,11219,12445,0,0,High
2022-12-01,North,MAT-1003,15 kV Cable,6795,1305,0.85,1.116,9064,1813,10877,10989,0,0,High
2023-01-01,North,MAT-1003,15 kV Cable,6890,644,0.87,1.127,8715,1743,10458,10837,0,0,High
2023-02-01,North,MAT-1003,15 kV Cable,8159,2321,0.92,1.138,12948,2590,15538,15922,0,0,High
2023-03-01,North,MAT-1003,15 kV Cable,8681,1366,1.0,1.149,13628,2726,16354,19917,0,0,High
2023-04-01,North,MAT-1003,15 kV Cable,8246,1346,1.08,1.161,14192,2838,17030,15547,1483,17796,High
2023-05-01,North,MAT-1003,15 kV Cable,10002,1882,1.13,1.173,18581,3716,22297,21308,989,11868,High
2023-06-01,North,MAT-1003,15 kV Cable,11511,3125,1.15,1.184,23522,4704,28226,25452,2774,33288,High
2023-07-01,North,MAT-1003,15 kV Cable,10633,2879,1.13,1.196,21551,4310,25861,22043,3818,45816,High
2023-08-01,North,MAT-1003,15 kV Cable,8776,635,1.08,1.208,14489,2898,17387,15735,1652,19824,High
2023-09-01,North,MAT-1003,15 kV Cable,8053,3623,1.0,1.22,16811,3362,20173,16784,3389,40668,High
2023-10-01,North,MAT-1003,15 kV Cable,8695,588,0.92,1.232,12420,2484,14904,13829,1075,12900,High
2023-11-01,North,MAT-1003,15 kV Cable,6894,3030,0.87,1.245,12681,2536,15217,13725,1492,17904,High
2023-12-01,North,MAT-1003,15 kV Cable,7751,3098,0.85,1.257,13680,2736,16416,15825,591,7092,High
2024-01-01,North,MAT-1003,15 kV Cable,8468,3312,0.87,1.27,15355,3071,18426,13310,5116,61392,High
2024-02-01,North,MAT-1003,15 kV Cable,9294,3447,0.92,1.282,17738,3548,21286,15871,5415,64980,High
2024-03-01,North,MAT-1003,15 kV Cable,9633,503,1.0,1.295,15492,3098,18590,22023,0,0,High
2024-04-01,North,MAT-1003,15 kV Cable,9635,881,1.08,1.308,17532,3506,21038,18196,2842,34104,High
2024-05-01,North,MAT-1003,15 kV Cable,10682,4634,1.13,1.321,26984,5397,32381,26846,5535,66420,High
2024-06-01,North,MAT-1003,15 kV Cable,9326,2346,1.15,1.335,21137,4227,25364,18363,7001,84012,High
2024-07-01,North,MAT-1003,15 kV Cable,8784,1016,1.13,1.348,17613,3523,21136,24405,0,0,High
2024-08-01,North,MAT-1003,15 kV Cable,9924,3137,1.08,1.361,22659,4532,27191,23437,3754,45048,High
2024-09-01,North,MAT-1003,15 kV Cable,7273,2330,1.0,1.375,15580,3116,18696,17459,1237,14844,High
2024-10-01,North,MAT-1003,15 kV Cable,7658,771,0.92,1.389,12707,2541,15248,14672,576,6912,High
2024-11-01,North,MAT-1003,15 kV Cable,6528,1496,0.87,1.403,11554,2311,13865,12484,1381,16572,High
2024-12-01,North,MAT-1003,15 kV Cable,6427,1250,0.85,1.417,10908,2182,13090,14075,0,0,High
2025-01-01,North,MAT-1003,15 kV Cable,8207,2795,0.87,1.431,16160,3232,19392,19745,0,0,High
2025-02-01,North,MAT-1003,15 kV Cable,7667,930,0.92,1.445,13487,2697,16184,15561,623,7476,High
2025-03-01,North,MAT-1003,15 kV Cable,8602,2710,1.0,1.46,19482,3896,23378,19190,4188,50256,High
2025-04-01,North,MAT-1003,15 kV Cable,9015,1724,1.08,1.474,20175,4035,24210,25700,0,0,High
2025-05-01,North,MAT-1003,15 kV Cable,10816,2702,1.13,1.489,26837,5367,32204,35528,0,0,High
2025-06-01,North,MAT-1003,15 kV Cable,11651,814,1.15,1.504,25436,5087,30523,27681,2842,34104,High
2025-07-01,North,MAT-1003,15 kV Cable,11433,2978,1.13,1.519,29185,5837,35022,38803,0,0,High
2025-08-01,North,MAT-1003,15 kV Cable,10968,1089,1.08,1.534,23570,4714,28284,22688,5596,67152,High
2025-09-01,North,MAT-1003,15 kV Cable,8699,1556,1.0,1.549,18748,3750,22498,19423,3075,36900,High
2025-10-01,North,MAT-1003,15 kV Cable,8768,3444,0.92,1.565,20745,4149,24894,26491,0,0,High
2025-11-01,North,MAT-1003,15 kV Cable,8292,2542,0.87,1.58,17578,3516,21094,20658,436,5232,High
2025-12-01,North,MAT-1003,15 kV Cable,5960,885,0.85,1.596,10959,2192,13151,14424,0,0,High
2026-01-01,North,MAT-1003,15 kV Cable,8140,2016,0.87,1.612,16809,3362,20171,16877,3294,39528,High
2026-02-01,North,MAT-1003,15 kV Cable,8717,3673,0.92,1.628,21902,4380,26282,20303,5979,71748,High
2026-03-01,North,MAT-1003,15 kV Cable,10102,3326,1.0,1.645,26059,5212,31271,37391,0,0,High
2026-04-01,North,MAT-1003,15 kV Cable,7842,2490,1.08,1.661,21872,4374,26246,26466,0,0,High
2026-05-01,North,MAT-1003,15 kV Cable,10801,4241,1.13,1.678,33649,6730,40379,36398,3981,47772,High
2026-06-01,North,MAT-1003,15 kV Cable,9381,3020,1.15,1.694,28515,5703,34218,29908,4310,51720,High
2026-07-01,North,MAT-1003,15 kV Cable,11105,4156,1.13,1.711,34826,6965,41791,34177,7614,91368,High
2026-08-01,North,MAT-1003,15 kV Cable,7943,2399,1.08,1.729,22782,4556,27338,24180,3158,37896,High
2026-09-01,North,MAT-1003,15 kV Cable,8726,2273,1.0,1.746,22659,4532,27191,30321,0,0,High
2026-10-01,North,MAT-1003,15 kV Cable,6504,1560,0.92,1.763,15436,3087,18523,19385,0,0,High
2026-11-01,North,MAT-1003,15 kV Cable,7036,1289,0.87,1.781,15220,3044,18264,18892,0,0,High
2026-12-01,North,MAT-1003,15 kV Cable,7875,1876,0.85,1.799,17592,3518,21110,19794,1316,15792,High
2022-01-01,South,MAT-1003,15 kV Cable,7273,1005,0.87,1.0,8498,1700,10198,8402,1796,21552,High
2022-02-01,South,MAT-1003,15 kV Cable,8210,3119,0.92,1.01,12422,2484,14906,11037,3869,46428,High
2022-03-01,South,MAT-1003,15 kV Cable,9248,1930,1.0,1.02,13455,2691,16146,19524,0,0,High
2022-04-01,South,MAT-1003,15 kV Cable,9646,622,1.08,1.03,13482,2696,16178,12055,4123,49476,High
2022-05-01,South,MAT-1003,15 kV Cable,9137,3926,1.13,1.041,18125,3625,21750,23313,0,0,High
2022-06-01,South,MAT-1003,15 kV Cable,9400,595,1.15,1.051,14255,2851,17106,19490,0,0,High
2022-07-01,South,MAT-1003,15 kV Cable,7794,2777,1.13,1.062,14963,2993,17956,20205,0,0,High
2022-08-01,South,MAT-1003,15 kV Cable,7289,462,1.08,1.072,10590,2118,12708,14506,0,0,High
2022-09-01,South,MAT-1003,15 kV Cable,8694,2186,1.0,1.083,13902,2780,16682,13617,3065,36780,High
2022-10-01,South,MAT-1003,15 kV Cable,6668,1863,0.92,1.094,10129,2026,12155,11688,467,5604,High
2022-11-01,South,MAT-1003,15 kV Cable,7890,2042,0.87,1.105,11263,2253,13516,13605,0,0,High
2022-12-01,South,MAT-1003,15 kV Cable,6586,1171,0.85,1.116,8680,1736,10416,12281,0,0,High
2023-01-01,South,MAT-1003,15 kV Cable,7301,465,0.87,1.127,8984,1797,10781,10360,421,5052,High
2023-02-01,South,MAT-1003,15 kV Cable,6516,1475,0.92,1.138,9873,1975,11848,14076,0,0,High
2023-03-01,South,MAT-1003,15 kV Cable,8899,1612,1.0,1.149,14257,2851,17108,13717,3391,40692,High
2023-04-01,South,MAT-1003,15 kV Cable,7279,440,1.08,1.161,11421,2284,13705,12291,1414,16968,High
2023-05-01,South,MAT-1003,15 kV Cable,7707,943,1.13,1.173,13524,2705,16229,16574,0,0,High
2023-06-01,South,MAT-1003,15 kV Cable,7652,1780,1.15,1.184,15158,3032,18190,15593,2597,31164,High
2023-07-01,South,MAT-1003,15 kV Cable,9766,3492,1.13,1.196,21146,4229,25375,25760,0,0,High
2023-08-01,South,MAT-1003,15 kV Cable,7933,776,1.08,1.208,13408,2682,16090,17785,0,0,High
2023-09-01,South,MAT-1003,15 kV Cable,9288,3310,1.0,1.22,18139,3628,21767,16854,4913,58956,High
2023-10-01,South,MAT-1003,15 kV Cable,8389,2838,0.92,1.232,15020,3004,18024,21976,0,0,High
2023-11-01,South,MAT-1003,15 kV Cable,6891,2655,0.87,1.245,12198,2440,14638,14300,338,4056,High
2023-12-01,South,MAT-1003,15 kV Cable,7391,2668,0.85,1.257,12684,2537,15221,11434,3787,45444,High
2024-01-01,South,MAT-1003,15 kV Cable,8022,3004,0.87,1.27,14372,2874,17246,16714,532,6384,High
2024-02-01,South,MAT-1003,15 kV Cable,6853,2138,0.92,1.282,12517,2503,15020,14244,776,9312,High
2024-03-01,South,MAT-1003,15 kV Cable,7301,2568,1.0,1.295,15084,3017,18101,21460,0,0,High
2024-04-01,South,MAT-1003,15 kV Cable,9118,4092,1.08,1.308,22023,4405,26428,24322,2106,25272,High
2024-05-01,South,MAT-1003,15 kV Cable,9267,1181,1.13,1.321,18407,3681,22088,20461,1627,19524,High
2024-06-01,South,MAT-1003,15 kV Cable,7621,1220,1.15,1.335,16010,3202,19212,20748,0,0,High
2024-07-01,South,MAT-1003,15 kV Cable,8644,1433,1.13,1.348,18111,3622,21733,17649,4084,49008,High
2024-08-01,South,MAT-1003,15 kV Cable,10139,2029,1.08,1.361,21110,4222,25332,21584,3748,44976,High
2024-09-01,South,MAT-1003,15 kV Cable,8234,1229,1.0,1.375,15353,3071,18424,17643,781,9372,High
2024-10-01,South,MAT-1003,15 kV Cable,8162,2275,0.92,1.389,15734,3147,18881,20558,0,0,High
2024-11-01,South,MAT-1003,15 kV Cable,7074,2560,0.87,1.403,13872,2774,16646,19645,0,0,High
2024-12-01,South,MAT-1003,15 kV Cable,5816,1662,0.85,1.417,10625,2125,12750,11943,807,9684,High
2025-01-01,South,MAT-1003,15 kV Cable,6235,1070,0.87,1.431,10730,2146,12876,15407,0,0,High
2025-02-01,South,MAT-1003,15 kV Cable,6637,1299,0.92,1.445,12450,2490,14940,14006,934,11208,High
2025-03-01,South,MAT-1003,15 kV Cable,7481,2453,1.0,1.46,17109,3422,20531,19725,806,9672,High
2025-04-01,South,MAT-1003,15 kV Cable,7350,2478,1.08,1.474,18463,3693,22156,23606,0,0,High
2025-05-01,South,MAT-1003,15 kV Cable,8341,1595,1.13,1.489,19725,3945,23670,18259,5411,64932,High
2025-06-01,South,MAT-1003,15 kV Cable,7677,3226,1.15,1.504,22249,4450,26699,29628,0,0,High
2025-07-01,South,MAT-1003,15 kV Cable,9462,693,1.13,1.519,20565,4113,24678,27639,0,0,High
2025-08-01,South,MAT-1003,15 kV Cable,8980,3344,1.08,1.534,24092,4818,28910,24036,4874,58488,High
2025-09-01,South,MAT-1003,15 kV Cable,8039,1915,1.0,1.549,18198,3640,21838,26174,0,0,High
2025-10-01,South,MAT-1003,15 kV Cable,8930,1171,0.92,1.565,17159,3432,20591,19944,647,7764,High
2025-11-01,South,MAT-1003,15 kV Cable,7012,3009,0.87,1.58,16259,3252,19511,17087,2424,29088,High
2025-12-01,South,MAT-1003,15 kV Cable,8212,2170,0.85,1.596,16622,3324,19946,22472,0,0,High
2026-01-01,South,MAT-1003,15 kV Cable,7834,1416,0.87,1.612,15310,3062,18372,14674,3698,44376,High
2026-02-01,South,MAT-1003,15 kV Cable,6203,2231,0.92,1.628,14909,2982,17891,21037,0,0,High
2026-03-01,South,MAT-1003,15 kV Cable,7603,469,1.0,1.645,15665,3133,18798,15346,3452,41424,High
2026-04-01,South,MAT-1003,15 kV Cable,8539,3106,1.08,1.661,24651,4930,29581,22537,7044,84528,High
2026-05-01,South,MAT-1003,15 kV Cable,9559,1642,1.13,1.678,25057,5011,30068,34015,0,0,High
2026-06-01,South,MAT-1003,15 kV Cable,9922,3004,1.15,1.694,29722,5944,35666,39341,0,0,High
2026-07-01,South,MAT-1003,15 kV Cable,7522,1240,1.13,1.711,19995,3999,23994,18014,5980,71760,High
2026-08-01,South,MAT-1003,15 kV Cable,9240,561,1.08,1.729,21590,4318,25908,26902,0,0,High
2026-09-01,South,MAT-1003,15 kV Cable,9622,2121,1.0,1.746,24191,4838,29029,22550,6479,77748,High
2026-10-01,South,MAT-1003,15 kV Cable,6768,2466,0.92,1.763,17676,3535,21211,23421,0,0,High
2026-11-01,South,MAT-1003,15 kV Cable,6884,429,0.87,1.781,13370,2674,16044,16672,0,0,High
2026-12-01,South,MAT-1003,15 kV Cable,6684,1249,0.85,1.799,14312,2862,17174,17728,0,0,High
2022-01-01,East,MAT-1003,15 kV Cable,10685,1925,0.87,1.0,12945,2589,15534,17085,0,0,High
2022-02-01,East,MAT-1003,15 kV Cable,8152,579,0.92,1.01,9573,1915,11488,10535,953,11436,High
2022-03-01,East,MAT-1003,15 kV Cable,8356,2961,1.0,1.02,13622,2724,16346,18691,0,0,High
2022-04-01,East,MAT-1003,15 kV Cable,12366,2445,1.08,1.03,19447,3889,23336,21599,1737,20844,High
2022-05-01,East,MAT-1003,15 kV Cable,13121,2864,1.13,1.041,22180,4436,26616,21932,4684,56208,High
2022-06-01,East,MAT-1003,15 kV Cable,14253,3994,1.15,1.051,26024,5205,31229,24986,6243,74916,High
2022-07-01,East,MAT-1003,15 kV Cable,13874,6176,1.13,1.062,28379,5676,34055,31072,2983,35796,High
2022-08-01,East,MAT-1003,15 kV Cable,9792,3527,1.08,1.072,18198,3640,21838,19844,1994,23928,High
2022-09-01,East,MAT-1003,15 kV Cable,9563,2399,1.0,1.083,15285,3057,18342,14276,4066,48792,High
2022-10-01,East,MAT-1003,15 kV Cable,8483,2466,0.92,1.094,13000,2600,15600,16615,0,0,High
2022-11-01,East,MAT-1003,15 kV Cable,9457,1197,0.87,1.105,12082,2416,14498,15700,0,0,High
2022-12-01,East,MAT-1003,15 kV Cable,8321,2139,0.85,1.116,11705,2341,14046,13325,721,8652,High
2023-01-01,East,MAT-1003,15 kV Cable,7395,1179,0.87,1.127,9918,1984,11902,14364,0,0,High
2023-02-01,East,MAT-1003,15 kV Cable,9262,3147,0.92,1.138,15331,3066,18397,13491,4906,58872,High
2023-03-01,East,MAT-1003,15 kV Cable,11700,4960,1.0,1.149,22597,4519,27116,30957,0,0,High
2023-04-01,East,MAT-1003,15 kV Cable,12102,1536,1.08,1.161,20178,4036,24214,17514,6700,80400,High
2023-05-01,East,MAT-1003,15 kV Cable,9796,1394,1.13,1.173,17496,3499,20995,21228,0,0,High
2023-06-01,East,MAT-1003,15 kV Cable,14179,3204,1.15,1.184,27936,5587,33523,31551,1972,23664,High
2023-07-01,East,MAT-1003,15 kV Cable,10634,576,1.13,1.196,17879,3576,21455,22590,0,0,High
2023-08-01,East,MAT-1003,15 kV Cable,12354,2150,1.08,1.208,22331,4466,26797,26786,11,132,High
2023-09-01,East,MAT-1003,15 kV Cable,8597,1340,1.0,1.22,14308,2862,17170,15199,1971,23652,High
2023-10-01,East,MAT-1003,15 kV Cable,11212,3054,0.92,1.232,19086,3817,22903,24919,0,0,High
2023-11-01,East,MAT-1003,15 kV Cable,10196,3768,0.87,1.245,17844,3569,21413,20024,1389,16668,High
2023-12-01,East,MAT-1003,15 kV Cable,7292,1821,0.85,1.257,11491,2298,13789,11844,1945,23340,High
2024-01-01,East,MAT-1003,15 kV Cable,9234,1971,0.87,1.27,14606,2921,17527,15352,2175,26100,High
2024-02-01,East,MAT-1003,15 kV Cable,10815,2264,0.92,1.282,18209,3642,21851,19286,2565,30780,High
2024-03-01,East,MAT-1003,15 kV Cable,9071,3881,1.0,1.295,19796,3959,23755,17720,6035,72420,High
2024-04-01,East,MAT-1003,15 kV Cable,9713,2116,1.08,1.308,19721,3944,23665,18137,5528,66336,High
2024-05-01,East,MAT-1003,15 kV Cable,13063,2441,1.13,1.321,27315,5463,32778,26708,6070,72840,High
2024-06-01,East,MAT-1003,15 kV Cable,11948,5234,1.15,1.335,31115,6223,37338,35857,1481,17772,High
2024-07-01,East,MAT-1003,15 kV Cable,9614,694,1.13,1.348,18526,3705,22231,22523,0,0,High
2024-08-01,East,MAT-1003,15 kV Cable,11998,2107,1.08,1.361,24470,4894,29364,33587,0,0,High
2024-09-01,East,MAT-1003,15 kV Cable,8600,3282,1.0,1.375,19278,3856,23134,19730,3404,40848,High
2024-10-01,East,MAT-1003,15 kV Cable,9927,1178,0.92,1.389,16741,3348,20089,18519,1570,18840,High
2024-11-01,East,MAT-1003,15 kV Cable,8711,787,0.87,1.403,13676,2735,16411,12946,3465,41580,High
2024-12-01,East,MAT-1003,15 kV Cable,9009,535,0.85,1.417,13561,2712,16273,15087,1186,14232,High
2025-01-01,East,MAT-1003,15 kV Cable,10327,1954,0.87,1.431,18039,3608,21647,18037,3610,43320,High
2025-02-01,East,MAT-1003,15 kV Cable,10986,2056,0.92,1.445,20460,4092,24552,17915,6637,79644,High
2025-03-01,East,MAT-1003,15 kV Cable,10616,2387,1.0,1.46,22394,4479,26873,30132,0,0,High
2025-04-01,East,MAT-1003,15 kV Cable,12573,3536,1.08,1.474,30263,6053,36316,27863,8453,101436,High
2025-05-01,East,MAT-1003,15 kV Cable,9639,2849,1.13,1.489,24792,4958,29750,31909,0,0,High
2025-06-01,East,MAT-1003,15 kV Cable,11689,3933,1.15,1.504,31878,6376,38254,35633,2621,31452,High
2025-07-01,East,MAT-1003,15 kV Cable,13088,2673,1.13,1.519,31918,6384,38302,27593,10709,128508,High
2025-08-01,East,MAT-1003,15 kV Cable,12705,3149,1.08,1.534,30993,6199,37192,35523,1669,20028,High
2025-09-01,East,MAT-1003,15 kV Cable,10951,1840,1.0,1.549,23384,4677,28061,31299,0,0,High
2025-10-01,East,MAT-1003,15 kV Cable,9123,2994,0.92,1.565,20584,4117,24701,26532,0,0,High
2025-11-01,East,MAT-1003,15 kV Cable,8891,2863,0.87,1.58,19071,3814,22885,18472,4413,52956,High
2025-12-01,East,MAT-1003,15 kV Cable,7802,2723,0.85,1.596,16851,3370,20221,24708,0,0,High
2026-01-01,East,MAT-1003,15 kV Cable,7767,1390,0.87,1.612,15156,3031,18187,19270,0,0,High
2026-02-01,East,MAT-1003,15 kV Cable,10355,2800,0.92,1.628,23255,4651,27906,24049,3857,46284,High
2026-03-01,East,MAT-1003,15 kV Cable,11445,3230,1.0,1.645,28479,5696,34175,39381,0,0,High
2026-04-01,East,MAT-1003,15 kV Cable,10338,2413,1.08,1.661,26992,5398,32390,23928,8462,101544,High
2026-05-01,East,MAT-1003,15 kV Cable,13061,1832,1.13,1.678,33316,6663,39979,31490,8489,101868,High
2026-06-01,East,MAT-1003,15 kV Cable,12297,3991,1.15,1.694,37452,7490,44942,44129,813,9756,High
2026-07-01,East,MAT-1003,15 kV Cable,9715,3853,1.13,1.711,30962,6192,37154,41382,0,0,High
2026-08-01,East,MAT-1003,15 kV Cable,11612,5015,1.08,1.729,36626,7325,43951,48059,0,0,High
2026-09-01,East,MAT-1003,15 kV Cable,10413,3086,1.0,1.746,27809,5562,33371,38499,0,0,High
2026-10-01,East,MAT-1003,15 kV Cable,7730,1325,0.92,1.763,17333,3467,20800,15992,4808,57696,High
2026-11-01,East,MAT-1003,15 kV Cable,10005,2951,0.87,1.781,23687,4737,28424,32672,0,0,High
2026-12-01,East,MAT-1003,15 kV Cable,9234,3629,0.85,1.799,23206,4641,27847,30402,0,0,High
2022-01-01,West,MAT-1003,15 kV Cable,6593,2212,0.87,1.0,9039,1808,10847,13232,0,0,High
2022-02-01,West,MAT-1003,15 kV Cable,9721,2646,0.92,1.01,13560,2712,16272,19149,0,0,High
2022-03-01,West,MAT-1003,15 kV Cable,9544,1301,1.0,1.02,13054,2611,15665,11794,3871,46452,High
2022-04-01,West,MAT-1003,15 kV Cable,9605,1212,1.08,1.03,14203,2841,17044,15052,1992,23904,High
2022-05-01,West,MAT-1003,15 kV Cable,11756,4349,1.13,1.041,22346,4469,26815,24857,1958,23496,High
2022-06-01,West,MAT-1003,15 kV Cable,8340,1519,1.15,1.051,14061,2812,16873,14809,2064,24768,High
2022-07-01,West,MAT-1003,15 kV Cable,9655,2928,1.13,1.062,17810,3562,21372,24677,0,0,High
2022-08-01,West,MAT-1003,15 kV Cable,9703,3909,1.08,1.072,18598,3720,22318,19880,2438,29256,High
2022-09-01,West,MAT-1003,15 kV Cable,9770,3721,1.0,1.083,17238,3448,20686,22137,0,0,High
2022-10-01,West,MAT-1003,15 kV Cable,8669,3371,0.92,1.094,14295,2859,17154,13309,3845,46140,High
2022-11-01,West,MAT-1003,15 kV Cable,9284,1165,0.87,1.105,11849,2370,14219,15961,0,0,High
2022-12-01,West,MAT-1003,15 kV Cable,7040,411,0.85,1.116,8338,1668,10006,10425,0,0,High
2023-01-01,West,MAT-1003,15 kV Cable,7931,560,0.87,1.127,9822,1964,11786,11423,363,4356,High
2023-02-01,West,MAT-1003,15 kV Cable,7710,1079,0.92,1.138,10859,2172,13031,15202,0,0,High
2023-03-01,West,MAT-1003,15 kV Cable,7407,3058,1.0,1.149,14195,2839,17034,15103,1931,23172,High
2023-04-01,West,MAT-1003,15 kV Cable,7867,749,1.08,1.161,12748,2550,15298,12521,2777,33324,High
2023-05-01,West,MAT-1003,15 kV Cable,9212,3689,1.13,1.173,20171,4034,24205,28117,0,0,High
2023-06-01,West,MAT-1003,15 kV Cable,8769,3417,1.15,1.184,19584,3917,23501,23776,0,0,High
2023-07-01,West,MAT-1003,15 kV Cable,9872,2367,1.13,1.196,19521,3904,23425,16965,6460,77520,High
2023-08-01,West,MAT-1003,15 kV Cable,11138,1542,1.08,1.208,19522,3904,23426,28567,0,0,High
2023-09-01,West,MAT-1003,15 kV Cable,7899,875,1.0,1.22,12633,2527,15160,16341,0,0,High
2023-10-01,West,MAT-1003,15 kV Cable,6829,1364,0.92,1.232,10961,2192,13153,13921,0,0,High
2023-11-01,West,MAT-1003,15 kV Cable,6357,1569,0.87,1.245,10128,2026,12154,12720,0,0,High
2023-12-01,West,MAT-1003,15 kV Cable,8921,1269,0.85,1.257,12849,2570,15419,15887,0,0,High
2024-01-01,West,MAT-1003,15 kV Cable,8625,3726,0.87,1.27,16100,3220,19320,15718,3602,43224,High
2024-02-01,West,MAT-1003,15 kV Cable,8658,1826,0.92,1.282,14596,2919,17515,19042,0,0,High
2024-03-01,West,MAT-1003,15 kV Cable,8477,1042,1.0,1.295,14549,2910,17459,20873,0,0,High
2024-04-01,West,MAT-1003,15 kV Cable,11359,1618,1.08,1.308,21635,4327,25962,24994,968,11616,High
2024-05-01,West,MAT-1003,15 kV Cable,11050,1780,1.13,1.321,22604,4521,27125,21756,5369,64428,High
2024-06-01,West,MAT-1003,15 kV Cable,8766,1622,1.15,1.335,18812,3762,22574,25938,0,0,High
2024-07-01,West,MAT-1003,15 kV Cable,8857,473,1.13,1.348,16768,3354,20122,23372,0,0,High
2024-08-01,West,MAT-1003,15 kV Cable,8282,1700,1.08,1.361,17318,3464,20782,21473,0,0,High
2024-09-01,West,MAT-1003,15 kV Cable,9402,3702,1.0,1.375,21260,4252,25512,25410,102,1224,High
2024-10-01,West,MAT-1003,15 kV Cable,7499,454,0.92,1.389,11990,2398,14388,16086,0,0,High
2024-11-01,West,MAT-1003,15 kV Cable,7118,1126,0.87,1.403,11870,2374,14244,15525,0,0,High
2024-12-01,West,MAT-1003,15 kV Cable,6445,1555,0.85,1.417,11367,2273,13640,10624,3016,36192,High
2025-01-01,West,MAT-1003,15 kV Cable,6865,2934,0.87,1.431,14393,2879,17272,20557,0,0,High
2025-02-01,West,MAT-1003,15 kV Cable,7495,2254,0.92,1.445,15294,3059,18353,22521,0,0,High
2025-03-01,West,MAT-1003,15 kV Cable,9846,1828,1.0,1.46,20105,4021,24126,19656,4470,53640,High
2025-04-01,West,MAT-1003,15 kV Cable,9399,2150,1.08,1.474,21696,4339,26035,27918,0,0,High
2025-05-01,West,MAT-1003,15 kV Cable,11212,922,1.13,1.489,24089,4818,28907,30724,0,0,High
2025-06-01,West,MAT-1003,15 kV Cable,8722,2875,1.15,1.504,23665,4733,28398,22737,5661,67932,High
2025-07-01,West,MAT-1003,15 kV Cable,10502,2003,1.13,1.519,25325,5065,30390,26905,3485,41820,High
2025-08-01,West,MAT-1003,15 kV Cable,11386,3446,1.08,1.534,28995,5799,34794,28895,5899,70788,High
2025-09-01,West,MAT-1003,15 kV Cable,7789,1026,1.0,1.549,16116,3223,19339,17881,1458,17496,High
2025-10-01,West,MAT-1003,15 kV Cable,8899,471,0.92,1.565,15917,3183,19100,21672,0,0,High
2025-11-01,West,MAT-1003,15 kV Cable,6902,730,0.87,1.58,12383,2477,14860,15092,0,0,High
2025-12-01,West,MAT-1003,15 kV Cable,6642,1673,0.85,1.596,13313,2663,15976,14836,1140,13680,High
2026-01-01,West,MAT-1003,15 kV Cable,8206,979,0.87,1.612,15202,3040,18242,15038,3204,38448,High
2026-02-01,West,MAT-1003,15 kV Cable,8019,1483,0.92,1.628,16797,3359,20156,15145,5011,60132,High
2026-03-01,West,MAT-1003,15 kV Cable,8238,1576,1.0,1.645,19046,3809,22855,17774,5081,60972,High
2026-04-01,West,MAT-1003,15 kV Cable,9961,1448,1.08,1.661,24151,4830,28981,29780,0,0,High
2026-05-01,West,MAT-1003,15 kV Cable,9630,729,1.13,1.678,23173,4635,27808,28165,0,0,High
2026-06-01,West,MAT-1003,15 kV Cable,10849,597,1.15,1.694,26319,5264,31583,37077,0,0,High
2026-07-01,West,MAT-1003,15 kV Cable,8822,3523,1.13,1.711,28171,5634,33805,29984,3821,45852,High
2026-08-01,West,MAT-1003,15 kV Cable,9403,1351,1.08,1.729,23689,4738,28427,28466,0,0,High
2026-09-01,West,MAT-1003,15 kV Cable,8262,3215,1.0,1.746,23643,4729,28372,30968,0,0,High
2026-10-01,West,MAT-1003,15 kV Cable,6979,393,0.92,1.763,14112,2822,16934,13954,2980,35760,High
2026-11-01,West,MAT-1003,15 kV Cable,7783,1475,0.87,1.781,16926,3385,20311,21755,0,0,High
2026-12-01,West,MAT-1003,15 kV Cable,8039,3019,0.85,1.799,19950,3990,23940,20242,3698,44376,High
2022-01-01,North,MAT-1004,35 kV Cable,7924,3483,0.87,1.0,11710,2342,14052,15257,0,0,High
2022-02-01,North,MAT-1004,35 kV Cable,8037,521,0.92,1.01,9383,1877,11260,12615,0,0,High
2022-03-01,North,MAT-1004,35 kV Cable,6593,1480,1.0,1.02,9718,1944,11662,9538,2124,57348,High
2022-04-01,North,MAT-1004,35 kV Cable,7887,865,1.08,1.03,11492,2298,13790,13121,669,18063,High
2022-05-01,North,MAT-1004,35 kV Cable,9427,1790,1.13,1.041,15564,3113,18677,21909,0,0,High
2022-06-01,North,MAT-1004,35 kV Cable,10208,1176,1.15,1.051,16236,3247,19483,23324,0,0,High
2022-07-01,North,MAT-1004,35 kV Cable,7344,924,1.13,1.062,11703,2341,14044,16341,0,0,High
2022-08-01,North,MAT-1004,35 kV Cable,7978,1641,1.08,1.072,13143,2629,15772,17383,0,0,High
2022-09-01,North,MAT-1004,35 kV Cable,8786,890,1.0,1.083,12364,2473,14837,16103,0,0,High
2022-10-01,North,MAT-1004,35 kV Cable,6625,2927,0.92,1.094,11341,2268,13609,12679,930,25110,High
2022-11-01,North,MAT-1004,35 kV Cable,8017,3071,0.87,1.105,12574,2515,15089,11873,3216,86832,High
2022-12-01,North,MAT-1004,35 kV Cable,7526,2151,0.85,1.116,10829,2166,12995,9672,3323,89721,High
2023-01-01,North,MAT-1004,35 kV Cable,5797,2043,0.87,1.127,9069,1814,10883,13202,0,0,High
2023-02-01,North,MAT-1004,35 kV Cable,8475,608,0.92,1.138,11222,2244,13466,11954,1512,40824,High
2023-03-01,North,MAT-1004,35 kV Cable,8346,3205,1.0,1.149,15668,3134,18802,17828,974,26298,High
2023-04-01,North,MAT-1004,35 kV Cable,9019,3992,1.08,1.161,19250,3850,23100,19407,3693,99711,High
2023-05-01,North,MAT-1004,35 kV Cable,7354,2815,1.13,1.173,15899,3180,19079,18773,306,8262,High
2023-06-01,North,MAT-1004,35 kV Cable,9615,1012,1.15,1.184,17079,3416,20495,18100,2395,64665,High
2023-07-01,North,MAT-1004,35 kV Cable,7230,1078,1.13,1.196,13251,2650,15901,17015,0,0,High
2023-08-01,North,MAT-1004,35 kV Cable,7059,2704,1.08,1.208,15031,3006,18037,18353,0,0,High
2023-09-01,North,MAT-1004,35 kV Cable,7973,3152,1.0,1.22,16018,3204,19222,22931,0,0,High
2023-10-01,North,MAT-1004,35 kV Cable,5904,1647,0.92,1.232,10102,2020,12122,10211,1911,51597,High
2023-11-01,North,MAT-1004,35 kV Cable,7972,1571,0.87,1.245,12194,2439,14633,12063,2570,69390,High
2023-12-01,North,MAT-1004,35 kV Cable,7556,2224,0.85,1.257,12332,2466,14798,14550,248,6696,High
2024-01-01,North,MAT-1004,35 kV Cable,6283,2347,0.87,1.27,11249,2250,13499,11762,1737,46899,High
2024-02-01,North,MAT-1004,35 kV Cable,6974,1727,0.92,1.282,12114,2423,14537,16037,0,0,High
2024-03-01,North,MAT-1004,35 kV Cable,6449,1598,1.0,1.295,12299,2460,14759,15781,0,0,High
2024-04-01,North,MAT-1004,35 kV Cable,7246,2463,1.08,1.308,16187,3237,19424,17714,1710,46170,High
2024-05-01,North,MAT-1004,35 kV Cable,7402,1611,1.13,1.321,15879,3176,19055,19440,0,0,High
2024-06-01,North,MAT-1004,35 kV Cable,9934,2137,1.15,1.335,21860,4372,26232,28073,0,0,High
2024-07-01,North,MAT-1004,35 kV Cable,8346,916,1.13,1.348,16646,3329,19975,17771,2204,59508,High
2024-08-01,North,MAT-1004,35 kV Cable,8092,3231,1.08,1.361,19644,3929,23573,17308,6265,169155,High
2024-09-01,North,MAT-1004,35 kV Cable,8153,2958,1.0,1.375,18027,3605,21632,25832,0,0,High
2024-10-01,North,MAT-1004,35 kV Cable,6465,1995,0.92,1.389,12754,2551,15305,15925,0,0,High
2024-11-01,North,MAT-1004,35 kV Cable,7081,2389,0.87,1.403,13636,2727,16363,17680,0,0,High
2024-12-01,North,MAT-1004,35 kV Cable,5495,1012,0.85,1.417,9245,1849,11094,12474,0,0,High
2025-01-01,North,MAT-1004,35 kV Cable,5813,2269,0.87,1.431,11871,2374,14245,17413,0,0,High
2025-02-01,North,MAT-1004,35 kV Cable,7224,633,0.92,1.445,12326,2465,14791,13382,1409,38043,High
2025-03-01,North,MAT-1004,35 kV Cable,6440,561,1.0,1.46,12057,2411,14468,13658,810,21870,High
2025-04-01,North,MAT-1004,35 kV Cable,7153,2312,1.08,1.474,17781,3556,21337,22799,0,0,High
2025-05-01,North,MAT-1004,35 kV Cable,9596,3201,1.13,1.489,25405,5081,30486,35020,0,0,High
2025-06-01,North,MAT-1004,35 kV Cable,10299,2924,1.15,1.504,26983,5397,32380,38589,0,0,High
2025-07-01,North,MAT-1004,35 kV Cable,7163,2953,1.13,1.519,20486,4097,24583,21557,3026,81702,High
2025-08-01,North,MAT-1004,35 kV Cable,8260,1613,1.08,1.534,19301,3860,23161,18005,5156,139212,High
2025-09-01,North,MAT-1004,35 kV Cable,7767,1250,1.0,1.549,16485,3297,19782,18083,1699,45873,High
2025-10-01,North,MAT-1004,35 kV Cable,6145,1330,0.92,1.565,12698,2540,15238,11993,3245,87615,High
2025-11-01,North,MAT-1004,35 kV Cable,6829,1140,0.87,1.58,12930,2586,15516,15537,0,0,High
2025-12-01,North,MAT-1004,35 kV Cable,7793,2061,0.85,1.596,15777,3155,18932,22478,0,0,High
2026-01-01,North,MAT-1004,35 kV Cable,6632,526,0.87,1.612,11847,2369,14216,11669,2547,68769,High
2026-02-01,North,MAT-1004,35 kV Cable,7047,781,0.92,1.628,13838,2768,16606,15213,1393,37611,High
2026-03-01,North,MAT-1004,35 kV Cable,6334,1608,1.0,1.645,15413,3083,18496,21142,0,0,High
2026-04-01,North,MAT-1004,35 kV Cable,7075,2335,1.08,1.661,19920,3984,23904,20376,3528,95256,High
2026-05-01,North,MAT-1004,35 kV Cable,8865,1296,1.13,1.678,22730,4546,27276,27611,0,0,High
2026-06-01,North,MAT-1004,35 kV Cable,7997,983,1.15,1.694,20649,4130,24779,19273,5506,148662,High
2026-07-01,North,MAT-1004,35 kV Cable,7203,1054,1.13,1.711,18842,3768,22610,17514,5096,137592,High
2026-08-01,North,MAT-1004,35 kV Cable,6741,2246,1.08,1.729,19797,3959,23756,18241,5515,148905,High
2026-09-01,North,MAT-1004,35 kV Cable,8043,2598,1.0,1.746,21921,4384,26305,31399,0,0,High
2026-10-01,North,MAT-1004,35 kV Cable,5803,1807,0.92,1.763,14567,2913,17480,19078,0,0,High
2026-11-01,North,MAT-1004,35 kV Cable,8133,1957,0.87,1.781,18447,3689,22136,25409,0,0,High
2026-12-01,North,MAT-1004,35 kV Cable,6730,1412,0.85,1.799,14689,2938,17627,14899,2728,73656,High
2022-01-01,South,MAT-1004,35 kV Cable,6534,357,0.87,1.0,7074,1415,8489,6696,1793,48411,High
2022-02-01,South,MAT-1004,35 kV Cable,6883,755,0.92,1.01,8375,1675,10050,8216,1834,49518,High
2022-03-01,South,MAT-1004,35 kV Cable,6440,2259,1.0,1.02,10471,2094,12565,14941,0,0,High
2022-04-01,South,MAT-1004,35 kV Cable,6580,1570,1.08,1.03,10701,2140,12841,13763,0,0,High
2022-05-01,South,MAT-1004,35 kV Cable,8959,3531,1.13,1.041,17330,3466,20796,18245,2551,68877,High
2022-06-01,South,MAT-1004,35 kV Cable,9923,576,1.15,1.051,14974,2995,17969,16238,1731,46737,High
2022-07-01,South,MAT-1004,35 kV Cable,9951,3827,1.13,1.062,19502,3900,23402,26086,0,0,High
2022-08-01,South,MAT-1004,35 kV Cable,6850,360,1.08,1.072,9851,1970,11821,8625,3196,86292,High
2022-09-01,South,MAT-1004,35 kV Cable,8121,1267,1.0,1.083,11996,2399,14395,14463,0,0,High
2022-10-01,South,MAT-1004,35 kV Cable,6500,2731,0.92,1.094,10960,2192,13152,15509,0,0,High
2022-11-01,South,MAT-1004,35 kV Cable,5507,2449,0.87,1.105,9022,1804,10826,10367,459,12393,High
2022-12-01,South,MAT-1004,35 kV Cable,5606,976,0.85,1.116,7365,1473,8838,8978,0,0,High
2023-01-01,South,MAT-1004,35 kV Cable,5664,652,0.87,1.127,7306,1461,8767,6995,1772,47844,High
2023-02-01,South,MAT-1004,35 kV Cable,5656,1958,0.92,1.138,9407,1881,11288,13747,0,0,High
2023-03-01,South,MAT-1004,35 kV Cable,8703,2781,1.0,1.149,15577,3115,18692,21339,0,0,High
2023-04-01,South,MAT-1004,35 kV Cable,8550,2202,1.08,1.161,15908,3182,19090,17563,1527,41229,High
2023-05-01,South,MAT-1004,35 kV Cable,7354,708,1.13,1.173,12605,2521,15126,18341,0,0,High
2023-06-01,South,MAT-1004,35 kV Cable,8385,805,1.15,1.184,14769,2954,17723,17883,0,0,High
2023-07-01,South,MAT-1004,35 kV Cable,8255,2457,1.13,1.196,17085,3417,20502,18573,1929,52083,High
2023-08-01,South,MAT-1004,35 kV Cable,8933,682,1.08,1.208,14803,2961,17764,21094,0,0,High
2023-09-01,South,MAT-1004,35 kV Cable,7108,2535,1.0,1.22,13884,2777,16661,17100,0,0,High
2023-10-01,South,MAT-1004,35 kV Cable,7133,2307,0.92,1.232,12630,2526,15156,16546,0,0,High
2023-11-01,South,MAT-1004,35 kV Cable,5940,1007,0.87,1.245,8877,1775,10652,9498,1154,31158,High
2023-12-01,South,MAT-1004,35 kV Cable,5139,387,0.85,1.257,6968,1394,8362,7133,1229,33183,High
2024-01-01,South,MAT-1004,35 kV Cable,6610,1637,0.87,1.27,10750,2150,12900,13243,0,0,High
2024-02-01,South,MAT-1004,35 kV Cable,5698,297,0.92,1.282,8346,1669,10015,11661,0,0,High
2024-03-01,South,MAT-1004,35 kV Cable,8853,682,1.0,1.295,14573,2915,17488,14465,3023,81621,High
2024-04-01,South,MAT-1004,35 kV Cable,6515,1869,1.08,1.308,13978,2796,16774,12913,3861,104247,High
2024-05-01,South,MAT-1004,35 kV Cable,8012,3356,1.13,1.321,20028,4006,24034,21444,2590,69930,High
2024-06-01,South,MAT-1004,35 kV Cable,7506,1993,1.15,1.335,17202,3440,20642,23497,0,0,High
2024-07-01,South,MAT-1004,35 kV Cable,8343,2715,1.13,1.348,19874,3975,23849,20012,3837,103599,High
2024-08-01,South,MAT-1004,35 kV Cable,9310,1913,1.08,1.361,19471,3894,23365,18111,5254,141858,High
2024-09-01,South,MAT-1004,35 kV Cable,6346,1879,1.0,1.375,13344,2669,16013,15006,1007,27189,High
2024-10-01,South,MAT-1004,35 kV Cable,7484,1162,0.92,1.389,13034,2607,15641,16707,0,0,High
2024-11-01,South,MAT-1004,35 kV Cable,6431,1609,0.87,1.403,11577,2315,13892,13897,0,0,High
2024-12-01,South,MAT-1004,35 kV Cable,6908,3091,0.85,1.417,14207,2841,17048,13836,3212,86724,High
2025-01-01,South,MAT-1004,35 kV Cable,7634,3420,0.87,1.431,16236,3247,19483,22294,0,0,High
2025-02-01,South,MAT-1004,35 kV Cable,8077,2422,0.92,1.445,16471,3294,19765,21110,0,0,High
2025-03-01,South,MAT-1004,35 kV Cable,8154,3594,1.0,1.46,20233,4047,24280,28489,0,0,High
2025-04-01,South,MAT-1004,35 kV Cable,6461,899,1.08,1.474,13827,2765,16592,18325,0,0,High
2025-05-01,South,MAT-1004,35 kV Cable,9182,2361,1.13,1.489,22916,4583,27499,23211,4288,115776,High
2025-06-01,South,MAT-1004,35 kV Cable,8330,3053,1.15,1.504,23228,4646,27874,29240,0,0,High
2025-07-01,South,MAT-1004,35 kV Cable,9760,2323,1.13,1.519,24470,4894,29364,31039,0,0,High
2025-08-01,South,MAT-1004,35 kV Cable,7824,3468,1.08,1.534,22075,4415,26490,20625,5865,158355,High
2025-09-01,South,MAT-1004,35 kV Cable,6059,2586,1.0,1.549,15805,3161,18966,18859,107,2889,High
2025-10-01,South,MAT-1004,35 kV Cable,5767,2299,0.92,1.565,13702,2740,16442,15478,964,26028,High
2025-11-01,South,MAT-1004,35 kV Cable,7501,2353,0.87,1.58,15988,3198,19186,22630,0,0,High
2025-12-01,South,MAT-1004,35 kV Cable,5327,1575,0.85,1.596,11050,2210,13260,10712,2548,68796,High
2026-01-01,South,MAT-1004,35 kV Cable,7232,964,0.87,1.612,13565,2713,16278,18108,0,0,High
2026-02-01,South,MAT-1004,35 kV Cable,6638,2919,0.92,1.628,16894,3379,20273,18673,1600,43200,High
2026-03-01,South,MAT-1004,35 kV Cable,7186,2683,1.0,1.645,19152,3830,22982,22280,702,18954,High
2026-04-01,South,MAT-1004,35 kV Cable,7801,3380,1.08,1.661,23669,4734,28403,25636,2767,74709,High
2026-05-01,South,MAT-1004,35 kV Cable,7198,481,1.13,1.678,17178,3436,20614,21952,0,0,High
2026-06-01,South,MAT-1004,35 kV Cable,7114,807,1.15,1.694,18213,3643,21856,25421,0,0,High
2026-07-01,South,MAT-1004,35 kV Cable,9013,2009,1.13,1.711,25152,5030,30182,31746,0,0,High
2026-08-01,South,MAT-1004,35 kV Cable,8828,3625,1.08,1.729,27432,5486,32918,27448,5470,147690,High
2026-09-01,South,MAT-1004,35 kV Cable,6328,1942,1.0,1.746,17037,3407,20444,14967,5477,147879,High
2026-10-01,South,MAT-1004,35 kV Cable,7321,1238,0.92,1.763,16384,3277,19661,14642,5019,135513,High
2026-11-01,South,MAT-1004,35 kV Cable,6222,2310,0.87,1.781,15599,3120,18719,13633,5086,137322,High
2026-12-01,South,MAT-1004,35 kV Cable,7114,2201,0.85,1.799,16805,3361,20166,17051,3115,84105,High
2022-01-01,East,MAT-1004,35 kV Cable,7294,2858,0.87,1.0,10422,2084,12506,15212,0,0,High
2022-02-01,East,MAT-1004,35 kV Cable,8991,1379,0.92,1.01,11370,2274,13644,14813,0,0,High
2022-03-01,East,MAT-1004,35 kV Cable,8501,1197,1.0,1.02,11674,2335,14009,10639,3370,90990,High
2022-04-01,East,MAT-1004,35 kV Cable,8600,1169,1.08,1.03,12827,2565,15392,18386,0,0,High
2022-05-01,East,MAT-1004,35 kV Cable,8548,2124,1.13,1.041,14808,2962,17770,19439,0,0,High
2022-06-01,East,MAT-1004,35 kV Cable,12682,5694,1.15,1.051,26208,5242,31450,38557,0,0,High
2022-07-01,East,MAT-1004,35 kV Cable,11181,1414,1.13,1.062,17827,3565,21392,24112,0,0,High
2022-08-01,East,MAT-1004,35 kV Cable,8636,3318,1.08,1.072,16333,3267,19600,22668,0,0,High
2022-09-01,East,MAT-1004,35 kV Cable,9561,2713,1.0,1.083,15683,3137,18820,14198,4622,124794,High
2022-10-01,East,MAT-1004,35 kV Cable,8198,1188,0.92,1.094,11144,2229,13373,12866,507,13689,High
2022-11-01,East,MAT-1004,35 kV Cable,6884,439,0.87,1.105,8304,1661,9965,10197,0,0,High
2022-12-01,East,MAT-1004,35 kV Cable,6774,2250,0.85,1.116,10098,2020,12118,12959,0,0,High
2023-01-01,East,MAT-1004,35 kV Cable,8243,2194,0.87,1.127,12074,2415,14489,10613,3876,104652,High
2023-02-01,East,MAT-1004,35 kV Cable,7188,526,0.92,1.138,9531,1906,11437,11035,402,10854,High
2023-03-01,East,MAT-1004,35 kV Cable,10209,1723,1.0,1.149,16184,3237,19421,15192,4229,114183,High
2023-04-01,East,MAT-1004,35 kV Cable,9454,1668,1.08,1.161,16455,3291,19746,21116,0,0,High
2023-05-01,East,MAT-1004,35 kV Cable,11280,1883,1.13,1.173,20581,4116,24697,26338,0,0,High
2023-06-01,East,MAT-1004,35 kV Cable,8843,1733,1.15,1.184,16997,3399,20396,15207,5189,140103,High
2023-07-01,East,MAT-1004,35 kV Cable,10940,1235,1.13,1.196,19418,3884,23302,26715,0,0,High
2023-08-01,East,MAT-1004,35 kV Cable,8674,3735,1.08,1.208,19105,3821,22926,17547,5379,145233,High
2023-09-01,East,MAT-1004,35 kV Cable,8143,3585,1.0,1.22,16886,3377,20263,17638,2625,70875,High
2023-10-01,East,MAT-1004,35 kV Cable,7909,3429,0.92,1.232,15169,3034,18203,15725,2478,66906,High
2023-11-01,East,MAT-1004,35 kV Cable,7706,752,0.87,1.245,10808,2162,12970,12812,158,4266,High
2023-12-01,East,MAT-1004,35 kV Cable,8960,1881,0.85,1.257,13670,2734,16404,19434,0,0,High
2024-01-01,East,MAT-1004,35 kV Cable,7893,1847,0.87,1.27,12696,2539,15235,16324,0,0,High
2024-02-01,East,MAT-1004,35 kV Cable,7640,2699,0.92,1.282,14394,2879,17273,19574,0,0,High
2024-03-01,East,MAT-1004,35 kV Cable,7891,1660,1.0,1.295,14598,2920,17518,13921,3597,97119,High
2024-04-01,East,MAT-1004,35 kV Cable,9456,502,1.08,1.308,16602,3320,19922,20264,0,0,High
2024-05-01,East,MAT-1004,35 kV Cable,12020,4103,1.13,1.321,28406,5681,34087,33233,854,23058,High
2024-06-01,East,MAT-1004,35 kV Cable,12133,915,1.15,1.335,23629,4726,28355,20927,7428,200556,High
2024-07-01,East,MAT-1004,35 kV Cable,12347,1919,1.13,1.348,25639,5128,30767,25791,4976,134352,High
2024-08-01,East,MAT-1004,35 kV Cable,10814,3368,1.08,1.361,24604,4921,29525,29911,0,0,High
2024-09-01,East,MAT-1004,35 kV Cable,8154,2089,1.0,1.375,16619,3324,19943,19259,684,18468,High
2024-10-01,East,MAT-1004,35 kV Cable,8455,1696,0.92,1.389,15303,3061,18364,17025,1339,36153,High
2024-11-01,East,MAT-1004,35 kV Cable,6692,604,0.87,1.403,10505,2101,12606,12223,383,10341,High
2024-12-01,East,MAT-1004,35 kV Cable,6523,1136,0.85,1.417,10882,2176,13058,13631,0,0,High
2025-01-01,East,MAT-1004,35 kV Cable,9788,3920,0.87,1.431,20135,4027,24162,20479,3683,99441,High
2025-02-01,East,MAT-1004,35 kV Cable,8130,1717,0.92,1.445,15448,3090,18538,16675,1863,50301,High
2025-03-01,East,MAT-1004,35 kV Cable,10141,758,1.0,1.46,18771,3754,22525,18336,4189,113103,High
2025-04-01,East,MAT-1004,35 kV Cable,8335,3391,1.08,1.474,22029,4406,26435,30263,0,0,High
2025-05-01,East,MAT-1004,35 kV Cable,10956,3061,1.13,1.489,27827,5565,33392,38204,0,0,High
2025-06-01,East,MAT-1004,35 kV Cable,9009,3987,1.15,1.504,26520,5304,31824,29680,2144,57888,High
2025-07-01,East,MAT-1004,35 kV Cable,12178,5299,1.13,1.519,35394,7079,42473,46707,0,0,High
2025-08-01,East,MAT-1004,35 kV Cable,10638,2237,1.08,1.534,25169,5034,30203,30769,0,0,High
2025-09-01,East,MAT-1004,35 kV Cable,9811,1858,1.0,1.549,21333,4267,25600,27204,0,0,High
2025-10-01,East,MAT-1004,35 kV Cable,7845,1367,0.92,1.565,15649,3130,18779,20880,0,0,High
2025-11-01,East,MAT-1004,35 kV Cable,8004,1038,0.87,1.58,14671,2934,17605,21102,0,0,High
2025-12-01,East,MAT-1004,35 kV Cable,9548,1952,0.85,1.596,18412,3682,22094,18738,3356,90612,High
2026-01-01,East,MAT-1004,35 kV Cable,7187,633,0.87,1.612,12943,2589,15532,14458,1074,28998,High
2026-02-01,East,MAT-1004,35 kV Cable,9427,3727,0.92,1.628,23253,4651,27904,30393,0,0,High
2026-03-01,East,MAT-1004,35 kV Cable,10073,875,1.0,1.645,21246,4249,25495,28972,0,0,High
2026-04-01,East,MAT-1004,35 kV Cable,11974,2867,1.08,1.661,31417,6283,37700,35157,2543,68661,High
2026-05-01,East,MAT-1004,35 kV Cable,11864,2360,1.13,1.678,31820,6364,38184,40528,0,0,High
2026-06-01,East,MAT-1004,35 kV Cable,11272,1150,1.15,1.694,28563,5713,34276,36043,0,0,High
2026-07-01,East,MAT-1004,35 kV Cable,12176,5026,1.13,1.711,39255,7851,47106,45364,1742,47034,High
2026-08-01,East,MAT-1004,35 kV Cable,10846,2439,1.08,1.729,29265,5853,35118,31147,3971,107217,High
2026-09-01,East,MAT-1004,35 kV Cable,9831,1667,1.0,1.746,23687,4737,28424,31272,0,0,High
2026-10-01,East,MAT-1004,35 kV Cable,9621,870,0.92,1.763,20082,4016,24098,18706,5392,145584,High
2026-11-01,East,MAT-1004,35 kV Cable,6617,754,0.87,1.781,13476,2695,16171,14382,1789,48303,High
2026-12-01,East,MAT-1004,35 kV Cable,7757,669,0.85,1.799,15201,3040,18241,18443,0,0,High
2022-01-01,West,MAT-1004,35 kV Cable,8327,2018,0.87,1.0,10620,2124,12744,11215,1529,41283,High
2022-02-01,West,MAT-1004,35 kV Cable,8358,1080,0.92,1.01,10348,2070,12418,9337,3081,83187,High
2022-03-01,West,MAT-1004,35 kV Cable,7861,941,1.0,1.02,10595,2119,12714,14279,0,0,High
2022-04-01,West,MAT-1004,35 kV Cable,7869,472,1.08,1.03,10952,2190,13142,15375,0,0,High
2022-05-01,West,MAT-1004,35 kV Cable,9739,3022,1.13,1.041,17706,3541,21247,18900,2347,63369,High
2022-06-01,West,MAT-1004,35 kV Cable,8419,666,1.15,1.051,12957,2591,15548,14535,1013,27351,High
2022-07-01,West,MAT-1004,35 kV Cable,8200,2916,1.13,1.062,15734,3147,18881,15468,3413,92151,High
2022-08-01,West,MAT-1004,35 kV Cable,10233,2404,1.08,1.072,17266,3453,20719,15756,4963,134001,High
2022-09-01,West,MAT-1004,35 kV Cable,7577,2660,1.0,1.083,13081,2616,15697,17492,0,0,High
2022-10-01,West,MAT-1004,35 kV Cable,6066,1876,0.92,1.094,9430,1886,11316,11768,0,0,High
2022-11-01,West,MAT-1004,35 kV Cable,7213,2697,0.87,1.105,11238,2248,13486,13705,0,0,High
2022-12-01,West,MAT-1004,35 kV Cable,6474,604,0.85,1.116,7920,1584,9504,7955,1549,41823,High
2023-01-01,West,MAT-1004,35 kV Cable,6180,634,0.87,1.127,7882,1576,9458,8290,1168,31536,High
2023-02-01,West,MAT-1004,35 kV Cable,8397,2557,0.92,1.138,13534,2707,16241,17382,0,0,High
2023-03-01,West,MAT-1004,35 kV Cable,6991,1162,1.0,1.149,11059,2212,13271,10607,2664,71928,High
2023-04-01,West,MAT-1004,35 kV Cable,10475,546,1.08,1.161,16306,3261,19567,18266,1301,35127,High
2023-05-01,West,MAT-1004,35 kV Cable,8512,3770,1.13,1.173,19203,3841,23044,25094,0,0,High
2023-06-01,West,MAT-1004,35 kV Cable,7618,1277,1.15,1.184,14295,2859,17154,18502,0,0,High
2023-07-01,West,MAT-1004,35 kV Cable,9183,3204,1.13,1.196,19757,3951,23708,26746,0,0,High
2023-08-01,West,MAT-1004,35 kV Cable,7789,3212,1.08,1.208,16937,3387,20324,19989,335,9045,High
2023-09-01,West,MAT-1004,35 kV Cable,9064,3903,1.0,1.22,18670,3734,22404,17346,5058,136566,High
2023-10-01,West,MAT-1004,35 kV Cable,6414,394,0.92,1.232,9108,1822,10930,11490,0,0,High
2023-11-01,West,MAT-1004,35 kV Cable,8319,2760,0.87,1.245,14157,2831,16988,17414,0,0,High
2023-12-01,West,MAT-1004,35 kV Cable,7702,696,0.85,1.257,10589,2118,12707,14169,0,0,High
2024-01-01,West,MAT-1004,35 kV Cable,7299,2031,0.87,1.27,12162,2432,14594,13539,1055,28485,High
2024-02-01,West,MAT-1004,35 kV Cable,6812,2359,0.92,1.282,12768,2554,15322,17588,0,0,High
2024-03-01,West,MAT-1004,35 kV Cable,9786,1486,1.0,1.295,17228,3446,20674,25136,0,0,High
2024-04-01,West,MAT-1004,35 kV Cable,8111,3207,1.08,1.308,18869,3774,22643,18913,3730,100710,High
2024-05-01,West,MAT-1004,35 kV Cable,9420,3213,1.13,1.321,22257,4451,26708,25868,840,22680,High
2024-06-01,West,MAT-1004,35 kV Cable,8938,1794,1.15,1.335,19435,3887,23322,24838,0,0,High
2024-07-01,West,MAT-1004,35 kV Cable,9043,953,1.13,1.348,17965,3593,21558,20189,1369,36963,High
2024-08-01,West,MAT-1004,35 kV Cable,10444,4586,1.08,1.361,26075,5215,31290,33595,0,0,High
2024-09-01,West,MAT-1004,35 kV Cable,6736,1812,1.0,1.375,13869,2774,16643,18474,0,0,High
2024-10-01,West,MAT-1004,35 kV Cable,8383,1630,0.92,1.389,15095,3019,18114,16958,1156,31212,High
2024-11-01,West,MAT-1004,35 kV Cable,6350,2782,0.87,1.403,13149,2630,15779,19061,0,0,High
2024-12-01,West,MAT-1004,35 kV Cable,7087,1716,0.85,1.417,12508,2502,15010,11266,3744,101088,High
2025-01-01,West,MAT-1004,35 kV Cable,7565,2746,0.87,1.431,15145,3029,18174,19534,0,0,High
2025-02-01,West,MAT-1004,35 kV Cable,7457,2119,0.92,1.445,15023,3005,18028,18187,0,0,High
2025-03-01,West,MAT-1004,35 kV Cable,9282,1854,1.0,1.46,19179,3836,23015,23712,0,0,High
2025-04-01,West,MAT-1004,35 kV Cable,9272,2948,1.08,1.474,22957,4591,27548,21323,6225,168075,High
2025-05-01,West,MAT-1004,35 kV Cable,9336,3143,1.13,1.489,24774,4955,29729,34290,0,0,High
2025-06-01,West,MAT-1004,35 kV Cable,8509,2780,1.15,1.504,23036,4607,27643,29376,0,0,High
2025-07-01,West,MAT-1004,35 kV Cable,7950,2143,1.13,1.519,20440,4088,24528,22075,2453,66231,High
2025-08-01,West,MAT-1004,35 kV Cable,10434,3297,1.08,1.534,26843,5369,32212,34706,0,0,High
2025-09-01,West,MAT-1004,35 kV Cable,8640,1224,1.0,1.549,18033,3607,21640,17886,3754,101358,High
2025-10-01,West,MAT-1004,35 kV Cable,8128,2949,0.92,1.565,18817,3763,22580,18212,4368,117936,High
2025-11-01,West,MAT-1004,35 kV Cable,6899,1119,0.87,1.58,13009,2602,15611,18864,0,0,High
2025-12-01,West,MAT-1004,35 kV Cable,5812,2125,0.85,1.596,12708,2542,15250,16393,0,0,High
2026-01-01,West,MAT-1004,35 kV Cable,5740,1719,0.87,1.612,12345,2469,14814,16846,0,0,High
2026-02-01,West,MAT-1004,35 kV Cable,7519,2037,0.92,1.628,16892,3378,20270,16482,3788,102276,High
2026-03-01,West,MAT-1004,35 kV Cable,9380,3103,1.0,1.645,24225,4845,29070,23638,5432,146664,High
2026-04-01,West,MAT-1004,35 kV Cable,8290,808,1.08,1.661,19259,3852,23111,23180,0,0,High
2026-05-01,West,MAT-1004,35 kV Cable,10011,1937,1.13,1.678,26728,5346,32074,39326,0,0,High
2026-06-01,West,MAT-1004,35 kV Cable,8658,3634,1.15,1.694,28264,5653,33917,33628,289,7803,High
2026-07-01,West,MAT-1004,35 kV Cable,10657,3811,1.13,1.711,33016,6603,39619,39028,591,15957,High
2026-08-01,West,MAT-1004,35 kV Cable,7575,1776,1.08,1.729,20599,4120,24719,22054,2665,71955,High
2026-09-01,West,MAT-1004,35 kV Cable,8604,3039,1.0,1.746,23985,4797,28782,33482,0,0,High
2026-10-01,West,MAT-1004,35 kV Cable,7031,1457,0.92,1.763,16248,3250,19498,17557,1941,52407,High
2026-11-01,West,MAT-1004,35 kV Cable,7253,3202,0.87,1.781,19115,3823,22938,22147,791,21357,High
2026-12-01,West,MAT-1004,35 kV Cable,5649,544,0.85,1.799,11173,2235,13408,13203,205,5535,High
2022-01-01,North,MAT-1005,Pad-Mount Transformer 500 kVA,148,33,0.87,1.0,186,37,223,178,45,1170000,High
2022-02-01,North,MAT-1005,Pad-Mount Transformer 500 kVA,152,59,0.92,1.01,231,46,277,325,0,0,High
2022-03-01,North,MAT-1005,Pad-Mount Transformer 500 kVA,161,21,1.0,1.02,219,44,263,190,73,1898000,High
2022-04-01,North,MAT-1005,Pad-Mount Transformer 500 kVA,147,53,1.08,1.03,263,53,316,332,0,0,High
2022-05-01,North,MAT-1005,Pad-Mount Transformer 500 kVA,145,12,1.13,1.041,218,44,262,206,56,1456000,High
2022-06-01,North,MAT-1005,Pad-Mount Transformer 500 kVA,192,78,1.15,1.051,385,77,462,511,0,0,High
2022-07-01,North,MAT-1005,Pad-Mount Transformer 500 kVA,142,54,1.13,1.062,277,55,332,252,80,2080000,High
2022-08-01,North,MAT-1005,Pad-Mount Transformer 500 kVA,171,76,1.08,1.072,337,67,404,370,34,884000,High
2022-09-01,North,MAT-1005,Pad-Mount Transformer 500 kVA,149,28,1.0,1.083,226,45,271,238,33,858000,High
2022-10-01,North,MAT-1005,Pad-Mount Transformer 500 kVA,155,50,0.92,1.094,243,49,292,261,31,806000,High
2022-11-01,North,MAT-1005,Pad-Mount Transformer 500 kVA,124,38,0.87,1.105,184,37,221,185,36,936000,High
2022-12-01,North,MAT-1005,Pad-Mount Transformer 500 kVA,125,55,0.85,1.116,201,40,241,276,0,0,High
2023-01-01,North,MAT-1005,Pad-Mount Transformer 500 kVA,106,45,0.87,1.127,175,35,210,173,37,962000,High
2023-02-01,North,MAT-1005,Pad-Mount Transformer 500 kVA,142,45,0.92,1.138,231,46,277,209,68,1768000,High
2023-03-01,North,MAT-1005,Pad-Mount Transformer 500 kVA,114,47,1.0,1.149,218,44,262,317,0,0,High
2023-04-01,North,MAT-1005,Pad-Mount Transformer 500 kVA,141,30,1.08,1.161,253,51,304,344,0,0,High
2023-05-01,North,MAT-1005,Pad-Mount Transformer 500 kVA,166,36,1.13,1.173,316,63,379,361,18,468000,High
2023-06-01,North,MAT-1005,Pad-Mount Transformer 500 kVA,168,54,1.15,1.184,357,71,428,338,90,2340000,High
2023-07-01,North,MAT-1005,Pad-Mount Transformer 500 kVA,132,42,1.13,1.196,278,56,334,369,0,0,High
2023-08-01,North,MAT-1005,Pad-Mount Transformer 500 kVA,130,58,1.08,1.208,289,58,347,316,31,806000,High
2023-09-01,North,MAT-1005,Pad-Mount Transformer 500 kVA,162,68,1.0,1.22,331,66,397,384,13,338000,High
2023-10-01,North,MAT-1005,Pad-Mount Transformer 500 kVA,140,49,0.92,1.232,253,51,304,361,0,0,High
2023-11-01,North,MAT-1005,Pad-Mount Transformer 500 kVA,143,46,0.87,1.245,242,48,290,221,69,1794000,High
2023-12-01,North,MAT-1005,Pad-Mount Transformer 500 kVA,100,20,0.85,1.257,151,30,181,170,11,286000,High
2024-01-01,North,MAT-1005,Pad-Mount Transformer 500 kVA,104,12,0.87,1.27,151,30,181,216,0,0,High
2024-02-01,North,MAT-1005,Pad-Mount Transformer 500 kVA,130,27,0.92,1.282,219,44,263,261,2,52000,High
2024-03-01,North,MAT-1005,Pad-Mount Transformer 500 kVA,140,43,1.0,1.295,280,56,336,366,0,0,High
2024-04-01,North,MAT-1005,Pad-Mount Transformer 500 kVA,179,80,1.08,1.308,432,86,518,629,0,0,High
2024-05-01,North,MAT-1005,Pad-Mount Transformer 500 kVA,163,14,1.13,1.321,312,62,374,375,0,0,High
2024-06-01,North,MAT-1005,Pad-Mount Transformer 500 kVA,189,79,1.15,1.335,485,97,582,481,101,2626000,High
2024-07-01,North,MAT-1005,Pad-Mount Transformer 500 kVA,135,54,1.13,1.348,340,68,408,439,0,0,High
2024-08-01,North,MAT-1005,Pad-Mount Transformer 500 kVA,129,28,1.08,1.361,272,54,326,242,84,2184000,High
2024-09-01,North,MAT-1005,Pad-Mount Transformer 500 kVA,120,18,1.0,1.375,224,45,269,268,1,26000,High
2024-10-01,North,MAT-1005,Pad-Mount Transformer 500 kVA,113,14,0.92,1.389,191,38,229,278,0,0,High
2024-11-01,North,MAT-1005,Pad-Mount Transformer 500 kVA,138,29,0.87,1.403,240,48,288,247,41,1066000,High
2024-12-01,North,MAT-1005,Pad-Mount Transformer 500 kVA,129,32,0.85,1.417,229,46,275,199,76,1976000,High
2025-01-01,North,MAT-1005,Pad-Mount Transformer 500 kVA,139,43,0.87,1.431,267,53,320,259,61,1586000,High
2025-02-01,North,MAT-1005,Pad-Mount Transformer 500 kVA,119,29,0.92,1.445,232,46,278,320,0,0,High
2025-03-01,North,MAT-1005,Pad-Mount Transformer 500 kVA,123,32,1.0,1.46,267,53,320,325,0,0,High
2025-04-01,North,MAT-1005,Pad-Mount Transformer 500 kVA,159,38,1.08,1.474,370,74,444,386,58,1508000,High
2025-05-01,North,MAT-1005,Pad-Mount Transformer 500 kVA,177,40,1.13,1.489,431,86,517,571,0,0,High
2025-06-01,North,MAT-1005,Pad-Mount Transformer 500 kVA,174,40,1.15,1.504,437,87,524,437,87,2262000,High
2025-07-01,North,MAT-1005,Pad-Mount Transformer 500 kVA,150,51,1.13,1.519,407,81,488,495,0,0,High
2025-08-01,North,MAT-1005,Pad-Mount Transformer 500 kVA,175,24,1.08,1.534,389,78,467,366,101,2626000,High
2025-09-01,North,MAT-1005,Pad-Mount Transformer 500 kVA,164,10,1.0,1.549,318,64,382,372,10,260000,High
2025-10-01,North,MAT-1005,Pad-Mount Transformer 500 kVA,129,25,0.92,1.565,262,52,314,305,9,234000,High
2025-11-01,North,MAT-1005,Pad-Mount Transformer 500 kVA,135,11,0.87,1.58,237,47,284,230,54,1404000,High
2025-12-01,North,MAT-1005,Pad-Mount Transformer 500 kVA,129,22,0.85,1.596,242,48,290,332,0,0,High
2026-01-01,North,MAT-1005,Pad-Mount Transformer 500 kVA,108,39,0.87,1.612,243,49,292,276,16,416000,High
2026-02-01,North,MAT-1005,Pad-Mount Transformer 500 kVA,107,13,0.92,1.628,212,42,254,272,0,0,High
2026-03-01,North,MAT-1005,Pad-Mount Transformer 500 kVA,166,40,1.0,1.645,400,80,480,365,115,2990000,High
2026-04-01,North,MAT-1005,Pad-Mount Transformer 500 kVA,177,25,1.08,1.661,428,86,514,598,0,0,High
2026-05-01,North,MAT-1005,Pad-Mount Transformer 500 kVA,138,13,1.13,1.678,338,68,406,493,0,0,High
2026-06-01,North,MAT-1005,Pad-Mount Transformer 500 kVA,148,12,1.15,1.694,368,74,442,520,0,0,High
2026-07-01,North,MAT-1005,Pad-Mount Transformer 500 kVA,156,42,1.13,1.711,452,90,542,533,9,234000,High
2026-08-01,North,MAT-1005,Pad-Mount Transformer 500 kVA,155,40,1.08,1.729,430,86,516,412,104,2704000,High
2026-09-01,North,MAT-1005,Pad-Mount Transformer 500 kVA,152,31,1.0,1.746,377,75,452,551,0,0,High
2026-10-01,North,MAT-1005,Pad-Mount Transformer 500 kVA,137,59,0.92,1.763,375,75,450,531,0,0,High
2026-11-01,North,MAT-1005,Pad-Mount Transformer 500 kVA,116,32,0.87,1.781,271,54,325,245,80,2080000,High
2026-12-01,North,MAT-1005,Pad-Mount Transformer 500 kVA,101,33,0.85,1.799,242,48,290,257,33,858000,High
2022-01-01,South,MAT-1005,Pad-Mount Transformer 500 kVA,123,13,0.87,1.0,140,28,168,163,5,130000,High
2022-02-01,South,MAT-1005,Pad-Mount Transformer 500 kVA,141,46,0.92,1.01,205,41,246,222,24,624000,High
2022-03-01,South,MAT-1005,Pad-Mount Transformer 500 kVA,150,64,1.0,1.02,258,52,310,233,77,2002000,High
2022-04-01,South,MAT-1005,Pad-Mount Transformer 500 kVA,174,31,1.08,1.03,269,54,323,379,0,0,High
2022-05-01,South,MAT-1005,Pad-Mount Transformer 500 kVA,141,56,1.13,1.041,273,55,328,363,0,0,High
2022-06-01,South,MAT-1005,Pad-Mount Transformer 500 kVA,167,27,1.15,1.051,277,55,332,329,3,78000,High
2022-07-01,South,MAT-1005,Pad-Mount Transformer 500 kVA,135,19,1.13,1.062,218,44,262,276,0,0,High
2022-08-01,South,MAT-1005,Pad-Mount Transformer 500 kVA,140,43,1.08,1.072,250,50,300,237,63,1638000,High
2022-09-01,South,MAT-1005,Pad-Mount Transformer 500 kVA,132,20,1.0,1.083,194,39,233,239,0,0,High
2022-10-01,South,MAT-1005,Pad-Mount Transformer 500 kVA,124,25,0.92,1.094,177,35,212,165,47,1222000,High
2022-11-01,South,MAT-1005,Pad-Mount Transformer 500 kVA,122,36,0.87,1.105,179,36,215,200,15,390000,High
2022-12-01,South,MAT-1005,Pad-Mount Transformer 500 kVA,126,35,0.85,1.116,180,36,216,266,0,0,High
2023-01-01,South,MAT-1005,Pad-Mount Transformer 500 kVA,122,10,0.87,1.127,153,31,184,133,51,1326000,High
2023-02-01,South,MAT-1005,Pad-Mount Transformer 500 kVA,146,63,0.92,1.138,258,52,310,331,0,0,High
2023-03-01,South,MAT-1005,Pad-Mount Transformer 500 kVA,129,49,1.0,1.149,241,48,289,306,0,0,High
2023-04-01,South,MAT-1005,Pad-Mount Transformer 500 kVA,144,17,1.08,1.161,238,48,286,296,0,0,High
2023-05-01,South,MAT-1005,Pad-Mount Transformer 500 kVA,140,31,1.13,1.173,267,53,320,312,8,208000,High
2023-06-01,South,MAT-1005,Pad-Mount Transformer 500 kVA,160,23,1.15,1.184,294,59,353,345,8,208000,High
2023-07-01,South,MAT-1005,Pad-Mount Transformer 500 kVA,181,69,1.13,1.196,399,80,479,569,0,0,High
2023-08-01,South,MAT-1005,Pad-Mount Transformer 500 kVA,156,8,1.08,1.208,252,50,302,332,0,0,High
2023-09-01,South,MAT-1005,Pad-Mount Transformer 500 kVA,138,37,1.0,1.22,252,50,302,317,0,0,High
2023-10-01,South,MAT-1005,Pad-Mount Transformer 500 kVA,134,35,0.92,1.232,226,45,271,237,34,884000,High
2023-11-01,South,MAT-1005,Pad-Mount Transformer 500 kVA,119,28,0.87,1.245,188,38,226,260,0,0,High
2023-12-01,South,MAT-1005,Pad-Mount Transformer 500 kVA,95,28,0.85,1.257,155,31,186,225,0,0,High
2024-01-01,South,MAT-1005,Pad-Mount Transformer 500 kVA,102,39,0.87,1.27,184,37,221,227,0,0,High
2024-02-01,South,MAT-1005,Pad-Mount Transformer 500 kVA,117,14,0.92,1.282,182,36,218,173,45,1170000,High
2024-03-01,South,MAT-1005,Pad-Mount Transformer 500 kVA,116,25,1.0,1.295,216,43,259,216,43,1118000,High
2024-04-01,South,MAT-1005,Pad-Mount Transformer 500 kVA,171,52,1.08,1.308,372,74,446,395,51,1326000,High
2024-05-01,South,MAT-1005,Pad-Mount Transformer 500 kVA,144,19,1.13,1.321,287,57,344,382,0,0,High
2024-06-01,South,MAT-1005,Pad-Mount Transformer 500 kVA,156,12,1.15,1.335,304,61,365,437,0,0,High
2024-07-01,South,MAT-1005,Pad-Mount Transformer 500 kVA,126,16,1.13,1.348,255,51,306,332,0,0,High
2024-08-01,South,MAT-1005,Pad-Mount Transformer 500 kVA,130,48,1.08,1.361,309,62,371,408,0,0,High
2024-09-01,South,MAT-1005,Pad-Mount Transformer 500 kVA,144,17,1.0,1.375,261,52,313,357,0,0,High
2024-10-01,South,MAT-1005,Pad-Mount Transformer 500 kVA,115,44,0.92,1.389,240,48,288,231,57,1482000,High
2024-11-01,South,MAT-1005,Pad-Mount Transformer 500 kVA,106,42,0.87,1.403,213,43,256,194,62,1612000,High
2024-12-01,South,MAT-1005,Pad-Mount Transformer 500 kVA,105,27,0.85,1.417,188,38,226,206,20,520000,High
2025-01-01,South,MAT-1005,Pad-Mount Transformer 500 kVA,124,11,0.87,1.431,198,40,238,281,0,0,High
2025-02-01,South,MAT-1005,Pad-Mount Transformer 500 kVA,101,32,0.92,1.445,209,42,251,230,21,546000,High
2025-03-01,South,MAT-1005,Pad-Mount Transformer 500 kVA,159,34,1.0,1.46,332,66,398,473,0,0,High
2025-04-01,South,MAT-1005,Pad-Mount Transformer 500 kVA,142,33,1.08,1.474,329,66,395,429,0,0,High
2025-05-01,South,MAT-1005,Pad-Mount Transformer 500 kVA,124,25,1.13,1.489,296,59,355,385,0,0,High
2025-06-01,South,MAT-1005,Pad-Mount Transformer 500 kVA,149,53,1.15,1.504,412,82,494,356,138,3588000,High
2025-07-01,South,MAT-1005,Pad-Mount Transformer 500 kVA,168,53,1.13,1.519,448,90,538,561,0,0,High
2025-08-01,South,MAT-1005,Pad-Mount Transformer 500 kVA,117,33,1.08,1.534,293,59,352,279,73,1898000,High
2025-09-01,South,MAT-1005,Pad-Mount Transformer 500 kVA,128,42,1.0,1.549,311,62,373,270,103,2678000,High
2025-10-01,South,MAT-1005,Pad-Mount Transformer 500 kVA,105,13,0.92,1.565,200,40,240,184,56,1456000,High
2025-11-01,South,MAT-1005,Pad-Mount Transformer 500 kVA,132,50,0.87,1.58,295,59,354,390,0,0,High
2025-12-01,South,MAT-1005,Pad-Mount Transformer 500 kVA,110,25,0.85,1.596,216,43,259,316,0,0,High
2026-01-01,South,MAT-1005,Pad-Mount Transformer 500 kVA,137,52,0.87,1.612,313,63,376,402,0,0,High
2026-02-01,South,MAT-1005,Pad-Mount Transformer 500 kVA,149,30,0.92,1.628,316,63,379,413,0,0,High
2026-03-01,South,MAT-1005,Pad-Mount Transformer 500 kVA,147,16,1.0,1.645,316,63,379,458,0,0,High
2026-04-01,South,MAT-1005,Pad-Mount Transformer 500 kVA,171,71,1.08,1.661,512,102,614,520,94,2444000,High
2026-05-01,South,MAT-1005,Pad-Mount Transformer 500 kVA,144,56,1.13,1.678,447,89,536,541,0,0,High
2026-06-01,South,MAT-1005,Pad-Mount Transformer 500 kVA,156,58,1.15,1.694,492,98,590,616,0,0,High
2026-07-01,South,MAT-1005,Pad-Mount Transformer 500 kVA,178,30,1.13,1.711,475,95,570,462,108,2808000,High
2026-08-01,South,MAT-1005,Pad-Mount Transformer 500 kVA,162,52,1.08,1.729,471,94,565,691,0,0,High
2026-09-01,South,MAT-1005,Pad-Mount Transformer 500 kVA,123,29,1.0,1.746,313,63,376,442,0,0,High
2026-10-01,South,MAT-1005,Pad-Mount Transformer 500 kVA,108,9,0.92,1.763,224,45,269,290,0,0,High
2026-11-01,South,MAT-1005,Pad-Mount Transformer 500 kVA,115,8,0.87,1.781,225,45,270,303,0,0,High
2026-12-01,South,MAT-1005,Pad-Mount Transformer 500 kVA,120,25,0.85,1.799,262,52,314,252,62,1612000,High
2022-01-01,East,MAT-1005,Pad-Mount Transformer 500 kVA,140,29,0.87,1.0,173,35,208,253,0,0,High
2022-02-01,East,MAT-1005,Pad-Mount Transformer 500 kVA,167,43,0.92,1.01,230,46,276,247,29,754000,High
2022-03-01,East,MAT-1005,Pad-Mount Transformer 500 kVA,157,28,1.0,1.02,223,45,268,316,0,0,High
2022-04-01,East,MAT-1005,Pad-Mount Transformer 500 kVA,177,27,1.08,1.03,268,54,322,365,0,0,High
2022-05-01,East,MAT-1005,Pad-Mount Transformer 500 kVA,165,11,1.13,1.041,244,49,293,326,0,0,High
2022-06-01,East,MAT-1005,Pad-Mount Transformer 500 kVA,197,51,1.15,1.051,354,71,425,487,0,0,High
2022-07-01,East,MAT-1005,Pad-Mount Transformer 500 kVA,211,32,1.13,1.062,344,69,413,483,0,0,High
2022-08-01,East,MAT-1005,Pad-Mount Transformer 500 kVA,191,33,1.08,1.072,306,61,367,443,0,0,High
2022-09-01,East,MAT-1005,Pad-Mount Transformer 500 kVA,161,57,1.0,1.083,279,56,335,345,0,0,High
2022-10-01,East,MAT-1005,Pad-Mount Transformer 500 kVA,160,15,0.92,1.094,208,42,250,182,68,1768000,High
2022-11-01,East,MAT-1005,Pad-Mount Transformer 500 kVA,135,54,0.87,1.105,214,43,257,313,0,0,High
2022-12-01,East,MAT-1005,Pad-Mount Transformer 500 kVA,129,34,0.85,1.116,182,36,218,209,9,234000,High
2023-01-01,East,MAT-1005,Pad-Mount Transformer 500 kVA,142,9,0.87,1.127,175,35,210,248,0,0,High
2023-02-01,East,MAT-1005,Pad-Mount Transformer 500 kVA,173,13,0.92,1.138,230,46,276,312,0,0,High
2023-03-01,East,MAT-1005,Pad-Mount Transformer 500 kVA,156,68,1.0,1.149,304,61,365,322,43,1118000,High
2023-04-01,East,MAT-1005,Pad-Mount Transformer 500 kVA,193,31,1.08,1.161,331,66,397,365,32,832000,High
2023-05-01,East,MAT-1005,Pad-Mount Transformer 500 kVA,167,66,1.13,1.173,364,73,437,403,34,884000,High
2023-06-01,East,MAT-1005,Pad-Mount Transformer 500 kVA,215,12,1.15,1.184,365,73,438,353,85,2210000,High
2023-07-01,East,MAT-1005,Pad-Mount Transformer 500 kVA,174,34,1.13,1.196,332,66,398,411,0,0,High
2023-08-01,East,MAT-1005,Pad-Mount Transformer 500 kVA,223,31,1.08,1.208,391,78,469,347,122,3172000,High
2023-09-01,East,MAT-1005,Pad-Mount Transformer 500 kVA,163,27,1.0,1.22,274,55,329,385,0,0,High
2023-10-01,East,MAT-1005,Pad-Mount Transformer 500 kVA,187,75,0.92,1.232,351,70,421,315,106,2756000,High
2023-11-01,East,MAT-1005,Pad-Mount Transformer 500 kVA,140,39,0.87,1.245,229,46,275,320,0,0,High
2023-12-01,East,MAT-1005,Pad-Mount Transformer 500 kVA,165,40,0.85,1.257,258,52,310,361,0,0,High
2024-01-01,East,MAT-1005,Pad-Mount Transformer 500 kVA,122,23,0.87,1.27,189,38,227,224,3,78000,High
2024-02-01,East,MAT-1005,Pad-Mount Transformer 500 kVA,143,43,0.92,1.282,259,52,311,263,48,1248000,High
2024-03-01,East,MAT-1005,Pad-Mount Transformer 500 kVA,185,10,1.0,1.295,298,60,358,364,0,0,High
2024-04-01,East,MAT-1005,Pad-Mount Transformer 500 kVA,206,39,1.08,1.308,408,82,490,396,94,2444000,High
2024-05-01,East,MAT-1005,Pad-Mount Transformer 500 kVA,164,68,1.13,1.321,409,82,491,384,107,2782000,High
2024-06-01,East,MAT-1005,Pad-Mount Transformer 500 kVA,207,92,1.15,1.335,541,108,649,695,0,0,High
2024-07-01,East,MAT-1005,Pad-Mount Transformer 500 kVA,202,19,1.13,1.348,397,79,476,511,0,0,High
2024-08-01,East,MAT-1005,Pad-Mount Transformer 500 kVA,183,29,1.08,1.361,368,74,442,483,0,0,High
2024-09-01,East,MAT-1005,Pad-Mount Transformer 500 kVA,161,15,1.0,1.375,286,57,343,391,0,0,High
2024-10-01,East,MAT-1005,Pad-Mount Transformer 500 kVA,146,39,0.92,1.389,279,56,335,366,0,0,High
2024-11-01,East,MAT-1005,Pad-Mount Transformer 500 kVA,140,61,0.87,1.403,289,58,347,334,13,338000,High
2024-12-01,East,MAT-1005,Pad-Mount Transformer 500 kVA,157,46,0.85,1.417,288,58,346,379,0,0,High
2025-01-01,East,MAT-1005,Pad-Mount Transformer 500 kVA,131,53,0.87,1.431,270,54,324,297,27,702000,High
2025-02-01,East,MAT-1005,Pad-Mount Transformer 500 kVA,133,14,0.92,1.445,231,46,277,244,33,858000,High
2025-03-01,East,MAT-1005,Pad-Mount Transformer 500 kVA,201,66,1.0,1.46,460,92,552,506,46,1196000,High
2025-04-01,East,MAT-1005,Pad-Mount Transformer 500 kVA,163,40,1.08,1.474,381,76,457,500,0,0,High
2025-05-01,East,MAT-1005,Pad-Mount Transformer 500 kVA,214,27,1.13,1.489,478,96,574,657,0,0,High
2025-06-01,East,MAT-1005,Pad-Mount Transformer 500 kVA,238,57,1.15,1.504,602,120,722,684,38,988000,High
2025-07-01,East,MAT-1005,Pad-Mount Transformer 500 kVA,158,52,1.13,1.519,425,85,510,614,0,0,High
2025-08-01,East,MAT-1005,Pad-Mount Transformer 500 kVA,161,55,1.08,1.534,422,84,506,541,0,0,High
2025-09-01,East,MAT-1005,Pad-Mount Transformer 500 kVA,162,54,1.0,1.549,395,79,474,358,116,3016000,High
2025-10-01,East,MAT-1005,Pad-Mount Transformer 500 kVA,173,69,0.92,1.565,411,82,493,549,0,0,High
2025-11-01,East,MAT-1005,Pad-Mount Transformer 500 kVA,136,18,0.87,1.58,250,50,300,269,31,806000,High
2025-12-01,East,MAT-1005,Pad-Mount Transformer 500 kVA,156,69,0.85,1.596,360,72,432,468,0,0,High
2026-01-01,East,MAT-1005,Pad-Mount Transformer 500 kVA,133,36,0.87,1.612,280,56,336,368,0,0,High
2026-02-01,East,MAT-1005,Pad-Mount Transformer 500 kVA,145,44,0.92,1.628,334,67,401,424,0,0,High
2026-03-01,East,MAT-1005,Pad-Mount Transformer 500 kVA,163,65,1.0,1.645,442,88,530,429,101,2626000,High
2026-04-01,East,MAT-1005,Pad-Mount Transformer 500 kVA,186,66,1.08,1.661,533,107,640,558,82,2132000,High
2026-05-01,East,MAT-1005,Pad-Mount Transformer 500 kVA,205,64,1.13,1.678,602,120,722,720,2,52000,High
2026-06-01,East,MAT-1005,Pad-Mount Transformer 500 kVA,217,74,1.15,1.694,669,134,803,893,0,0,High
2026-07-01,East,MAT-1005,Pad-Mount Transformer 500 kVA,221,96,1.13,1.711,723,145,868,762,106,2756000,High
2026-08-01,East,MAT-1005,Pad-Mount Transformer 500 kVA,161,8,1.08,1.729,372,74,446,442,4,104000,High
2026-09-01,East,MAT-1005,Pad-Mount Transformer 500 kVA,160,39,1.0,1.746,410,82,492,442,50,1300000,High
2026-10-01,East,MAT-1005,Pad-Mount Transformer 500 kVA,139,56,0.92,1.763,373,75,448,425,23,598000,High
2026-11-01,East,MAT-1005,Pad-Mount Transformer 500 kVA,142,61,0.87,1.781,371,74,445,483,0,0,High
2026-12-01,East,MAT-1005,Pad-Mount Transformer 500 kVA,123,42,0.85,1.799,298,60,358,365,0,0,High
2022-01-01,West,MAT-1005,Pad-Mount Transformer 500 kVA,115,44,0.87,1.0,163,33,196,174,22,572000,High
2022-02-01,West,MAT-1005,Pad-Mount Transformer 500 kVA,125,24,0.92,1.01,163,33,196,161,35,910000,High
2022-03-01,West,MAT-1005,Pad-Mount Transformer 500 kVA,168,68,1.0,1.02,284,57,341,381,0,0,High
2022-04-01,West,MAT-1005,Pad-Mount Transformer 500 kVA,137,28,1.08,1.03,217,43,260,320,0,0,High
2022-05-01,West,MAT-1005,Pad-Mount Transformer 500 kVA,192,83,1.13,1.041,382,76,458,418,40,1040000,High
2022-06-01,West,MAT-1005,Pad-Mount Transformer 500 kVA,175,41,1.15,1.051,308,62,370,392,0,0,High
2022-07-01,West,MAT-1005,Pad-Mount Transformer 500 kVA,136,51,1.13,1.062,265,53,318,251,67,1742000,High
2022-08-01,West,MAT-1005,Pad-Mount Transformer 500 kVA,181,50,1.08,1.072,316,63,379,287,92,2392000,High
2022-09-01,West,MAT-1005,Pad-Mount Transformer 500 kVA,172,30,1.0,1.083,258,52,310,227,83,2158000,High
2022-10-01,West,MAT-1005,Pad-Mount Transformer 500 kVA,159,42,0.92,1.094,239,48,287,340,0,0,High
2022-11-01,West,MAT-1005,Pad-Mount Transformer 500 kVA,154,34,0.87,1.105,213,43,256,213,43,1118000,High
2022-12-01,West,MAT-1005,Pad-Mount Transformer 500 kVA,118,32,0.85,1.116,168,34,202,180,22,572000,High
2023-01-01,West,MAT-1005,Pad-Mount Transformer 500 kVA,150,36,0.87,1.127,215,43,258,209,49,1274000,High
2023-02-01,West,MAT-1005,Pad-Mount Transformer 500 kVA,164,12,0.92,1.138,217,43,260,220,40,1040000,High
2023-03-01,West,MAT-1005,Pad-Mount Transformer 500 kVA,127,30,1.0,1.149,213,43,256,289,0,0,High
2023-04-01,West,MAT-1005,Pad-Mount Transformer 500 kVA,175,64,1.08,1.161,354,71,425,342,83,2158000,High
2023-05-01,West,MAT-1005,Pad-Mount Transformer 500 kVA,181,69,1.13,1.173,391,78,469,418,51,1326000,High
2023-06-01,West,MAT-1005,Pad-Mount Transformer 500 kVA,187,55,1.15,1.184,389,78,467,414,53,1378000,High
2023-07-01,West,MAT-1005,Pad-Mount Transformer 500 kVA,153,30,1.13,1.196,292,58,350,270,80,2080000,High
2023-08-01,West,MAT-1005,Pad-Mount Transformer 500 kVA,174,43,1.08,1.208,334,67,401,424,0,0,High
2023-09-01,West,MAT-1005,Pad-Mount Transformer 500 kVA,166,53,1.0,1.22,315,63,378,346,32,832000,High
2023-10-01,West,MAT-1005,Pad-Mount Transformer 500 kVA,161,60,0.92,1.232,296,59,355,384,0,0,High
2023-11-01,West,MAT-1005,Pad-Mount Transformer 500 kVA,147,53,0.87,1.245,256,51,307,312,0,0,High
2023-12-01,West,MAT-1005,Pad-Mount Transformer 500 kVA,146,15,0.85,1.257,203,41,244,255,0,0,High
2024-01-01,West,MAT-1005,Pad-Mount Transformer 500 kVA,133,13,0.87,1.27,190,38,228,255,0,0,High
2024-02-01,West,MAT-1005,Pad-Mount Transformer 500 kVA,162,43,0.92,1.282,285,57,342,334,8,208000,High
2024-03-01,West,MAT-1005,Pad-Mount Transformer 500 kVA,176,33,1.0,1.295,319,64,383,432,0,0,High
2024-04-01,West,MAT-1005,Pad-Mount Transformer 500 kVA,162,62,1.08,1.308,373,75,448,406,42,1092000,High
2024-05-01,West,MAT-1005,Pad-Mount Transformer 500 kVA,186,80,1.13,1.321,469,94,563,684,0,0,High
2024-06-01,West,MAT-1005,Pad-Mount Transformer 500 kVA,184,49,1.15,1.335,422,84,506,433,73,1898000,High
2024-07-01,West,MAT-1005,Pad-Mount Transformer 500 kVA,174,67,1.13,1.348,433,87,520,606,0,0,High
2024-08-01,West,MAT-1005,Pad-Mount Transformer 500 kVA,147,35,1.08,1.361,316,63,379,351,28,728000,High
2024-09-01,West,MAT-1005,Pad-Mount Transformer 500 kVA,146,51,1.0,1.375,320,64,384,455,0,0,High
2024-10-01,West,MAT-1005,Pad-Mount Transformer 500 kVA,157,8,0.92,1.389,249,50,299,261,38,988000,High
2024-11-01,West,MAT-1005,Pad-Mount Transformer 500 kVA,118,44,0.87,1.403,233,47,280,249,31,806000,High
2024-12-01,West,MAT-1005,Pad-Mount Transformer 500 kVA,115,36,0.85,1.417,215,43,258,243,15,390000,High
2025-01-01,West,MAT-1005,Pad-Mount Transformer 500 kVA,148,64,0.87,1.431,311,62,373,379,0,0,High
2025-02-01,West,MAT-1005,Pad-Mount Transformer 500 kVA,151,10,0.92,1.445,253,51,304,260,44,1144000,High
2025-03-01,West,MAT-1005,Pad-Mount Transformer 500 kVA,126,22,1.0,1.46,255,51,306,311,0,0,High
2025-04-01,West,MAT-1005,Pad-Mount Transformer 500 kVA,166,12,1.08,1.474,334,67,401,431,0,0,High
2025-05-01,West,MAT-1005,Pad-Mount Transformer 500 kVA,150,40,1.13,1.489,377,75,452,431,21,546000,High
2025-06-01,West,MAT-1005,Pad-Mount Transformer 500 kVA,149,37,1.15,1.504,380,76,456,444,12,312000,High
2025-07-01,West,MAT-1005,Pad-Mount Transformer 500 kVA,154,57,1.13,1.519,427,85,512,519,0,0,High
2025-08-01,West,MAT-1005,Pad-Mount Transformer 500 kVA,156,40,1.08,1.534,383,77,460,398,62,1612000,High
2025-09-01,West,MAT-1005,Pad-Mount Transformer 500 kVA,165,42,1.0,1.549,378,76,454,519,0,0,High
2025-10-01,West,MAT-1005,Pad-Mount Transformer 500 kVA,133,58,0.92,1.565,324,65,389,342,47,1222000,High
2025-11-01,West,MAT-1005,Pad-Mount Transformer 500 kVA,108,43,0.87,1.58,245,49,294,319,0,0,High
2025-12-01,West,MAT-1005,Pad-Mount Transformer 500 kVA,142,41,0.85,1.596,293,59,352,389,0,0,High
2026-01-01,West,MAT-1005,Pad-Mount Transformer 500 kVA,153,14,0.87,1.612,276,55,331,308,23,598000,High
2026-02-01,West,MAT-1005,Pad-Mount Transformer 500 kVA,134,17,0.92,1.628,267,53,320,360,0,0,High
2026-03-01,West,MAT-1005,Pad-Mount Transformer 500 kVA,144,49,1.0,1.645,375,75,450,542,0,0,High
2026-04-01,West,MAT-1005,Pad-Mount Transformer 500 kVA,136,20,1.08,1.661,330,66,396,474,0,0,High
2026-05-01,West,MAT-1005,Pad-Mount Transformer 500 kVA,148,19,1.13,1.678,374,75,449,350,99,2574000,High
2026-06-01,West,MAT-1005,Pad-Mount Transformer 500 kVA,150,16,1.15,1.694,382,76,458,349,109,2834000,High
2026-07-01,West,MAT-1005,Pad-Mount Transformer 500 kVA,164,41,1.13,1.711,468,94,562,420,142,3692000,High
2026-08-01,West,MAT-1005,Pad-Mount Transformer 500 kVA,187,63,1.08,1.729,551,110,661,659,2,52000,High
2026-09-01,West,MAT-1005,Pad-Mount Transformer 500 kVA,150,15,1.0,1.746,340,68,408,433,0,0,High
2026-10-01,West,MAT-1005,Pad-Mount Transformer 500 kVA,132,57,0.92,1.763,362,72,434,484,0,0,High
2026-11-01,West,MAT-1005,Pad-Mount Transformer 500 kVA,108,26,0.87,1.781,245,49,294,308,0,0,High
2026-12-01,West,MAT-1005,Pad-Mount Transformer 500 kVA,118,51,0.85,1.799,305,61,366,415,0,0,High
2022-01-01,North,MAT-1006,Pole-Mount Transformer 50 kVA,183,12,0.87,1.0,200,40,240,178,62,384400,High
2022-02-01,North,MAT-1006,Pole-Mount Transformer 50 kVA,221,48,0.92,1.01,295,59,354,267,87,539400,High
2022-03-01,North,MAT-1006,Pole-Mount Transformer 50 kVA,192,55,1.0,1.02,297,59,356,273,83,514600,High
2022-04-01,North,MAT-1006,Pole-Mount Transformer 50 kVA,192,61,1.08,1.03,332,66,398,328,70,434000,High
2022-05-01,North,MAT-1006,Pole-Mount Transformer 50 kVA,224,38,1.13,1.041,364,73,437,319,118,731600,High
2022-06-01,North,MAT-1006,Pole-Mount Transformer 50 kVA,271,88,1.15,1.051,512,102,614,725,0,0,High
2022-07-01,North,MAT-1006,Pole-Mount Transformer 50 kVA,208,65,1.13,1.062,386,77,463,343,120,744000,High
2022-08-01,North,MAT-1006,Pole-Mount Transformer 50 kVA,267,53,1.08,1.072,437,87,524,600,0,0,High
2022-09-01,North,MAT-1006,Pole-Mount Transformer 50 kVA,191,35,1.0,1.083,289,58,347,294,53,328600,High
2022-10-01,North,MAT-1006,Pole-Mount Transformer 50 kVA,184,58,0.92,1.094,287,57,344,370,0,0,High
2022-11-01,North,MAT-1006,Pole-Mount Transformer 50 kVA,186,68,0.87,1.105,288,58,346,296,50,310000,High
2022-12-01,North,MAT-1006,Pole-Mount Transformer 50 kVA,189,13,0.85,1.116,226,45,271,230,41,254200,High
2023-01-01,North,MAT-1006,Pole-Mount Transformer 50 kVA,199,84,0.87,1.127,327,65,392,363,29,179800,High
2023-02-01,North,MAT-1006,Pole-Mount Transformer 50 kVA,159,31,0.92,1.138,235,47,282,298,0,0,High
2023-03-01,North,MAT-1006,Pole-Mount Transformer 50 kVA,173,70,1.0,1.149,330,66,396,390,6,37200,High
2023-04-01,North,MAT-1006,Pole-Mount Transformer 50 kVA,181,49,1.08,1.161,340,68,408,356,52,322400,High
2023-05-01,North,MAT-1006,Pole-Mount Transformer 50 kVA,235,35,1.13,1.173,422,84,506,598,0,0,High
2023-06-01,North,MAT-1006,Pole-Mount Transformer 50 kVA,204,28,1.15,1.184,373,75,448,353,95,589000,High
2023-07-01,North,MAT-1006,Pole-Mount Transformer 50 kVA,208,44,1.13,1.196,402,80,482,553,0,0,High
2023-08-01,North,MAT-1006,Pole-Mount Transformer 50 kVA,202,59,1.08,1.208,402,80,482,429,53,328600,High
2023-09-01,North,MAT-1006,Pole-Mount Transformer 50 kVA,169,57,1.0,1.22,325,65,390,381,9,55800,High
2023-10-01,North,MAT-1006,Pole-Mount Transformer 50 kVA,208,60,0.92,1.232,359,72,431,446,0,0,High
2023-11-01,North,MAT-1006,Pole-Mount Transformer 50 kVA,157,67,0.87,1.245,286,57,343,317,26,161200,High
2023-12-01,North,MAT-1006,Pole-Mount Transformer 50 kVA,187,13,0.85,1.257,252,50,302,367,0,0,High
2024-01-01,North,MAT-1006,Pole-Mount Transformer 50 kVA,198,75,0.87,1.27,356,71,427,367,60,372000,High
2024-02-01,North,MAT-1006,Pole-Mount Transformer 50 kVA,159,20,0.92,1.282,249,50,299,335,0,0,High
2024-03-01,North,MAT-1006,Pole-Mount Transformer 50 kVA,182,56,1.0,1.295,364,73,437,513,0,0,High
2024-04-01,North,MAT-1006,Pole-Mount Transformer 50 kVA,231,64,1.08,1.308,492,98,590,588,2,12400,High
2024-05-01,North,MAT-1006,Pole-Mount Transformer 50 kVA,222,57,1.13,1.321,492,98,590,587,3,18600,High
2024-06-01,North,MAT-1006,Pole-Mount Transformer 50 kVA,239,19,1.15,1.335,467,93,560,513,47,291400,High
2024-07-01,North,MAT-1006,Pole-Mount Transformer 50 kVA,273,59,1.13,1.348,597,119,716,657,59,365800,High
2024-08-01,North,MAT-1006,Pole-Mount Transformer 50 kVA,205,15,1.08,1.361,382,76,458,518,0,0,High
2024-09-01,North,MAT-1006,Pole-Mount Transformer 50 kVA,223,34,1.0,1.375,417,83,500,513,0,0,High
2024-10-01,North,MAT-1006,Pole-Mount Transformer 50 kVA,155,24,0.92,1.389,270,54,324,308,16,99200,High
2024-11-01,North,MAT-1006,Pole-Mount Transformer 50 kVA,202,27,0.87,1.403,330,66,396,305,91,564200,High
2024-12-01,North,MAT-1006,Pole-Mount Transformer 50 kVA,208,38,0.85,1.417,350,70,420,514,0,0,High
2025-01-01,North,MAT-1006,Pole-Mount Transformer 50 kVA,183,16,0.87,1.431,292,58,350,342,8,49600,High
2025-02-01,North,MAT-1006,Pole-Mount Transformer 50 kVA,184,65,0.92,1.445,391,78,469,528,0,0,High
2025-03-01,North,MAT-1006,Pole-Mount Transformer 50 kVA,217,85,1.0,1.46,520,104,624,463,161,998200,High
2025-04-01,North,MAT-1006,Pole-Mount Transformer 50 kVA,225,57,1.08,1.474,530,106,636,470,166,1029200,High
2025-05-01,North,MAT-1006,Pole-Mount Transformer 50 kVA,272,109,1.13,1.489,756,151,907,684,223,1382600,High
2025-06-01,North,MAT-1006,Pole-Mount Transformer 50 kVA,287,108,1.15,1.504,806,161,967,996,0,0,High
2025-07-01,North,MAT-1006,Pole-Mount Transformer 50 kVA,236,27,1.13,1.519,533,107,640,521,119,737800,High
2025-08-01,North,MAT-1006,Pole-Mount Transformer 50 kVA,261,107,1.08,1.534,719,144,863,857,6,37200,High
2025-09-01,North,MAT-1006,Pole-Mount Transformer 50 kVA,244,46,1.0,1.549,530,106,636,611,25,155000,High
2025-10-01,North,MAT-1006,Pole-Mount Transformer 50 kVA,210,85,0.92,1.565,501,100,601,439,162,1004400,High
2025-11-01,North,MAT-1006,Pole-Mount Transformer 50 kVA,191,19,0.87,1.58,341,68,409,377,32,198400,High
2025-12-01,North,MAT-1006,Pole-Mount Transformer 50 kVA,168,48,0.85,1.596,346,69,415,474,0,0,High
2026-01-01,North,MAT-1006,Pole-Mount Transformer 50 kVA,150,50,0.87,1.612,331,66,397,370,27,167400,High
2026-02-01,North,MAT-1006,Pole-Mount Transformer 50 kVA,187,43,0.92,1.628,407,81,488,465,23,142600,High
2026-03-01,North,MAT-1006,Pole-Mount Transformer 50 kVA,193,79,1.0,1.645,528,106,634,535,99,613800,High
2026-04-01,North,MAT-1006,Pole-Mount Transformer 50 kVA,199,13,1.08,1.661,449,90,539,402,137,849400,High
2026-05-01,North,MAT-1006,Pole-Mount Transformer 50 kVA,230,31,1.13,1.678,584,117,701,741,0,0,High
2026-06-01,North,MAT-1006,Pole-Mount Transformer 50 kVA,208,77,1.15,1.694,655,131,786,795,0,0,High
2026-07-01,North,MAT-1006,Pole-Mount Transformer 50 kVA,254,79,1.13,1.711,760,152,912,749,163,1010600,High
2026-08-01,North,MAT-1006,Pole-Mount Transformer 50 kVA,247,36,1.08,1.729,623,125,748,832,0,0,High
2026-09-01,North,MAT-1006,Pole-Mount Transformer 50 kVA,224,100,1.0,1.746,667,133,800,605,195,1209000,High
2026-10-01,North,MAT-1006,Pole-Mount Transformer 50 kVA,182,75,0.92,1.763,492,98,590,671,0,0,High
2026-11-01,North,MAT-1006,Pole-Mount Transformer 50 kVA,147,57,0.87,1.781,373,75,448,445,3,18600,High
2026-12-01,North,MAT-1006,Pole-Mount Transformer 50 kVA,190,24,0.85,1.799,386,77,463,440,23,142600,High
2022-01-01,South,MAT-1006,Pole-Mount Transformer 50 kVA,184,76,0.87,1.0,267,53,320,251,69,427800,High
2022-02-01,South,MAT-1006,Pole-Mount Transformer 50 kVA,189,56,0.92,1.01,269,54,323,368,0,0,High
2022-03-01,South,MAT-1006,Pole-Mount Transformer 50 kVA,204,49,1.0,1.02,305,61,366,331,35,217000,High
2022-04-01,South,MAT-1006,Pole-Mount Transformer 50 kVA,173,50,1.08,1.03,293,59,352,315,37,229400,High
2022-05-01,South,MAT-1006,Pole-Mount Transformer 50 kVA,182,11,1.13,1.041,268,54,322,379,0,0,High
2022-06-01,South,MAT-1006,Pole-Mount Transformer 50 kVA,271,63,1.15,1.051,476,95,571,431,140,868000,High
2022-07-01,South,MAT-1006,Pole-Mount Transformer 50 kVA,218,31,1.13,1.062,352,70,422,498,0,0,High
2022-08-01,South,MAT-1006,Pole-Mount Transformer 50 kVA,249,54,1.08,1.072,414,83,497,474,23,142600,High
2022-09-01,South,MAT-1006,Pole-Mount Transformer 50 kVA,182,26,1.0,1.083,266,53,319,326,0,0,High
2022-10-01,South,MAT-1006,Pole-Mount Transformer 50 kVA,183,61,0.92,1.094,290,58,348,300,48,297600,High
2022-11-01,South,MAT-1006,Pole-Mount Transformer 50 kVA,165,47,0.87,1.105,240,48,288,303,0,0,High
2022-12-01,South,MAT-1006,Pole-Mount Transformer 50 kVA,159,31,0.85,1.116,213,43,256,284,0,0,High
2023-01-01,South,MAT-1006,Pole-Mount Transformer 50 kVA,205,91,0.87,1.127,342,68,410,395,15,93000,High
2023-02-01,South,MAT-1006,Pole-Mount Transformer 50 kVA,168,9,0.92,1.138,219,44,263,221,42,260400,High
2023-03-01,South,MAT-1006,Pole-Mount Transformer 50 kVA,204,25,1.0,1.149,311,62,373,406,0,0,High
2023-04-01,South,MAT-1006,Pole-Mount Transformer 50 kVA,173,27,1.08,1.161,296,59,355,398,0,0,High
2023-05-01,South,MAT-1006,Pole-Mount Transformer 50 kVA,251,78,1.13,1.173,514,103,617,494,123,762600,High
2023-06-01,South,MAT-1006,Pole-Mount Transformer 50 kVA,215,88,1.15,1.184,487,97,584,441,143,886600,High
2023-07-01,South,MAT-1006,Pole-Mount Transformer 50 kVA,261,72,1.13,1.196,531,106,637,769,0,0,High
2023-08-01,South,MAT-1006,Pole-Mount Transformer 50 kVA,178,24,1.08,1.208,311,62,373,369,4,24800,High
2023-09-01,South,MAT-1006,Pole-Mount Transformer 50 kVA,204,77,1.0,1.22,405,81,486,483,3,18600,High
2023-10-01,South,MAT-1006,Pole-Mount Transformer 50 kVA,180,36,0.92,1.232,289,58,347,415,0,0,High
2023-11-01,South,MAT-1006,Pole-Mount Transformer 50 kVA,206,11,0.87,1.245,277,55,332,254,78,483600,High
2023-12-01,South,MAT-1006,Pole-Mount Transformer 50 kVA,180,67,0.85,1.257,311,62,373,325,48,297600,High
2024-01-01,South,MAT-1006,Pole-Mount Transformer 50 kVA,197,12,0.87,1.27,272,54,326,303,23,142600,High
2024-02-01,South,MAT-1006,Pole-Mount Transformer 50 kVA,148,23,0.92,1.282,238,48,286,278,8,49600,High
2024-03-01,South,MAT-1006,Pole-Mount Transformer 50 kVA,222,91,1.0,1.295,478,96,574,633,0,0,High
2024-04-01,South,MAT-1006,Pole-Mount Transformer 50 kVA,189,40,1.08,1.308,382,76,458,462,0,0,High
2024-05-01,South,MAT-1006,Pole-Mount Transformer 50 kVA,229,16,1.13,1.321,432,86,518,492,26,161200,High
2024-06-01,South,MAT-1006,Pole-Mount Transformer 50 kVA,230,88,1.15,1.335,576,115,691,746,0,0,High
2024-07-01,South,MAT-1006,Pole-Mount Transformer 50 kVA,196,18,1.13,1.348,385,77,462,468,0,0,High
2024-08-01,South,MAT-1006,Pole-Mount Transformer 50 kVA,211,58,1.08,1.361,467,93,560,550,10,62000,High
2024-09-01,South,MAT-1006,Pole-Mount Transformer 50 kVA,162,58,1.0,1.375,357,71,428,343,85,527000,High
2024-10-01,South,MAT-1006,Pole-Mount Transformer 50 kVA,198,48,0.92,1.389,371,74,445,368,77,477400,High
2024-11-01,South,MAT-1006,Pole-Mount Transformer 50 kVA,147,12,0.87,1.403,229,46,275,267,8,49600,High
2024-12-01,South,MAT-1006,Pole-Mount Transformer 50 kVA,136,52,0.85,1.417,267,53,320,246,74,458800,High
2025-01-01,South,MAT-1006,Pole-Mount Transformer 50 kVA,154,67,0.87,1.431,325,65,390,438,0,0,High
2025-02-01,South,MAT-1006,Pole-Mount Transformer 50 kVA,162,53,0.92,1.445,337,67,404,417,0,0,High
2025-03-01,South,MAT-1006,Pole-Mount Transformer 50 kVA,209,83,1.0,1.46,503,101,604,660,0,0,High
2025-04-01,South,MAT-1006,Pole-Mount Transformer 50 kVA,208,31,1.08,1.474,449,90,539,461,78,483600,High
2025-05-01,South,MAT-1006,Pole-Mount Transformer 50 kVA,230,65,1.13,1.489,586,117,703,830,0,0,High
2025-06-01,South,MAT-1006,Pole-Mount Transformer 50 kVA,264,72,1.15,1.504,686,137,823,894,0,0,High
2025-07-01,South,MAT-1006,Pole-Mount Transformer 50 kVA,201,47,1.13,1.519,502,100,602,530,72,446400,High
2025-08-01,South,MAT-1006,Pole-Mount Transformer 50 kVA,241,71,1.08,1.534,610,122,732,827,0,0,High
2025-09-01,South,MAT-1006,Pole-Mount Transformer 50 kVA,216,39,1.0,1.549,466,93,559,646,0,0,High
2025-10-01,South,MAT-1006,Pole-Mount Transformer 50 kVA,192,14,0.92,1.565,350,70,420,457,0,0,High
2025-11-01,South,MAT-1006,Pole-Mount Transformer 50 kVA,188,72,0.87,1.58,422,84,506,617,0,0,High
2025-12-01,South,MAT-1006,Pole-Mount Transformer 50 kVA,197,23,0.85,1.596,352,70,422,349,73,452600,High
2026-01-01,South,MAT-1006,Pole-Mount Transformer 50 kVA,177,72,0.87,1.612,412,82,494,466,28,173600,High
2026-02-01,South,MAT-1006,Pole-Mount Transformer 50 kVA,210,75,0.92,1.628,504,101,605,647,0,0,High
2026-03-01,South,MAT-1006,Pole-Mount Transformer 50 kVA,169,48,1.0,1.645,421,84,505,615,0,0,High
2026-04-01,South,MAT-1006,Pole-Mount Transformer 50 kVA,178,44,1.08,1.661,470,94,564,685,0,0,High
2026-05-01,South,MAT-1006,Pole-Mount Transformer 50 kVA,221,32,1.13,1.678,566,113,679,783,0,0,High
2026-06-01,South,MAT-1006,Pole-Mount Transformer 50 kVA,259,13,1.15,1.694,625,125,750,628,122,756400,High
2026-07-01,South,MAT-1006,Pole-Mount Transformer 50 kVA,238,82,1.13,1.711,730,146,876,789,87,539400,High
2026-08-01,South,MAT-1006,Pole-Mount Transformer 50 kVA,239,41,1.08,1.729,617,123,740,825,0,0,High
2026-09-01,South,MAT-1006,Pole-Mount Transformer 50 kVA,204,87,1.0,1.746,599,120,719,544,175,1085000,High
2026-10-01,South,MAT-1006,Pole-Mount Transformer 50 kVA,213,73,0.92,1.763,547,109,656,612,44,272800,High
2026-11-01,South,MAT-1006,Pole-Mount Transformer 50 kVA,161,21,0.87,1.781,333,67,400,295,105,651000,High
2026-12-01,South,MAT-1006,Pole-Mount Transformer 50 kVA,191,52,0.85,1.799,438,88,526,547,0,0,High
2022-01-01,East,MAT-1006,Pole-Mount Transformer 50 kVA,224,58,0.87,1.0,290,58,348,382,0,0,High
2022-02-01,East,MAT-1006,Pole-Mount Transformer 50 kVA,266,80,0.92,1.01,379,76,455,462,0,0,High
2022-03-01,East,MAT-1006,Pole-Mount Transformer 50 kVA,271,34,1.0,1.02,367,73,440,515,0,0,High
2022-04-01,East,MAT-1006,Pole-Mount Transformer 50 kVA,291,16,1.08,1.03,403,81,484,574,0,0,High
2022-05-01,East,MAT-1006,Pole-Mount Transformer 50 kVA,296,125,1.13,1.041,584,117,701,675,26,161200,High
2022-06-01,East,MAT-1006,Pole-Mount Transformer 50 kVA,238,16,1.15,1.051,362,72,434,488,0,0,High
2022-07-01,East,MAT-1006,Pole-Mount Transformer 50 kVA,282,87,1.13,1.062,522,104,626,480,146,905200,High
2022-08-01,East,MAT-1006,Pole-Mount Transformer 50 kVA,265,51,1.08,1.072,432,86,518,586,0,0,High
2022-09-01,East,MAT-1006,Pole-Mount Transformer 50 kVA,209,27,1.0,1.083,302,60,362,342,20,124000,High
2022-10-01,East,MAT-1006,Pole-Mount Transformer 50 kVA,192,15,0.92,1.094,246,49,295,343,0,0,High
2022-11-01,East,MAT-1006,Pole-Mount Transformer 50 kVA,205,21,0.87,1.105,256,51,307,292,15,93000,High
2022-12-01,East,MAT-1006,Pole-Mount Transformer 50 kVA,244,24,0.85,1.116,300,60,360,402,0,0,High
2023-01-01,East,MAT-1006,Pole-Mount Transformer 50 kVA,264,99,0.87,1.127,420,84,504,465,39,241800,High
2023-02-01,East,MAT-1006,Pole-Mount Transformer 50 kVA,256,98,0.92,1.138,437,87,524,641,0,0,High
2023-03-01,East,MAT-1006,Pole-Mount Transformer 50 kVA,279,19,1.0,1.149,404,81,485,575,0,0,High
2023-04-01,East,MAT-1006,Pole-Mount Transformer 50 kVA,220,29,1.08,1.161,368,74,442,395,47,291400,High
2023-05-01,East,MAT-1006,Pole-Mount Transformer 50 kVA,319,121,1.13,1.173,688,138,826,789,37,229400,High
2023-06-01,East,MAT-1006,Pole-Mount Transformer 50 kVA,256,23,1.15,1.184,448,90,538,635,0,0,High
2023-07-01,East,MAT-1006,Pole-Mount Transformer 50 kVA,275,63,1.13,1.196,539,108,647,591,56,347200,High
2023-08-01,East,MAT-1006,Pole-Mount Transformer 50 kVA,301,22,1.08,1.208,497,99,596,444,152,942400,High
2023-09-01,East,MAT-1006,Pole-Mount Transformer 50 kVA,213,51,1.0,1.22,380,76,456,552,0,0,High
2023-10-01,East,MAT-1006,Pole-Mount Transformer 50 kVA,258,112,0.92,1.232,495,99,594,575,19,117800,High
2023-11-01,East,MAT-1006,Pole-Mount Transformer 50 kVA,183,70,0.87,1.245,323,65,388,431,0,0,High
2023-12-01,East,MAT-1006,Pole-Mount Transformer 50 kVA,189,56,0.85,1.257,309,62,371,415,0,0,High
2024-01-01,East,MAT-1006,Pole-Mount Transformer 50 kVA,176,60,0.87,1.27,308,62,370,435,0,0,High
2024-02-01,East,MAT-1006,Pole-Mount Transformer 50 kVA,251,92,0.92,1.282,478,96,574,440,134,830800,High
2024-03-01,East,MAT-1006,Pole-Mount Transformer 50 kVA,281,71,1.0,1.295,538,108,646,667,0,0,High
2024-04-01,East,MAT-1006,Pole-Mount Transformer 50 kVA,267,55,1.08,1.308,537,107,644,652,0,0,High
2024-05-01,East,MAT-1006,Pole-Mount Transformer 50 kVA,240,24,1.13,1.321,465,93,558,661,0,0,High
2024-06-01,East,MAT-1006,Pole-Mount Transformer 50 kVA,334,63,1.15,1.335,719,144,863,671,192,1190400,High
2024-07-01,East,MAT-1006,Pole-Mount Transformer 50 kVA,306,134,1.13,1.348,791,158,949,727,222,1376400,High
2024-08-01,East,MAT-1006,Pole-Mount Transformer 50 kVA,242,28,1.08,1.361,468,94,562,482,80,496000,High
2024-09-01,East,MAT-1006,Pole-Mount Transformer 50 kVA,279,85,1.0,1.375,591,118,709,802,0,0,High
2024-10-01,East,MAT-1006,Pole-Mount Transformer 50 kVA,278,101,0.92,1.389,571,114,685,785,0,0,High
2024-11-01,East,MAT-1006,Pole-Mount Transformer 50 kVA,177,15,0.87,1.403,276,55,331,274,57,353400,High
2024-12-01,East,MAT-1006,Pole-Mount Transformer 50 kVA,199,68,0.85,1.417,379,76,455,530,0,0,High
2025-01-01,East,MAT-1006,Pole-Mount Transformer 50 kVA,219,12,0.87,1.431,339,68,407,489,0,0,High
2025-02-01,East,MAT-1006,Pole-Mount Transformer 50 kVA,259,93,0.92,1.445,552,110,662,786,0,0,High
2025-03-01,East,MAT-1006,Pole-Mount Transformer 50 kVA,279,67,1.0,1.46,596,119,715,782,0,0,High
2025-04-01,East,MAT-1006,Pole-Mount Transformer 50 kVA,233,68,1.08,1.474,565,113,678,534,144,892800,High
2025-05-01,East,MAT-1006,Pole-Mount Transformer 50 kVA,305,24,1.13,1.489,653,131,784,768,16,99200,High
2025-06-01,East,MAT-1006,Pole-Mount Transformer 50 kVA,317,90,1.15,1.504,831,166,997,800,197,1221400,High
2025-07-01,East,MAT-1006,Pole-Mount Transformer 50 kVA,305,24,1.13,1.519,666,133,799,756,43,266600,High
2025-08-01,East,MAT-1006,Pole-Mount Transformer 50 kVA,287,96,1.08,1.534,749,150,899,1057,0,0,High
2025-09-01,East,MAT-1006,Pole-Mount Transformer 50 kVA,261,84,1.0,1.549,631,126,757,772,0,0,High
2025-10-01,East,MAT-1006,Pole-Mount Transformer 50 kVA,190,40,0.92,1.565,391,78,469,401,68,421600,High
2025-11-01,East,MAT-1006,Pole-Mount Transformer 50 kVA,261,99,0.87,1.58,584,117,701,749,0,0,High
2025-12-01,East,MAT-1006,Pole-Mount Transformer 50 kVA,227,95,0.85,1.596,516,103,619,538,81,502200,High
2026-01-01,East,MAT-1006,Pole-Mount Transformer 50 kVA,260,70,0.87,1.612,546,109,655,538,117,725400,High
2026-02-01,East,MAT-1006,Pole-Mount Transformer 50 kVA,237,36,0.92,1.628,483,97,580,563,17,105400,High
2026-03-01,East,MAT-1006,Pole-Mount Transformer 50 kVA,205,38,1.0,1.645,472,94,566,554,12,74400,High
2026-04-01,East,MAT-1006,Pole-Mount Transformer 50 kVA,320,23,1.08,1.661,726,145,871,773,98,607600,High
2026-05-01,East,MAT-1006,Pole-Mount Transformer 50 kVA,247,34,1.13,1.678,629,126,755,753,2,12400,High
2026-06-01,East,MAT-1006,Pole-Mount Transformer 50 kVA,268,25,1.15,1.694,674,135,809,754,55,341000,High
2026-07-01,East,MAT-1006,Pole-Mount Transformer 50 kVA,291,41,1.13,1.711,758,152,910,981,0,0,High
2026-08-01,East,MAT-1006,Pole-Mount Transformer 50 kVA,287,107,1.08,1.729,868,174,1042,923,119,737800,High
2026-09-01,East,MAT-1006,Pole-Mount Transformer 50 kVA,235,56,1.0,1.746,599,120,719,612,107,663400,High
2026-10-01,East,MAT-1006,Pole-Mount Transformer 50 kVA,202,28,0.92,1.763,440,88,528,646,0,0,High
2026-11-01,East,MAT-1006,Pole-Mount Transformer 50 kVA,251,14,0.87,1.781,484,97,581,667,0,0,High
2026-12-01,East,MAT-1006,Pole-Mount Transformer 50 kVA,203,72,0.85,1.799,496,99,595,683,0,0,High
2022-01-01,West,MAT-1006,Pole-Mount Transformer 50 kVA,189,27,0.87,1.0,222,44,266,212,54,334800,High
2022-02-01,West,MAT-1006,Pole-Mount Transformer 50 kVA,218,48,0.92,1.01,292,58,350,367,0,0,High
2022-03-01,West,MAT-1006,Pole-Mount Transformer 50 kVA,195,81,1.0,1.02,332,66,398,447,0,0,High
2022-04-01,West,MAT-1006,Pole-Mount Transformer 50 kVA,275,75,1.08,1.03,460,92,552,401,151,936200,High
2022-05-01,West,MAT-1006,Pole-Mount Transformer 50 kVA,243,17,1.13,1.041,361,72,433,398,35,217000,High
2022-06-01,West,MAT-1006,Pole-Mount Transformer 50 kVA,207,29,1.15,1.051,337,67,404,399,5,31000,High
2022-07-01,West,MAT-1006,Pole-Mount Transformer 50 kVA,250,41,1.13,1.062,412,82,494,553,0,0,High
2022-08-01,West,MAT-1006,Pole-Mount Transformer 50 kVA,227,46,1.08,1.072,373,75,448,437,11,68200,High
2022-09-01,West,MAT-1006,Pole-Mount Transformer 50 kVA,253,46,1.0,1.083,382,76,458,489,0,0,High
2022-10-01,West,MAT-1006,Pole-Mount Transformer 50 kVA,164,40,0.92,1.094,242,48,290,303,0,0,High
2022-11-01,West,MAT-1006,Pole-Mount Transformer 50 kVA,188,30,0.87,1.105,247,49,296,355,0,0,High
2022-12-01,West,MAT-1006,Pole-Mount Transformer 50 kVA,205,48,0.85,1.116,283,57,340,350,0,0,High
2023-01-01,West,MAT-1006,Pole-Mount Transformer 50 kVA,174,18,0.87,1.127,222,44,266,316,0,0,High
2023-02-01,West,MAT-1006,Pole-Mount Transformer 50 kVA,210,23,0.92,1.138,288,58,346,266,80,496000,High
2023-03-01,West,MAT-1006,Pole-Mount Transformer 50 kVA,183,26,1.0,1.149,283,57,340,258,82,508400,High
2023-04-01,West,MAT-1006,Pole-Mount Transformer 50 kVA,283,81,1.08,1.161,539,108,647,718,0,0,High
2023-05-01,West,MAT-1006,Pole-Mount Transformer 50 kVA,269,96,1.13,1.173,571,114,685,535,150,930000,High
2023-06-01,West,MAT-1006,Pole-Mount Transformer 50 kVA,299,56,1.15,1.184,571,114,685,564,121,750200,High
2023-07-01,West,MAT-1006,Pole-Mount Transformer 50 kVA,200,45,1.13,1.196,391,78,469,395,74,458800,High
2023-08-01,West,MAT-1006,Pole-Mount Transformer 50 kVA,232,97,1.08,1.208,507,101,608,557,51,316200,High
2023-09-01,West,MAT-1006,Pole-Mount Transformer 50 kVA,220,52,1.0,1.22,392,78,470,470,0,0,High
2023-10-01,West,MAT-1006,Pole-Mount Transformer 50 kVA,187,70,0.92,1.232,344,69,413,413,0,0,High
2023-11-01,West,MAT-1006,Pole-Mount Transformer 50 kVA,172,16,0.87,1.245,240,48,288,346,0,0,High
2023-12-01,West,MAT-1006,Pole-Mount Transformer 50 kVA,223,27,0.85,1.257,315,63,378,357,21,130200,High
2024-01-01,West,MAT-1006,Pole-Mount Transformer 50 kVA,172,44,0.87,1.27,282,56,338,349,0,0,High
2024-02-01,West,MAT-1006,Pole-Mount Transformer 50 kVA,216,92,0.92,1.282,429,86,515,483,32,198400,High
2024-03-01,West,MAT-1006,Pole-Mount Transformer 50 kVA,259,102,1.0,1.295,552,110,662,625,37,229400,High
2024-04-01,West,MAT-1006,Pole-Mount Transformer 50 kVA,198,38,1.08,1.308,393,79,472,436,36,223200,High
2024-05-01,West,MAT-1006,Pole-Mount Transformer 50 kVA,282,41,1.13,1.321,569,114,683,712,0,0,High
2024-06-01,West,MAT-1006,Pole-Mount Transformer 50 kVA,284,99,1.15,1.335,694,139,833,1001,0,0,High
2024-07-01,West,MAT-1006,Pole-Mount Transformer 50 kVA,267,68,1.13,1.348,602,120,722,727,0,0,High
2024-08-01,West,MAT-1006,Pole-Mount Transformer 50 kVA,225,41,1.08,1.361,461,92,553,673,0,0,High
2024-09-01,West,MAT-1006,Pole-Mount Transformer 50 kVA,258,21,1.0,1.375,453,91,544,550,0,0,High
2024-10-01,West,MAT-1006,Pole-Mount Transformer 50 kVA,203,90,0.92,1.389,442,88,530,552,0,0,High
2024-11-01,West,MAT-1006,Pole-Mount Transformer 50 kVA,153,32,0.87,1.403,266,53,319,381,0,0,High
2024-12-01,West,MAT-1006,Pole-Mount Transformer 50 kVA,157,50,0.85,1.417,294,59,353,417,0,0,High
2025-01-01,West,MAT-1006,Pole-Mount Transformer 50 kVA,229,79,0.87,1.431,452,90,542,469,73,452600,High
2025-02-01,West,MAT-1006,Pole-Mount Transformer 50 kVA,186,63,0.92,1.445,391,78,469,486,0,0,High
2025-03-01,West,MAT-1006,Pole-Mount Transformer 50 kVA,203,63,1.0,1.46,458,92,550,546,4,24800,High
2025-04-01,West,MAT-1006,Pole-Mount Transformer 50 kVA,248,83,1.08,1.474,622,124,746,732,14,86800,High
2025-05-01,West,MAT-1006,Pole-Mount Transformer 50 kVA,218,22,1.13,1.489,476,95,571,467,104,644800,High
2025-06-01,West,MAT-1006,Pole-Mount Transformer 50 kVA,204,28,1.15,1.504,473,95,568,602,0,0,High
2025-07-01,West,MAT-1006,Pole-Mount Transformer 50 kVA,230,31,1.13,1.519,529,106,635,476,159,985800,High
2025-08-01,West,MAT-1006,Pole-Mount Transformer 50 kVA,229,51,1.08,1.534,547,109,656,691,0,0,High
2025-09-01,West,MAT-1006,Pole-Mount Transformer 50 kVA,217,93,1.0,1.549,567,113,680,615,65,403000,High
2025-10-01,West,MAT-1006,Pole-Mount Transformer 50 kVA,239,75,0.92,1.565,533,107,640,743,0,0,High
2025-11-01,West,MAT-1006,Pole-Mount Transformer 50 kVA,166,11,0.87,1.58,287,57,344,273,71,440200,High
2025-12-01,West,MAT-1006,Pole-Mount Transformer 50 kVA,196,31,0.85,1.596,363,73,436,437,0,0,High
2026-01-01,West,MAT-1006,Pole-Mount Transformer 50 kVA,195,59,0.87,1.612,420,84,504,555,0,0,High
2026-02-01,West,MAT-1006,Pole-Mount Transformer 50 kVA,212,12,0.92,1.628,396,79,475,349,126,781200,High
2026-03-01,West,MAT-1006,Pole-Mount Transformer 50 kVA,249,100,1.0,1.645,677,135,812,984,0,0,High
2026-04-01,West,MAT-1006,Pole-Mount Transformer 50 kVA,196,33,1.08,1.661,485,97,582,444,138,855600,High
2026-05-01,West,MAT-1006,Pole-Mount Transformer 50 kVA,232,55,1.13,1.678,642,128,770,795,0,0,High
2026-06-01,West,MAT-1006,Pole-Mount Transformer 50 kVA,253,62,1.15,1.694,724,145,869,705,164,1016800,High
2026-07-01,West,MAT-1006,Pole-Mount Transformer 50 kVA,252,85,1.13,1.711,769,154,923,1124,0,0,High
2026-08-01,West,MAT-1006,Pole-Mount Transformer 50 kVA,246,36,1.08,1.729,621,124,745,833,0,0,High
2026-09-01,West,MAT-1006,Pole-Mount Transformer 50 kVA,231,80,1.0,1.746,641,128,769,683,86,533200,High
2026-10-01,West,MAT-1006,Pole-Mount Transformer 50 kVA,169,57,0.92,1.763,433,87,520,505,15,93000,High
2026-11-01,West,MAT-1006,Pole-Mount Transformer 50 kVA,154,29,0.87,1.781,335,67,402,482,0,0,High
2026-12-01,West,MAT-1006,Pole-Mount Transformer 50 kVA,179,47,0.85,1.799,408,82,490,574,0,0,High
2022-01-01,North,MAT-1007,Recloser Control Package,203,58,0.87,1.0,268,54,322,394,0,0,High
2022-02-01,North,MAT-1007,Recloser Control Package,203,16,0.92,1.01,240,48,288,284,4,58000,High
2022-03-01,North,MAT-1007,Recloser Control Package,295,120,1.0,1.02,500,100,600,489,111,1609500,High
2022-04-01,North,MAT-1007,Recloser Control Package,291,112,1.08,1.03,529,106,635,535,100,1450000,High
2022-05-01,North,MAT-1007,Recloser Control Package,234,22,1.13,1.041,355,71,426,489,0,0,High
2022-06-01,North,MAT-1007,Recloser Control Package,300,105,1.15,1.051,578,116,694,729,0,0,High
2022-07-01,North,MAT-1007,Recloser Control Package,289,72,1.13,1.062,511,102,613,514,99,1435500,High
2022-08-01,North,MAT-1007,Recloser Control Package,289,112,1.08,1.072,548,110,658,656,2,29000,High
2022-09-01,North,MAT-1007,Recloser Control Package,285,89,1.0,1.083,478,96,574,678,0,0,High
2022-10-01,North,MAT-1007,Recloser Control Package,236,103,0.92,1.094,402,80,482,507,0,0,High
2022-11-01,North,MAT-1007,Recloser Control Package,186,29,0.87,1.105,244,49,293,211,82,1189000,High
2022-12-01,North,MAT-1007,Recloser Control Package,195,42,0.85,1.116,265,53,318,390,0,0,High
2023-01-01,North,MAT-1007,Recloser Control Package,265,93,0.87,1.127,414,83,497,534,0,0,High
2023-02-01,North,MAT-1007,Recloser Control Package,208,69,0.92,1.138,342,68,410,485,0,0,High
2023-03-01,North,MAT-1007,Recloser Control Package,260,59,1.0,1.149,433,87,520,493,27,391500,High
2023-04-01,North,MAT-1007,Recloser Control Package,248,106,1.08,1.161,524,105,629,498,131,1899500,High
2023-05-01,North,MAT-1007,Recloser Control Package,307,128,1.13,1.173,680,136,816,812,4,58000,High
2023-06-01,North,MAT-1007,Recloser Control Package,302,61,1.15,1.184,583,117,700,622,78,1131000,High
2023-07-01,North,MAT-1007,Recloser Control Package,296,43,1.13,1.196,541,108,649,579,70,1015000,High
2023-08-01,North,MAT-1007,Recloser Control Package,272,80,1.08,1.208,542,108,650,471,179,2595500,High
2023-09-01,North,MAT-1007,Recloser Control Package,275,89,1.0,1.22,524,105,629,593,36,522000,High
2023-10-01,North,MAT-1007,Recloser Control Package,210,86,0.92,1.232,396,79,475,369,106,1537000,High
2023-11-01,North,MAT-1007,Recloser Control Package,204,86,0.87,1.245,371,74,445,513,0,0,High
2023-12-01,North,MAT-1007,Recloser Control Package,194,70,0.85,1.257,333,67,400,407,0,0,High
2024-01-01,North,MAT-1007,Recloser Control Package,187,45,0.87,1.27,302,60,362,286,76,1102000,High
2024-02-01,North,MAT-1007,Recloser Control Package,279,119,0.92,1.282,554,111,665,530,135,1957500,High
2024-03-01,North,MAT-1007,Recloser Control Package,274,34,1.0,1.295,471,94,565,498,67,971500,High
2024-04-01,North,MAT-1007,Recloser Control Package,329,72,1.08,1.308,669,134,803,700,103,1493500,High
2024-05-01,North,MAT-1007,Recloser Control Package,313,43,1.13,1.321,627,125,752,789,0,0,High
2024-06-01,North,MAT-1007,Recloser Control Package,286,69,1.15,1.335,643,129,772,685,87,1261500,High
2024-07-01,North,MAT-1007,Recloser Control Package,232,38,1.13,1.348,485,97,582,648,0,0,High
2024-08-01,North,MAT-1007,Recloser Control Package,304,55,1.08,1.361,623,125,748,900,0,0,High
2024-09-01,North,MAT-1007,Recloser Control Package,273,16,1.0,1.375,469,94,563,517,46,667000,High
2024-10-01,North,MAT-1007,Recloser Control Package,272,77,0.92,1.389,526,105,631,490,141,2044500,High
2024-11-01,North,MAT-1007,Recloser Control Package,234,27,0.87,1.403,376,75,451,377,74,1073000,High
2024-12-01,North,MAT-1007,Recloser Control Package,192,65,0.85,1.417,365,73,438,483,0,0,High
2025-01-01,North,MAT-1007,Recloser Control Package,245,43,0.87,1.431,423,85,508,369,139,2015500,High
2025-02-01,North,MAT-1007,Recloser Control Package,196,46,0.92,1.445,380,76,456,362,94,1363000,High
2025-03-01,North,MAT-1007,Recloser Control Package,245,41,1.0,1.46,493,99,592,512,80,1160000,High
2025-04-01,North,MAT-1007,Recloser Control Package,321,82,1.08,1.474,757,151,908,761,147,2131500,High
2025-05-01,North,MAT-1007,Recloser Control Package,310,112,1.13,1.489,838,168,1006,1046,0,0,High
2025-06-01,North,MAT-1007,Recloser Control Package,244,14,1.15,1.504,526,105,631,491,140,2030000,High
2025-07-01,North,MAT-1007,Recloser Control Package,334,23,1.13,1.519,723,145,868,762,106,1537000,High
2025-08-01,North,MAT-1007,Recloser Control Package,245,56,1.08,1.534,588,118,706,681,25,362500,High
2025-09-01,North,MAT-1007,Recloser Control Package,302,91,1.0,1.549,718,144,862,663,199,2885500,High
2025-10-01,North,MAT-1007,Recloser Control Package,280,123,0.92,1.565,685,137,822,796,26,377000,High
2025-11-01,North,MAT-1007,Recloser Control Package,258,92,0.87,1.58,568,114,682,780,0,0,High
2025-12-01,North,MAT-1007,Recloser Control Package,203,34,0.85,1.596,379,76,455,464,0,0,High
2026-01-01,North,MAT-1007,Recloser Control Package,215,14,0.87,1.612,379,76,455,337,118,1711000,High
2026-02-01,North,MAT-1007,Recloser Control Package,262,16,0.92,1.628,491,98,589,688,0,0,High
2026-03-01,North,MAT-1007,Recloser Control Package,291,81,1.0,1.645,722,144,866,923,0,0,High
2026-04-01,North,MAT-1007,Recloser Control Package,256,56,1.08,1.661,660,132,792,593,199,2885500,High
2026-05-01,North,MAT-1007,Recloser Control Package,300,109,1.13,1.678,915,183,1098,1190,0,0,High
2026-06-01,North,MAT-1007,Recloser Control Package,330,50,1.15,1.694,874,175,1049,936,113,1638500,High
2026-07-01,North,MAT-1007,Recloser Control Package,272,81,1.13,1.711,806,161,967,1032,0,0,High
2026-08-01,North,MAT-1007,Recloser Control Package,273,83,1.08,1.729,784,157,941,875,66,957000,High
2026-09-01,North,MAT-1007,Recloser Control Package,271,110,1.0,1.746,785,157,942,907,35,507500,High
2026-10-01,North,MAT-1007,Recloser Control Package,273,104,0.92,1.763,722,144,866,749,117,1696500,High
2026-11-01,North,MAT-1007,Recloser Control Package,242,89,0.87,1.781,605,121,726,698,28,406000,High
2026-12-01,North,MAT-1007,Recloser Control Package,176,39,0.85,1.799,388,78,466,480,0,0,High
2022-01-01,South,MAT-1007,Recloser Control Package,228,44,0.87,1.0,279,56,335,285,50,725000,High
2022-02-01,South,MAT-1007,Recloser Control Package,211,21,0.92,1.01,254,51,305,242,63,913500,High
2022-03-01,South,MAT-1007,Recloser Control Package,233,80,1.0,1.02,377,75,452,450,2,29000,High
2022-04-01,South,MAT-1007,Recloser Control Package,228,101,1.08,1.03,432,86,518,517,1,14500,High
2022-05-01,South,MAT-1007,Recloser Control Package,228,15,1.13,1.041,337,67,404,418,0,0,High
2022-06-01,South,MAT-1007,Recloser Control Package,287,114,1.15,1.051,572,114,686,800,0,0,High
2022-07-01,South,MAT-1007,Recloser Control Package,308,137,1.13,1.062,630,126,756,733,23,333500,High
2022-08-01,South,MAT-1007,Recloser Control Package,300,78,1.08,1.072,516,103,619,519,100,1450000,High
2022-09-01,South,MAT-1007,Recloser Control Package,263,52,1.0,1.083,402,80,482,402,80,1160000,High
2022-10-01,South,MAT-1007,Recloser Control Package,209,14,0.92,1.094,265,53,318,333,0,0,High
2022-11-01,South,MAT-1007,Recloser Control Package,176,68,0.87,1.105,277,55,332,291,41,594500,High
2022-12-01,South,MAT-1007,Recloser Control Package,196,35,0.85,1.116,258,52,310,364,0,0,High
2023-01-01,South,MAT-1007,Recloser Control Package,202,74,0.87,1.127,319,64,383,429,0,0,High
2023-02-01,South,MAT-1007,Recloser Control Package,266,89,0.92,1.138,439,88,527,467,60,870000,High
2023-03-01,South,MAT-1007,Recloser Control Package,265,31,1.0,1.149,401,80,481,568,0,0,High
2023-04-01,South,MAT-1007,Recloser Control Package,211,77,1.08,1.161,426,85,511,475,36,522000,High
2023-05-01,South,MAT-1007,Recloser Control Package,297,85,1.13,1.173,597,119,716,757,0,0,High
2023-06-01,South,MAT-1007,Recloser Control Package,298,55,1.15,1.184,567,113,680,648,32,464000,High
2023-07-01,South,MAT-1007,Recloser Control Package,248,110,1.13,1.196,571,114,685,523,162,2349000,High
2023-08-01,South,MAT-1007,Recloser Control Package,291,16,1.08,1.208,473,95,568,692,0,0,High
2023-09-01,South,MAT-1007,Recloser Control Package,226,87,1.0,1.22,451,90,541,530,11,159500,High
2023-10-01,South,MAT-1007,Recloser Control Package,195,33,0.92,1.232,305,61,366,305,61,884500,High
2023-11-01,South,MAT-1007,Recloser Control Package,247,14,0.87,1.245,334,67,401,339,62,899000,High
2023-12-01,South,MAT-1007,Recloser Control Package,172,70,0.85,1.257,305,61,366,380,0,0,High
2024-01-01,South,MAT-1007,Recloser Control Package,184,16,0.87,1.27,261,52,313,261,52,754000,High
2024-02-01,South,MAT-1007,Recloser Control Package,195,85,0.92,1.282,390,78,468,541,0,0,High
2024-03-01,South,MAT-1007,Recloser Control Package,230,82,1.0,1.295,477,95,572,684,0,0,High
2024-04-01,South,MAT-1007,Recloser Control Package,261,113,1.08,1.308,624,125,749,899,0,0,High
2024-05-01,South,MAT-1007,Recloser Control Package,229,102,1.13,1.321,583,117,700,535,165,2392500,High
2024-06-01,South,MAT-1007,Recloser Control Package,281,19,1.15,1.335,543,109,652,470,182,2639000,High
2024-07-01,South,MAT-1007,Recloser Control Package,294,42,1.13,1.348,604,121,725,723,2,29000,High
2024-08-01,South,MAT-1007,Recloser Control Package,224,100,1.08,1.361,562,112,674,752,0,0,High
2024-09-01,South,MAT-1007,Recloser Control Package,201,81,1.0,1.375,458,92,550,409,141,2044500,High
2024-10-01,South,MAT-1007,Recloser Control Package,240,33,0.92,1.389,412,82,494,411,83,1203500,High
2024-11-01,South,MAT-1007,Recloser Control Package,216,48,0.87,1.403,380,76,456,556,0,0,High
2024-12-01,South,MAT-1007,Recloser Control Package,177,42,0.85,1.417,311,62,373,433,0,0,High
2025-01-01,South,MAT-1007,Recloser Control Package,196,25,0.87,1.431,325,65,390,307,83,1203500,High
2025-02-01,South,MAT-1007,Recloser Control Package,221,53,0.92,1.445,430,86,516,577,0,0,High
2025-03-01,South,MAT-1007,Recloser Control Package,257,103,1.0,1.46,620,124,744,644,100,1450000,High
2025-04-01,South,MAT-1007,Recloser Control Package,308,107,1.08,1.474,780,156,936,776,160,2320000,High
2025-05-01,South,MAT-1007,Recloser Control Package,317,49,1.13,1.489,727,145,872,718,154,2233000,High
2025-06-01,South,MAT-1007,Recloser Control Package,276,48,1.15,1.504,661,132,793,775,18,261000,High
2025-07-01,South,MAT-1007,Recloser Control Package,234,28,1.13,1.519,531,106,637,653,0,0,High
2025-08-01,South,MAT-1007,Recloser Control Package,225,57,1.08,1.534,551,110,661,482,179,2595500,High
2025-09-01,South,MAT-1007,Recloser Control Package,224,46,1.0,1.549,494,99,593,542,51,739500,High
2025-10-01,South,MAT-1007,Recloser Control Package,195,68,0.92,1.565,447,89,536,473,63,913500,High
2025-11-01,South,MAT-1007,Recloser Control Package,175,27,0.87,1.58,328,66,394,439,0,0,High
2025-12-01,South,MAT-1007,Recloser Control Package,211,70,0.85,1.596,450,90,540,638,0,0,High
2026-01-01,South,MAT-1007,Recloser Control Package,200,18,0.87,1.612,361,72,433,399,34,493000,High
2026-02-01,South,MAT-1007,Recloser Control Package,265,54,0.92,1.628,564,113,677,506,171,2479500,High
2026-03-01,South,MAT-1007,Recloser Control Package,196,79,1.0,1.645,534,107,641,676,0,0,High
2026-04-01,South,MAT-1007,Recloser Control Package,311,94,1.08,1.661,857,171,1028,1244,0,0,High
2026-05-01,South,MAT-1007,Recloser Control Package,275,43,1.13,1.678,711,142,853,895,0,0,High
2026-06-01,South,MAT-1007,Recloser Control Package,335,40,1.15,1.694,862,172,1034,1207,0,0,High
2026-07-01,South,MAT-1007,Recloser Control Package,290,29,1.13,1.711,728,146,874,888,0,0,High
2026-08-01,South,MAT-1007,Recloser Control Package,297,78,1.08,1.729,826,165,991,745,246,3567000,High
2026-09-01,South,MAT-1007,Recloser Control Package,233,50,1.0,1.746,583,117,700,716,0,0,High
2026-10-01,South,MAT-1007,Recloser Control Package,185,58,0.92,1.763,465,93,558,420,138,2001000,High
2026-11-01,South,MAT-1007,Recloser Control Package,196,24,0.87,1.781,402,80,482,551,0,0,High
2026-12-01,South,MAT-1007,Recloser Control Package,225,87,0.85,1.799,563,113,676,494,182,2639000,High
2022-01-01,East,MAT-1007,Recloser Control Package,235,72,0.87,1.0,315,63,378,292,86,1247000,High
2022-02-01,East,MAT-1007,Recloser Control Package,245,24,0.92,1.01,295,59,354,287,67,971500,High
2022-03-01,East,MAT-1007,Recloser Control Package,252,22,1.0,1.02,330,66,396,484,0,0,High
2022-04-01,East,MAT-1007,Recloser Control Package,401,76,1.08,1.03,626,125,751,787,0,0,High
2022-05-01,East,MAT-1007,Recloser Control Package,410,116,1.13,1.041,730,146,876,670,206,2987000,High
2022-06-01,East,MAT-1007,Recloser Control Package,358,34,1.15,1.051,559,112,671,699,0,0,High
2022-07-01,East,MAT-1007,Recloser Control Package,369,23,1.13,1.062,555,111,666,643,23,333500,High
2022-08-01,East,MAT-1007,Recloser Control Package,398,147,1.08,1.072,745,149,894,819,75,1087500,High
2022-09-01,East,MAT-1007,Recloser Control Package,336,80,1.0,1.083,532,106,638,648,0,0,High
2022-10-01,East,MAT-1007,Recloser Control Package,264,75,0.92,1.094,402,80,482,469,13,188500,High
2022-11-01,East,MAT-1007,Recloser Control Package,217,61,0.87,1.105,315,63,378,396,0,0,High
2022-12-01,East,MAT-1007,Recloser Control Package,220,17,0.85,1.116,265,53,318,298,20,290000,High
2023-01-01,East,MAT-1007,Recloser Control Package,289,111,0.87,1.127,463,93,556,609,0,0,High
2023-02-01,East,MAT-1007,Recloser Control Package,328,97,0.92,1.138,525,105,630,558,72,1044000,High
2023-03-01,East,MAT-1007,Recloser Control Package,343,151,1.0,1.149,670,134,804,714,90,1305000,High
2023-04-01,East,MAT-1007,Recloser Control Package,309,53,1.08,1.161,536,107,643,585,58,841000,High
2023-05-01,East,MAT-1007,Recloser Control Package,409,92,1.13,1.173,783,157,940,719,221,3204500,High
2023-06-01,East,MAT-1007,Recloser Control Package,293,64,1.15,1.184,574,115,689,592,97,1406500,High
2023-07-01,East,MAT-1007,Recloser Control Package,294,36,1.13,1.196,526,105,631,518,113,1638500,High
2023-08-01,East,MAT-1007,Recloser Control Package,270,15,1.08,1.208,439,88,527,583,0,0,High
2023-09-01,East,MAT-1007,Recloser Control Package,312,97,1.0,1.22,589,118,707,862,0,0,High
2023-10-01,East,MAT-1007,Recloser Control Package,337,90,0.92,1.232,571,114,685,690,0,0,High
2023-11-01,East,MAT-1007,Recloser Control Package,228,47,0.87,1.245,351,70,421,328,93,1348500,High
2023-12-01,East,MAT-1007,Recloser Control Package,298,68,0.85,1.257,462,92,554,651,0,0,High
2024-01-01,East,MAT-1007,Recloser Control Package,280,95,0.87,1.27,489,98,587,478,109,1580500,High
2024-02-01,East,MAT-1007,Recloser Control Package,306,117,0.92,1.282,589,118,707,783,0,0,High
2024-03-01,East,MAT-1007,Recloser Control Package,364,121,1.0,1.295,741,148,889,1043,0,0,High
2024-04-01,East,MAT-1007,Recloser Control Package,282,113,1.08,1.308,659,132,791,730,61,884500,High
2024-05-01,East,MAT-1007,Recloser Control Package,324,23,1.13,1.321,611,122,733,575,158,2291000,High
2024-06-01,East,MAT-1007,Recloser Control Package,366,143,1.15,1.335,922,184,1106,1350,0,0,High
2024-07-01,East,MAT-1007,Recloser Control Package,378,20,1.13,1.348,715,143,858,944,0,0,High
2024-08-01,East,MAT-1007,Recloser Control Package,369,88,1.08,1.361,793,159,952,1058,0,0,High
2024-09-01,East,MAT-1007,Recloser Control Package,303,37,1.0,1.375,552,110,662,619,43,623500,High
2024-10-01,East,MAT-1007,Recloser Control Package,314,94,0.92,1.389,615,123,738,639,99,1435500,High
2024-11-01,East,MAT-1007,Recloser Control Package,233,54,0.87,1.403,413,83,496,538,0,0,High
2024-12-01,East,MAT-1007,Recloser Control Package,305,52,0.85,1.417,507,101,608,487,121,1754500,High
2025-01-01,East,MAT-1007,Recloser Control Package,234,80,0.87,1.431,461,92,553,443,110,1595000,High
2025-02-01,East,MAT-1007,Recloser Control Package,295,18,0.92,1.445,491,98,589,434,155,2247500,High
2025-03-01,East,MAT-1007,Recloser Control Package,255,51,1.0,1.46,527,105,632,613,19,275500,High
2025-04-01,East,MAT-1007,Recloser Control Package,332,106,1.08,1.474,823,165,988,785,203,2943500,High
2025-05-01,East,MAT-1007,Recloser Control Package,369,28,1.13,1.489,788,158,946,915,31,449500,High
2025-06-01,East,MAT-1007,Recloser Control Package,291,73,1.15,1.504,743,149,892,762,130,1885000,High
2025-07-01,East,MAT-1007,Recloser Control Package,334,47,1.13,1.519,772,154,926,695,231,3349500,High
2025-08-01,East,MAT-1007,Recloser Control Package,352,108,1.08,1.534,899,180,1079,988,91,1319500,High
2025-09-01,East,MAT-1007,Recloser Control Package,264,38,1.0,1.549,552,110,662,677,0,0,High
2025-10-01,East,MAT-1007,Recloser Control Package,242,56,0.92,1.565,506,101,607,664,0,0,High
2025-11-01,East,MAT-1007,Recloser Control Package,246,68,0.87,1.58,509,102,611,625,0,0,High
2025-12-01,East,MAT-1007,Recloser Control Package,228,47,0.85,1.596,440,88,528,491,37,536500,High
2026-01-01,East,MAT-1007,Recloser Control Package,275,75,0.87,1.612,579,116,695,642,53,768500,High
2026-02-01,East,MAT-1007,Recloser Control Package,341,52,0.92,1.628,695,139,834,943,0,0,High
2026-03-01,East,MAT-1007,Recloser Control Package,278,74,1.0,1.645,683,137,820,744,76,1102000,High
2026-04-01,East,MAT-1007,Recloser Control Package,360,74,1.08,1.661,919,184,1103,1293,0,0,High
2026-05-01,East,MAT-1007,Recloser Control Package,329,98,1.13,1.678,955,191,1146,1002,144,2088000,High
2026-06-01,East,MAT-1007,Recloser Control Package,344,55,1.15,1.694,917,183,1100,970,130,1885000,High
2026-07-01,East,MAT-1007,Recloser Control Package,319,90,1.13,1.711,933,187,1120,1322,0,0,High
2026-08-01,East,MAT-1007,Recloser Control Package,347,132,1.08,1.729,1055,211,1266,1263,3,43500,High
2026-09-01,East,MAT-1007,Recloser Control Package,343,130,1.0,1.746,974,195,1169,1238,0,0,High
2026-10-01,East,MAT-1007,Recloser Control Package,251,35,0.92,1.763,547,109,656,772,0,0,High
2026-11-01,East,MAT-1007,Recloser Control Package,309,57,0.87,1.781,669,134,803,718,85,1232500,High
2026-12-01,East,MAT-1007,Recloser Control Package,247,58,0.85,1.799,550,110,660,640,20,290000,High
2022-01-01,West,MAT-1007,Recloser Control Package,194,57,0.87,1.0,258,52,310,295,15,217500,High
2022-02-01,West,MAT-1007,Recloser Control Package,204,32,0.92,1.01,259,52,311,283,28,406000,High
2022-03-01,West,MAT-1007,Recloser Control Package,321,20,1.0,1.02,410,82,492,594,0,0,High
2022-04-01,West,MAT-1007,Recloser Control Package,255,34,1.08,1.03,379,76,455,332,123,1783500,High
2022-05-01,West,MAT-1007,Recloser Control Package,249,60,1.13,1.041,429,86,515,488,27,391500,High
2022-06-01,West,MAT-1007,Recloser Control Package,280,125,1.15,1.051,578,116,694,736,0,0,High
2022-07-01,West,MAT-1007,Recloser Control Package,309,29,1.13,1.062,478,96,574,483,91,1319500,High
2022-08-01,West,MAT-1007,Recloser Control Package,340,21,1.08,1.072,493,99,592,666,0,0,High
2022-09-01,West,MAT-1007,Recloser Control Package,239,15,1.0,1.083,325,65,390,362,28,406000,High
2022-10-01,West,MAT-1007,Recloser Control Package,297,97,0.92,1.094,468,94,562,590,0,0,High
2022-11-01,West,MAT-1007,Recloser Control Package,220,30,0.87,1.105,284,57,341,297,44,638000,High
2022-12-01,West,MAT-1007,Recloser Control Package,212,73,0.85,1.116,319,64,383,347,36,522000,High
2023-01-01,West,MAT-1007,Recloser Control Package,211,66,0.87,1.127,320,64,384,360,24,348000,High
2023-02-01,West,MAT-1007,Recloser Control Package,256,27,0.92,1.138,350,70,420,391,29,420500,High
2023-03-01,West,MAT-1007,Recloser Control Package,244,54,1.0,1.149,404,81,485,438,47,681500,High
2023-04-01,West,MAT-1007,Recloser Control Package,312,32,1.08,1.161,509,102,611,609,2,29000,High
2023-05-01,West,MAT-1007,Recloser Control Package,365,74,1.13,1.173,686,137,823,614,209,3030500,High
2023-06-01,West,MAT-1007,Recloser Control Package,366,86,1.15,1.184,726,145,871,1039,0,0,High
2023-07-01,West,MAT-1007,Recloser Control Package,282,74,1.13,1.196,568,114,682,701,0,0,High
2023-08-01,West,MAT-1007,Recloser Control Package,334,47,1.08,1.208,587,117,704,728,0,0,High
2023-09-01,West,MAT-1007,Recloser Control Package,313,93,1.0,1.22,585,117,702,627,75,1087500,High
2023-10-01,West,MAT-1007,Recloser Control Package,293,28,0.92,1.232,429,86,515,455,60,870000,High
2023-11-01,West,MAT-1007,Recloser Control Package,233,28,0.87,1.245,334,67,401,427,0,0,High
2023-12-01,West,MAT-1007,Recloser Control Package,257,68,0.85,1.257,410,82,492,523,0,0,High
2024-01-01,West,MAT-1007,Recloser Control Package,228,21,0.87,1.27,325,65,390,410,0,0,High
2024-02-01,West,MAT-1007,Recloser Control Package,227,76,0.92,1.282,422,84,506,543,0,0,High
2024-03-01,West,MAT-1007,Recloser Control Package,273,32,1.0,1.295,466,93,559,539,20,290000,High
2024-04-01,West,MAT-1007,Recloser Control Package,243,73,1.08,1.308,527,105,632,677,0,0,High
2024-05-01,West,MAT-1007,Recloser Control Package,322,51,1.13,1.321,657,131,788,765,23,333500,High
2024-06-01,West,MAT-1007,Recloser Control Package,281,81,1.15,1.335,656,131,787,872,0,0,High
2024-07-01,West,MAT-1007,Recloser Control Package,334,106,1.13,1.348,791,158,949,720,229,3320500,High
2024-08-01,West,MAT-1007,Recloser Control Package,290,33,1.08,1.361,560,112,672,790,0,0,High
2024-09-01,West,MAT-1007,Recloser Control Package,300,81,1.0,1.375,618,124,742,870,0,0,High
2024-10-01,West,MAT-1007,Recloser Control Package,252,90,0.92,1.389,516,103,619,490,129,1870500,High
2024-11-01,West,MAT-1007,Recloser Control Package,247,83,0.87,1.403,475,95,570,477,93,1348500,High
2024-12-01,West,MAT-1007,Recloser Control Package,200,71,0.85,1.417,385,77,462,557,0,0,High
2025-01-01,West,MAT-1007,Recloser Control Package,211,28,0.87,1.431,351,70,421,322,99,1435500,High
2025-02-01,West,MAT-1007,Recloser Control Package,265,45,0.92,1.445,486,97,583,565,18,261000,High
2025-03-01,West,MAT-1007,Recloser Control Package,308,77,1.0,1.46,663,133,796,913,0,0,High
2025-04-01,West,MAT-1007,Recloser Control Package,327,146,1.08,1.474,889,178,1067,986,81,1174500,High
2025-05-01,West,MAT-1007,Recloser Control Package,340,67,1.13,1.489,808,162,970,769,201,2914500,High
2025-06-01,West,MAT-1007,Recloser Control Package,283,98,1.15,1.504,777,155,932,972,0,0,High
2025-07-01,West,MAT-1007,Recloser Control Package,285,74,1.13,1.519,727,145,872,903,0,0,High
2025-08-01,West,MAT-1007,Recloser Control Package,253,100,1.08,1.534,690,138,828,703,125,1812500,High
2025-09-01,West,MAT-1007,Recloser Control Package,322,57,1.0,1.549,693,139,832,856,0,0,High
2025-10-01,West,MAT-1007,Recloser Control Package,280,23,0.92,1.565,515,103,618,757,0,0,High
2025-11-01,West,MAT-1007,Recloser Control Package,273,86,0.87,1.58,582,116,698,789,0,0,High
2025-12-01,West,MAT-1007,Recloser Control Package,250,43,0.85,1.596,469,94,563,464,99,1435500,High
2026-01-01,West,MAT-1007,Recloser Control Package,244,94,0.87,1.612,559,112,671,659,12,174000,High
2026-02-01,West,MAT-1007,Recloser Control Package,247,111,0.92,1.628,633,127,760,668,92,1334000,High
2026-03-01,West,MAT-1007,Recloser Control Package,270,17,1.0,1.645,557,111,668,520,148,2146000,High
2026-04-01,West,MAT-1007,Recloser Control Package,338,62,1.08,1.661,847,169,1016,1011,5,72500,High
2026-05-01,West,MAT-1007,Recloser Control Package,259,67,1.13,1.678,729,146,875,788,87,1261500,High
2026-06-01,West,MAT-1007,Recloser Control Package,332,47,1.15,1.694,871,174,1045,1228,0,0,High
2026-07-01,West,MAT-1007,Recloser Control Package,252,97,1.13,1.711,796,159,955,959,0,0,High
2026-08-01,West,MAT-1007,Recloser Control Package,270,54,1.08,1.729,714,143,857,776,81,1174500,High
2026-09-01,West,MAT-1007,Recloser Control Package,308,138,1.0,1.746,919,184,1103,986,117,1696500,High
2026-10-01,West,MAT-1007,Recloser Control Package,258,28,0.92,1.763,547,109,656,480,176,2552000,High
2026-11-01,West,MAT-1007,Recloser Control Package,203,59,0.87,1.781,479,96,575,634,0,0,High
2026-12-01,West,MAT-1007,Recloser Control Package,226,99,0.85,1.799,586,117,703,668,35,507500,High
2022-01-01,North,MAT-1008,Switchgear Cabinet,270,25,0.87,1.0,303,61,364,262,102,1938000,High
2022-02-01,North,MAT-1008,Switchgear Cabinet,249,77,0.92,1.01,357,71,428,369,59,1121000,High
2022-03-01,North,MAT-1008,Switchgear Cabinet,355,80,1.0,1.02,524,105,629,662,0,0,High
2022-04-01,North,MAT-1008,Switchgear Cabinet,401,24,1.08,1.03,558,112,670,768,0,0,High
2022-05-01,North,MAT-1008,Switchgear Cabinet,304,90,1.13,1.041,547,109,656,567,89,1691000,High
2022-06-01,North,MAT-1008,Switchgear Cabinet,339,41,1.15,1.051,542,108,650,791,0,0,High
2022-07-01,North,MAT-1008,Switchgear Cabinet,376,124,1.13,1.062,708,142,850,880,0,0,High
2022-08-01,North,MAT-1008,Switchgear Cabinet,384,119,1.08,1.072,687,137,824,863,0,0,High
2022-09-01,North,MAT-1008,Switchgear Cabinet,258,39,1.0,1.083,379,76,455,403,52,988000,High
2022-10-01,North,MAT-1008,Switchgear Cabinet,312,119,0.92,1.094,512,102,614,537,77,1463000,High
2022-11-01,North,MAT-1008,Switchgear Cabinet,300,127,0.87,1.105,484,97,581,487,94,1786000,High
2022-12-01,North,MAT-1008,Switchgear Cabinet,218,73,0.85,1.116,326,65,391,352,39,741000,High
2023-01-01,North,MAT-1008,Switchgear Cabinet,310,71,0.87,1.127,441,88,529,398,131,2489000,High
2023-02-01,North,MAT-1008,Switchgear Cabinet,323,21,0.92,1.138,425,85,510,617,0,0,High
2023-03-01,North,MAT-1008,Switchgear Cabinet,291,107,1.0,1.149,540,108,648,728,0,0,High
2023-04-01,North,MAT-1008,Switchgear Cabinet,362,99,1.08,1.161,682,136,818,719,99,1881000,High
2023-05-01,North,MAT-1008,Switchgear Cabinet,317,60,1.13,1.173,589,118,707,609,98,1862000,High
2023-06-01,North,MAT-1008,Switchgear Cabinet,418,177,1.15,1.184,956,191,1147,1272,0,0,High
2023-07-01,North,MAT-1008,Switchgear Cabinet,378,132,1.13,1.196,813,163,976,899,77,1463000,High
2023-08-01,North,MAT-1008,Switchgear Cabinet,358,54,1.08,1.208,634,127,761,837,0,0,High
2023-09-01,North,MAT-1008,Switchgear Cabinet,339,24,1.0,1.22,523,105,628,551,77,1463000,High
2023-10-01,North,MAT-1008,Switchgear Cabinet,283,77,0.92,1.232,482,96,578,674,0,0,High
2023-11-01,North,MAT-1008,Switchgear Cabinet,292,90,0.87,1.245,488,98,586,539,47,893000,High
2023-12-01,North,MAT-1008,Switchgear Cabinet,284,27,0.85,1.257,392,78,470,397,73,1387000,High
2024-01-01,North,MAT-1008,Switchgear Cabinet,250,89,0.87,1.27,442,88,530,414,116,2204000,High
2024-02-01,North,MAT-1008,Switchgear Cabinet,259,99,0.92,1.282,498,100,598,638,0,0,High
2024-03-01,North,MAT-1008,Switchgear Cabinet,268,23,1.0,1.295,445,89,534,584,0,0,High
2024-04-01,North,MAT-1008,Switchgear Cabinet,289,31,1.08,1.308,533,107,640,647,0,0,High
2024-05-01,North,MAT-1008,Switchgear Cabinet,367,137,1.13,1.321,888,178,1066,1056,10,190000,High
2024-06-01,North,MAT-1008,Switchgear Cabinet,367,137,1.15,1.335,913,183,1096,965,131,2489000,High
2024-07-01,North,MAT-1008,Switchgear Cabinet,353,51,1.13,1.348,726,145,871,770,101,1919000,High
2024-08-01,North,MAT-1008,Switchgear Cabinet,282,64,1.08,1.361,600,120,720,619,101,1919000,High
2024-09-01,North,MAT-1008,Switchgear Cabinet,320,94,1.0,1.375,672,134,806,693,113,2147000,High
2024-10-01,North,MAT-1008,Switchgear Cabinet,256,92,0.92,1.389,525,105,630,637,0,0,High
2024-11-01,North,MAT-1008,Switchgear Cabinet,286,92,0.87,1.403,544,109,653,754,0,0,High
2024-12-01,North,MAT-1008,Switchgear Cabinet,283,16,0.85,1.417,425,85,510,421,89,1691000,High
2025-01-01,North,MAT-1008,Switchgear Cabinet,284,25,0.87,1.431,454,91,545,512,33,627000,High
2025-02-01,North,MAT-1008,Switchgear Cabinet,310,101,0.92,1.445,645,129,774,907,0,0,High
2025-03-01,North,MAT-1008,Switchgear Cabinet,301,102,1.0,1.46,694,139,833,915,0,0,High
2025-04-01,North,MAT-1008,Switchgear Cabinet,389,44,1.08,1.474,813,163,976,823,153,2907000,High
2025-05-01,North,MAT-1008,Switchgear Cabinet,334,22,1.13,1.489,707,141,848,629,219,4161000,High
2025-06-01,North,MAT-1008,Switchgear Cabinet,425,104,1.15,1.504,1079,216,1295,1079,216,4104000,High
2025-07-01,North,MAT-1008,Switchgear Cabinet,423,125,1.13,1.519,1110,222,1332,1248,84,1596000,High
2025-08-01,North,MAT-1008,Switchgear Cabinet,355,157,1.08,1.534,1001,200,1201,1291,0,0,High
2025-09-01,North,MAT-1008,Switchgear Cabinet,338,44,1.0,1.549,698,140,838,779,59,1121000,High
2025-10-01,North,MAT-1008,Switchgear Cabinet,234,71,0.92,1.565,518,104,622,703,0,0,High
2025-11-01,North,MAT-1008,Switchgear Cabinet,315,126,0.87,1.58,716,143,859,714,145,2755000,High
2025-12-01,North,MAT-1008,Switchgear Cabinet,221,94,0.85,1.596,504,101,605,714,0,0,High
2026-01-01,North,MAT-1008,Switchgear Cabinet,316,67,0.87,1.612,634,127,761,897,0,0,High
2026-02-01,North,MAT-1008,Switchgear Cabinet,306,114,0.92,1.628,742,148,890,748,142,2698000,High
2026-03-01,North,MAT-1008,Switchgear Cabinet,261,14,1.0,1.645,534,107,641,487,154,2926000,High
2026-04-01,North,MAT-1008,Switchgear Cabinet,293,104,1.08,1.661,840,168,1008,942,66,1254000,High
2026-05-01,North,MAT-1008,Switchgear Cabinet,357,21,1.13,1.678,846,169,1015,756,259,4921000,High
2026-06-01,North,MAT-1008,Switchgear Cabinet,401,85,1.15,1.694,1118,224,1342,1132,210,3990000,High
2026-07-01,North,MAT-1008,Switchgear Cabinet,398,134,1.13,1.711,1214,243,1457,1513,0,0,High
2026-08-01,North,MAT-1008,Switchgear Cabinet,295,75,1.08,1.729,815,163,978,778,200,3800000,High
2026-09-01,North,MAT-1008,Switchgear Cabinet,368,113,1.0,1.746,991,198,1189,1260,0,0,High
2026-10-01,North,MAT-1008,Switchgear Cabinet,328,132,0.92,1.763,881,176,1057,1145,0,0,High
2026-11-01,North,MAT-1008,Switchgear Cabinet,289,93,0.87,1.781,698,140,838,949,0,0,High
2026-12-01,North,MAT-1008,Switchgear Cabinet,279,79,0.85,1.799,646,129,775,732,43,817000,High
2022-01-01,South,MAT-1008,Switchgear Cabinet,210,38,0.87,1.0,255,51,306,337,0,0,High
2022-02-01,South,MAT-1008,Switchgear Cabinet,263,31,0.92,1.01,322,64,386,469,0,0,High
2022-03-01,South,MAT-1008,Switchgear Cabinet,295,117,1.0,1.02,496,99,595,667,0,0,High
2022-04-01,South,MAT-1008,Switchgear Cabinet,313,61,1.08,1.03,491,98,589,441,148,2812000,High
2022-05-01,South,MAT-1008,Switchgear Cabinet,340,83,1.13,1.041,587,117,704,781,0,0,High
2022-06-01,South,MAT-1008,Switchgear Cabinet,298,44,1.15,1.051,488,98,586,593,0,0,High
2022-07-01,South,MAT-1008,Switchgear Cabinet,342,115,1.13,1.062,647,129,776,757,19,361000,High
2022-08-01,South,MAT-1008,Switchgear Cabinet,294,113,1.08,1.072,556,111,667,632,35,665000,High
2022-09-01,South,MAT-1008,Switchgear Cabinet,268,103,1.0,1.083,474,95,569,484,85,1615000,High
2022-10-01,South,MAT-1008,Switchgear Cabinet,264,79,0.92,1.094,407,81,488,479,9,171000,High
2022-11-01,South,MAT-1008,Switchgear Cabinet,279,110,0.87,1.105,441,88,529,406,123,2337000,High
2022-12-01,South,MAT-1008,Switchgear Cabinet,236,99,0.85,1.116,375,75,450,541,0,0,High
2023-01-01,South,MAT-1008,Switchgear Cabinet,305,58,0.87,1.127,420,84,504,496,8,152000,High
2023-02-01,South,MAT-1008,Switchgear Cabinet,307,31,0.92,1.138,418,84,502,570,0,0,High
2023-03-01,South,MAT-1008,Switchgear Cabinet,322,73,1.0,1.149,536,107,643,689,0,0,High
2023-04-01,South,MAT-1008,Switchgear Cabinet,271,55,1.08,1.161,482,96,578,420,158,3002000,High
2023-05-01,South,MAT-1008,Switchgear Cabinet,304,65,1.13,1.173,577,115,692,847,0,0,High
2023-06-01,South,MAT-1008,Switchgear Cabinet,352,71,1.15,1.184,680,136,816,887,0,0,High
2023-07-01,South,MAT-1008,Switchgear Cabinet,274,100,1.13,1.196,597,119,716,851,0,0,High
2023-08-01,South,MAT-1008,Switchgear Cabinet,294,37,1.08,1.208,510,102,612,459,153,2907000,High
2023-09-01,South,MAT-1008,Switchgear Cabinet,283,61,1.0,1.22,495,99,594,481,113,2147000,High
2023-10-01,South,MAT-1008,Switchgear Cabinet,268,109,0.92,1.232,504,101,605,608,0,0,High
2023-11-01,South,MAT-1008,Switchgear Cabinet,229,87,0.87,1.245,404,81,485,440,45,855000,High
2023-12-01,South,MAT-1008,Switchgear Cabinet,245,77,0.85,1.257,406,81,487,435,52,988000,High
2024-01-01,South,MAT-1008,Switchgear Cabinet,296,43,0.87,1.27,442,88,530,531,0,0,High
2024-02-01,South,MAT-1008,Switchgear Cabinet,258,89,0.92,1.282,483,97,580,710,0,0,High
2024-03-01,South,MAT-1008,Switchgear Cabinet,270,57,1.0,1.295,500,100,600,530,70,1330000,High
2024-04-01,South,MAT-1008,Switchgear Cabinet,302,82,1.08,1.308,640,128,768,598,170,3230000,High
2024-05-01,South,MAT-1008,Switchgear Cabinet,317,65,1.13,1.321,673,135,808,640,168,3192000,High
2024-06-01,South,MAT-1008,Switchgear Cabinet,401,123,1.15,1.335,949,190,1139,849,290,5510000,High
2024-07-01,South,MAT-1008,Switchgear Cabinet,399,116,1.13,1.348,926,185,1111,981,130,2470000,High
2024-08-01,South,MAT-1008,Switchgear Cabinet,257,107,1.08,1.361,631,126,757,701,56,1064000,High
2024-09-01,South,MAT-1008,Switchgear Cabinet,308,35,1.0,1.375,556,111,667,502,165,3135000,High
2024-10-01,South,MAT-1008,Switchgear Cabinet,304,44,0.92,1.389,525,105,630,647,0,0,High
2024-11-01,South,MAT-1008,Switchgear Cabinet,239,81,0.87,1.403,461,92,553,426,127,2413000,High
2024-12-01,South,MAT-1008,Switchgear Cabinet,284,89,0.85,1.417,530,106,636,548,88,1672000,High
2025-01-01,South,MAT-1008,Switchgear Cabinet,259,18,0.87,1.431,407,81,488,446,42,798000,High
2025-02-01,South,MAT-1008,Switchgear Cabinet,295,101,0.92,1.445,621,124,745,564,181,3439000,High
2025-03-01,South,MAT-1008,Switchgear Cabinet,267,25,1.0,1.46,503,101,604,615,0,0,High
2025-04-01,South,MAT-1008,Switchgear Cabinet,271,35,1.08,1.474,575,115,690,715,0,0,High
2025-05-01,South,MAT-1008,Switchgear Cabinet,294,76,1.13,1.489,735,147,882,681,201,3819000,High
2025-06-01,South,MAT-1008,Switchgear Cabinet,371,107,1.15,1.504,975,195,1170,978,192,3648000,High
2025-07-01,South,MAT-1008,Switchgear Cabinet,372,27,1.13,1.519,808,162,970,847,123,2337000,High
2025-08-01,South,MAT-1008,Switchgear Cabinet,257,88,1.08,1.534,674,135,809,978,0,0,High
2025-09-01,South,MAT-1008,Switchgear Cabinet,335,53,1.0,1.549,709,142,851,1008,0,0,High
2025-10-01,South,MAT-1008,Switchgear Cabinet,273,37,0.92,1.565,527,105,632,493,139,2641000,High
2025-11-01,South,MAT-1008,Switchgear Cabinet,227,89,0.87,1.58,513,103,616,622,0,0,High
2025-12-01,South,MAT-1008,Switchgear Cabinet,289,125,0.85,1.596,663,133,796,899,0,0,High
2026-01-01,South,MAT-1008,Switchgear Cabinet,307,94,0.87,1.612,664,133,797,708,89,1691000,High
2026-02-01,South,MAT-1008,Switchgear Cabinet,221,65,0.92,1.628,506,101,607,540,67,1273000,High
2026-03-01,South,MAT-1008,Switchgear Cabinet,327,40,1.0,1.645,712,142,854,810,44,836000,High
2026-04-01,South,MAT-1008,Switchgear Cabinet,288,32,1.08,1.661,677,135,812,952,0,0,High
2026-05-01,South,MAT-1008,Switchgear Cabinet,338,70,1.13,1.678,913,183,1096,1076,20,380000,High
2026-06-01,South,MAT-1008,Switchgear Cabinet,406,93,1.15,1.694,1147,229,1376,1574,0,0,High
2026-07-01,South,MAT-1008,Switchgear Cabinet,296,77,1.13,1.711,851,170,1021,1089,0,0,High
2026-08-01,South,MAT-1008,Switchgear Cabinet,271,97,1.08,1.729,811,162,973,925,48,912000,High
2026-09-01,South,MAT-1008,Switchgear Cabinet,312,65,1.0,1.746,777,155,932,686,246,4674000,High
2026-10-01,South,MAT-1008,Switchgear Cabinet,305,76,0.92,1.763,729,146,875,862,13,247000,High
2026-11-01,South,MAT-1008,Switchgear Cabinet,244,48,0.87,1.781,534,107,641,619,22,418000,High
2026-12-01,South,MAT-1008,Switchgear Cabinet,228,25,0.85,1.799,456,91,547,562,0,0,High
2022-01-01,East,MAT-1008,Switchgear Cabinet,379,129,0.87,1.0,522,104,626,634,0,0,High
2022-02-01,East,MAT-1008,Switchgear Cabinet,341,106,0.92,1.01,490,98,588,472,116,2204000,High
2022-03-01,East,MAT-1008,Switchgear Cabinet,341,74,1.0,1.02,500,100,600,515,85,1615000,High
2022-04-01,East,MAT-1008,Switchgear Cabinet,445,182,1.08,1.03,823,165,988,1072,0,0,High
2022-05-01,East,MAT-1008,Switchgear Cabinet,373,163,1.13,1.041,744,149,893,981,0,0,High
2022-06-01,East,MAT-1008,Switchgear Cabinet,391,89,1.15,1.051,685,137,822,648,174,3306000,High
2022-07-01,East,MAT-1008,Switchgear Cabinet,366,28,1.13,1.062,558,112,670,809,0,0,High
2022-08-01,East,MAT-1008,Switchgear Cabinet,368,75,1.08,1.072,605,121,726,541,185,3515000,High
2022-09-01,East,MAT-1008,Switchgear Cabinet,364,68,1.0,1.083,552,110,662,628,34,646000,High
2022-10-01,East,MAT-1008,Switchgear Cabinet,414,36,0.92,1.094,534,107,641,546,95,1805000,High
2022-11-01,East,MAT-1008,Switchgear Cabinet,366,79,0.87,1.105,505,101,606,672,0,0,High
2022-12-01,East,MAT-1008,Switchgear Cabinet,291,25,0.85,1.116,354,71,425,439,0,0,High
2023-01-01,East,MAT-1008,Switchgear Cabinet,303,118,0.87,1.127,487,97,584,585,0,0,High
2023-02-01,East,MAT-1008,Switchgear Cabinet,306,131,0.92,1.138,540,108,648,695,0,0,High
2023-03-01,East,MAT-1008,Switchgear Cabinet,421,156,1.0,1.149,783,157,940,826,114,2166000,High
2023-04-01,East,MAT-1008,Switchgear Cabinet,380,43,1.08,1.161,626,125,751,850,0,0,High
2023-05-01,East,MAT-1008,Switchgear Cabinet,420,92,1.13,1.173,801,160,961,702,259,4921000,High
2023-06-01,East,MAT-1008,Switchgear Cabinet,401,106,1.15,1.184,815,163,978,1041,0,0,High
2023-07-01,East,MAT-1008,Switchgear Cabinet,351,45,1.13,1.196,632,126,758,750,8,152000,High
2023-08-01,East,MAT-1008,Switchgear Cabinet,437,187,1.08,1.208,961,192,1153,931,222,4218000,High
2023-09-01,East,MAT-1008,Switchgear Cabinet,309,104,1.0,1.22,595,119,714,773,0,0,High
2023-10-01,East,MAT-1008,Switchgear Cabinet,375,90,0.92,1.232,622,124,746,783,0,0,High
2023-11-01,East,MAT-1008,Switchgear Cabinet,286,74,0.87,1.245,460,92,552,526,26,494000,High
2023-12-01,East,MAT-1008,Switchgear Cabinet,285,103,0.85,1.257,489,98,587,676,0,0,High
2024-01-01,East,MAT-1008,Switchgear Cabinet,377,73,0.87,1.27,587,117,704,608,96,1824000,High
2024-02-01,East,MAT-1008,Switchgear Cabinet,287,62,0.92,1.282,486,97,583,519,64,1216000,High
2024-03-01,East,MAT-1008,Switchgear Cabinet,330,28,1.0,1.295,547,109,656,600,56,1064000,High
2024-04-01,East,MAT-1008,Switchgear Cabinet,448,106,1.08,1.308,924,185,1109,1037,72,1368000,High
2024-05-01,East,MAT-1008,Switchgear Cabinet,404,82,1.13,1.321,856,171,1027,1200,0,0,High
2024-06-01,East,MAT-1008,Switchgear Cabinet,438,161,1.15,1.335,1085,217,1302,1504,0,0,High
2024-07-01,East,MAT-1008,Switchgear Cabinet,420,151,1.13,1.348,1026,205,1231,1354,0,0,High
2024-08-01,East,MAT-1008,Switchgear Cabinet,419,138,1.08,1.361,966,193,1159,1105,54,1026000,High
2024-09-01,East,MAT-1008,Switchgear Cabinet,331,64,1.0,1.375,641,128,769,685,84,1596000,High
2024-10-01,East,MAT-1008,Switchgear Cabinet,329,111,0.92,1.389,663,133,796,634,162,3078000,High
2024-11-01,East,MAT-1008,Switchgear Cabinet,354,68,0.87,1.403,608,122,730,634,96,1824000,High
2024-12-01,East,MAT-1008,Switchgear Cabinet,272,38,0.85,1.417,440,88,528,532,0,0,High
2025-01-01,East,MAT-1008,Switchgear Cabinet,266,94,0.87,1.431,529,106,635,462,173,3287000,High
2025-02-01,East,MAT-1008,Switchgear Cabinet,355,29,0.92,1.445,602,120,722,695,27,513000,High
2025-03-01,East,MAT-1008,Switchgear Cabinet,348,73,1.0,1.46,725,145,870,1003,0,0,High
2025-04-01,East,MAT-1008,Switchgear Cabinet,452,115,1.08,1.474,1065,213,1278,1557,0,0,High
2025-05-01,East,MAT-1008,Switchgear Cabinet,481,116,1.13,1.489,1185,237,1422,1194,228,4332000,High
2025-06-01,East,MAT-1008,Switchgear Cabinet,499,160,1.15,1.504,1345,269,1614,1954,0,0,High
2025-07-01,East,MAT-1008,Switchgear Cabinet,457,200,1.13,1.519,1331,266,1597,1727,0,0,High
2025-08-01,East,MAT-1008,Switchgear Cabinet,397,38,1.08,1.534,850,170,1020,982,38,722000,High
2025-09-01,East,MAT-1008,Switchgear Cabinet,370,129,1.0,1.549,912,182,1094,978,116,2204000,High
2025-10-01,East,MAT-1008,Switchgear Cabinet,376,94,0.92,1.565,798,160,958,1011,0,0,High
2025-11-01,East,MAT-1008,Switchgear Cabinet,284,49,0.87,1.58,540,108,648,520,128,2432000,High
2025-12-01,East,MAT-1008,Switchgear Cabinet,357,143,0.85,1.596,801,160,961,1065,0,0,High
2026-01-01,East,MAT-1008,Switchgear Cabinet,305,26,0.87,1.612,548,110,658,693,0,0,High
2026-02-01,East,MAT-1008,Switchgear Cabinet,280,100,0.92,1.628,672,134,806,659,147,2793000,High
2026-03-01,East,MAT-1008,Switchgear Cabinet,431,162,1.0,1.645,1151,230,1381,1211,170,3230000,High
2026-04-01,East,MAT-1008,Switchgear Cabinet,443,50,1.08,1.661,1044,209,1253,1121,132,2508000,High
2026-05-01,East,MAT-1008,Switchgear Cabinet,450,80,1.13,1.678,1186,237,1423,1308,115,2185000,High
2026-06-01,East,MAT-1008,Switchgear Cabinet,375,85,1.15,1.694,1058,212,1270,1343,0,0,High
2026-07-01,East,MAT-1008,Switchgear Cabinet,484,62,1.13,1.711,1246,249,1495,1279,216,4104000,High
2026-08-01,East,MAT-1008,Switchgear Cabinet,358,39,1.08,1.729,875,175,1050,983,67,1273000,High
2026-09-01,East,MAT-1008,Switchgear Cabinet,409,171,1.0,1.746,1195,239,1434,1641,0,0,High
2026-10-01,East,MAT-1008,Switchgear Cabinet,396,35,0.92,1.763,825,165,990,869,121,2299000,High
2026-11-01,East,MAT-1008,Switchgear Cabinet,333,80,0.87,1.781,755,151,906,765,141,2679000,High
2026-12-01,East,MAT-1008,Switchgear Cabinet,352,73,0.85,1.799,767,153,920,683,237,4503000,High
2022-01-01,West,MAT-1008,Switchgear Cabinet,280,60,0.87,1.0,349,70,419,503,0,0,High
2022-02-01,West,MAT-1008,Switchgear Cabinet,250,103,0.92,1.01,387,77,464,521,0,0,High
2022-03-01,West,MAT-1008,Switchgear Cabinet,346,81,1.0,1.02,514,103,617,600,17,323000,High
2022-04-01,West,MAT-1008,Switchgear Cabinet,338,89,1.08,1.03,561,112,673,808,0,0,High
2022-05-01,West,MAT-1008,Switchgear Cabinet,302,34,1.13,1.041,466,93,559,538,21,399000,High
2022-06-01,West,MAT-1008,Switchgear Cabinet,428,135,1.15,1.051,803,161,964,983,0,0,High
2022-07-01,West,MAT-1008,Switchgear Cabinet,342,151,1.13,1.062,698,140,838,946,0,0,High
2022-08-01,West,MAT-1008,Switchgear Cabinet,372,99,1.08,1.072,644,129,773,626,147,2793000,High
2022-09-01,West,MAT-1008,Switchgear Cabinet,335,136,1.0,1.083,602,120,722,767,0,0,High
2022-10-01,West,MAT-1008,Switchgear Cabinet,250,82,0.92,1.094,394,79,473,389,84,1596000,High
2022-11-01,West,MAT-1008,Switchgear Cabinet,237,37,0.87,1.105,311,62,373,427,0,0,High
2022-12-01,West,MAT-1008,Switchgear Cabinet,240,46,0.85,1.116,320,64,384,323,61,1159000,High
2023-01-01,West,MAT-1008,Switchgear Cabinet,321,127,0.87,1.127,518,104,622,684,0,0,High
2023-02-01,West,MAT-1008,Switchgear Cabinet,328,84,0.92,1.138,509,102,611,637,0,0,High
2023-03-01,West,MAT-1008,Switchgear Cabinet,361,139,1.0,1.149,678,136,814,709,105,1995000,High
2023-04-01,West,MAT-1008,Switchgear Cabinet,321,84,1.08,1.161,599,120,719,661,58,1102000,High
2023-05-01,West,MAT-1008,Switchgear Cabinet,354,67,1.13,1.173,658,132,790,773,17,323000,High
2023-06-01,West,MAT-1008,Switchgear Cabinet,440,181,1.15,1.184,998,200,1198,1116,82,1558000,High
2023-07-01,West,MAT-1008,Switchgear Cabinet,424,88,1.13,1.196,817,163,980,925,55,1045000,High
2023-08-01,West,MAT-1008,Switchgear Cabinet,359,103,1.08,1.208,711,142,853,635,218,4142000,High
2023-09-01,West,MAT-1008,Switchgear Cabinet,288,71,1.0,1.22,517,103,620,608,12,228000,High
2023-10-01,West,MAT-1008,Switchgear Cabinet,251,43,0.92,1.232,393,79,472,499,0,0,High
2023-11-01,West,MAT-1008,Switchgear Cabinet,249,56,0.87,1.245,390,78,468,482,0,0,High
2023-12-01,West,MAT-1008,Switchgear Cabinet,264,79,0.85,1.257,433,87,520,452,68,1292000,High
2024-01-01,West,MAT-1008,Switchgear Cabinet,263,92,0.87,1.27,463,93,556,678,0,0,High
2024-02-01,West,MAT-1008,Switchgear Cabinet,267,53,0.92,1.282,446,89,535,447,88,1672000,High
2024-03-01,West,MAT-1008,Switchgear Cabinet,295,79,1.0,1.295,572,114,686,661,25,475000,High
2024-04-01,West,MAT-1008,Switchgear Cabinet,314,85,1.08,1.308,665,133,798,634,164,3116000,High
2024-05-01,West,MAT-1008,Switchgear Cabinet,306,81,1.13,1.321,682,136,818,701,117,2223000,High
2024-06-01,West,MAT-1008,Switchgear Cabinet,439,125,1.15,1.335,1021,204,1225,1222,3,57000,High
2024-07-01,West,MAT-1008,Switchgear Cabinet,446,154,1.13,1.348,1078,216,1294,1547,0,0,High
2024-08-01,West,MAT-1008,Switchgear Cabinet,361,133,1.08,1.361,857,171,1028,838,190,3610000,High
2024-09-01,West,MAT-1008,Switchgear Cabinet,347,139,1.0,1.375,789,158,947,1042,0,0,High
2024-10-01,West,MAT-1008,Switchgear Cabinet,333,35,0.92,1.389,555,111,666,557,109,2071000,High
2024-11-01,West,MAT-1008,Switchgear Cabinet,344,79,0.87,1.403,609,122,731,643,88,1672000,High
2024-12-01,West,MAT-1008,Switchgear Cabinet,277,94,0.85,1.417,527,105,632,725,0,0,High
2025-01-01,West,MAT-1008,Switchgear Cabinet,231,89,0.87,1.431,470,94,564,429,135,2565000,High
2025-02-01,West,MAT-1008,Switchgear Cabinet,306,36,0.92,1.445,537,107,644,768,0,0,High
2025-03-01,West,MAT-1008,Switchgear Cabinet,360,88,1.0,1.46,772,154,926,869,57,1083000,High
2025-04-01,West,MAT-1008,Switchgear Cabinet,324,75,1.08,1.474,750,150,900,766,134,2546000,High
2025-05-01,West,MAT-1008,Switchgear Cabinet,362,32,1.13,1.489,782,156,938,703,235,4465000,High
2025-06-01,West,MAT-1008,Switchgear Cabinet,324,108,1.15,1.504,882,176,1058,985,73,1387000,High
2025-07-01,West,MAT-1008,Switchgear Cabinet,409,38,1.13,1.519,905,181,1086,1195,0,0,High
2025-08-01,West,MAT-1008,Switchgear Cabinet,390,35,1.08,1.534,831,166,997,1050,0,0,High
2025-09-01,West,MAT-1008,Switchgear Cabinet,351,107,1.0,1.549,837,167,1004,883,121,2299000,High
2025-10-01,West,MAT-1008,Switchgear Cabinet,358,116,0.92,1.565,805,161,966,1181,0,0,High
2025-11-01,West,MAT-1008,Switchgear Cabinet,325,34,0.87,1.58,582,116,698,558,140,2660000,High
2025-12-01,West,MAT-1008,Switchgear Cabinet,292,110,0.85,1.596,644,129,773,633,140,2660000,High
2026-01-01,West,MAT-1008,Switchgear Cabinet,256,78,0.87,1.612,553,111,664,764,0,0,High
2026-02-01,West,MAT-1008,Switchgear Cabinet,279,86,0.92,1.628,645,129,774,884,0,0,High
2026-03-01,West,MAT-1008,Switchgear Cabinet,318,77,1.0,1.645,767,153,920,1115,0,0,High
2026-04-01,West,MAT-1008,Switchgear Cabinet,394,128,1.08,1.661,1105,221,1326,1621,0,0,High
2026-05-01,West,MAT-1008,Switchgear Cabinet,342,69,1.13,1.678,919,184,1103,1235,0,0,High
2026-06-01,West,MAT-1008,Switchgear Cabinet,357,108,1.15,1.694,1069,214,1283,1211,72,1368000,High
2026-07-01,West,MAT-1008,Switchgear Cabinet,340,98,1.13,1.711,1000,200,1200,915,285,5415000,High
2026-08-01,West,MAT-1008,Switchgear Cabinet,389,75,1.08,1.729,1022,204,1226,1113,113,2147000,High
2026-09-01,West,MAT-1008,Switchgear Cabinet,349,61,1.0,1.746,845,169,1014,892,122,2318000,High
2026-10-01,West,MAT-1008,Switchgear Cabinet,267,21,0.92,1.763,551,110,661,532,129,2451000,High
2026-11-01,West,MAT-1008,Switchgear Cabinet,276,55,0.87,1.781,605,121,726,551,175,3325000,High
2026-12-01,West,MAT-1008,Switchgear Cabinet,313,133,0.85,1.799,805,161,966,1083,0,0,High
2022-01-01,North,MAT-1009,Smart Meter,153,15,0.87,1.0,172,34,206,193,13,1885,High
2022-02-01,North,MAT-1009,Smart Meter,133,32,0.92,1.01,181,36,217,251,0,0,High
2022-03-01,North,MAT-1009,Smart Meter,200,26,1.0,1.02,272,54,326,259,67,9715,High
2022-04-01,North,MAT-1009,Smart Meter,227,54,1.08,1.03,369,74,443,454,0,0,High
2022-05-01,North,MAT-1009,Smart Meter,207,13,1.13,1.041,305,61,366,311,55,7975,High
2022-06-01,North,MAT-1009,Smart Meter,236,90,1.15,1.051,465,93,558,638,0,0,High
2022-07-01,North,MAT-1009,Smart Meter,197,42,1.13,1.062,338,68,406,474,0,0,High
2022-08-01,North,MAT-1009,Smart Meter,220,14,1.08,1.072,320,64,384,381,3,435,High
2022-09-01,North,MAT-1009,Smart Meter,196,88,1.0,1.083,363,73,436,450,0,0,High
2022-10-01,North,MAT-1009,Smart Meter,182,69,0.92,1.094,298,60,358,379,0,0,High
2022-11-01,North,MAT-1009,Smart Meter,159,49,0.87,1.105,236,47,283,234,49,7105,High
2022-12-01,North,MAT-1009,Smart Meter,132,30,0.85,1.116,181,36,217,219,0,0,High
2023-01-01,North,MAT-1009,Smart Meter,157,52,0.87,1.127,242,48,290,226,64,9280,High
2023-02-01,North,MAT-1009,Smart Meter,190,36,0.92,1.138,279,56,335,357,0,0,High
2023-03-01,North,MAT-1009,Smart Meter,164,11,1.0,1.149,237,47,284,262,22,3190,High
2023-04-01,North,MAT-1009,Smart Meter,197,14,1.08,1.161,312,62,374,274,100,14500,High
2023-05-01,North,MAT-1009,Smart Meter,206,32,1.13,1.173,372,74,446,331,115,16675,High
2023-06-01,North,MAT-1009,Smart Meter,228,73,1.15,1.184,484,97,581,454,127,18415,High
2023-07-01,North,MAT-1009,Smart Meter,229,64,1.13,1.196,467,93,560,463,97,14065,High
2023-08-01,North,MAT-1009,Smart Meter,181,38,1.08,1.208,337,67,404,322,82,11890,High
2023-09-01,North,MAT-1009,Smart Meter,204,44,1.0,1.22,357,71,428,429,0,0,High
2023-10-01,North,MAT-1009,Smart Meter,197,72,0.92,1.232,360,72,432,420,12,1740,High
2023-11-01,North,MAT-1009,Smart Meter,179,57,0.87,1.245,302,60,362,355,7,1015,High
2023-12-01,North,MAT-1009,Smart Meter,136,49,0.85,1.257,233,47,280,341,0,0,High
2024-01-01,North,MAT-1009,Smart Meter,169,11,0.87,1.27,235,47,282,207,75,10875,High
2024-02-01,North,MAT-1009,Smart Meter,154,61,0.92,1.282,299,60,359,381,0,0,High
2024-03-01,North,MAT-1009,Smart Meter,209,22,1.0,1.295,353,71,424,445,0,0,High
2024-04-01,North,MAT-1009,Smart Meter,212,40,1.08,1.308,420,84,504,466,38,5510,High
2024-05-01,North,MAT-1009,Smart Meter,242,79,1.13,1.321,566,113,679,496,183,26535,High
2024-06-01,North,MAT-1009,Smart Meter,201,41,1.15,1.335,438,88,526,603,0,0,High
2024-07-01,North,MAT-1009,Smart Meter,211,53,1.13,1.348,474,95,569,513,56,8120,High
2024-08-01,North,MAT-1009,Smart Meter,176,57,1.08,1.361,404,81,485,541,0,0,High
2024-09-01,North,MAT-1009,Smart Meter,155,44,1.0,1.375,323,65,388,309,79,11455,High
2024-10-01,North,MAT-1009,Smart Meter,181,62,0.92,1.389,366,73,439,516,0,0,High
2024-11-01,North,MAT-1009,Smart Meter,163,49,0.87,1.403,305,61,366,349,17,2465,High
2024-12-01,North,MAT-1009,Smart Meter,157,50,0.85,1.417,294,59,353,293,60,8700,High
2025-01-01,North,MAT-1009,Smart Meter,144,11,0.87,1.431,228,46,274,303,0,0,High
2025-02-01,North,MAT-1009,Smart Meter,164,65,0.92,1.445,359,72,431,345,86,12470,High
2025-03-01,North,MAT-1009,Smart Meter,149,58,1.0,1.46,357,71,428,455,0,0,High
2025-04-01,North,MAT-1009,Smart Meter,201,38,1.08,1.474,449,90,539,421,118,17110,High
2025-05-01,North,MAT-1009,Smart Meter,215,13,1.13,1.489,453,91,544,567,0,0,High
2025-06-01,North,MAT-1009,Smart Meter,232,17,1.15,1.504,508,102,610,643,0,0,High
2025-07-01,North,MAT-1009,Smart Meter,214,16,1.13,1.519,466,93,559,496,63,9135,High
2025-08-01,North,MAT-1009,Smart Meter,180,73,1.08,1.534,495,99,594,445,149,21605,High
2025-09-01,North,MAT-1009,Smart Meter,167,65,1.0,1.549,424,85,509,480,29,4205,High
2025-10-01,North,MAT-1009,Smart Meter,171,29,0.92,1.565,340,68,408,321,87,12615,High
2025-11-01,North,MAT-1009,Smart Meter,180,23,0.87,1.58,329,66,395,461,0,0,High
2025-12-01,North,MAT-1009,Smart Meter,147,49,0.85,1.596,314,63,377,351,26,3770,High
2026-01-01,North,MAT-1009,Smart Meter,161,35,0.87,1.612,324,65,389,303,86,12470,High
2026-02-01,North,MAT-1009,Smart Meter,199,59,0.92,1.628,456,91,547,545,2,290,High
2026-03-01,North,MAT-1009,Smart Meter,216,32,1.0,1.645,481,96,577,457,120,17400,High
2026-04-01,North,MAT-1009,Smart Meter,167,25,1.08,1.661,406,81,487,520,0,0,High
2026-05-01,North,MAT-1009,Smart Meter,169,75,1.13,1.678,546,109,655,758,0,0,High
2026-06-01,North,MAT-1009,Smart Meter,239,87,1.15,1.694,750,150,900,752,148,21460,High
2026-07-01,North,MAT-1009,Smart Meter,196,42,1.13,1.711,543,109,652,541,111,16095,High
2026-08-01,North,MAT-1009,Smart Meter,186,15,1.08,1.729,443,89,532,520,12,1740,High
2026-09-01,North,MAT-1009,Smart Meter,202,10,1.0,1.746,437,87,524,644,0,0,High
2026-10-01,North,MAT-1009,Smart Meter,140,27,0.92,1.763,320,64,384,285,99,14355,High
2026-11-01,North,MAT-1009,Smart Meter,136,17,0.87,1.781,280,56,336,329,7,1015,High
2026-12-01,North,MAT-1009,Smart Meter,138,28,0.85,1.799,299,60,359,402,0,0,High
2022-01-01,South,MAT-1009,Smart Meter,158,41,0.87,1.0,204,41,245,219,26,3770,High
2022-02-01,South,MAT-1009,Smart Meter,152,12,0.92,1.01,180,36,216,219,0,0,High
2022-03-01,South,MAT-1009,Smart Meter,147,49,1.0,1.02,236,47,283,319,0,0,High
2022-04-01,South,MAT-1009,Smart Meter,202,79,1.08,1.03,369,74,443,421,22,3190,High
2022-05-01,South,MAT-1009,Smart Meter,169,33,1.13,1.041,280,56,336,411,0,0,High
2022-06-01,South,MAT-1009,Smart Meter,196,60,1.15,1.051,365,73,438,504,0,0,High
2022-07-01,South,MAT-1009,Smart Meter,170,72,1.13,1.062,343,69,412,496,0,0,High
2022-08-01,South,MAT-1009,Smart Meter,151,33,1.08,1.072,251,50,301,231,70,10150,High
2022-09-01,South,MAT-1009,Smart Meter,181,17,1.0,1.083,253,51,304,361,0,0,High
2022-10-01,South,MAT-1009,Smart Meter,140,47,0.92,1.094,222,44,266,281,0,0,High
2022-11-01,South,MAT-1009,Smart Meter,127,8,0.87,1.105,153,31,184,185,0,0,High
2022-12-01,South,MAT-1009,Smart Meter,167,66,0.85,1.116,261,52,313,339,0,0,High
2023-01-01,South,MAT-1009,Smart Meter,159,62,0.87,1.127,256,51,307,368,0,0,High
2023-02-01,South,MAT-1009,Smart Meter,187,26,0.92,1.138,263,53,316,348,0,0,High
2023-03-01,South,MAT-1009,Smart Meter,161,41,1.0,1.149,274,55,329,286,43,6235,High
2023-04-01,South,MAT-1009,Smart Meter,181,78,1.08,1.161,383,77,460,397,63,9135,High
2023-05-01,South,MAT-1009,Smart Meter,226,75,1.13,1.173,471,94,565,535,30,4350,High
2023-06-01,South,MAT-1009,Smart Meter,191,10,1.15,1.184,323,65,388,288,100,14500,High
2023-07-01,South,MAT-1009,Smart Meter,195,10,1.13,1.196,327,65,392,413,0,0,High
2023-08-01,South,MAT-1009,Smart Meter,178,75,1.08,1.208,390,78,468,484,0,0,High
2023-09-01,South,MAT-1009,Smart Meter,194,77,1.0,1.22,390,78,468,576,0,0,High
2023-10-01,South,MAT-1009,Smart Meter,188,69,0.92,1.232,344,69,413,427,0,0,High
2023-11-01,South,MAT-1009,Smart Meter,132,21,0.87,1.245,196,39,235,215,20,2900,High
2023-12-01,South,MAT-1009,Smart Meter,139,55,0.85,1.257,245,49,294,259,35,5075,High
2024-01-01,South,MAT-1009,Smart Meter,127,44,0.87,1.27,223,45,268,239,29,4205,High
2024-02-01,South,MAT-1009,Smart Meter,149,25,0.92,1.282,242,48,290,300,0,0,High
2024-03-01,South,MAT-1009,Smart Meter,173,40,1.0,1.295,326,65,391,425,0,0,High
2024-04-01,South,MAT-1009,Smart Meter,214,20,1.08,1.308,390,78,468,510,0,0,High
2024-05-01,South,MAT-1009,Smart Meter,204,65,1.13,1.321,474,95,569,689,0,0,High
2024-06-01,South,MAT-1009,Smart Meter,194,54,1.15,1.335,449,90,539,536,3,435,High
2024-07-01,South,MAT-1009,Smart Meter,228,46,1.13,1.348,492,98,590,562,28,4060,High
2024-08-01,South,MAT-1009,Smart Meter,170,60,1.08,1.361,399,80,479,357,122,17690,High
2024-09-01,South,MAT-1009,Smart Meter,165,16,1.0,1.375,294,59,353,430,0,0,High
2024-10-01,South,MAT-1009,Smart Meter,140,25,0.92,1.389,249,50,299,283,16,2320,High
2024-11-01,South,MAT-1009,Smart Meter,135,28,0.87,1.403,235,47,282,255,27,3915,High
2024-12-01,South,MAT-1009,Smart Meter,120,47,0.85,1.417,237,47,284,297,0,0,High
2025-01-01,South,MAT-1009,Smart Meter,157,68,0.87,1.431,330,66,396,478,0,0,High
2025-02-01,South,MAT-1009,Smart Meter,175,63,0.92,1.445,373,75,448,443,5,725,High
2025-03-01,South,MAT-1009,Smart Meter,194,24,1.0,1.46,375,75,450,525,0,0,High
2025-04-01,South,MAT-1009,Smart Meter,152,63,1.08,1.474,404,81,485,490,0,0,High
2025-05-01,South,MAT-1009,Smart Meter,198,44,1.13,1.489,480,96,576,421,155,22475,High
2025-06-01,South,MAT-1009,Smart Meter,216,15,1.15,1.504,471,94,565,605,0,0,High
2025-07-01,South,MAT-1009,Smart Meter,193,32,1.13,1.519,456,91,547,520,27,3915,High
2025-08-01,South,MAT-1009,Smart Meter,177,54,1.08,1.534,452,90,542,601,0,0,High
2025-09-01,South,MAT-1009,Smart Meter,199,52,1.0,1.549,459,92,551,454,97,14065,High
2025-10-01,South,MAT-1009,Smart Meter,131,41,0.92,1.565,292,58,350,332,18,2610,High
2025-11-01,South,MAT-1009,Smart Meter,132,18,0.87,1.58,243,49,292,218,74,10730,High
2025-12-01,South,MAT-1009,Smart Meter,148,17,0.85,1.596,264,53,317,352,0,0,High
2026-01-01,South,MAT-1009,Smart Meter,129,48,0.87,1.612,293,59,352,311,41,5945,High
2026-02-01,South,MAT-1009,Smart Meter,128,42,0.92,1.628,301,60,361,338,23,3335,High
2026-03-01,South,MAT-1009,Smart Meter,193,53,1.0,1.645,477,95,572,640,0,0,High
2026-04-01,South,MAT-1009,Smart Meter,164,26,1.08,1.661,402,80,482,369,113,16385,High
2026-05-01,South,MAT-1009,Smart Meter,199,20,1.13,1.678,490,98,588,484,104,15080,High
2026-06-01,South,MAT-1009,Smart Meter,204,89,1.15,1.694,674,135,809,922,0,0,High
2026-07-01,South,MAT-1009,Smart Meter,193,50,1.13,1.711,555,111,666,548,118,17110,High
2026-08-01,South,MAT-1009,Smart Meter,178,79,1.08,1.729,566,113,679,777,0,0,High
2026-09-01,South,MAT-1009,Smart Meter,173,67,1.0,1.746,494,99,593,466,127,18415,High
2026-10-01,South,MAT-1009,Smart Meter,170,76,0.92,1.763,471,94,565,548,17,2465,High
2026-11-01,South,MAT-1009,Smart Meter,163,46,0.87,1.781,382,76,458,440,18,2610,High
2026-12-01,South,MAT-1009,Smart Meter,155,12,0.85,1.799,301,60,361,378,0,0,High
2022-01-01,East,MAT-1009,Smart Meter,193,50,0.87,1.0,249,50,299,264,35,5075,High
2022-02-01,East,MAT-1009,Smart Meter,238,101,0.92,1.01,372,74,446,484,0,0,High
2022-03-01,East,MAT-1009,Smart Meter,195,41,1.0,1.02,284,57,341,398,0,0,High
2022-04-01,East,MAT-1009,Smart Meter,205,42,1.08,1.03,324,65,389,377,12,1740,High
2022-05-01,East,MAT-1009,Smart Meter,249,50,1.13,1.041,415,83,498,600,0,0,High
2022-06-01,East,MAT-1009,Smart Meter,261,78,1.15,1.051,483,97,580,450,130,18850,High
2022-07-01,East,MAT-1009,Smart Meter,210,39,1.13,1.062,352,70,422,360,62,8990,High
2022-08-01,East,MAT-1009,Smart Meter,200,37,1.08,1.072,324,65,389,390,0,0,High
2022-09-01,East,MAT-1009,Smart Meter,193,44,1.0,1.083,303,61,364,338,26,3770,High
2022-10-01,East,MAT-1009,Smart Meter,161,13,0.92,1.094,207,41,248,201,47,6815,High
2022-11-01,East,MAT-1009,Smart Meter,214,48,0.87,1.105,297,59,356,392,0,0,High
2022-12-01,East,MAT-1009,Smart Meter,159,30,0.85,1.116,211,42,253,204,49,7105,High
2023-01-01,East,MAT-1009,Smart Meter,158,47,0.87,1.127,237,47,284,324,0,0,High
2023-02-01,East,MAT-1009,Smart Meter,214,16,0.92,1.138,284,57,341,307,34,4930,High
2023-03-01,East,MAT-1009,Smart Meter,227,45,1.0,1.149,369,74,443,324,119,17255,High
2023-04-01,East,MAT-1009,Smart Meter,270,75,1.08,1.161,510,102,612,484,128,18560,High
2023-05-01,East,MAT-1009,Smart Meter,212,47,1.13,1.173,405,81,486,430,56,8120,High
2023-06-01,East,MAT-1009,Smart Meter,262,82,1.15,1.184,553,111,664,662,2,290,High
2023-07-01,East,MAT-1009,Smart Meter,208,82,1.13,1.196,463,93,556,670,0,0,High
2023-08-01,East,MAT-1009,Smart Meter,269,55,1.08,1.208,499,100,599,532,67,9715,High
2023-09-01,East,MAT-1009,Smart Meter,254,84,1.0,1.22,487,97,584,639,0,0,High
2023-10-01,East,MAT-1009,Smart Meter,211,87,0.92,1.232,399,80,479,535,0,0,High
2023-11-01,East,MAT-1009,Smart Meter,155,67,0.87,1.245,284,57,341,404,0,0,High
2023-12-01,East,MAT-1009,Smart Meter,168,71,0.85,1.257,301,60,361,335,26,3770,High
2024-01-01,East,MAT-1009,Smart Meter,153,63,0.87,1.27,282,56,338,281,57,8265,High
2024-02-01,East,MAT-1009,Smart Meter,209,40,0.92,1.282,347,69,416,511,0,0,High
2024-03-01,East,MAT-1009,Smart Meter,234,82,1.0,1.295,483,97,580,591,0,0,High
2024-04-01,East,MAT-1009,Smart Meter,278,63,1.08,1.308,569,114,683,737,0,0,High
2024-05-01,East,MAT-1009,Smart Meter,257,111,1.13,1.321,648,130,778,613,165,23925,High
2024-06-01,East,MAT-1009,Smart Meter,228,74,1.15,1.335,547,109,656,549,107,15515,High
2024-07-01,East,MAT-1009,Smart Meter,204,32,1.13,1.348,424,85,509,573,0,0,High
2024-08-01,East,MAT-1009,Smart Meter,268,62,1.08,1.361,573,115,688,744,0,0,High
2024-09-01,East,MAT-1009,Smart Meter,236,73,1.0,1.375,501,100,601,465,136,19720,High
2024-10-01,East,MAT-1009,Smart Meter,211,86,0.92,1.389,448,90,538,618,0,0,High
2024-11-01,East,MAT-1009,Smart Meter,204,79,0.87,1.403,407,81,488,497,0,0,High
2024-12-01,East,MAT-1009,Smart Meter,152,20,0.85,1.417,244,49,293,277,16,2320,High
2025-01-01,East,MAT-1009,Smart Meter,198,29,0.87,1.431,333,67,400,452,0,0,High
2025-02-01,East,MAT-1009,Smart Meter,188,29,0.92,1.445,340,68,408,384,24,3480,High
2025-03-01,East,MAT-1009,Smart Meter,222,23,1.0,1.46,422,84,506,426,80,11600,High
2025-04-01,East,MAT-1009,Smart Meter,265,39,1.08,1.474,571,114,685,703,0,0,High
2025-05-01,East,MAT-1009,Smart Meter,268,95,1.13,1.489,721,144,865,762,103,14935,High
2025-06-01,East,MAT-1009,Smart Meter,280,89,1.15,1.504,753,151,904,1040,0,0,High
2025-07-01,East,MAT-1009,Smart Meter,201,71,1.13,1.519,551,110,661,717,0,0,High
2025-08-01,East,MAT-1009,Smart Meter,222,38,1.08,1.534,508,102,610,538,72,10440,High
2025-09-01,East,MAT-1009,Smart Meter,208,12,1.0,1.549,402,80,482,445,37,5365,High
2025-10-01,East,MAT-1009,Smart Meter,236,45,0.92,1.565,477,95,572,487,85,12325,High
2025-11-01,East,MAT-1009,Smart Meter,196,64,0.87,1.58,422,84,506,540,0,0,High
2025-12-01,East,MAT-1009,Smart Meter,207,41,0.85,1.596,397,79,476,548,0,0,High
2026-01-01,East,MAT-1009,Smart Meter,189,10,0.87,1.612,329,66,395,468,0,0,High
2026-02-01,East,MAT-1009,Smart Meter,204,36,0.92,1.628,424,85,509,395,114,16530,High
2026-03-01,East,MAT-1009,Smart Meter,178,54,1.0,1.645,450,90,540,502,38,5510,High
2026-04-01,East,MAT-1009,Smart Meter,256,43,1.08,1.661,633,127,760,550,210,30450,High
2026-05-01,East,MAT-1009,Smart Meter,201,80,1.13,1.678,629,126,755,650,105,15225,High
2026-06-01,East,MAT-1009,Smart Meter,300,104,1.15,1.694,929,186,1115,1154,0,0,High
2026-07-01,East,MAT-1009,Smart Meter,283,90,1.13,1.711,851,170,1021,879,142,20590,High
2026-08-01,East,MAT-1009,Smart Meter,212,15,1.08,1.729,500,100,600,638,0,0,High
2026-09-01,East,MAT-1009,Smart Meter,228,87,1.0,1.746,649,130,779,730,49,7105,High
2026-10-01,East,MAT-1009,Smart Meter,178,76,0.92,1.763,486,97,583,559,24,3480,High
2026-11-01,East,MAT-1009,Smart Meter,168,75,0.87,1.781,444,89,533,555,0,0,High
2026-12-01,East,MAT-1009,Smart Meter,172,24,0.85,1.799,354,71,425,513,0,0,High
2022-01-01,West,MAT-1009,Smart Meter,175,25,0.87,1.0,205,41,246,205,41,5945,High
2022-02-01,West,MAT-1009,Smart Meter,144,62,0.92,1.01,226,45,271,258,13,1885,High
2022-03-01,West,MAT-1009,Smart Meter,163,8,1.0,1.02,206,41,247,298,0,0,High
2022-04-01,West,MAT-1009,Smart Meter,235,83,1.08,1.03,418,84,502,556,0,0,High
2022-05-01,West,MAT-1009,Smart Meter,199,42,1.13,1.041,334,67,401,346,55,7975,High
2022-06-01,West,MAT-1009,Smart Meter,249,101,1.15,1.051,499,100,599,534,65,9425,High
2022-07-01,West,MAT-1009,Smart Meter,212,16,1.13,1.062,323,65,388,347,41,5945,High
2022-08-01,West,MAT-1009,Smart Meter,205,41,1.08,1.072,336,67,403,454,0,0,High
2022-09-01,West,MAT-1009,Smart Meter,204,64,1.0,1.083,342,68,410,477,0,0,High
2022-10-01,West,MAT-1009,Smart Meter,175,42,0.92,1.094,258,52,310,291,19,2755,High
2022-11-01,West,MAT-1009,Smart Meter,187,76,0.87,1.105,298,60,358,280,78,11310,High
2022-12-01,West,MAT-1009,Smart Meter,140,49,0.85,1.116,211,42,253,221,32,4640,High
2023-01-01,West,MAT-1009,Smart Meter,156,39,0.87,1.127,226,45,271,228,43,6235,High
2023-02-01,West,MAT-1009,Smart Meter,158,56,0.92,1.138,264,53,317,360,0,0,High
2023-03-01,West,MAT-1009,Smart Meter,208,54,1.0,1.149,355,71,426,456,0,0,High
2023-04-01,West,MAT-1009,Smart Meter,170,68,1.08,1.161,352,70,422,458,0,0,High
2023-05-01,West,MAT-1009,Smart Meter,182,80,1.13,1.173,410,82,492,416,76,11020,High
2023-06-01,West,MAT-1009,Smart Meter,218,59,1.15,1.184,445,89,534,598,0,0,High
2023-07-01,West,MAT-1009,Smart Meter,178,25,1.13,1.196,324,65,389,302,87,12615,High
2023-08-01,West,MAT-1009,Smart Meter,239,89,1.08,1.208,505,101,606,491,115,16675,High
2023-09-01,West,MAT-1009,Smart Meter,176,78,1.0,1.22,366,73,439,335,104,15080,High
2023-10-01,West,MAT-1009,Smart Meter,153,42,0.92,1.232,261,52,313,255,58,8410,High
2023-11-01,West,MAT-1009,Smart Meter,161,34,0.87,1.245,249,50,299,352,0,0,High
2023-12-01,West,MAT-1009,Smart Meter,155,15,0.85,1.257,214,43,257,260,0,0,High
2024-01-01,West,MAT-1009,Smart Meter,166,26,0.87,1.27,250,50,300,237,63,9135,High
2024-02-01,West,MAT-1009,Smart Meter,152,17,0.92,1.282,235,47,282,333,0,0,High
2024-03-01,West,MAT-1009,Smart Meter,220,82,1.0,1.295,462,92,554,615,0,0,High
2024-04-01,West,MAT-1009,Smart Meter,219,95,1.08,1.308,523,105,628,764,0,0,High
2024-05-01,West,MAT-1009,Smart Meter,190,12,1.13,1.321,356,71,427,524,0,0,High
2024-06-01,West,MAT-1009,Smart Meter,193,58,1.15,1.335,455,91,546,610,0,0,High
2024-07-01,West,MAT-1009,Smart Meter,255,97,1.13,1.348,633,127,760,871,0,0,High
2024-08-01,West,MAT-1009,Smart Meter,182,28,1.08,1.361,364,73,437,351,86,12470,High
2024-09-01,West,MAT-1009,Smart Meter,212,49,1.0,1.375,423,85,508,412,96,13920,High
2024-10-01,West,MAT-1009,Smart Meter,151,43,0.92,1.389,292,58,350,303,47,6815,High
2024-11-01,West,MAT-1009,Smart Meter,143,58,0.87,1.403,289,58,347,311,36,5220,High
2024-12-01,West,MAT-1009,Smart Meter,161,17,0.85,1.417,253,51,304,264,40,5800,High
2025-01-01,West,MAT-1009,Smart Meter,184,10,0.87,1.431,285,57,342,259,83,12035,High
2025-02-01,West,MAT-1009,Smart Meter,183,34,0.92,1.445,340,68,408,325,83,12035,High
2025-03-01,West,MAT-1009,Smart Meter,189,31,1.0,1.46,379,76,455,368,87,12615,High
2025-04-01,West,MAT-1009,Smart Meter,216,92,1.08,1.474,579,116,695,732,0,0,High
2025-05-01,West,MAT-1009,Smart Meter,217,84,1.13,1.489,598,120,718,666,52,7540,High
2025-06-01,West,MAT-1009,Smart Meter,206,28,1.15,1.504,477,95,572,445,127,18415,High
2025-07-01,West,MAT-1009,Smart Meter,179,74,1.13,1.519,512,102,614,472,142,20590,High
2025-08-01,West,MAT-1009,Smart Meter,194,17,1.08,1.534,412,82,494,444,50,7250,High
2025-09-01,West,MAT-1009,Smart Meter,158,33,1.0,1.549,349,70,419,447,0,0,High
2025-10-01,West,MAT-1009,Smart Meter,197,36,0.92,1.565,396,79,475,544,0,0,High
2025-11-01,West,MAT-1009,Smart Meter,191,41,0.87,1.58,376,75,451,410,41,5945,High
2025-12-01,West,MAT-1009,Smart Meter,167,44,0.85,1.596,338,68,406,346,60,8700,High
2026-01-01,West,MAT-1009,Smart Meter,148,14,0.87,1.612,268,54,322,370,0,0,High
2026-02-01,West,MAT-1009,Smart Meter,178,72,0.92,1.628,442,88,530,568,0,0,High
2026-03-01,West,MAT-1009,Smart Meter,176,27,1.0,1.645,394,79,473,541,0,0,High
2026-04-01,West,MAT-1009,Smart Meter,219,72,1.08,1.661,616,123,739,658,81,11745,High
2026-05-01,West,MAT-1009,Smart Meter,179,55,1.13,1.678,523,105,628,489,139,20155,High
2026-06-01,West,MAT-1009,Smart Meter,238,28,1.15,1.694,612,122,734,730,4,580,High
2026-07-01,West,MAT-1009,Smart Meter,220,80,1.13,1.711,685,137,822,750,72,10440,High
2026-08-01,West,MAT-1009,Smart Meter,166,24,1.08,1.729,419,84,503,574,0,0,High
2026-09-01,West,MAT-1009,Smart Meter,160,18,1.0,1.746,367,73,440,349,91,13195,High
2026-10-01,West,MAT-1009,Smart Meter,153,25,0.92,1.763,341,68,409,356,53,7685,High
2026-11-01,West,MAT-1009,Smart Meter,139,44,0.87,1.781,335,67,402,360,42,6090,High
2026-12-01,West,MAT-1009,Smart Meter,131,18,0.85,1.799,269,54,323,289,34,4930,High
2022-01-01,North,MAT-1010,Communication Gateway,144,21,0.87,1.0,169,34,203,203,0,0,High
2022-02-01,North,MAT-1010,Communication Gateway,140,33,0.92,1.01,190,38,228,192,36,35280,High
2022-03-01,North,MAT-1010,Communication Gateway,191,25,1.0,1.02,260,52,312,266,46,45080,High
2022-04-01,North,MAT-1010,Communication Gateway,208,73,1.08,1.03,369,74,443,440,3,2940,High
2022-05-01,North,MAT-1010,Communication Gateway,169,21,1.13,1.041,264,53,317,286,31,30380,High
2022-06-01,North,MAT-1010,Communication Gateway,179,32,1.15,1.051,301,60,361,423,0,0,High
2022-07-01,North,MAT-1010,Communication Gateway,185,30,1.13,1.062,304,61,365,321,44,43120,High
2022-08-01,North,MAT-1010,Communication Gateway,172,61,1.08,1.072,318,64,382,464,0,0,High
2022-09-01,North,MAT-1010,Communication Gateway,151,14,1.0,1.083,211,42,253,293,0,0,High
2022-10-01,North,MAT-1010,Communication Gateway,128,30,0.92,1.094,188,38,226,214,12,11760,High
2022-11-01,North,MAT-1010,Communication Gateway,152,45,0.87,1.105,223,45,268,252,16,15680,High
2022-12-01,North,MAT-1010,Communication Gateway,158,45,0.85,1.116,227,45,272,272,0,0,High
2023-01-01,North,MAT-1010,Communication Gateway,157,68,0.87,1.127,260,52,312,335,0,0,High
2023-02-01,North,MAT-1010,Communication Gateway,130,23,0.92,1.138,189,38,227,194,33,32340,High
2023-03-01,North,MAT-1010,Communication Gateway,164,62,1.0,1.149,307,61,368,417,0,0,High
2023-04-01,North,MAT-1010,Communication Gateway,190,44,1.08,1.161,346,69,415,503,0,0,High
2023-05-01,North,MAT-1010,Communication Gateway,177,53,1.13,1.173,360,72,432,456,0,0,High
2023-06-01,North,MAT-1010,Communication Gateway,159,33,1.15,1.184,309,62,371,392,0,0,High
2023-07-01,North,MAT-1010,Communication Gateway,182,25,1.13,1.196,330,66,396,322,74,72520,High
2023-08-01,North,MAT-1010,Communication Gateway,166,49,1.08,1.208,331,66,397,287,110,107800,High
2023-09-01,North,MAT-1010,Communication Gateway,199,18,1.0,1.22,312,62,374,425,0,0,High
2023-10-01,North,MAT-1010,Communication Gateway,181,63,0.92,1.232,326,65,391,372,19,18620,High
2023-11-01,North,MAT-1010,Communication Gateway,172,55,0.87,1.245,290,58,348,262,86,84280,High
2023-12-01,North,MAT-1010,Communication Gateway,152,51,0.85,1.257,256,51,307,265,42,41160,High
2024-01-01,North,MAT-1010,Communication Gateway,168,49,0.87,1.27,283,57,340,296,44,43120,High
2024-02-01,North,MAT-1010,Communication Gateway,181,80,0.92,1.282,363,73,436,511,0,0,High
2024-03-01,North,MAT-1010,Communication Gateway,178,73,1.0,1.295,384,77,461,363,98,96040,High
2024-04-01,North,MAT-1010,Communication Gateway,150,23,1.08,1.308,288,58,346,398,0,0,High
2024-05-01,North,MAT-1010,Communication Gateway,158,64,1.13,1.321,391,78,469,453,16,15680,High
2024-06-01,North,MAT-1010,Communication Gateway,183,68,1.15,1.335,455,91,546,644,0,0,High
2024-07-01,North,MAT-1010,Communication Gateway,223,56,1.13,1.348,501,100,601,697,0,0,High
2024-08-01,North,MAT-1010,Communication Gateway,187,14,1.08,1.361,349,70,419,410,9,8820,High
2024-09-01,North,MAT-1010,Communication Gateway,179,10,1.0,1.375,307,61,368,307,61,59780,High
2024-10-01,North,MAT-1010,Communication Gateway,178,27,0.92,1.389,309,62,371,370,1,980,High
2024-11-01,North,MAT-1010,Communication Gateway,173,18,0.87,1.403,275,55,330,241,89,87220,High
2024-12-01,North,MAT-1010,Communication Gateway,166,54,0.85,1.417,313,63,376,452,0,0,High
2025-01-01,North,MAT-1010,Communication Gateway,150,21,0.87,1.431,251,50,301,243,58,56840,High
2025-02-01,North,MAT-1010,Communication Gateway,145,54,0.92,1.445,312,62,374,345,29,28420,High
2025-03-01,North,MAT-1010,Communication Gateway,160,9,1.0,1.46,291,58,349,318,31,30380,High
2025-04-01,North,MAT-1010,Communication Gateway,144,14,1.08,1.474,297,59,356,293,63,61740,High
2025-05-01,North,MAT-1010,Communication Gateway,225,63,1.13,1.489,572,114,686,623,63,61740,High
2025-06-01,North,MAT-1010,Communication Gateway,216,74,1.15,1.504,592,118,710,641,69,67620,High
2025-07-01,North,MAT-1010,Communication Gateway,163,61,1.13,1.519,454,91,545,499,46,45080,High
2025-08-01,North,MAT-1010,Communication Gateway,187,40,1.08,1.534,444,89,533,515,18,17640,High
2025-09-01,North,MAT-1010,Communication Gateway,137,46,1.0,1.549,335,67,402,473,0,0,High
2025-10-01,North,MAT-1010,Communication Gateway,127,46,0.92,1.565,294,59,353,368,0,0,High
2025-11-01,North,MAT-1010,Communication Gateway,154,12,0.87,1.58,269,54,323,247,76,74480,High
2025-12-01,North,MAT-1010,Communication Gateway,127,36,0.85,1.596,261,52,313,259,54,52920,High
2026-01-01,North,MAT-1010,Communication Gateway,141,29,0.87,1.612,281,56,337,379,0,0,High
2026-02-01,North,MAT-1010,Communication Gateway,131,31,0.92,1.628,286,57,343,287,56,54880,High
2026-03-01,North,MAT-1010,Communication Gateway,171,17,1.0,1.645,365,73,438,527,0,0,High
2026-04-01,North,MAT-1010,Communication Gateway,205,15,1.08,1.661,466,93,559,555,4,3920,High
2026-05-01,North,MAT-1010,Communication Gateway,184,58,1.13,1.678,541,108,649,626,23,22540,High
2026-06-01,North,MAT-1010,Communication Gateway,229,86,1.15,1.694,724,145,869,805,64,62720,High
2026-07-01,North,MAT-1010,Communication Gateway,196,45,1.13,1.711,550,110,660,603,57,55860,High
2026-08-01,North,MAT-1010,Communication Gateway,214,25,1.08,1.729,526,105,631,548,83,81340,High
2026-09-01,North,MAT-1010,Communication Gateway,182,42,1.0,1.746,461,92,553,467,86,84280,High
2026-10-01,North,MAT-1010,Communication Gateway,178,55,0.92,1.763,446,89,535,605,0,0,High
2026-11-01,North,MAT-1010,Communication Gateway,154,38,0.87,1.781,351,70,421,471,0,0,High
2026-12-01,North,MAT-1010,Communication Gateway,144,39,0.85,1.799,330,66,396,485,0,0,High
2022-01-01,South,MAT-1010,Communication Gateway,143,27,0.87,1.0,175,35,210,255,0,0,High
2022-02-01,South,MAT-1010,Communication Gateway,121,16,0.92,1.01,150,30,180,216,0,0,High
2022-03-01,South,MAT-1010,Communication Gateway,163,18,1.0,1.02,218,44,262,291,0,0,High
2022-04-01,South,MAT-1010,Communication Gateway,152,18,1.08,1.03,223,45,268,319,0,0,High
2022-05-01,South,MAT-1010,Communication Gateway,198,52,1.13,1.041,347,69,416,312,104,101920,High
2022-06-01,South,MAT-1010,Communication Gateway,195,33,1.15,1.051,325,65,390,282,108,105840,High
2022-07-01,South,MAT-1010,Communication Gateway,176,37,1.13,1.062,301,60,361,282,79,77420,High
2022-08-01,South,MAT-1010,Communication Gateway,165,28,1.08,1.072,264,53,317,298,19,18620,High
2022-09-01,South,MAT-1010,Communication Gateway,169,36,1.0,1.083,262,52,314,311,3,2940,High
2022-10-01,South,MAT-1010,Communication Gateway,167,51,0.92,1.094,259,52,311,291,20,19600,High
2022-11-01,South,MAT-1010,Communication Gateway,129,18,0.87,1.105,167,33,200,182,18,17640,High
2022-12-01,South,MAT-1010,Communication Gateway,150,30,0.85,1.116,201,40,241,289,0,0,High
2023-01-01,South,MAT-1010,Communication Gateway,155,9,0.87,1.127,190,38,228,170,58,56840,High
2023-02-01,South,MAT-1010,Communication Gateway,148,45,0.92,1.138,238,48,286,206,80,78400,High
2023-03-01,South,MAT-1010,Communication Gateway,137,40,1.0,1.149,240,48,288,292,0,0,High
2023-04-01,South,MAT-1010,Communication Gateway,140,54,1.08,1.161,287,57,344,355,0,0,High
2023-05-01,South,MAT-1010,Communication Gateway,185,70,1.13,1.173,399,80,479,466,13,12740,High
2023-06-01,South,MAT-1010,Communication Gateway,181,28,1.15,1.184,336,67,403,323,80,78400,High
2023-07-01,South,MAT-1010,Communication Gateway,146,15,1.13,1.196,257,51,308,322,0,0,High
2023-08-01,South,MAT-1010,Communication Gateway,162,57,1.08,1.208,337,67,404,456,0,0,High
2023-09-01,South,MAT-1010,Communication Gateway,152,30,1.0,1.22,262,52,314,265,49,48020,High
2023-10-01,South,MAT-1010,Communication Gateway,138,42,0.92,1.232,241,48,289,335,0,0,High
2023-11-01,South,MAT-1010,Communication Gateway,152,36,0.87,1.245,240,48,288,300,0,0,High
2023-12-01,South,MAT-1010,Communication Gateway,138,13,0.85,1.257,190,38,228,230,0,0,High
2024-01-01,South,MAT-1010,Communication Gateway,120,14,0.87,1.27,175,35,210,170,40,39200,High
2024-02-01,South,MAT-1010,Communication Gateway,161,27,0.92,1.282,262,52,314,338,0,0,High
2024-03-01,South,MAT-1010,Communication Gateway,157,47,1.0,1.295,312,62,374,415,0,0,High
2024-04-01,South,MAT-1010,Communication Gateway,192,50,1.08,1.308,403,81,484,544,0,0,High
2024-05-01,South,MAT-1010,Communication Gateway,181,61,1.13,1.321,426,85,511,607,0,0,High
2024-06-01,South,MAT-1010,Communication Gateway,164,53,1.15,1.335,393,79,472,430,42,41160,High
2024-07-01,South,MAT-1010,Communication Gateway,155,11,1.13,1.348,298,60,358,359,0,0,High
2024-08-01,South,MAT-1010,Communication Gateway,198,82,1.08,1.361,486,97,583,472,111,108780,High
2024-09-01,South,MAT-1010,Communication Gateway,156,61,1.0,1.375,352,70,422,306,116,113680,High
2024-10-01,South,MAT-1010,Communication Gateway,134,34,0.92,1.389,253,51,304,369,0,0,High
2024-11-01,South,MAT-1010,Communication Gateway,161,47,0.87,1.403,299,60,359,276,83,81340,High
2024-12-01,South,MAT-1010,Communication Gateway,138,11,0.85,1.417,212,42,254,193,61,59780,High
2025-01-01,South,MAT-1010,Communication Gateway,130,15,0.87,1.431,213,43,256,247,9,8820,High
2025-02-01,South,MAT-1010,Communication Gateway,168,71,0.92,1.445,375,75,450,417,33,32340,High
2025-03-01,South,MAT-1010,Communication Gateway,156,8,1.0,1.46,282,56,338,276,62,60760,High
2025-04-01,South,MAT-1010,Communication Gateway,175,41,1.08,1.474,406,81,487,419,68,66640,High
2025-05-01,South,MAT-1010,Communication Gateway,195,14,1.13,1.489,415,83,498,426,72,70560,High
2025-06-01,South,MAT-1010,Communication Gateway,161,48,1.15,1.504,426,85,511,422,89,87220,High
2025-07-01,South,MAT-1010,Communication Gateway,208,17,1.13,1.519,456,91,547,413,134,131320,High
2025-08-01,South,MAT-1010,Communication Gateway,142,13,1.08,1.534,303,61,364,325,39,38220,High
2025-09-01,South,MAT-1010,Communication Gateway,137,55,1.0,1.549,351,70,421,333,88,86240,High
2025-10-01,South,MAT-1010,Communication Gateway,145,49,0.92,1.565,330,66,396,372,24,23520,High
2025-11-01,South,MAT-1010,Communication Gateway,115,35,0.87,1.58,243,49,292,315,0,0,High
2025-12-01,South,MAT-1010,Communication Gateway,135,52,0.85,1.596,299,60,359,264,95,93100,High
2026-01-01,South,MAT-1010,Communication Gateway,162,31,0.87,1.612,319,64,383,315,68,66640,High
2026-02-01,South,MAT-1010,Communication Gateway,122,49,0.92,1.628,302,60,362,424,0,0,High
2026-03-01,South,MAT-1010,Communication Gateway,159,47,1.0,1.645,400,80,480,471,9,8820,High
2026-04-01,South,MAT-1010,Communication Gateway,189,45,1.08,1.661,495,99,594,502,92,90160,High
2026-05-01,South,MAT-1010,Communication Gateway,144,59,1.13,1.678,454,91,545,555,0,0,High
2026-06-01,South,MAT-1010,Communication Gateway,167,14,1.15,1.694,416,83,499,421,78,76440,High
2026-07-01,South,MAT-1010,Communication Gateway,198,58,1.13,1.711,584,117,701,526,175,171500,High
2026-08-01,South,MAT-1010,Communication Gateway,201,87,1.08,1.729,634,127,761,736,25,24500,High
2026-09-01,South,MAT-1010,Communication Gateway,135,45,1.0,1.746,371,74,445,505,0,0,High
2026-10-01,South,MAT-1010,Communication Gateway,117,19,0.92,1.763,260,52,312,338,0,0,High
2026-11-01,South,MAT-1010,Communication Gateway,134,58,0.87,1.781,351,70,421,398,23,22540,High
2026-12-01,South,MAT-1010,Communication Gateway,120,12,0.85,1.799,238,48,286,282,4,3920,High
2022-01-01,East,MAT-1010,Communication Gateway,165,65,0.87,1.0,236,47,283,276,7,6860,High
2022-02-01,East,MAT-1010,Communication Gateway,173,30,0.92,1.01,223,45,268,253,15,14700,High
2022-03-01,East,MAT-1010,Communication Gateway,206,82,1.0,1.02,347,69,416,420,0,0,High
2022-04-01,East,MAT-1010,Communication Gateway,207,39,1.08,1.03,323,65,388,318,70,68600,High
2022-05-01,East,MAT-1010,Communication Gateway,187,47,1.13,1.041,325,65,390,356,34,33320,High
2022-06-01,East,MAT-1010,Communication Gateway,249,33,1.15,1.051,402,80,482,568,0,0,High
2022-07-01,East,MAT-1010,Communication Gateway,184,82,1.13,1.062,377,75,452,327,125,122500,High
2022-08-01,East,MAT-1010,Communication Gateway,184,53,1.08,1.072,324,65,389,425,0,0,High
2022-09-01,East,MAT-1010,Communication Gateway,164,15,1.0,1.083,229,46,275,327,0,0,High
2022-10-01,East,MAT-1010,Communication Gateway,188,55,0.92,1.094,289,58,347,288,59,57820,High
2022-11-01,East,MAT-1010,Communication Gateway,152,51,0.87,1.105,230,46,276,226,50,49000,High
2022-12-01,East,MAT-1010,Communication Gateway,144,52,0.85,1.116,219,44,263,249,14,13720,High
2023-01-01,East,MAT-1010,Communication Gateway,145,46,0.87,1.127,221,44,265,273,0,0,High
2023-02-01,East,MAT-1010,Communication Gateway,219,90,0.92,1.138,382,76,458,536,0,0,High
2023-03-01,East,MAT-1010,Communication Gateway,192,48,1.0,1.149,326,65,391,404,0,0,High
2023-04-01,East,MAT-1010,Communication Gateway,180,67,1.08,1.161,365,73,438,319,119,116620,High
2023-05-01,East,MAT-1010,Communication Gateway,205,55,1.13,1.173,407,81,488,530,0,0,High
2023-06-01,East,MAT-1010,Communication Gateway,204,14,1.15,1.184,350,70,420,447,0,0,High
2023-07-01,East,MAT-1010,Communication Gateway,211,95,1.13,1.196,488,98,586,592,0,0,High
2023-08-01,East,MAT-1010,Communication Gateway,225,39,1.08,1.208,406,81,487,569,0,0,High
2023-09-01,East,MAT-1010,Communication Gateway,237,94,1.0,1.22,477,95,572,697,0,0,High
2023-10-01,East,MAT-1010,Communication Gateway,218,35,0.92,1.232,338,68,406,347,59,57820,High
2023-11-01,East,MAT-1010,Communication Gateway,186,65,0.87,1.245,321,64,385,383,2,1960,High
2023-12-01,East,MAT-1010,Communication Gateway,187,77,0.85,1.257,333,67,400,400,0,0,High
2024-01-01,East,MAT-1010,Communication Gateway,202,80,0.87,1.27,368,74,442,517,0,0,High
2024-02-01,East,MAT-1010,Communication Gateway,219,77,0.92,1.282,412,82,494,526,0,0,High
2024-03-01,East,MAT-1010,Communication Gateway,230,54,1.0,1.295,434,87,521,383,138,135240,High
2024-04-01,East,MAT-1010,Communication Gateway,243,62,1.08,1.308,508,102,610,618,0,0,High
2024-05-01,East,MAT-1010,Communication Gateway,217,18,1.13,1.321,414,83,497,463,34,33320,High
2024-06-01,East,MAT-1010,Communication Gateway,247,27,1.15,1.335,496,99,595,729,0,0,High
2024-07-01,East,MAT-1010,Communication Gateway,195,46,1.13,1.348,433,87,520,627,0,0,High
2024-08-01,East,MAT-1010,Communication Gateway,260,13,1.08,1.361,474,95,569,653,0,0,High
2024-09-01,East,MAT-1010,Communication Gateway,206,17,1.0,1.375,362,72,434,458,0,0,High
2024-10-01,East,MAT-1010,Communication Gateway,218,47,0.92,1.389,400,80,480,442,38,37240,High
2024-11-01,East,MAT-1010,Communication Gateway,143,22,0.87,1.403,238,48,286,300,0,0,High
2024-12-01,East,MAT-1010,Communication Gateway,157,24,0.85,1.417,257,51,308,343,0,0,High
2025-01-01,East,MAT-1010,Communication Gateway,174,72,0.87,1.431,361,72,433,389,44,43120,High
2025-02-01,East,MAT-1010,Communication Gateway,186,10,0.92,1.445,307,61,368,406,0,0,High
2025-03-01,East,MAT-1010,Communication Gateway,161,39,1.0,1.46,344,69,413,365,48,47040,High
2025-04-01,East,MAT-1010,Communication Gateway,247,84,1.08,1.474,622,124,746,659,87,85260,High
2025-05-01,East,MAT-1010,Communication Gateway,231,81,1.13,1.489,619,124,743,581,162,158760,High
2025-06-01,East,MAT-1010,Communication Gateway,266,69,1.15,1.504,684,137,821,600,221,216580,High
2025-07-01,East,MAT-1010,Communication Gateway,238,102,1.13,1.519,689,138,827,1000,0,0,High
2025-08-01,East,MAT-1010,Communication Gateway,228,62,1.08,1.534,567,113,680,750,0,0,High
2025-09-01,East,MAT-1010,Communication Gateway,212,25,1.0,1.549,433,87,520,383,137,134260,High
2025-10-01,East,MAT-1010,Communication Gateway,201,27,0.92,1.565,387,77,464,337,127,124460,High
2025-11-01,East,MAT-1010,Communication Gateway,185,78,0.87,1.58,427,85,512,571,0,0,High
2025-12-01,East,MAT-1010,Communication Gateway,191,33,0.85,1.596,359,72,431,452,0,0,High
2026-01-01,East,MAT-1010,Communication Gateway,157,63,0.87,1.612,364,73,437,510,0,0,High
2026-02-01,East,MAT-1010,Communication Gateway,196,10,0.92,1.628,364,73,437,361,76,74480,High
2026-03-01,East,MAT-1010,Communication Gateway,195,40,1.0,1.645,456,91,547,604,0,0,High
2026-04-01,East,MAT-1010,Communication Gateway,212,17,1.08,1.661,485,97,582,679,0,0,High
2026-05-01,East,MAT-1010,Communication Gateway,236,56,1.13,1.678,653,131,784,895,0,0,High
2026-06-01,East,MAT-1010,Communication Gateway,190,41,1.15,1.694,531,106,637,666,0,0,High
2026-07-01,East,MAT-1010,Communication Gateway,226,73,1.13,1.711,682,136,818,1003,0,0,High
2026-08-01,East,MAT-1010,Communication Gateway,191,86,1.08,1.729,610,122,732,884,0,0,High
2026-09-01,East,MAT-1010,Communication Gateway,230,51,1.0,1.746,579,116,695,763,0,0,High
2026-10-01,East,MAT-1010,Communication Gateway,180,51,0.92,1.763,442,88,530,611,0,0,High
2026-11-01,East,MAT-1010,Communication Gateway,160,45,0.87,1.781,375,75,450,438,12,11760,High
2026-12-01,East,MAT-1010,Communication Gateway,174,39,0.85,1.799,384,77,461,421,40,39200,High
2022-01-01,West,MAT-1010,Communication Gateway,149,37,0.87,1.0,191,38,229,228,1,980,High
2022-02-01,West,MAT-1010,Communication Gateway,191,28,0.92,1.01,240,48,288,232,56,54880,High
2022-03-01,West,MAT-1010,Communication Gateway,150,27,1.0,1.02,213,43,256,262,0,0,High
2022-04-01,West,MAT-1010,Communication Gateway,177,46,1.08,1.03,293,59,352,335,17,16660,High
2022-05-01,West,MAT-1010,Communication Gateway,199,55,1.13,1.041,352,70,422,500,0,0,High
2022-06-01,West,MAT-1010,Communication Gateway,208,17,1.15,1.051,321,64,385,450,0,0,High
2022-07-01,West,MAT-1010,Communication Gateway,177,23,1.13,1.062,283,57,340,328,12,11760,High
2022-08-01,West,MAT-1010,Communication Gateway,215,23,1.08,1.072,325,65,390,344,46,45080,High
2022-09-01,West,MAT-1010,Communication Gateway,145,20,1.0,1.083,211,42,253,251,2,1960,High
2022-10-01,West,MAT-1010,Communication Gateway,185,67,0.92,1.094,299,60,359,420,0,0,High
2022-11-01,West,MAT-1010,Communication Gateway,178,47,0.87,1.105,255,51,306,275,31,30380,High
2022-12-01,West,MAT-1010,Communication Gateway,121,42,0.85,1.116,182,36,218,168,50,49000,High
2023-01-01,West,MAT-1010,Communication Gateway,174,75,0.87,1.127,288,58,346,323,23,22540,High
2023-02-01,West,MAT-1010,Communication Gateway,166,48,0.92,1.138,264,53,317,367,0,0,High
2023-03-01,West,MAT-1010,Communication Gateway,195,53,1.0,1.149,336,67,403,352,51,49980,High
2023-04-01,West,MAT-1010,Communication Gateway,189,61,1.08,1.161,370,74,444,495,0,0,High
2023-05-01,West,MAT-1010,Communication Gateway,218,77,1.13,1.173,461,92,553,576,0,0,High
2023-06-01,West,MAT-1010,Communication Gateway,166,20,1.15,1.184,299,60,359,283,76,74480,High
2023-07-01,West,MAT-1010,Communication Gateway,212,27,1.13,1.196,381,76,457,454,3,2940,High
2023-08-01,West,MAT-1010,Communication Gateway,182,47,1.08,1.208,353,71,424,511,0,0,High
2023-09-01,West,MAT-1010,Communication Gateway,149,61,1.0,1.22,302,60,362,408,0,0,High
2023-10-01,West,MAT-1010,Communication Gateway,175,52,0.92,1.232,304,61,365,384,0,0,High
2023-11-01,West,MAT-1010,Communication Gateway,140,35,0.87,1.245,224,45,269,266,3,2940,High
2023-12-01,West,MAT-1010,Communication Gateway,144,18,0.85,1.257,204,41,245,258,0,0,High
2024-01-01,West,MAT-1010,Communication Gateway,146,30,0.87,1.27,229,46,275,331,0,0,High
2024-02-01,West,MAT-1010,Communication Gateway,162,22,0.92,1.282,256,51,307,290,17,16660,High
2024-03-01,West,MAT-1010,Communication Gateway,153,20,1.0,1.295,264,53,317,386,0,0,High
2024-04-01,West,MAT-1010,Communication Gateway,193,80,1.08,1.308,455,91,546,494,52,50960,High
2024-05-01,West,MAT-1010,Communication Gateway,214,28,1.13,1.321,426,85,511,383,128,125440,High
2024-06-01,West,MAT-1010,Communication Gateway,213,92,1.15,1.335,552,110,662,489,173,169540,High
2024-07-01,West,MAT-1010,Communication Gateway,234,39,1.13,1.348,491,98,589,481,108,105840,High
2024-08-01,West,MAT-1010,Communication Gateway,210,41,1.08,1.361,435,87,522,497,25,24500,High
2024-09-01,West,MAT-1010,Communication Gateway,177,79,1.0,1.375,415,83,498,364,134,131320,High
2024-10-01,West,MAT-1010,Communication Gateway,129,47,0.92,1.389,265,53,318,246,72,70560,High
2024-11-01,West,MAT-1010,Communication Gateway,148,21,0.87,1.403,243,49,292,289,3,2940,High
2024-12-01,West,MAT-1010,Communication Gateway,161,64,0.85,1.417,320,64,384,379,5,4900,High
2025-01-01,West,MAT-1010,Communication Gateway,135,43,0.87,1.431,261,52,313,244,69,67620,High
2025-02-01,West,MAT-1010,Communication Gateway,156,21,0.92,1.445,278,56,334,283,51,49980,High
2025-03-01,West,MAT-1010,Communication Gateway,205,61,1.0,1.46,458,92,550,406,144,141120,High
2025-04-01,West,MAT-1010,Communication Gateway,179,26,1.08,1.474,385,77,462,546,0,0,High
2025-05-01,West,MAT-1010,Communication Gateway,187,74,1.13,1.489,518,104,622,448,174,170520,High
2025-06-01,West,MAT-1010,Communication Gateway,182,59,1.15,1.504,492,98,590,704,0,0,High
2025-07-01,West,MAT-1010,Communication Gateway,208,41,1.13,1.519,504,101,605,455,150,147000,High
2025-08-01,West,MAT-1010,Communication Gateway,201,25,1.08,1.534,442,88,530,561,0,0,High
2025-09-01,West,MAT-1010,Communication Gateway,181,38,1.0,1.549,400,80,480,538,0,0,High
2025-10-01,West,MAT-1010,Communication Gateway,139,8,0.92,1.565,250,50,300,365,0,0,High
2025-11-01,West,MAT-1010,Communication Gateway,158,57,0.87,1.58,349,70,419,457,0,0,High
2025-12-01,West,MAT-1010,Communication Gateway,137,44,0.85,1.596,290,58,348,334,14,13720,High
2026-01-01,West,MAT-1010,Communication Gateway,158,18,0.87,1.612,291,58,349,287,62,60760,High
2026-02-01,West,MAT-1010,Communication Gateway,183,31,0.92,1.628,378,76,454,499,0,0,High
2026-03-01,West,MAT-1010,Communication Gateway,202,35,1.0,1.645,460,92,552,468,84,82320,High
2026-04-01,West,MAT-1010,Communication Gateway,188,81,1.08,1.661,569,114,683,564,119,116620,High
2026-05-01,West,MAT-1010,Communication Gateway,164,22,1.13,1.678,416,83,499,473,26,25480,High
2026-06-01,West,MAT-1010,Communication Gateway,174,25,1.15,1.694,458,92,550,461,89,87220,High
2026-07-01,West,MAT-1010,Communication Gateway,189,29,1.13,1.711,497,99,596,545,51,49980,High
2026-08-01,West,MAT-1010,Communication Gateway,226,41,1.08,1.729,588,118,706,559,147,144060,High
2026-09-01,West,MAT-1010,Communication Gateway,182,20,1.0,1.746,416,83,499,507,0,0,High
2026-10-01,West,MAT-1010,Communication Gateway,146,9,0.92,1.763,297,59,356,283,73,71540,High
2026-11-01,West,MAT-1010,Communication Gateway,131,37,0.87,1.781,307,61,368,416,0,0,High
2026-12-01,West,MAT-1010,Communication Gateway,134,50,0.85,1.799,332,66,398,371,27,26460,High
2022-01-01,North,MAT-1011,Grounding Kit,189,17,0.87,1.0,211,42,253,302,0,0,High
2022-02-01,North,MAT-1011,Grounding Kit,219,13,0.92,1.01,254,51,305,330,0,0,High
2022-03-01,North,MAT-1011,Grounding Kit,191,19,1.0,1.02,253,51,304,310,0,0,High
2022-04-01,North,MAT-1011,Grounding Kit,253,23,1.08,1.03,362,72,434,509,0,0,High
2022-05-01,North,MAT-1011,Grounding Kit,282,21,1.13,1.041,420,84,504,401,103,13390,High
2022-06-01,North,MAT-1011,Grounding Kit,256,79,1.15,1.051,478,96,574,423,151,19630,High
2022-07-01,North,MAT-1011,Grounding Kit,246,80,1.13,1.062,461,92,553,483,70,9100,High
2022-08-01,North,MAT-1011,Grounding Kit,266,88,1.08,1.072,484,97,581,476,105,13650,High
2022-09-01,North,MAT-1011,Grounding Kit,186,42,1.0,1.083,291,58,349,293,56,7280,High
2022-10-01,North,MAT-1011,Grounding Kit,165,14,0.92,1.094,213,43,256,311,0,0,High
2022-11-01,North,MAT-1011,Grounding Kit,183,22,0.87,1.105,232,46,278,274,4,520,High
2022-12-01,North,MAT-1011,Grounding Kit,206,54,0.85,1.116,291,58,349,343,6,780,High
2023-01-01,North,MAT-1011,Grounding Kit,190,11,0.87,1.127,233,47,280,265,15,1950,High
2023-02-01,North,MAT-1011,Grounding Kit,221,78,0.92,1.138,369,74,443,321,122,15860,High
2023-03-01,North,MAT-1011,Grounding Kit,234,82,1.0,1.149,429,86,515,424,91,11830,High
2023-04-01,North,MAT-1011,Grounding Kit,238,62,1.08,1.161,444,89,533,614,0,0,High
2023-05-01,North,MAT-1011,Grounding Kit,262,67,1.13,1.173,514,103,617,500,117,15210,High
2023-06-01,North,MAT-1011,Grounding Kit,258,50,1.15,1.184,495,99,594,602,0,0,High
2023-07-01,North,MAT-1011,Grounding Kit,219,41,1.13,1.196,415,83,498,387,111,14430,High
2023-08-01,North,MAT-1011,Grounding Kit,205,48,1.08,1.208,390,78,468,402,66,8580,High
2023-09-01,North,MAT-1011,Grounding Kit,243,56,1.0,1.22,431,86,517,446,71,9230,High
2023-10-01,North,MAT-1011,Grounding Kit,172,29,0.92,1.232,269,54,323,349,0,0,High
2023-11-01,North,MAT-1011,Grounding Kit,193,51,0.87,1.245,312,62,374,388,0,0,High
2023-12-01,North,MAT-1011,Grounding Kit,158,62,0.85,1.257,277,55,332,375,0,0,High
2024-01-01,North,MAT-1011,Grounding Kit,208,27,0.87,1.27,306,61,367,372,0,0,High
2024-02-01,North,MAT-1011,Grounding Kit,172,76,0.92,1.282,345,69,414,371,43,5590,High
2024-03-01,North,MAT-1011,Grounding Kit,187,57,1.0,1.295,373,75,448,323,125,16250,High
2024-04-01,North,MAT-1011,Grounding Kit,213,53,1.08,1.308,443,89,532,399,133,17290,High
2024-05-01,North,MAT-1011,Grounding Kit,258,72,1.13,1.321,581,116,697,789,0,0,High
2024-06-01,North,MAT-1011,Grounding Kit,257,48,1.15,1.335,552,110,662,719,0,0,High
2024-07-01,North,MAT-1011,Grounding Kit,214,84,1.13,1.348,536,107,643,788,0,0,High
2024-08-01,North,MAT-1011,Grounding Kit,200,89,1.08,1.361,501,100,601,711,0,0,High
2024-09-01,North,MAT-1011,Grounding Kit,243,57,1.0,1.375,487,97,584,708,0,0,High
2024-10-01,North,MAT-1011,Grounding Kit,216,34,0.92,1.389,377,75,452,431,21,2730,High
2024-11-01,North,MAT-1011,Grounding Kit,172,19,0.87,1.403,275,55,330,375,0,0,High
2024-12-01,North,MAT-1011,Grounding Kit,177,47,0.85,1.417,318,64,382,326,56,7280,High
2025-01-01,North,MAT-1011,Grounding Kit,197,15,0.87,1.431,311,62,373,313,60,7800,High
2025-02-01,North,MAT-1011,Grounding Kit,177,47,0.92,1.445,351,70,421,396,25,3250,High
2025-03-01,North,MAT-1011,Grounding Kit,220,55,1.0,1.46,474,95,569,694,0,0,High
2025-04-01,North,MAT-1011,Grounding Kit,264,66,1.08,1.474,620,124,744,747,0,0,High
2025-05-01,North,MAT-1011,Grounding Kit,275,42,1.13,1.489,629,126,755,803,0,0,High
2025-06-01,North,MAT-1011,Grounding Kit,206,61,1.15,1.504,545,109,654,743,0,0,High
2025-07-01,North,MAT-1011,Grounding Kit,244,47,1.13,1.519,589,118,707,797,0,0,High
2025-08-01,North,MAT-1011,Grounding Kit,181,60,1.08,1.534,471,94,565,639,0,0,High
2025-09-01,North,MAT-1011,Grounding Kit,200,36,1.0,1.549,431,86,517,502,15,1950,High
2025-10-01,North,MAT-1011,Grounding Kit,184,50,0.92,1.565,398,80,478,474,4,520,High
2025-11-01,North,MAT-1011,Grounding Kit,166,8,0.87,1.58,282,56,338,278,60,7800,High
2025-12-01,North,MAT-1011,Grounding Kit,205,32,0.85,1.596,379,76,455,556,0,0,High
2026-01-01,North,MAT-1011,Grounding Kit,164,60,0.87,1.612,371,74,445,342,103,13390,High
2026-02-01,North,MAT-1011,Grounding Kit,177,65,0.92,1.628,428,86,514,388,126,16380,High
2026-03-01,North,MAT-1011,Grounding Kit,169,27,1.0,1.645,380,76,456,457,0,0,High
2026-04-01,North,MAT-1011,Grounding Kit,253,17,1.08,1.661,572,114,686,688,0,0,High
2026-05-01,North,MAT-1011,Grounding Kit,236,23,1.13,1.678,579,116,695,793,0,0,High
2026-06-01,North,MAT-1011,Grounding Kit,194,72,1.15,1.694,612,122,734,713,21,2730,High
2026-07-01,North,MAT-1011,Grounding Kit,221,25,1.13,1.711,561,112,673,530,143,18590,High
2026-08-01,North,MAT-1011,Grounding Kit,204,62,1.08,1.729,586,117,703,667,36,4680,High
2026-09-01,North,MAT-1011,Grounding Kit,250,37,1.0,1.746,591,118,709,688,21,2730,High
2026-10-01,North,MAT-1011,Grounding Kit,209,17,0.92,1.763,433,87,520,496,24,3120,High
2026-11-01,North,MAT-1011,Grounding Kit,217,78,0.87,1.781,539,108,647,607,40,5200,High
2026-12-01,North,MAT-1011,Grounding Kit,162,22,0.85,1.799,332,66,398,333,65,8450,High
2022-01-01,South,MAT-1011,Grounding Kit,146,60,0.87,1.0,211,42,253,267,0,0,High
2022-02-01,South,MAT-1011,Grounding Kit,201,66,0.92,1.01,293,59,352,317,35,4550,High
2022-03-01,South,MAT-1011,Grounding Kit,187,53,1.0,1.02,289,58,347,299,48,6240,High
2022-04-01,South,MAT-1011,Grounding Kit,196,12,1.08,1.03,273,55,328,236,92,11960,High
2022-05-01,South,MAT-1011,Grounding Kit,200,72,1.13,1.041,377,75,452,372,80,10400,High
2022-06-01,South,MAT-1011,Grounding Kit,186,51,1.15,1.051,338,68,406,347,59,7670,High
2022-07-01,South,MAT-1011,Grounding Kit,256,32,1.13,1.062,408,82,490,403,87,11310,High
2022-08-01,South,MAT-1011,Grounding Kit,206,23,1.08,1.072,313,63,376,446,0,0,High
2022-09-01,South,MAT-1011,Grounding Kit,201,58,1.0,1.083,331,66,397,429,0,0,High
2022-10-01,South,MAT-1011,Grounding Kit,184,11,0.92,1.094,232,46,278,231,47,6110,High
2022-11-01,South,MAT-1011,Grounding Kit,141,17,0.87,1.105,179,36,215,262,0,0,High
2022-12-01,South,MAT-1011,Grounding Kit,167,11,0.85,1.116,199,40,239,282,0,0,High
2023-01-01,South,MAT-1011,Grounding Kit,140,60,0.87,1.127,231,46,277,219,58,7540,High
2023-02-01,South,MAT-1011,Grounding Kit,158,62,0.92,1.138,272,54,326,336,0,0,High
2023-03-01,South,MAT-1011,Grounding Kit,178,52,1.0,1.149,312,62,374,394,0,0,High
2023-04-01,South,MAT-1011,Grounding Kit,189,52,1.08,1.161,357,71,428,387,41,5330,High
2023-05-01,South,MAT-1011,Grounding Kit,217,89,1.13,1.173,478,96,574,702,0,0,High
2023-06-01,South,MAT-1011,Grounding Kit,239,107,1.15,1.184,556,111,667,759,0,0,High
2023-07-01,South,MAT-1011,Grounding Kit,249,18,1.13,1.196,426,85,511,585,0,0,High
2023-08-01,South,MAT-1011,Grounding Kit,212,64,1.08,1.208,425,85,510,498,12,1560,High
2023-09-01,South,MAT-1011,Grounding Kit,208,56,1.0,1.22,380,76,456,363,93,12090,High
2023-10-01,South,MAT-1011,Grounding Kit,181,73,0.92,1.232,340,68,408,343,65,8450,High
2023-11-01,South,MAT-1011,Grounding Kit,144,32,0.87,1.245,225,45,270,201,69,8970,High
2023-12-01,South,MAT-1011,Grounding Kit,151,11,0.85,1.257,204,41,245,264,0,0,High
2024-01-01,South,MAT-1011,Grounding Kit,169,75,0.87,1.27,318,64,382,352,30,3900,High
2024-02-01,South,MAT-1011,Grounding Kit,150,66,0.92,1.282,301,60,361,319,42,5460,High
2024-03-01,South,MAT-1011,Grounding Kit,230,103,1.0,1.295,509,102,611,577,34,4420,High
2024-04-01,South,MAT-1011,Grounding Kit,215,31,1.08,1.308,410,82,492,505,0,0,High
2024-05-01,South,MAT-1011,Grounding Kit,226,56,1.13,1.321,497,99,596,698,0,0,High
2024-06-01,South,MAT-1011,Grounding Kit,236,98,1.15,1.335,605,121,726,876,0,0,High
2024-07-01,South,MAT-1011,Grounding Kit,224,65,1.13,1.348,519,104,623,591,32,4160,High
2024-08-01,South,MAT-1011,Grounding Kit,233,71,1.08,1.361,527,105,632,677,0,0,High
2024-09-01,South,MAT-1011,Grounding Kit,183,71,1.0,1.375,412,82,494,528,0,0,High
2024-10-01,South,MAT-1011,Grounding Kit,154,49,0.92,1.389,306,61,367,357,10,1300,High
2024-11-01,South,MAT-1011,Grounding Kit,193,84,0.87,1.403,399,80,479,518,0,0,High
2024-12-01,South,MAT-1011,Grounding Kit,182,74,0.85,1.417,364,73,437,336,101,13130,High
2025-01-01,South,MAT-1011,Grounding Kit,200,85,0.87,1.431,419,84,503,447,56,7280,High
2025-02-01,South,MAT-1011,Grounding Kit,157,35,0.92,1.445,301,60,361,348,13,1690,High
2025-03-01,South,MAT-1011,Grounding Kit,183,72,1.0,1.46,439,88,527,583,0,0,High
2025-04-01,South,MAT-1011,Grounding Kit,244,89,1.08,1.474,626,125,751,707,44,5720,High
2025-05-01,South,MAT-1011,Grounding Kit,240,68,1.13,1.489,611,122,733,859,0,0,High
2025-06-01,South,MAT-1011,Grounding Kit,196,82,1.15,1.504,567,113,680,507,173,22490,High
2025-07-01,South,MAT-1011,Grounding Kit,263,81,1.13,1.519,697,139,836,761,75,9750,High
2025-08-01,South,MAT-1011,Grounding Kit,248,54,1.08,1.534,590,118,708,715,0,0,High
2025-09-01,South,MAT-1011,Grounding Kit,185,75,1.0,1.549,475,95,570,429,141,18330,High
2025-10-01,South,MAT-1011,Grounding Kit,151,52,0.92,1.565,345,69,414,495,0,0,High
2025-11-01,South,MAT-1011,Grounding Kit,148,64,0.87,1.58,344,69,413,407,6,780,High
2025-12-01,South,MAT-1011,Grounding Kit,153,15,0.85,1.596,269,54,323,339,0,0,High
2026-01-01,South,MAT-1011,Grounding Kit,163,55,0.87,1.612,361,72,433,504,0,0,High
2026-02-01,South,MAT-1011,Grounding Kit,193,21,0.92,1.628,378,76,454,419,35,4550,High
2026-03-01,South,MAT-1011,Grounding Kit,226,88,1.0,1.645,609,122,731,655,76,9880,High
2026-04-01,South,MAT-1011,Grounding Kit,254,71,1.08,1.661,688,138,826,635,191,24830,High
2026-05-01,South,MAT-1011,Grounding Kit,264,111,1.13,1.678,839,168,1007,1125,0,0,High
2026-06-01,South,MAT-1011,Grounding Kit,193,79,1.15,1.694,625,125,750,587,163,21190,High
2026-07-01,South,MAT-1011,Grounding Kit,222,52,1.13,1.711,625,125,750,867,0,0,High
2026-08-01,South,MAT-1011,Grounding Kit,198,81,1.08,1.729,615,123,738,732,6,780,High
2026-09-01,South,MAT-1011,Grounding Kit,180,38,1.0,1.746,449,90,539,475,64,8320,High
2026-10-01,South,MAT-1011,Grounding Kit,213,49,0.92,1.763,502,100,602,706,0,0,High
2026-11-01,South,MAT-1011,Grounding Kit,191,43,0.87,1.781,428,86,514,427,87,11310,High
2026-12-01,South,MAT-1011,Grounding Kit,183,53,0.85,1.799,426,85,511,504,7,910,High
2022-01-01,East,MAT-1011,Grounding Kit,226,12,0.87,1.0,244,49,293,321,0,0,High
2022-02-01,East,MAT-1011,Grounding Kit,263,111,0.92,1.01,410,82,492,511,0,0,High
2022-03-01,East,MAT-1011,Grounding Kit,224,19,1.0,1.02,293,59,352,382,0,0,High
2022-04-01,East,MAT-1011,Grounding Kit,275,95,1.08,1.03,486,97,583,434,149,19370,High
2022-05-01,East,MAT-1011,Grounding Kit,263,67,1.13,1.041,458,92,550,606,0,0,High
2022-06-01,East,MAT-1011,Grounding Kit,325,125,1.15,1.051,642,128,770,710,60,7800,High
2022-07-01,East,MAT-1011,Grounding Kit,261,73,1.13,1.062,473,95,568,498,70,9100,High
2022-08-01,East,MAT-1011,Grounding Kit,229,94,1.08,1.072,441,88,529,403,126,16380,High
2022-09-01,East,MAT-1011,Grounding Kit,225,78,1.0,1.083,387,77,464,354,110,14300,High
2022-10-01,East,MAT-1011,Grounding Kit,238,14,0.92,1.094,299,60,359,325,34,4420,High
2022-11-01,East,MAT-1011,Grounding Kit,245,88,0.87,1.105,378,76,454,448,6,780,High
2022-12-01,East,MAT-1011,Grounding Kit,197,37,0.85,1.116,262,52,314,372,0,0,High
2023-01-01,East,MAT-1011,Grounding Kit,237,22,0.87,1.127,300,60,360,327,33,4290,High
2023-02-01,East,MAT-1011,Grounding Kit,235,34,0.92,1.138,332,66,398,401,0,0,High
2023-03-01,East,MAT-1011,Grounding Kit,286,115,1.0,1.149,544,109,653,485,168,21840,High
2023-04-01,East,MAT-1011,Grounding Kit,325,101,1.08,1.161,630,126,756,721,35,4550,High
2023-05-01,East,MAT-1011,Grounding Kit,320,102,1.13,1.173,660,132,792,895,0,0,High
2023-06-01,East,MAT-1011,Grounding Kit,275,83,1.15,1.184,575,115,690,781,0,0,High
2023-07-01,East,MAT-1011,Grounding Kit,267,23,1.13,1.196,463,93,556,480,76,9880,High
2023-08-01,East,MAT-1011,Grounding Kit,320,64,1.08,1.208,591,118,709,706,3,390,High
2023-09-01,East,MAT-1011,Grounding Kit,234,59,1.0,1.22,422,84,506,537,0,0,High
2023-10-01,East,MAT-1011,Grounding Kit,235,31,0.92,1.232,356,71,427,479,0,0,High
2023-11-01,East,MAT-1011,Grounding Kit,186,63,0.87,1.245,318,64,382,313,69,8970,High
2023-12-01,East,MAT-1011,Grounding Kit,243,86,0.85,1.257,415,83,498,373,125,16250,High
2024-01-01,East,MAT-1011,Grounding Kit,194,32,0.87,1.27,295,59,354,405,0,0,High
2024-02-01,East,MAT-1011,Grounding Kit,194,63,0.92,1.282,358,72,430,495,0,0,High
2024-03-01,East,MAT-1011,Grounding Kit,267,111,1.0,1.295,578,116,694,768,0,0,High
2024-04-01,East,MAT-1011,Grounding Kit,240,95,1.08,1.308,559,112,671,745,0,0,High
2024-05-01,East,MAT-1011,Grounding Kit,262,63,1.13,1.321,573,115,688,552,136,17680,High
2024-06-01,East,MAT-1011,Grounding Kit,291,125,1.15,1.335,753,151,904,840,64,8320,High
2024-07-01,East,MAT-1011,Grounding Kit,297,82,1.13,1.348,681,136,817,958,0,0,High
2024-08-01,East,MAT-1011,Grounding Kit,229,17,1.08,1.361,427,85,512,476,36,4680,High
2024-09-01,East,MAT-1011,Grounding Kit,279,116,1.0,1.375,641,128,769,672,97,12610,High
2024-10-01,East,MAT-1011,Grounding Kit,232,38,0.92,1.389,407,81,488,539,0,0,High
2024-11-01,East,MAT-1011,Grounding Kit,204,16,0.87,1.403,317,63,380,395,0,0,High
2024-12-01,East,MAT-1011,Grounding Kit,225,50,0.85,1.417,391,78,469,420,49,6370,High
2025-01-01,East,MAT-1011,Grounding Kit,224,94,0.87,1.431,467,93,560,467,93,12090,High
2025-02-01,East,MAT-1011,Grounding Kit,241,25,0.92,1.445,417,83,500,381,119,15470,High
2025-03-01,East,MAT-1011,Grounding Kit,279,41,1.0,1.46,551,110,661,522,139,18070,High
2025-04-01,East,MAT-1011,Grounding Kit,226,41,1.08,1.474,502,100,602,493,109,14170,High
2025-05-01,East,MAT-1011,Grounding Kit,318,123,1.13,1.489,875,175,1050,1099,0,0,High
2025-06-01,East,MAT-1011,Grounding Kit,236,19,1.15,1.504,520,104,624,762,0,0,High
2025-07-01,East,MAT-1011,Grounding Kit,336,125,1.13,1.519,934,187,1121,982,139,18070,High
2025-08-01,East,MAT-1011,Grounding Kit,243,52,1.08,1.534,577,115,692,589,103,13390,High
2025-09-01,East,MAT-1011,Grounding Kit,278,68,1.0,1.549,633,127,760,792,0,0,High
2025-10-01,East,MAT-1011,Grounding Kit,273,60,0.92,1.565,566,113,679,493,186,24180,High
2025-11-01,East,MAT-1011,Grounding Kit,188,62,0.87,1.58,406,81,487,474,13,1690,High
2025-12-01,East,MAT-1011,Grounding Kit,175,23,0.85,1.596,317,63,380,321,59,7670,High
2026-01-01,East,MAT-1011,Grounding Kit,182,68,0.87,1.612,414,83,497,442,55,7150,High
2026-02-01,East,MAT-1011,Grounding Kit,196,67,0.92,1.628,465,93,558,636,0,0,High
2026-03-01,East,MAT-1011,Grounding Kit,208,13,1.0,1.645,429,86,515,383,132,17160,High
2026-04-01,East,MAT-1011,Grounding Kit,273,20,1.08,1.661,620,124,744,585,159,20670,High
2026-05-01,East,MAT-1011,Grounding Kit,288,91,1.13,1.678,848,170,1018,776,242,31460,High
2026-06-01,East,MAT-1011,Grounding Kit,339,52,1.15,1.694,899,180,1079,1311,0,0,High
2026-07-01,East,MAT-1011,Grounding Kit,310,67,1.13,1.711,860,172,1032,1165,0,0,High
2026-08-01,East,MAT-1011,Grounding Kit,323,56,1.08,1.729,835,167,1002,1111,0,0,High
2026-09-01,East,MAT-1011,Grounding Kit,285,36,1.0,1.746,661,132,793,765,28,3640,High
2026-10-01,East,MAT-1011,Grounding Kit,242,94,0.92,1.763,643,129,772,657,115,14950,High
2026-11-01,East,MAT-1011,Grounding Kit,250,50,0.87,1.781,548,110,658,800,0,0,High
2026-12-01,East,MAT-1011,Grounding Kit,210,44,0.85,1.799,458,92,550,564,0,0,High
2022-01-01,West,MAT-1011,Grounding Kit,197,17,0.87,1.0,220,44,264,300,0,0,High
2022-02-01,West,MAT-1011,Grounding Kit,175,37,0.92,1.01,232,46,278,326,0,0,High
2022-03-01,West,MAT-1011,Grounding Kit,189,76,1.0,1.02,319,64,383,450,0,0,High
2022-04-01,West,MAT-1011,Grounding Kit,242,58,1.08,1.03,394,79,473,357,116,15080,High
2022-05-01,West,MAT-1011,Grounding Kit,249,60,1.13,1.041,429,86,515,517,0,0,High
2022-06-01,West,MAT-1011,Grounding Kit,229,23,1.15,1.051,359,72,431,411,20,2600,High
2022-07-01,West,MAT-1011,Grounding Kit,253,97,1.13,1.062,495,99,594,615,0,0,High
2022-08-01,West,MAT-1011,Grounding Kit,279,78,1.08,1.072,488,98,586,697,0,0,High
2022-09-01,West,MAT-1011,Grounding Kit,227,47,1.0,1.083,350,70,420,314,106,13780,High
2022-10-01,West,MAT-1011,Grounding Kit,193,28,0.92,1.094,262,52,314,264,50,6500,High
2022-11-01,West,MAT-1011,Grounding Kit,160,29,0.87,1.105,214,43,257,299,0,0,High
2022-12-01,West,MAT-1011,Grounding Kit,152,41,0.85,1.116,216,43,259,214,45,5850,High
2023-01-01,West,MAT-1011,Grounding Kit,181,49,0.87,1.127,266,53,319,359,0,0,High
2023-02-01,West,MAT-1011,Grounding Kit,226,54,0.92,1.138,346,69,415,453,0,0,High
2023-03-01,West,MAT-1011,Grounding Kit,263,20,1.0,1.149,384,77,461,420,41,5330,High
2023-04-01,West,MAT-1011,Grounding Kit,192,52,1.08,1.161,361,72,433,421,12,1560,High
2023-05-01,West,MAT-1011,Grounding Kit,211,78,1.13,1.173,452,90,542,415,127,16510,High
2023-06-01,West,MAT-1011,Grounding Kit,295,127,1.15,1.184,678,136,814,829,0,0,High
2023-07-01,West,MAT-1011,Grounding Kit,285,86,1.13,1.196,592,118,710,555,155,20150,High
2023-08-01,West,MAT-1011,Grounding Kit,227,46,1.08,1.208,420,84,504,517,0,0,High
2023-09-01,West,MAT-1011,Grounding Kit,260,39,1.0,1.22,431,86,517,476,41,5330,High
2023-10-01,West,MAT-1011,Grounding Kit,204,50,0.92,1.232,340,68,408,492,0,0,High
2023-11-01,West,MAT-1011,Grounding Kit,223,76,0.87,1.245,382,76,458,350,108,14040,High
2023-12-01,West,MAT-1011,Grounding Kit,157,58,0.85,1.257,271,54,325,256,69,8970,High
2024-01-01,West,MAT-1011,Grounding Kit,158,25,0.87,1.27,239,48,287,307,0,0,High
2024-02-01,West,MAT-1011,Grounding Kit,234,39,0.92,1.282,380,76,456,357,99,12870,High
2024-03-01,West,MAT-1011,Grounding Kit,204,62,1.0,1.295,407,81,488,413,75,9750,High
2024-04-01,West,MAT-1011,Grounding Kit,221,61,1.08,1.308,470,94,564,643,0,0,High
2024-05-01,West,MAT-1011,Grounding Kit,232,78,1.13,1.321,546,109,655,571,84,10920,High
2024-06-01,West,MAT-1011,Grounding Kit,232,28,1.15,1.335,471,94,565,466,99,12870,High
2024-07-01,West,MAT-1011,Grounding Kit,252,109,1.13,1.348,649,130,779,866,0,0,High
2024-08-01,West,MAT-1011,Grounding Kit,257,42,1.08,1.361,519,104,623,462,161,20930,High
2024-09-01,West,MAT-1011,Grounding Kit,177,26,1.0,1.375,329,66,395,366,29,3770,High
2024-10-01,West,MAT-1011,Grounding Kit,239,21,0.92,1.389,392,78,470,378,92,11960,High
2024-11-01,West,MAT-1011,Grounding Kit,186,73,0.87,1.403,373,75,448,453,0,0,High
2024-12-01,West,MAT-1011,Grounding Kit,224,100,0.85,1.417,460,92,552,663,0,0,High
2025-01-01,West,MAT-1011,Grounding Kit,195,60,0.87,1.431,375,75,450,519,0,0,High
2025-02-01,West,MAT-1011,Grounding Kit,199,55,0.92,1.445,398,80,478,379,99,12870,High
2025-03-01,West,MAT-1011,Grounding Kit,231,52,1.0,1.46,487,97,584,653,0,0,High
2025-04-01,West,MAT-1011,Grounding Kit,225,31,1.08,1.474,481,96,577,577,0,0,High
2025-05-01,West,MAT-1011,Grounding Kit,251,45,1.13,1.489,588,118,706,541,165,21450,High
2025-06-01,West,MAT-1011,Grounding Kit,236,55,1.15,1.504,594,119,713,740,0,0,High
2025-07-01,West,MAT-1011,Grounding Kit,294,83,1.13,1.519,763,153,916,1012,0,0,High
2025-08-01,West,MAT-1011,Grounding Kit,275,18,1.08,1.534,573,115,688,598,90,11700,High
2025-09-01,West,MAT-1011,Grounding Kit,242,46,1.0,1.549,527,105,632,718,0,0,High
2025-10-01,West,MAT-1011,Grounding Kit,163,45,0.92,1.565,353,71,424,486,0,0,High
2025-11-01,West,MAT-1011,Grounding Kit,210,22,0.87,1.58,376,75,451,446,5,650,High
2025-12-01,West,MAT-1011,Grounding Kit,215,49,0.85,1.596,423,85,508,453,55,7150,High
2026-01-01,West,MAT-1011,Grounding Kit,197,45,0.87,1.612,401,80,481,374,107,13910,High
2026-02-01,West,MAT-1011,Grounding Kit,222,97,0.92,1.628,564,113,677,699,0,0,High
2026-03-01,West,MAT-1011,Grounding Kit,233,58,1.0,1.645,565,113,678,797,0,0,High
2026-04-01,West,MAT-1011,Grounding Kit,213,50,1.08,1.661,557,111,668,785,0,0,High
2026-05-01,West,MAT-1011,Grounding Kit,232,64,1.13,1.678,662,132,794,714,80,10400,High
2026-06-01,West,MAT-1011,Grounding Kit,262,57,1.15,1.694,734,147,881,713,168,21840,High
2026-07-01,West,MAT-1011,Grounding Kit,264,86,1.13,1.711,799,160,959,809,150,19500,High
2026-08-01,West,MAT-1011,Grounding Kit,203,83,1.08,1.729,630,126,756,622,134,17420,High
2026-09-01,West,MAT-1011,Grounding Kit,248,37,1.0,1.746,587,117,704,756,0,0,High
2026-10-01,West,MAT-1011,Grounding Kit,195,82,0.92,1.763,530,106,636,586,50,6500,High
2026-11-01,West,MAT-1011,Grounding Kit,222,55,0.87,1.781,506,101,607,541,66,8580,High
2026-12-01,West,MAT-1011,Grounding Kit,179,79,0.85,1.799,465,93,558,516,42,5460,High
2022-01-01,North,MAT-1012,Connector Set,187,35,0.87,1.0,228,46,274,271,3,204,High
2022-02-01,North,MAT-1012,Connector Set,191,12,0.92,1.01,223,45,268,283,0,0,High
2022-03-01,North,MAT-1012,Connector Set,194,48,1.0,1.02,291,58,349,265,84,5712,High
2022-04-01,North,MAT-1012,Connector Set,288,46,1.08,1.03,439,88,527,503,24,1632,High
2022-05-01,North,MAT-1012,Connector Set,287,109,1.13,1.041,549,110,659,799,0,0,High
2022-06-01,North,MAT-1012,Connector Set,261,17,1.15,1.051,396,79,475,489,0,0,High
2022-07-01,North,MAT-1012,Connector Set,234,38,1.13,1.062,385,77,462,529,0,0,High
2022-08-01,North,MAT-1012,Connector Set,204,54,1.08,1.072,353,71,424,465,0,0,High
2022-09-01,North,MAT-1012,Connector Set,264,54,1.0,1.083,406,81,487,558,0,0,High
2022-10-01,North,MAT-1012,Connector Set,171,30,0.92,1.094,239,48,287,323,0,0,High
2022-11-01,North,MAT-1012,Connector Set,159,40,0.87,1.105,226,45,271,246,25,1700,High
2022-12-01,North,MAT-1012,Connector Set,228,85,0.85,1.116,350,70,420,418,2,136,High
2023-01-01,North,MAT-1012,Connector Set,167,38,0.87,1.127,237,47,284,231,53,3604,High
2023-02-01,North,MAT-1012,Connector Set,247,29,0.92,1.138,341,68,409,400,9,612,High
2023-03-01,North,MAT-1012,Connector Set,237,98,1.0,1.149,454,91,545,628,0,0,High
2023-04-01,North,MAT-1012,Connector Set,226,56,1.08,1.161,417,83,500,542,0,0,High
2023-05-01,North,MAT-1012,Connector Set,219,81,1.13,1.173,469,94,563,527,36,2448,High
2023-06-01,North,MAT-1012,Connector Set,215,31,1.15,1.184,395,79,474,530,0,0,High
2023-07-01,North,MAT-1012,Connector Set,288,107,1.13,1.196,630,126,756,714,42,2856,High
2023-08-01,North,MAT-1012,Connector Set,223,95,1.08,1.208,490,98,588,502,86,5848,High
2023-09-01,North,MAT-1012,Connector Set,238,41,1.0,1.22,402,80,482,414,68,4624,High
2023-10-01,North,MAT-1012,Connector Set,245,49,0.92,1.232,393,79,472,377,95,6460,High
2023-11-01,North,MAT-1012,Connector Set,194,82,0.87,1.245,353,71,424,312,112,7616,High
2023-12-01,North,MAT-1012,Connector Set,189,49,0.85,1.257,300,60,360,424,0,0,High
2024-01-01,North,MAT-1012,Connector Set,179,59,0.87,1.27,310,62,372,341,31,2108,High
2024-02-01,North,MAT-1012,Connector Set,170,25,0.92,1.282,271,54,325,260,65,4420,High
2024-03-01,North,MAT-1012,Connector Set,188,73,1.0,1.295,399,80,479,399,80,5440,High
2024-04-01,North,MAT-1012,Connector Set,252,78,1.08,1.308,550,110,660,753,0,0,High
2024-05-01,North,MAT-1012,Connector Set,288,93,1.13,1.321,671,134,805,739,66,4488,High
2024-06-01,North,MAT-1012,Connector Set,271,41,1.15,1.335,565,113,678,640,38,2584,High
2024-07-01,North,MAT-1012,Connector Set,274,69,1.13,1.348,616,123,739,539,200,13600,High
2024-08-01,North,MAT-1012,Connector Set,229,48,1.08,1.361,481,96,577,478,99,6732,High
2024-09-01,North,MAT-1012,Connector Set,214,35,1.0,1.375,404,81,485,360,125,8500,High
2024-10-01,North,MAT-1012,Connector Set,247,87,0.92,1.389,504,101,605,654,0,0,High
2024-11-01,North,MAT-1012,Connector Set,212,28,0.87,1.403,346,69,415,360,55,3740,High
2024-12-01,North,MAT-1012,Connector Set,199,36,0.85,1.417,334,67,401,431,0,0,High
2025-01-01,North,MAT-1012,Connector Set,182,59,0.87,1.431,354,71,425,318,107,7276,High
2025-02-01,North,MAT-1012,Connector Set,250,55,0.92,1.445,478,96,574,471,103,7004,High
2025-03-01,North,MAT-1012,Connector Set,262,81,1.0,1.46,591,118,709,598,111,7548,High
2025-04-01,North,MAT-1012,Connector Set,237,105,1.08,1.474,642,128,770,668,102,6936,High
2025-05-01,North,MAT-1012,Connector Set,243,108,1.13,1.489,697,139,836,772,64,4352,High
2025-06-01,North,MAT-1012,Connector Set,240,93,1.15,1.504,680,136,816,687,129,8772,High
2025-07-01,North,MAT-1012,Connector Set,271,110,1.13,1.519,772,154,926,900,26,1768,High
2025-08-01,North,MAT-1012,Connector Set,261,55,1.08,1.534,618,124,742,800,0,0,High
2025-09-01,North,MAT-1012,Connector Set,248,66,1.0,1.549,574,115,689,720,0,0,High
2025-10-01,North,MAT-1012,Connector Set,222,60,0.92,1.565,479,96,575,505,70,4760,High
2025-11-01,North,MAT-1012,Connector Set,209,77,0.87,1.58,464,93,557,608,0,0,High
2025-12-01,North,MAT-1012,Connector Set,216,64,0.85,1.596,448,90,538,526,12,816,High
2026-01-01,North,MAT-1012,Connector Set,216,54,0.87,1.612,447,89,536,460,76,5168,High
2026-02-01,North,MAT-1012,Connector Set,212,15,0.92,1.628,401,80,481,505,0,0,High
2026-03-01,North,MAT-1012,Connector Set,255,112,1.0,1.645,712,142,854,928,0,0,High
2026-04-01,North,MAT-1012,Connector Set,251,57,1.08,1.661,652,130,782,739,43,2924,High
2026-05-01,North,MAT-1012,Connector Set,242,43,1.13,1.678,638,128,766,917,0,0,High
2026-06-01,North,MAT-1012,Connector Set,237,44,1.15,1.694,646,129,775,642,133,9044,High
2026-07-01,North,MAT-1012,Connector Set,264,15,1.13,1.711,637,127,764,856,0,0,High
2026-08-01,North,MAT-1012,Connector Set,270,107,1.08,1.729,830,166,996,813,183,12444,High
2026-09-01,North,MAT-1012,Connector Set,264,84,1.0,1.746,717,143,860,704,156,10608,High
2026-10-01,North,MAT-1012,Connector Set,184,28,0.92,1.763,406,81,487,523,0,0,High
2026-11-01,North,MAT-1012,Connector Set,229,43,0.87,1.781,497,99,596,700,0,0,High
2026-12-01,North,MAT-1012,Connector Set,224,40,0.85,1.799,476,95,571,659,0,0,High
2022-01-01,South,MAT-1012,Connector Set,198,86,0.87,1.0,292,58,350,300,50,3400,High
2022-02-01,South,MAT-1012,Connector Set,177,65,0.92,1.01,265,53,318,334,0,0,High
2022-03-01,South,MAT-1012,Connector Set,179,50,1.0,1.02,276,55,331,336,0,0,High
2022-04-01,South,MAT-1012,Connector Set,275,14,1.08,1.03,379,76,455,497,0,0,High
2022-05-01,South,MAT-1012,Connector Set,260,78,1.13,1.041,469,94,563,672,0,0,High
2022-06-01,South,MAT-1012,Connector Set,226,18,1.15,1.051,348,70,418,479,0,0,High
2022-07-01,South,MAT-1012,Connector Set,238,27,1.13,1.062,375,75,450,477,0,0,High
2022-08-01,South,MAT-1012,Connector Set,266,25,1.08,1.072,398,80,478,538,0,0,High
2022-09-01,South,MAT-1012,Connector Set,224,34,1.0,1.083,330,66,396,295,101,6868,High
2022-10-01,South,MAT-1012,Connector Set,202,42,0.92,1.094,290,58,348,419,0,0,High
2022-11-01,South,MAT-1012,Connector Set,207,64,0.87,1.105,307,61,368,273,95,6460,High
2022-12-01,South,MAT-1012,Connector Set,167,19,0.85,1.116,208,42,250,261,0,0,High
2023-01-01,South,MAT-1012,Connector Set,222,59,0.87,1.127,325,65,390,362,28,1904,High
2023-02-01,South,MAT-1012,Connector Set,187,19,0.92,1.138,255,51,306,357,0,0,High
2023-03-01,South,MAT-1012,Connector Set,174,45,1.0,1.149,297,59,356,383,0,0,High
2023-04-01,South,MAT-1012,Connector Set,210,85,1.08,1.161,436,87,523,505,18,1224,High
2023-05-01,South,MAT-1012,Connector Set,290,17,1.13,1.173,480,96,576,452,124,8432,High
2023-06-01,South,MAT-1012,Connector Set,287,93,1.15,1.184,611,122,733,573,160,10880,High
2023-07-01,South,MAT-1012,Connector Set,285,16,1.13,1.196,480,96,576,462,114,7752,High
2023-08-01,South,MAT-1012,Connector Set,224,18,1.08,1.208,373,75,448,417,31,2108,High
2023-09-01,South,MAT-1012,Connector Set,234,83,1.0,1.22,456,91,547,647,0,0,High
2023-10-01,South,MAT-1012,Connector Set,204,66,0.92,1.232,361,72,433,337,96,6528,High
2023-11-01,South,MAT-1012,Connector Set,178,58,0.87,1.245,302,60,362,407,0,0,High
2023-12-01,South,MAT-1012,Connector Set,155,57,0.85,1.257,267,53,320,382,0,0,High
2024-01-01,South,MAT-1012,Connector Set,196,41,0.87,1.27,309,62,371,425,0,0,High
2024-02-01,South,MAT-1012,Connector Set,185,13,0.92,1.282,276,55,331,348,0,0,High
2024-03-01,South,MAT-1012,Connector Set,196,58,1.0,1.295,388,78,466,375,91,6188,High
2024-04-01,South,MAT-1012,Connector Set,238,104,1.08,1.308,570,114,684,554,130,8840,High
2024-05-01,South,MAT-1012,Connector Set,289,126,1.13,1.321,731,146,877,889,0,0,High
2024-06-01,South,MAT-1012,Connector Set,265,57,1.15,1.335,583,117,700,638,62,4216,High
2024-07-01,South,MAT-1012,Connector Set,267,45,1.13,1.348,561,112,673,798,0,0,High
2024-08-01,South,MAT-1012,Connector Set,210,40,1.08,1.361,434,87,521,461,60,4080,High
2024-09-01,South,MAT-1012,Connector Set,177,77,1.0,1.375,412,82,494,364,130,8840,High
2024-10-01,South,MAT-1012,Connector Set,228,57,0.92,1.389,430,86,516,513,3,204,High
2024-11-01,South,MAT-1012,Connector Set,224,15,0.87,1.403,344,69,413,407,6,408,High
2024-12-01,South,MAT-1012,Connector Set,197,76,0.85,1.417,388,78,466,470,0,0,High
2025-01-01,South,MAT-1012,Connector Set,219,73,0.87,1.431,429,86,515,547,0,0,High
2025-02-01,South,MAT-1012,Connector Set,160,56,0.92,1.445,339,68,407,296,111,7548,High
2025-03-01,South,MAT-1012,Connector Set,238,20,1.0,1.46,444,89,533,514,19,1292,High
2025-04-01,South,MAT-1012,Connector Set,227,43,1.08,1.474,507,101,608,585,23,1564,High
2025-05-01,South,MAT-1012,Connector Set,201,48,1.13,1.489,494,99,593,568,25,1700,High
2025-06-01,South,MAT-1012,Connector Set,238,76,1.15,1.504,641,128,769,712,57,3876,High
2025-07-01,South,MAT-1012,Connector Set,271,119,1.13,1.519,790,158,948,816,132,8976,High
2025-08-01,South,MAT-1012,Connector Set,238,13,1.08,1.534,491,98,589,642,0,0,High
2025-09-01,South,MAT-1012,Connector Set,247,104,1.0,1.549,642,128,770,913,0,0,High
2025-10-01,South,MAT-1012,Connector Set,212,65,0.92,1.565,471,94,565,537,28,1904,High
2025-11-01,South,MAT-1012,Connector Set,181,19,0.87,1.58,324,65,389,443,0,0,High
2025-12-01,South,MAT-1012,Connector Set,207,47,0.85,1.596,407,81,488,412,76,5168,High
2026-01-01,South,MAT-1012,Connector Set,213,74,0.87,1.612,475,95,570,667,0,0,High
2026-02-01,South,MAT-1012,Connector Set,195,78,0.92,1.628,483,97,580,656,0,0,High
2026-03-01,South,MAT-1012,Connector Set,190,70,1.0,1.645,505,101,606,615,0,0,High
2026-04-01,South,MAT-1012,Connector Set,275,108,1.08,1.661,811,162,973,753,220,14960,High
2026-05-01,South,MAT-1012,Connector Set,234,77,1.13,1.678,696,139,835,993,0,0,High
2026-06-01,South,MAT-1012,Connector Set,265,33,1.15,1.694,685,137,822,702,120,8160,High
2026-07-01,South,MAT-1012,Connector Set,219,15,1.13,1.711,534,107,641,534,107,7276,High
2026-08-01,South,MAT-1012,Connector Set,274,104,1.08,1.729,833,167,1000,867,133,9044,High
2026-09-01,South,MAT-1012,Connector Set,200,69,1.0,1.746,554,111,665,582,83,5644,High
2026-10-01,South,MAT-1012,Connector Set,221,66,0.92,1.763,549,110,659,742,0,0,High
2026-11-01,South,MAT-1012,Connector Set,205,85,0.87,1.781,530,106,636,703,0,0,High
2026-12-01,South,MAT-1012,Connector Set,168,26,0.85,1.799,350,70,420,329,91,6188,High
2022-01-01,East,MAT-1012,Connector Set,222,53,0.87,1.0,282,56,338,280,58,3944,High
2022-02-01,East,MAT-1012,Connector Set,268,91,0.92,1.01,394,79,473,555,0,0,High
2022-03-01,East,MAT-1012,Connector Set,296,104,1.0,1.02,481,96,577,494,83,5644,High
2022-04-01,East,MAT-1012,Connector Set,303,71,1.08,1.03,491,98,589,476,113,7684,High
2022-05-01,East,MAT-1012,Connector Set,346,130,1.13,1.041,660,132,792,878,0,0,High
2022-06-01,East,MAT-1012,Connector Set,376,41,1.15,1.051,595,119,714,783,0,0,High
2022-07-01,East,MAT-1012,Connector Set,329,143,1.13,1.062,668,134,802,788,14,952,High
2022-08-01,East,MAT-1012,Connector Set,244,22,1.08,1.072,363,73,436,425,11,748,High
2022-09-01,East,MAT-1012,Connector Set,317,35,1.0,1.083,450,90,540,391,149,10132,High
2022-10-01,East,MAT-1012,Connector Set,256,72,0.92,1.094,389,78,467,505,0,0,High
2022-11-01,East,MAT-1012,Connector Set,271,45,0.87,1.105,358,72,430,503,0,0,High
2022-12-01,East,MAT-1012,Connector Set,226,68,0.85,1.116,329,66,395,388,7,476,High
2023-01-01,East,MAT-1012,Connector Set,270,47,0.87,1.127,367,73,440,491,0,0,High
2023-02-01,East,MAT-1012,Connector Set,216,78,0.92,1.138,363,73,436,488,0,0,High
2023-03-01,East,MAT-1012,Connector Set,305,35,1.0,1.149,461,92,553,424,129,8772,High
2023-04-01,East,MAT-1012,Connector Set,308,88,1.08,1.161,586,117,703,756,0,0,High
2023-05-01,East,MAT-1012,Connector Set,305,52,1.13,1.173,558,112,670,789,0,0,High
2023-06-01,East,MAT-1012,Connector Set,359,39,1.15,1.184,640,128,768,683,85,5780,High
2023-07-01,East,MAT-1012,Connector Set,296,106,1.13,1.196,641,128,769,583,186,12648,High
2023-08-01,East,MAT-1012,Connector Set,334,38,1.08,1.208,573,115,688,821,0,0,High
2023-09-01,East,MAT-1012,Connector Set,271,89,1.0,1.22,518,104,622,495,127,8636,High
2023-10-01,East,MAT-1012,Connector Set,275,124,0.92,1.232,534,107,641,634,7,476,High
2023-11-01,East,MAT-1012,Connector Set,208,85,0.87,1.245,374,75,449,426,23,1564,High
2023-12-01,East,MAT-1012,Connector Set,193,86,0.85,1.257,352,70,422,312,110,7480,High
2024-01-01,East,MAT-1012,Connector Set,199,12,0.87,1.27,275,55,330,265,65,4420,High
2024-02-01,East,MAT-1012,Connector Set,260,48,0.92,1.282,429,86,515,427,88,5984,High
2024-03-01,East,MAT-1012,Connector Set,273,79,1.0,1.295,538,108,646,637,9,612,High
2024-04-01,East,MAT-1012,Connector Set,288,18,1.08,1.308,510,102,612,711,0,0,High
2024-05-01,East,MAT-1012,Connector Set,319,48,1.13,1.321,647,129,776,948,0,0,High
2024-06-01,East,MAT-1012,Connector Set,330,60,1.15,1.335,706,141,847,756,91,6188,High
2024-07-01,East,MAT-1012,Connector Set,275,110,1.13,1.348,692,138,830,700,130,8840,High
2024-08-01,East,MAT-1012,Connector Set,326,94,1.08,1.361,729,146,875,1021,0,0,High
2024-09-01,East,MAT-1012,Connector Set,287,115,1.0,1.375,652,130,782,655,127,8636,High
2024-10-01,East,MAT-1012,Connector Set,268,48,0.92,1.389,476,95,571,642,0,0,High
2024-11-01,East,MAT-1012,Connector Set,280,79,0.87,1.403,517,103,620,671,0,0,High
2024-12-01,East,MAT-1012,Connector Set,248,85,0.85,1.417,473,95,568,534,34,2312,High
2025-01-01,East,MAT-1012,Connector Set,274,110,0.87,1.431,564,113,677,558,119,8092,High
2025-02-01,East,MAT-1012,Connector Set,267,66,0.92,1.445,522,104,626,749,0,0,High
2025-03-01,East,MAT-1012,Connector Set,300,33,1.0,1.46,574,115,689,719,0,0,High
2025-04-01,East,MAT-1012,Connector Set,265,84,1.08,1.474,656,131,787,919,0,0,High
2025-05-01,East,MAT-1012,Connector Set,354,40,1.13,1.489,782,156,938,854,84,5712,High
2025-06-01,East,MAT-1012,Connector Set,372,66,1.15,1.504,894,179,1073,940,133,9044,High
2025-07-01,East,MAT-1012,Connector Set,301,51,1.13,1.519,713,143,856,962,0,0,High
2025-08-01,East,MAT-1012,Connector Set,323,35,1.08,1.534,700,140,840,1005,0,0,High
2025-09-01,East,MAT-1012,Connector Set,258,106,1.0,1.549,665,133,798,950,0,0,High
2025-10-01,East,MAT-1012,Connector Set,216,90,0.92,1.565,520,104,624,452,172,11696,High
2025-11-01,East,MAT-1012,Connector Set,208,65,0.87,1.58,443,89,532,456,76,5168,High
2025-12-01,East,MAT-1012,Connector Set,218,20,0.85,1.596,381,76,457,396,61,4148,High
2026-01-01,East,MAT-1012,Connector Set,262,92,0.87,1.612,586,117,703,639,64,4352,High
2026-02-01,East,MAT-1012,Connector Set,210,93,0.92,1.628,536,107,643,744,0,0,High
2026-03-01,East,MAT-1012,Connector Set,313,58,1.0,1.645,720,144,864,726,138,9384,High
2026-04-01,East,MAT-1012,Connector Set,279,44,1.08,1.661,684,137,821,965,0,0,High
2026-05-01,East,MAT-1012,Connector Set,261,30,1.13,1.678,651,130,781,857,0,0,High
2026-06-01,East,MAT-1012,Connector Set,282,80,1.15,1.694,832,166,998,1219,0,0,High
2026-07-01,East,MAT-1012,Connector Set,336,35,1.13,1.711,847,169,1016,1012,4,272,High
2026-08-01,East,MAT-1012,Connector Set,300,123,1.08,1.729,932,186,1118,1250,0,0,High
2026-09-01,East,MAT-1012,Connector Set,318,98,1.0,1.746,857,171,1028,1146,0,0,High
2026-10-01,East,MAT-1012,Connector Set,232,44,0.92,1.763,528,106,634,619,15,1020,High
2026-11-01,East,MAT-1012,Connector Set,199,37,0.87,1.781,431,86,517,414,103,7004,High
2026-12-01,East,MAT-1012,Connector Set,207,13,0.85,1.799,397,79,476,518,0,0,High
2022-01-01,West,MAT-1012,Connector Set,235,49,0.87,1.0,292,58,350,267,83,5644,High
2022-02-01,West,MAT-1012,Connector Set,226,31,0.92,1.01,282,56,338,285,53,3604,High
2022-03-01,West,MAT-1012,Connector Set,284,91,1.0,1.02,451,90,541,547,0,0,High
2022-04-01,West,MAT-1012,Connector Set,240,85,1.08,1.03,427,85,512,501,11,748,High
2022-05-01,West,MAT-1012,Connector Set,233,97,1.13,1.041,458,92,550,566,0,0,High
2022-06-01,West,MAT-1012,Connector Set,273,75,1.15,1.051,496,99,595,472,123,8364,High
2022-07-01,West,MAT-1012,Connector Set,293,121,1.13,1.062,586,117,703,583,120,8160,High
2022-08-01,West,MAT-1012,Connector Set,226,40,1.08,1.072,363,73,436,417,19,1292,High
2022-09-01,West,MAT-1012,Connector Set,246,109,1.0,1.083,454,91,545,571,0,0,High
2022-10-01,West,MAT-1012,Connector Set,204,12,0.92,1.094,256,51,307,325,0,0,High
2022-11-01,West,MAT-1012,Connector Set,213,65,0.87,1.105,315,63,378,405,0,0,High
2022-12-01,West,MAT-1012,Connector Set,167,18,0.85,1.116,207,41,248,195,53,3604,High
2023-01-01,West,MAT-1012,Connector Set,191,60,0.87,1.127,290,58,348,426,0,0,High
2023-02-01,West,MAT-1012,Connector Set,211,11,0.92,1.138,274,55,329,350,0,0,High
2023-03-01,West,MAT-1012,Connector Set,203,70,1.0,1.149,370,74,444,507,0,0,High
2023-04-01,West,MAT-1012,Connector Set,240,33,1.08,1.161,404,81,485,500,0,0,High
2023-05-01,West,MAT-1012,Connector Set,224,69,1.13,1.173,458,92,550,442,108,7344,High
2023-06-01,West,MAT-1012,Connector Set,266,63,1.15,1.184,529,106,635,576,59,4012,High
2023-07-01,West,MAT-1012,Connector Set,320,50,1.13,1.196,590,118,708,801,0,0,High
2023-08-01,West,MAT-1012,Connector Set,254,87,1.08,1.208,525,105,630,689,0,0,High
2023-09-01,West,MAT-1012,Connector Set,241,63,1.0,1.22,438,88,526,407,119,8092,High
2023-10-01,West,MAT-1012,Connector Set,224,75,0.92,1.232,400,80,480,580,0,0,High
2023-11-01,West,MAT-1012,Connector Set,174,64,0.87,1.245,304,61,365,407,0,0,High
2023-12-01,West,MAT-1012,Connector Set,201,33,0.85,1.257,295,59,354,373,0,0,High
2024-01-01,West,MAT-1012,Connector Set,239,103,0.87,1.27,446,89,535,657,0,0,High
2024-02-01,West,MAT-1012,Connector Set,257,65,0.92,1.282,448,90,538,470,68,4624,High
2024-03-01,West,MAT-1012,Connector Set,238,98,1.0,1.295,514,103,617,508,109,7412,High
2024-04-01,West,MAT-1012,Connector Set,271,58,1.08,1.308,549,110,659,543,116,7888,High
2024-05-01,West,MAT-1012,Connector Set,288,121,1.13,1.321,721,144,865,871,0,0,High
2024-06-01,West,MAT-1012,Connector Set,269,49,1.15,1.335,576,115,691,796,0,0,High
2024-07-01,West,MAT-1012,Connector Set,317,105,1.13,1.348,758,152,910,868,42,2856,High
2024-08-01,West,MAT-1012,Connector Set,257,60,1.08,1.361,550,110,660,772,0,0,High
2024-09-01,West,MAT-1012,Connector Set,285,88,1.0,1.375,605,121,726,838,0,0,High
2024-10-01,West,MAT-1012,Connector Set,264,38,0.92,1.389,455,91,546,435,111,7548,High
2024-11-01,West,MAT-1012,Connector Set,170,60,0.87,1.403,331,66,397,469,0,0,High
2024-12-01,West,MAT-1012,Connector Set,217,31,0.85,1.417,352,70,422,343,79,5372,High
2025-01-01,West,MAT-1012,Connector Set,172,29,0.87,1.431,295,59,354,433,0,0,High
2025-02-01,West,MAT-1012,Connector Set,209,33,0.92,1.445,380,76,456,418,38,2584,High
2025-03-01,West,MAT-1012,Connector Set,194,84,1.0,1.46,479,96,575,419,156,10608,High
2025-04-01,West,MAT-1012,Connector Set,244,82,1.08,1.474,612,122,734,871,0,0,High
2025-05-01,West,MAT-1012,Connector Set,273,99,1.13,1.489,739,148,887,1064,0,0,High
2025-06-01,West,MAT-1012,Connector Set,269,44,1.15,1.504,639,128,767,627,140,9520,High
2025-07-01,West,MAT-1012,Connector Set,298,119,1.13,1.519,844,169,1013,1143,0,0,High
2025-08-01,West,MAT-1012,Connector Set,294,116,1.08,1.534,802,160,962,827,135,9180,High
2025-09-01,West,MAT-1012,Connector Set,194,25,1.0,1.549,400,80,480,427,53,3604,High
2025-10-01,West,MAT-1012,Connector Set,261,71,0.92,1.565,564,113,677,801,0,0,High
2025-11-01,West,MAT-1012,Connector Set,198,15,0.87,1.58,346,69,415,459,0,0,High
2025-12-01,West,MAT-1012,Connector Set,232,31,0.85,1.596,421,84,505,432,73,4964,High
2026-01-01,West,MAT-1012,Connector Set,169,33,0.87,1.612,334,67,401,290,111,7548,High
2026-02-01,West,MAT-1012,Connector Set,181,79,0.92,1.628,460,92,552,612,0,0,High
2026-03-01,West,MAT-1012,Connector Set,252,19,1.0,1.645,526,105,631,502,129,8772,High
2026-04-01,West,MAT-1012,Connector Set,299,71,1.08,1.661,783,157,940,999,0,0,High
2026-05-01,West,MAT-1012,Connector Set,272,111,1.13,1.678,857,171,1028,741,287,19516,High
2026-06-01,West,MAT-1012,Connector Set,228,14,1.15,1.694,556,111,667,807,0,0,High
2026-07-01,West,MAT-1012,Connector Set,269,49,1.13,1.711,726,145,871,675,196,13328,High
2026-08-01,West,MAT-1012,Connector Set,246,23,1.08,1.729,593,119,712,581,131,8908,High
2026-09-01,West,MAT-1012,Connector Set,195,14,1.0,1.746,431,86,517,538,0,0,High
2026-10-01,West,MAT-1012,Connector Set,201,82,0.92,1.763,542,108,650,744,0,0,High
2026-11-01,West,MAT-1012,Connector Set,238,72,0.87,1.781,567,113,680,522,158,10744,High
2026-12-01,West,MAT-1012,Connector Set,192,16,0.85,1.799,375,75,450,406,44,2992,High
