Subproject_ID,Project_ID,Material_ID,Required_Date,Estimated_Qty,Reserved_Qty,Issued_Qty,Forecast_Unit_Cost_$,Forecast_Material_Cost_$,Availability_Status,Lead_Time_Risk,Need_By_Quarter
PRJ-000001-SP01,PRJ-000001,MAT-1001,2028-04-01,68,13,6,2100,142800,Partial,Within Lead Time,Q2 2028
PRJ-000001-SP02,PRJ-000001,MAT-1005,2027-01-01,77,51,14,26000,2002000,Partial,Within Lead Time,Q1 2027
PRJ-000001-SP03,PRJ-000001,MAT-1002,2028-01-01,26,25,4,420,10920,Partial,Within Lead Time,Q1 2028
PRJ-000001-SP04,PRJ-000001,MAT-1011,2028-11-01,41,36,11,130,5330,Partial,Within Lead Time,Q4 2028
PRJ-000001-SP05,PRJ-000001,MAT-1002,2028-03-01,36,1,0,420,15120,Partial,Within Lead Time,Q1 2028
PRJ-000001-SP06,PRJ-000001,MAT-1011,2026-06-01,21,2,1,130,2730,Partial,At Risk,Q2 2026
PRJ-000001-SP07,PRJ-000001,MAT-1006,2028-03-01,27,12,9,6200,167400,Partial,Within Lead Time,Q1 2028
PRJ-000001-SP08,PRJ-000001,MAT-1012,2027-04-01,15,15,6,68,1020,Partial,Within Lead Time,Q2 2027
PRJ-000002-SP01,PRJ-000002,MAT-1005,2027-08-01,53,20,13,26000,1378000,Partial,Within Lead Time,Q3 2027
PRJ-000002-SP02,PRJ-000002,MAT-1008,2027-04-01,71,30,22,19000,1349000,Partial,Within Lead Time,Q2 2027
PRJ-000002-SP03,PRJ-000002,MAT-1011,2026-04-01,60,48,27,130,7800,Partial,At Risk,Q2 2026
PRJ-000002-SP04,PRJ-000002,MAT-1003,2026-12-01,1970,1712,1314,12,23640,Partial,Within Lead Time,Q4 2026
PRJ-000002-SP05,PRJ-000002,MAT-1001,2028-02-01,49,3,3,2100,102900,Partial,Within Lead Time,Q1 2028
PRJ-000002-SP06,PRJ-000002,MAT-1001,2028-02-01,76,6,5,2100,159600,Partial,Within Lead Time,Q1 2028
PRJ-000003-SP01,PRJ-000003,MAT-1003,2027-10-01,4149,922,419,12,49788,Partial,Within Lead Time,Q4 2027
PRJ-000003-SP02,PRJ-000003,MAT-1009,2027-10-01,75,8,4,145,10875,Partial,Within Lead Time,Q4 2027
PRJ-000003-SP03,PRJ-000003,MAT-1012,2026-03-01,74,52,40,68,5032,Partial,At Risk,Q1 2026
PRJ-000003-SP04,PRJ-000003,MAT-1005,2027-12-01,17,7,6,26000,442000,Partial,Within Lead Time,Q4 2027
PRJ-000003-SP05,PRJ-000003,MAT-1003,2026-08-01,1767,528,516,12,21204,Partial,At Risk,Q3 2026
PRJ-000003-SP06,PRJ-000003,MAT-1010,2027-12-01,73,71,20,980,71540,Partial,Within Lead Time,Q4 2027
PRJ-000004-SP01,PRJ-000004,MAT-1009,2028-04-01,30,12,7,145,4350,Partial,Within Lead Time,Q2 2028
PRJ-000004-SP02,PRJ-000004,MAT-1007,2028-10-01,6,2,2,14500,87000,Partial,Within Lead Time,Q4 2028
PRJ-000004-SP03,PRJ-000004,MAT-1010,2028-07-01,39,1,0,980,38220,Partial,Within Lead Time,Q3 2028
PRJ-000004-SP04,PRJ-000004,MAT-1008,2026-09-01,23,10,8,19000,437000,Partial,At Risk,Q3 2026
PRJ-000004-SP05,PRJ-000004,MAT-1003,2028-08-01,7221,717,61,12,86652,Partial,Within Lead Time,Q3 2028
PRJ-000004-SP06,PRJ-000004,MAT-1007,2028-05-01,9,2,1,14500,130500,Partial,Within Lead Time,Q2 2028
PRJ-000004-SP07,PRJ-000004,MAT-1010,2028-11-01,22,14,12,980,21560,Partial,Within Lead Time,Q4 2028
PRJ-000004-SP08,PRJ-000004,MAT-1011,2026-10-01,79,44,3,130,10270,Partial,Within Lead Time,Q4 2026
PRJ-000005-SP01,PRJ-000005,MAT-1007,2028-02-01,60,25,7,14500,870000,Partial,Within Lead Time,Q1 2028
PRJ-000005-SP02,PRJ-000005,MAT-1002,2028-07-01,22,22,20,420,9240,Partial,Within Lead Time,Q3 2028
PRJ-000005-SP03,PRJ-000005,MAT-1004,2027-11-01,1842,1068,651,27,49734,Partial,Within Lead Time,Q4 2027
PRJ-000005-SP04,PRJ-000005,MAT-1002,2027-06-01,30,2,1,420,12600,Partial,Within Lead Time,Q2 2027
PRJ-000005-SP05,PRJ-000005,MAT-1011,2029-01-01,48,34,28,130,6240,Partial,Within Lead Time,Q1 2029
PRJ-000005-SP06,PRJ-000005,MAT-1008,2026-07-01,16,8,5,19000,304000,Partial,At Risk,Q3 2026
PRJ-000006-SP01,PRJ-000006,MAT-1011,2027-02-01,41,12,2,130,5330,Partial,Within Lead Time,Q1 2027
PRJ-000006-SP02,PRJ-000006,MAT-1004,2026-04-01,5357,2170,737,27,144639,Partial,At Risk,Q2 2026
PRJ-000006-SP03,PRJ-000006,MAT-1002,2027-10-01,59,50,41,420,24780,Partial,Within Lead Time,Q4 2027
PRJ-000006-SP04,PRJ-000006,MAT-1004,2028-11-01,8608,8302,6051,27,232416,Partial,Within Lead Time,Q4 2028
PRJ-000006-SP05,PRJ-000006,MAT-1011,2028-07-01,31,26,25,130,4030,Partial,Within Lead Time,Q3 2028
PRJ-000006-SP06,PRJ-000006,MAT-1004,2028-10-01,5384,5141,4761,27,145368,Partial,Within Lead Time,Q4 2028
PRJ-000006-SP07,PRJ-000006,MAT-1006,2026-03-01,26,13,12,6200,161200,Partial,At Risk,Q1 2026
PRJ-000007-SP01,PRJ-000007,MAT-1007,2028-10-01,63,56,7,14500,913500,Partial,Within Lead Time,Q4 2028
PRJ-000007-SP02,PRJ-000007,MAT-1010,2028-05-01,5,3,3,980,4900,Partial,Within Lead Time,Q2 2028
PRJ-000007-SP03,PRJ-000007,MAT-1009,2026-12-01,27,9,9,145,3915,Partial,Within Lead Time,Q4 2026
PRJ-000007-SP04,PRJ-000007,MAT-1001,2028-04-01,52,23,11,2100,109200,Partial,Within Lead Time,Q2 2028
PRJ-000007-SP05,PRJ-000007,MAT-1012,2027-01-01,70,68,6,68,4760,Partial,Within Lead Time,Q1 2027
PRJ-000007-SP06,PRJ-000007,MAT-1003,2028-06-01,8647,8605,791,12,103764,Partial,Within Lead Time,Q2 2028
PRJ-000007-SP07,PRJ-000007,MAT-1012,2026-08-01,47,41,7,68,3196,Partial,At Risk,Q3 2026
PRJ-000008-SP01,PRJ-000008,MAT-1004,2026-03-01,3000,2583,1763,27,81000,Partial,At Risk,Q1 2026
PRJ-000008-SP02,PRJ-000008,MAT-1009,2027-12-01,25,22,18,145,3625,Partial,Within Lead Time,Q4 2027
PRJ-000008-SP03,PRJ-000008,MAT-1004,2028-07-01,7855,4250,3150,27,212085,Partial,Within Lead Time,Q3 2028
PRJ-000009-SP01,PRJ-000009,MAT-1007,2028-07-01,50,5,2,14500,725000,Partial,Within Lead Time,Q3 2028
PRJ-000009-SP02,PRJ-000009,MAT-1011,2028-03-01,37,17,13,130,4810,Partial,Within Lead Time,Q1 2028
PRJ-000010-SP01,PRJ-000010,MAT-1010,2028-07-01,20,6,4,980,19600,Partial,Within Lead Time,Q3 2028
PRJ-000010-SP02,PRJ-000010,MAT-1002,2028-02-01,5,5,0,420,2100,Partial,Within Lead Time,Q1 2028
PRJ-000010-SP03,PRJ-000010,MAT-1008,2026-01-01,73,22,17,19000,1387000,Partial,At Risk,Q1 2026
PRJ-000010-SP04,PRJ-000010,MAT-1007,2028-04-01,30,22,18,14500,435000,Partial,Within Lead Time,Q2 2028
PRJ-000011-SP01,PRJ-000011,MAT-1002,2028-09-01,77,45,22,420,32340,Partial,Within Lead Time,Q3 2028
PRJ-000011-SP02,PRJ-000011,MAT-1008,2026-04-01,42,39,30,19000,798000,Partial,At Risk,Q2 2026
PRJ-000011-SP03,PRJ-000011,MAT-1004,2029-01-01,1696,689,410,27,45792,Partial,Within Lead Time,Q1 2029
PRJ-000012-SP01,PRJ-000012,MAT-1006,2028-01-01,68,30,26,6200,421600,Partial,Within Lead Time,Q1 2028
PRJ-000012-SP02,PRJ-000012,MAT-1002,2027-01-01,20,16,1,420,8400,Partial,Within Lead Time,Q1 2027
PRJ-000012-SP03,PRJ-000012,MAT-1012,2027-11-01,75,49,11,68,5100,Partial,Within Lead Time,Q4 2027
PRJ-000012-SP04,PRJ-000012,MAT-1002,2027-04-01,6,5,5,420,2520,Partial,Within Lead Time,Q2 2027
PRJ-000012-SP05,PRJ-000012,MAT-1008,2027-12-01,19,11,5,19000,361000,Partial,Within Lead Time,Q4 2027
PRJ-000012-SP06,PRJ-000012,MAT-1012,2028-02-01,27,11,7,68,1836,Partial,Within Lead Time,Q1 2028
PRJ-000012-SP07,PRJ-000012,MAT-1006,2026-06-01,78,54,2,6200,483600,Partial,At Risk,Q2 2026
PRJ-000012-SP08,PRJ-000012,MAT-1006,2028-05-01,47,32,22,6200,291400,Partial,Within Lead Time,Q2 2028
PRJ-000013-SP01,PRJ-000013,MAT-1004,2029-01-01,5655,5431,1521,27,152685,Partial,Within Lead Time,Q1 2029
PRJ-000013-SP02,PRJ-000013,MAT-1010,2027-07-01,14,7,7,980,13720,Partial,Within Lead Time,Q3 2027
PRJ-000013-SP03,PRJ-000013,MAT-1008,2026-06-01,79,36,26,19000,1501000,Partial,At Risk,Q2 2026
PRJ-000013-SP04,PRJ-000013,MAT-1011,2028-08-01,66,34,11,130,8580,Partial,Within Lead Time,Q3 2028
PRJ-000013-SP05,PRJ-000013,MAT-1010,2026-07-01,24,5,5,980,23520,Partial,At Risk,Q3 2026
PRJ-000013-SP06,PRJ-000013,MAT-1009,2028-09-01,53,45,42,145,7685,Partial,Within Lead Time,Q3 2028
PRJ-000013-SP07,PRJ-000013,MAT-1004,2028-03-01,3993,3139,2012,27,107811,Partial,Within Lead Time,Q1 2028
PRJ-000013-SP08,PRJ-000013,MAT-1008,2027-12-01,58,37,26,19000,1102000,Partial,Within Lead Time,Q4 2027
PRJ-000014-SP01,PRJ-000014,MAT-1007,2026-05-01,44,19,7,14500,638000,Partial,At Risk,Q2 2026
PRJ-000014-SP02,PRJ-000014,MAT-1007,2027-02-01,19,9,5,14500,275500,Partial,Within Lead Time,Q1 2027
PRJ-000015-SP01,PRJ-000015,MAT-1011,2027-09-01,20,12,8,130,2600,Partial,Within Lead Time,Q3 2027
PRJ-000015-SP02,PRJ-000015,MAT-1010,2026-07-01,62,45,41,980,60760,Partial,At Risk,Q3 2026
PRJ-000015-SP03,PRJ-000015,MAT-1004,2026-03-01,7936,5126,4990,27,214272,Partial,At Risk,Q1 2026
PRJ-000015-SP04,PRJ-000015,MAT-1008,2027-04-01,61,2,1,19000,1159000,Partial,Within Lead Time,Q2 2027
PRJ-000015-SP05,PRJ-000015,MAT-1004,2027-09-01,1409,31,15,27,38043,Partial,Within Lead Time,Q3 2027
PRJ-000016-SP01,PRJ-000016,MAT-1003,2027-07-01,8523,3802,2933,12,102276,Partial,Within Lead Time,Q3 2027
PRJ-000016-SP02,PRJ-000016,MAT-1006,2028-11-01,35,10,3,6200,217000,Partial,Within Lead Time,Q4 2028
PRJ-000016-SP03,PRJ-000016,MAT-1005,2026-08-01,66,9,1,26000,1716000,Partial,At Risk,Q3 2026
PRJ-000016-SP04,PRJ-000016,MAT-1007,2026-08-01,54,50,27,14500,783000,Partial,At Risk,Q3 2026
PRJ-000016-SP05,PRJ-000016,MAT-1001,2028-10-01,28,8,2,2100,58800,Partial,Within Lead Time,Q4 2028
PRJ-000016-SP06,PRJ-000016,MAT-1003,2028-07-01,1343,861,125,12,16116,Partial,Within Lead Time,Q3 2028
PRJ-000016-SP07,PRJ-000016,MAT-1010,2026-03-01,9,1,0,980,8820,Partial,At Risk,Q1 2026
PRJ-000017-SP01,PRJ-000017,MAT-1001,2026-04-01,40,1,0,2100,84000,Partial,At Risk,Q2 2026
PRJ-000017-SP02,PRJ-000017,MAT-1005,2027-04-01,69,16,2,26000,1794000,Partial,Within Lead Time,Q2 2027
PRJ-000018-SP01,PRJ-000018,MAT-1003,2026-01-01,3914,2308,730,12,46968,Partial,At Risk,Q1 2026
PRJ-000018-SP02,PRJ-000018,MAT-1004,2028-07-01,9403,2893,730,27,253881,Partial,Within Lead Time,Q3 2028
PRJ-000018-SP03,PRJ-000018,MAT-1004,2026-12-01,7512,6459,5097,27,202824,Partial,Within Lead Time,Q4 2026
PRJ-000018-SP04,PRJ-000018,MAT-1005,2028-08-01,54,48,24,26000,1404000,Partial,Within Lead Time,Q3 2028
PRJ-000018-SP05,PRJ-000018,MAT-1009,2029-01-01,51,21,2,145,7395,Partial,Within Lead Time,Q1 2029
PRJ-000018-SP06,PRJ-000018,MAT-1001,2027-06-01,10,1,0,2100,21000,Partial,Within Lead Time,Q2 2027
PRJ-000018-SP07,PRJ-000018,MAT-1002,2028-03-01,16,4,0,420,6720,Partial,Within Lead Time,Q1 2028
PRJ-000019-SP01,PRJ-000019,MAT-1007,2026-09-01,26,23,14,14500,377000,Partial,At Risk,Q3 2026
PRJ-000019-SP02,PRJ-000019,MAT-1003,2028-03-01,1734,1089,560,12,20808,Partial,Within Lead Time,Q1 2028
PRJ-000020-SP01,PRJ-000020,MAT-1010,2028-09-01,34,7,6,980,33320,Partial,Within Lead Time,Q3 2028
PRJ-000020-SP02,PRJ-000020,MAT-1006,2029-01-01,19,1,0,6200,117800,Partial,Within Lead Time,Q1 2029
PRJ-000020-SP03,PRJ-000020,MAT-1012,2026-10-01,67,10,0,68,4556,Partial,Within Lead Time,Q4 2026
PRJ-000020-SP04,PRJ-000020,MAT-1010,2027-01-01,62,0,0,980,60760,Not Reserved,Within Lead Time,Q1 2027
PRJ-000020-SP05,PRJ-000020,MAT-1004,2026-12-01,6796,1814,1447,27,183492,Partial,Within Lead Time,Q4 2026
PRJ-000021-SP01,PRJ-000021,MAT-1007,2027-12-01,26,11,10,14500,377000,Partial,Within Lead Time,Q4 2027
PRJ-000021-SP02,PRJ-000021,MAT-1006,2026-07-01,32,1,1,6200,198400,Partial,At Risk,Q3 2026
PRJ-000021-SP03,PRJ-000021,MAT-1008,2026-11-01,38,33,20,19000,722000,Partial,At Risk,Q4 2026
PRJ-000021-SP04,PRJ-000021,MAT-1010,2027-01-01,54,52,51,980,52920,Partial,Within Lead Time,Q1 2027
PRJ-000021-SP05,PRJ-000021,MAT-1011,2026-12-01,51,30,22,130,6630,Partial,Within Lead Time,Q4 2026
PRJ-000021-SP06,PRJ-000021,MAT-1005,2026-04-01,35,12,11,26000,910000,Partial,At Risk,Q2 2026
PRJ-000021-SP07,PRJ-000021,MAT-1001,2026-08-01,31,18,18,2100,65100,Partial,At Risk,Q3 2026
PRJ-000022-SP01,PRJ-000022,MAT-1007,2027-01-01,2,1,1,14500,29000,Partial,Within Lead Time,Q1 2027
PRJ-000022-SP02,PRJ-000022,MAT-1009,2028-10-01,30,12,11,145,4350,Partial,Within Lead Time,Q4 2028
PRJ-000022-SP03,PRJ-000022,MAT-1001,2028-04-01,62,60,45,2100,130200,Partial,Within Lead Time,Q2 2028
PRJ-000022-SP04,PRJ-000022,MAT-1005,2026-08-01,24,18,13,26000,624000,Partial,At Risk,Q3 2026
PRJ-000023-SP01,PRJ-000023,MAT-1012,2026-04-01,23,20,17,68,1564,Partial,At Risk,Q2 2026
PRJ-000023-SP02,PRJ-000023,MAT-1011,2028-06-01,2,0,0,130,260,Not Reserved,Within Lead Time,Q2 2028
PRJ-000023-SP03,PRJ-000023,MAT-1012,2026-06-01,22,3,1,68,1496,Partial,At Risk,Q2 2026
PRJ-000023-SP04,PRJ-000023,MAT-1007,2026-05-01,38,36,11,14500,551000,Partial,At Risk,Q2 2026
PRJ-000024-SP01,PRJ-000024,MAT-1010,2026-12-01,2,2,1,980,1960,Partial,Within Lead Time,Q4 2026
PRJ-000024-SP02,PRJ-000024,MAT-1001,2028-02-01,77,66,27,2100,161700,Partial,Within Lead Time,Q1 2028
PRJ-000024-SP03,PRJ-000024,MAT-1008,2029-01-01,74,57,8,19000,1406000,Partial,Within Lead Time,Q1 2029
PRJ-000025-SP01,PRJ-000025,MAT-1012,2028-06-01,30,28,14,68,2040,Partial,Within Lead Time,Q2 2028
PRJ-000025-SP02,PRJ-000025,MAT-1006,2027-09-01,62,6,2,6200,384400,Partial,Within Lead Time,Q3 2027
PRJ-000025-SP03,PRJ-000025,MAT-1002,2027-01-01,76,44,32,420,31920,Partial,Within Lead Time,Q1 2027
PRJ-000025-SP04,PRJ-000025,MAT-1011,2027-04-01,36,25,15,130,4680,Partial,Within Lead Time,Q2 2027
PRJ-000025-SP05,PRJ-000025,MAT-1006,2027-06-01,39,3,2,6200,241800,Partial,Within Lead Time,Q2 2027
PRJ-000025-SP06,PRJ-000025,MAT-1001,2026-08-01,37,19,17,2100,77700,Partial,At Risk,Q3 2026
PRJ-000025-SP07,PRJ-000025,MAT-1001,2026-03-01,37,19,6,2100,77700,Partial,At Risk,Q1 2026
PRJ-000026-SP01,PRJ-000026,MAT-1009,2027-08-01,76,13,4,145,11020,Partial,Within Lead Time,Q3 2027
PRJ-000026-SP02,PRJ-000026,MAT-1011,2028-01-01,80,69,23,130,10400,Partial,Within Lead Time,Q1 2028
PRJ-000026-SP03,PRJ-000026,MAT-1003,2026-01-01,3942,848,636,12,47304,Partial,At Risk,Q1 2026
PRJ-000027-SP01,PRJ-000027,MAT-1011,2027-11-01,3,3,2,130,390,Partial,Within Lead Time,Q4 2027
PRJ-000027-SP02,PRJ-000027,MAT-1005,2027-11-01,71,13,6,26000,1846000,Partial,Within Lead Time,Q4 2027
PRJ-000027-SP03,PRJ-000027,MAT-1005,2026-06-01,53,51,12,26000,1378000,Partial,At Risk,Q2 2026
PRJ-000027-SP04,PRJ-000027,MAT-1005,2026-05-01,62,5,1,26000,1612000,Partial,At Risk,Q2 2026
PRJ-000027-SP05,PRJ-000027,MAT-1007,2028-09-01,20,7,0,14500,290000,Partial,Within Lead Time,Q3 2028
PRJ-000027-SP06,PRJ-000027,MAT-1007,2026-04-01,58,17,10,14500,841000,Partial,At Risk,Q2 2026
PRJ-000027-SP07,PRJ-000027,MAT-1006,2028-06-01,49,28,4,6200,303800,Partial,Within Lead Time,Q2 2028
PRJ-000027-SP08,PRJ-000027,MAT-1003,2028-01-01,6879,975,523,12,82548,Partial,Within Lead Time,Q1 2028
PRJ-000028-SP01,PRJ-000028,MAT-1001,2029-01-01,26,1,1,2100,54600,Partial,Within Lead Time,Q1 2029
PRJ-000028-SP02,PRJ-000028,MAT-1010,2027-06-01,34,29,17,980,33320,Partial,Within Lead Time,Q2 2027
PRJ-000028-SP03,PRJ-000028,MAT-1010,2028-09-01,67,56,10,980,65660,Partial,Within Lead Time,Q3 2028
PRJ-000028-SP04,PRJ-000028,MAT-1012,2028-07-01,45,4,1,68,3060,Partial,Within Lead Time,Q3 2028
PRJ-000028-SP05,PRJ-000028,MAT-1004,2028-09-01,8951,7451,5329,27,241677,Partial,Within Lead Time,Q3 2028
PRJ-000029-SP01,PRJ-000029,MAT-1003,2026-09-01,7473,3861,3777,12,89676,Partial,At Risk,Q3 2026
PRJ-000029-SP02,PRJ-000029,MAT-1001,2027-03-01,16,2,0,2100,33600,Partial,Within Lead Time,Q1 2027
PRJ-000029-SP03,PRJ-000029,MAT-1004,2026-03-01,1129,121,43,27,30483,Partial,At Risk,Q1 2026
PRJ-000029-SP04,PRJ-000029,MAT-1003,2027-08-01,7040,5774,4178,12,84480,Partial,Within Lead Time,Q3 2027
PRJ-000029-SP05,PRJ-000029,MAT-1004,2028-06-01,2366,637,455,27,63882,Partial,Within Lead Time,Q2 2028
PRJ-000030-SP01,PRJ-000030,MAT-1003,2026-01-01,9858,797,740,12,118296,Partial,At Risk,Q1 2026
PRJ-000030-SP02,PRJ-000030,MAT-1001,2028-01-01,26,1,1,2100,54600,Partial,Within Lead Time,Q1 2028
PRJ-000030-SP03,PRJ-000030,MAT-1006,2026-03-01,52,28,21,6200,322400,Partial,At Risk,Q1 2026
PRJ-000030-SP04,PRJ-000030,MAT-1001,2028-01-01,45,22,7,2100,94500,Partial,Within Lead Time,Q1 2028
PRJ-000030-SP05,PRJ-000030,MAT-1008,2027-06-01,21,12,11,19000,399000,Partial,Within Lead Time,Q2 2027
PRJ-000031-SP01,PRJ-000031,MAT-1008,2026-12-01,61,44,30,19000,1159000,Partial,At Risk,Q4 2026
PRJ-000031-SP02,PRJ-000031,MAT-1004,2026-08-01,5657,3184,2716,27,152739,Partial,At Risk,Q3 2026
PRJ-000031-SP03,PRJ-000031,MAT-1007,2028-10-01,40,7,6,14500,580000,Partial,Within Lead Time,Q4 2028
PRJ-000031-SP04,PRJ-000031,MAT-1001,2027-01-01,57,43,5,2100,119700,Partial,Within Lead Time,Q1 2027
PRJ-000031-SP05,PRJ-000031,MAT-1009,2027-07-01,28,2,2,145,4060,Partial,Within Lead Time,Q3 2027
PRJ-000031-SP06,PRJ-000031,MAT-1010,2026-03-01,60,46,44,980,58800,Partial,At Risk,Q1 2026
PRJ-000032-SP01,PRJ-000032,MAT-1008,2026-08-01,22,4,3,19000,418000,Partial,At Risk,Q3 2026
PRJ-000032-SP02,PRJ-000032,MAT-1007,2027-12-01,56,48,23,14500,812000,Partial,Within Lead Time,Q4 2027
PRJ-000032-SP03,PRJ-000032,MAT-1003,2026-05-01,6354,3744,1324,12,76248,Partial,At Risk,Q2 2026
PRJ-000032-SP04,PRJ-000032,MAT-1008,2026-08-01,18,10,2,19000,342000,Partial,At Risk,Q3 2026
PRJ-000032-SP05,PRJ-000032,MAT-1003,2026-10-01,3515,856,30,12,42180,Partial,At Risk,Q4 2026
PRJ-000033-SP01,PRJ-000033,MAT-1012,2027-02-01,77,31,28,68,5236,Partial,Within Lead Time,Q1 2027
PRJ-000033-SP02,PRJ-000033,MAT-1004,2028-05-01,8382,1961,1340,27,226314,Partial,Within Lead Time,Q2 2028
PRJ-000033-SP03,PRJ-000033,MAT-1001,2028-04-01,79,14,12,2100,165900,Partial,Within Lead Time,Q2 2028
PRJ-000033-SP04,PRJ-000033,MAT-1009,2028-08-01,54,12,7,145,7830,Partial,Within Lead Time,Q3 2028
PRJ-000033-SP05,PRJ-000033,MAT-1011,2028-11-01,36,7,2,130,4680,Partial,Within Lead Time,Q4 2028
PRJ-000034-SP01,PRJ-000034,MAT-1003,2028-11-01,8987,3761,1891,12,107844,Partial,Within Lead Time,Q4 2028
PRJ-000034-SP02,PRJ-000034,MAT-1006,2026-05-01,43,31,7,6200,266600,Partial,At Risk,Q2 2026
PRJ-000034-SP03,PRJ-000034,MAT-1005,2027-05-01,68,24,9,26000,1768000,Partial,Within Lead Time,Q2 2027
PRJ-000034-SP04,PRJ-000034,MAT-1007,2026-07-01,71,49,2,14500,1029500,Partial,At Risk,Q3 2026
PRJ-000034-SP05,PRJ-000034,MAT-1002,2026-04-01,54,7,1,420,22680,Partial,At Risk,Q2 2026
PRJ-000034-SP06,PRJ-000034,MAT-1004,2027-05-01,7304,6529,6242,27,197208,Partial,Within Lead Time,Q2 2027
PRJ-000034-SP07,PRJ-000034,MAT-1011,2027-07-01,69,15,13,130,8970,Partial,Within Lead Time,Q3 2027
PRJ-000034-SP08,PRJ-000034,MAT-1006,2026-01-01,62,47,45,6200,384400,Partial,At Risk,Q1 2026
PRJ-000035-SP01,PRJ-000035,MAT-1010,2026-07-01,33,0,0,980,32340,Not Reserved,At Risk,Q3 2026
PRJ-000035-SP02,PRJ-000035,MAT-1002,2028-08-01,41,16,3,420,17220,Partial,Within Lead Time,Q3 2028
PRJ-000035-SP03,PRJ-000035,MAT-1007,2026-05-01,70,22,1,14500,1015000,Partial,At Risk,Q2 2026
PRJ-000035-SP04,PRJ-000035,MAT-1004,2027-05-01,6650,589,116,27,179550,Partial,Within Lead Time,Q2 2027
PRJ-000035-SP05,PRJ-000035,MAT-1008,2027-02-01,79,14,5,19000,1501000,Partial,Within Lead Time,Q1 2027
PRJ-000035-SP06,PRJ-000035,MAT-1012,2028-02-01,60,54,41,68,4080,Partial,Within Lead Time,Q1 2028
PRJ-000035-SP07,PRJ-000035,MAT-1003,2027-12-01,713,257,230,12,8556,Partial,Within Lead Time,Q4 2027
PRJ-000036-SP01,PRJ-000036,MAT-1004,2028-08-01,4280,873,721,27,115560,Partial,Within Lead Time,Q3 2028
PRJ-000036-SP02,PRJ-000036,MAT-1005,2028-05-01,80,39,15,26000,2080000,Partial,Within Lead Time,Q2 2028
PRJ-000036-SP03,PRJ-000036,MAT-1008,2026-07-01,13,5,5,19000,247000,Partial,At Risk,Q3 2026
PRJ-000036-SP04,PRJ-000036,MAT-1009,2027-02-01,75,61,11,145,10875,Partial,Within Lead Time,Q1 2027
PRJ-000036-SP05,PRJ-000036,MAT-1012,2026-11-01,65,45,25,68,4420,Partial,Within Lead Time,Q4 2026
PRJ-000036-SP06,PRJ-000036,MAT-1003,2028-10-01,4558,2903,1909,12,54696,Partial,Within Lead Time,Q4 2028
PRJ-000036-SP07,PRJ-000036,MAT-1009,2028-08-01,65,19,4,145,9425,Partial,Within Lead Time,Q3 2028
PRJ-000037-SP01,PRJ-000037,MAT-1004,2027-07-01,6916,5567,1108,27,186732,Partial,Within Lead Time,Q3 2027
PRJ-000037-SP02,PRJ-000037,MAT-1005,2027-10-01,65,39,34,26000,1690000,Partial,Within Lead Time,Q4 2027
PRJ-000037-SP03,PRJ-000037,MAT-1005,2026-10-01,39,2,0,26000,1014000,Partial,At Risk,Q4 2026
PRJ-000037-SP04,PRJ-000037,MAT-1003,2027-12-01,6523,574,370,12,78276,Partial,Within Lead Time,Q4 2027
PRJ-000037-SP05,PRJ-000037,MAT-1003,2027-12-01,8882,1413,920,12,106584,Partial,Within Lead Time,Q4 2027
PRJ-000037-SP06,PRJ-000037,MAT-1006,2028-08-01,67,5,3,6200,415400,Partial,Within Lead Time,Q3 2028
PRJ-000038-SP01,PRJ-000038,MAT-1002,2028-09-01,23,4,2,420,9660,Partial,Within Lead Time,Q3 2028
PRJ-000038-SP02,PRJ-000038,MAT-1002,2026-02-01,32,16,11,420,13440,Partial,At Risk,Q1 2026
PRJ-000038-SP03,PRJ-000038,MAT-1010,2026-09-01,65,25,19,980,63700,Partial,At Risk,Q3 2026
PRJ-000038-SP04,PRJ-000038,MAT-1008,2027-06-01,15,10,2,19000,285000,Partial,Within Lead Time,Q2 2027
PRJ-000038-SP05,PRJ-000038,MAT-1007,2026-09-01,50,37,24,14500,725000,Partial,At Risk,Q3 2026
PRJ-000038-SP06,PRJ-000038,MAT-1002,2027-04-01,47,47,14,420,19740,Partial,Within Lead Time,Q2 2027
PRJ-000039-SP01,PRJ-000039,MAT-1001,2027-12-01,28,14,10,2100,58800,Partial,Within Lead Time,Q4 2027
PRJ-000039-SP02,PRJ-000039,MAT-1001,2027-04-01,30,23,6,2100,63000,Partial,Within Lead Time,Q2 2027
PRJ-000039-SP03,PRJ-000039,MAT-1005,2027-06-01,37,21,5,26000,962000,Partial,Within Lead Time,Q2 2027
PRJ-000039-SP04,PRJ-000039,MAT-1001,2027-12-01,6,6,1,2100,12600,Partial,Within Lead Time,Q4 2027
PRJ-000040-SP01,PRJ-000040,MAT-1002,2026-11-01,45,30,16,420,18900,Partial,Within Lead Time,Q4 2026
PRJ-000040-SP02,PRJ-000040,MAT-1005,2026-02-01,59,39,10,26000,1534000,Partial,At Risk,Q1 2026
PRJ-000040-SP03,PRJ-000040,MAT-1001,2027-03-01,50,45,40,2100,105000,Partial,Within Lead Time,Q1 2027
PRJ-000040-SP04,PRJ-000040,MAT-1006,2027-06-01,63,18,10,6200,390600,Partial,Within Lead Time,Q2 2027
PRJ-000040-SP05,PRJ-000040,MAT-1007,2026-08-01,62,18,6,14500,899000,Partial,At Risk,Q3 2026
PRJ-000040-SP06,PRJ-000040,MAT-1011,2028-02-01,73,40,37,130,9490,Partial,Within Lead Time,Q1 2028
PRJ-000040-SP07,PRJ-000040,MAT-1006,2027-01-01,44,12,11,6200,272800,Partial,Within Lead Time,Q1 2027
PRJ-000040-SP08,PRJ-000040,MAT-1009,2028-09-01,48,25,2,145,6960,Partial,Within Lead Time,Q3 2028
PRJ-000041-SP01,PRJ-000041,MAT-1009,2027-11-01,31,21,1,145,4495,Partial,Within Lead Time,Q4 2027
PRJ-000041-SP02,PRJ-000041,MAT-1008,2028-08-01,52,4,1,19000,988000,Partial,Within Lead Time,Q3 2028
PRJ-000041-SP03,PRJ-000041,MAT-1010,2026-03-01,22,1,0,980,21560,Partial,At Risk,Q1 2026
PRJ-000041-SP04,PRJ-000041,MAT-1001,2028-10-01,45,9,4,2100,94500,Partial,Within Lead Time,Q4 2028
PRJ-000041-SP05,PRJ-000041,MAT-1007,2027-06-01,36,16,6,14500,522000,Partial,Within Lead Time,Q2 2027
PRJ-000042-SP01,PRJ-000042,MAT-1010,2028-05-01,65,18,4,980,63700,Partial,Within Lead Time,Q2 2028
PRJ-000042-SP02,PRJ-000042,MAT-1004,2028-04-01,1595,1076,400,27,43065,Partial,Within Lead Time,Q2 2028
PRJ-000042-SP03,PRJ-000042,MAT-1012,2026-06-01,2,2,1,68,136,Partial,At Risk,Q2 2026
PRJ-000043-SP01,PRJ-000043,MAT-1003,2026-06-01,4936,1475,1433,12,59232,Partial,At Risk,Q2 2026
PRJ-000043-SP02,PRJ-000043,MAT-1003,2028-06-01,8468,6178,1290,12,101616,Partial,Within Lead Time,Q2 2028
PRJ-000043-SP03,PRJ-000043,MAT-1005,2028-08-01,62,59,41,26000,1612000,Partial,Within Lead Time,Q3 2028
PRJ-000043-SP04,PRJ-000043,MAT-1006,2026-12-01,58,49,23,6200,359600,Partial,Within Lead Time,Q4 2026
PRJ-000043-SP05,PRJ-000043,MAT-1009,2027-05-01,71,14,4,145,10295,Partial,Within Lead Time,Q2 2027
PRJ-000043-SP06,PRJ-000043,MAT-1006,2027-07-01,43,2,1,6200,266600,Partial,Within Lead Time,Q3 2027
PRJ-000043-SP07,PRJ-000043,MAT-1002,2028-01-01,40,18,18,420,16800,Partial,Within Lead Time,Q1 2028
PRJ-000044-SP01,PRJ-000044,MAT-1012,2026-04-01,77,55,9,68,5236,Partial,At Risk,Q2 2026
PRJ-000044-SP02,PRJ-000044,MAT-1004,2026-07-01,7485,7140,2076,27,202095,Partial,At Risk,Q3 2026
PRJ-000044-SP03,PRJ-000044,MAT-1012,2028-01-01,55,23,21,68,3740,Partial,Within Lead Time,Q1 2028
PRJ-000045-SP01,PRJ-000045,MAT-1011,2027-07-01,18,4,0,130,2340,Partial,Within Lead Time,Q3 2027
PRJ-000045-SP02,PRJ-000045,MAT-1005,2027-12-01,20,5,1,26000,520000,Partial,Within Lead Time,Q4 2027
PRJ-000045-SP03,PRJ-000045,MAT-1006,2027-08-01,26,9,0,6200,161200,Partial,Within Lead Time,Q3 2027
PRJ-000045-SP04,PRJ-000045,MAT-1001,2027-10-01,33,8,7,2100,69300,Partial,Within Lead Time,Q4 2027
PRJ-000045-SP05,PRJ-000045,MAT-1002,2028-06-01,44,24,5,420,18480,Partial,Within Lead Time,Q2 2028
PRJ-000045-SP06,PRJ-000045,MAT-1002,2027-07-01,15,5,3,420,6300,Partial,Within Lead Time,Q3 2027
PRJ-000045-SP07,PRJ-000045,MAT-1005,2027-12-01,50,22,10,26000,1300000,Partial,Within Lead Time,Q4 2027
PRJ-000045-SP08,PRJ-000045,MAT-1001,2028-11-01,7,1,0,2100,14700,Partial,Within Lead Time,Q4 2028
PRJ-000046-SP01,PRJ-000046,MAT-1006,2026-02-01,39,1,0,6200,241800,Partial,At Risk,Q1 2026
PRJ-000046-SP02,PRJ-000046,MAT-1001,2028-11-01,29,25,24,2100,60900,Partial,Within Lead Time,Q4 2028
PRJ-000046-SP03,PRJ-000046,MAT-1010,2027-08-01,34,13,2,980,33320,Partial,Within Lead Time,Q3 2027
PRJ-000046-SP04,PRJ-000046,MAT-1008,2026-11-01,39,10,9,19000,741000,Partial,At Risk,Q4 2026
PRJ-000046-SP05,PRJ-000046,MAT-1001,2027-07-01,36,31,31,2100,75600,Partial,Within Lead Time,Q3 2027
PRJ-000046-SP06,PRJ-000046,MAT-1008,2028-06-01,57,42,34,19000,1083000,Partial,Within Lead Time,Q2 2028
PRJ-000047-SP01,PRJ-000047,MAT-1006,2028-09-01,59,5,1,6200,365800,Partial,Within Lead Time,Q3 2028
PRJ-000047-SP02,PRJ-000047,MAT-1011,2027-09-01,17,8,1,130,2210,Partial,Within Lead Time,Q3 2027
PRJ-000048-SP01,PRJ-000048,MAT-1004,2027-12-01,2008,1621,129,27,54216,Partial,Within Lead Time,Q4 2027
PRJ-000048-SP02,PRJ-000048,MAT-1003,2027-06-01,7557,3039,1726,12,90684,Partial,Within Lead Time,Q2 2027
PRJ-000049-SP01,PRJ-000049,MAT-1002,2026-10-01,6,0,0,420,2520,Not Reserved,Within Lead Time,Q4 2026
PRJ-000049-SP02,PRJ-000049,MAT-1005,2029-01-01,27,6,6,26000,702000,Partial,Within Lead Time,Q1 2029
PRJ-000049-SP03,PRJ-000049,MAT-1006,2026-05-01,74,14,10,6200,458800,Partial,At Risk,Q2 2026
PRJ-000049-SP04,PRJ-000049,MAT-1011,2026-01-01,32,27,18,130,4160,Partial,At Risk,Q1 2026
PRJ-000049-SP05,PRJ-000049,MAT-1011,2027-06-01,67,29,20,130,8710,Partial,Within Lead Time,Q2 2027
PRJ-000050-SP01,PRJ-000050,MAT-1004,2029-01-01,8012,399,346,27,216324,Partial,Within Lead Time,Q1 2029
PRJ-000050-SP02,PRJ-000050,MAT-1007,2027-12-01,56,25,8,14500,812000,Partial,Within Lead Time,Q4 2027
PRJ-000051-SP01,PRJ-000051,MAT-1002,2026-11-01,26,24,7,420,10920,Partial,Within Lead Time,Q4 2026
PRJ-000051-SP02,PRJ-000051,MAT-1001,2026-06-01,57,51,28,2100,119700,Partial,At Risk,Q2 2026
PRJ-000052-SP01,PRJ-000052,MAT-1001,2028-10-01,29,10,4,2100,60900,Partial,Within Lead Time,Q4 2028
PRJ-000052-SP02,PRJ-000052,MAT-1005,2028-10-01,72,46,45,26000,1872000,Partial,Within Lead Time,Q4 2028
PRJ-000052-SP03,PRJ-000052,MAT-1005,2027-08-01,25,6,1,26000,650000,Partial,Within Lead Time,Q3 2027
PRJ-000052-SP04,PRJ-000052,MAT-1005,2027-05-01,79,32,26,26000,2054000,Partial,Within Lead Time,Q2 2027
PRJ-000052-SP05,PRJ-000052,MAT-1006,2027-10-01,61,9,6,6200,378200,Partial,Within Lead Time,Q4 2027
PRJ-000053-SP01,PRJ-000053,MAT-1005,2028-12-01,45,18,1,26000,1170000,Partial,Within Lead Time,Q4 2028
PRJ-000053-SP02,PRJ-000053,MAT-1011,2028-03-01,24,3,2,130,3120,Partial,Within Lead Time,Q1 2028
PRJ-000053-SP03,PRJ-000053,MAT-1002,2028-02-01,36,18,6,420,15120,Partial,Within Lead Time,Q1 2028
PRJ-000053-SP04,PRJ-000053,MAT-1005,2028-07-01,65,11,3,26000,1690000,Partial,Within Lead Time,Q3 2028
PRJ-000053-SP05,PRJ-000053,MAT-1009,2027-05-01,72,1,0,145,10440,Partial,Within Lead Time,Q2 2027
PRJ-000053-SP06,PRJ-000053,MAT-1011,2026-07-01,16,7,7,130,2080,Partial,At Risk,Q3 2026
PRJ-000053-SP07,PRJ-000053,MAT-1003,2027-08-01,6764,2064,277,12,81168,Partial,Within Lead Time,Q3 2027
PRJ-000053-SP08,PRJ-000053,MAT-1010,2027-06-01,64,58,1,980,62720,Partial,Within Lead Time,Q2 2027
PRJ-000054-SP01,PRJ-000054,MAT-1003,2028-12-01,8590,1958,672,12,103080,Partial,Within Lead Time,Q4 2028
PRJ-000054-SP02,PRJ-000054,MAT-1006,2027-10-01,11,7,2,6200,68200,Partial,Within Lead Time,Q4 2027
PRJ-000054-SP03,PRJ-000054,MAT-1012,2026-04-01,30,28,25,68,2040,Partial,At Risk,Q2 2026
PRJ-000054-SP04,PRJ-000054,MAT-1011,2026-07-01,24,17,16,130,3120,Partial,At Risk,Q3 2026
PRJ-000054-SP05,PRJ-000054,MAT-1001,2028-10-01,39,30,2,2100,81900,Partial,Within Lead Time,Q4 2028
PRJ-000055-SP01,PRJ-000055,MAT-1002,2026-08-01,62,40,22,420,26040,Partial,At Risk,Q3 2026
PRJ-000055-SP02,PRJ-000055,MAT-1006,2028-04-01,22,21,14,6200,136400,Partial,Within Lead Time,Q2 2028
PRJ-000055-SP03,PRJ-000055,MAT-1004,2027-12-01,6082,642,22,27,164214,Partial,Within Lead Time,Q4 2027
PRJ-000055-SP04,PRJ-000055,MAT-1005,2028-02-01,75,55,29,26000,1950000,Partial,Within Lead Time,Q1 2028
PRJ-000055-SP05,PRJ-000055,MAT-1004,2028-03-01,4523,3889,3444,27,122121,Partial,Within Lead Time,Q1 2028
PRJ-000055-SP06,PRJ-000055,MAT-1006,2028-11-01,26,22,13,6200,161200,Partial,Within Lead Time,Q4 2028
PRJ-000055-SP07,PRJ-000055,MAT-1010,2028-12-01,63,25,1,980,61740,Partial,Within Lead Time,Q4 2028
PRJ-000056-SP01,PRJ-000056,MAT-1009,2027-02-01,76,59,5,145,11020,Partial,Within Lead Time,Q1 2027
PRJ-000056-SP02,PRJ-000056,MAT-1002,2027-04-01,45,24,8,420,18900,Partial,Within Lead Time,Q2 2027
PRJ-000056-SP03,PRJ-000056,MAT-1003,2028-12-01,8906,7489,3201,12,106872,Partial,Within Lead Time,Q4 2028
PRJ-000056-SP04,PRJ-000056,MAT-1004,2029-01-01,9652,6150,2224,27,260604,Partial,Within Lead Time,Q1 2029
PRJ-000056-SP05,PRJ-000056,MAT-1002,2026-12-01,66,51,18,420,27720,Partial,Within Lead Time,Q4 2026
PRJ-000056-SP06,PRJ-000056,MAT-1004,2028-03-01,6241,2109,419,27,168507,Partial,Within Lead Time,Q1 2028
PRJ-000056-SP07,PRJ-000056,MAT-1001,2028-12-01,50,23,23,2100,105000,Partial,Within Lead Time,Q4 2028
PRJ-000056-SP08,PRJ-000056,MAT-1006,2027-05-01,36,9,3,6200,223200,Partial,Within Lead Time,Q2 2027
PRJ-000057-SP01,PRJ-000057,MAT-1001,2028-06-01,73,3,1,2100,153300,Partial,Within Lead Time,Q2 2028
PRJ-000057-SP02,PRJ-000057,MAT-1003,2027-11-01,9455,2636,119,12,113460,Partial,Within Lead Time,Q4 2027
PRJ-000057-SP03,PRJ-000057,MAT-1001,2026-09-01,65,57,9,2100,136500,Partial,At Risk,Q3 2026
PRJ-000057-SP04,PRJ-000057,MAT-1005,2028-06-01,55,49,6,26000,1430000,Partial,Within Lead Time,Q2 2028
PRJ-000057-SP05,PRJ-000057,MAT-1003,2027-07-01,4328,1149,95,12,51936,Partial,Within Lead Time,Q3 2027
PRJ-000057-SP06,PRJ-000057,MAT-1009,2028-05-01,3,1,1,145,435,Partial,Within Lead Time,Q2 2028
PRJ-000057-SP07,PRJ-000057,MAT-1005,2028-02-01,74,15,5,26000,1924000,Partial,Within Lead Time,Q1 2028
PRJ-000058-SP01,PRJ-000058,MAT-1006,2029-01-01,71,36,15,6200,440200,Partial,Within Lead Time,Q1 2029
PRJ-000058-SP02,PRJ-000058,MAT-1002,2028-12-01,59,28,17,420,24780,Partial,Within Lead Time,Q4 2028
PRJ-000058-SP03,PRJ-000058,MAT-1012,2028-01-01,66,23,8,68,4488,Partial,Within Lead Time,Q1 2028
PRJ-000058-SP04,PRJ-000058,MAT-1006,2026-07-01,21,4,2,6200,130200,Partial,At Risk,Q3 2026
PRJ-000058-SP05,PRJ-000058,MAT-1010,2028-12-01,17,8,1,980,16660,Partial,Within Lead Time,Q4 2028
PRJ-000058-SP06,PRJ-000058,MAT-1007,2027-03-01,13,11,6,14500,188500,Partial,Within Lead Time,Q1 2027
PRJ-000059-SP01,PRJ-000059,MAT-1010,2027-05-01,58,35,24,980,56840,Partial,Within Lead Time,Q2 2027
PRJ-000059-SP02,PRJ-000059,MAT-1001,2027-08-01,11,1,1,2100,23100,Partial,Within Lead Time,Q3 2027
PRJ-000059-SP03,PRJ-000059,MAT-1009,2028-01-01,7,6,6,145,1015,Partial,Within Lead Time,Q1 2028
PRJ-000059-SP04,PRJ-000059,MAT-1003,2026-01-01,5824,1041,90,12,69888,Partial,At Risk,Q1 2026
PRJ-000059-SP05,PRJ-000059,MAT-1008,2028-10-01,71,4,4,19000,1349000,Partial,Within Lead Time,Q4 2028
PRJ-000060-SP01,PRJ-000060,MAT-1005,2026-09-01,17,8,8,26000,442000,Partial,At Risk,Q3 2026
PRJ-000060-SP02,PRJ-000060,MAT-1009,2026-11-01,13,12,7,145,1885,Partial,Within Lead Time,Q4 2026
PRJ-000060-SP03,PRJ-000060,MAT-1009,2028-07-01,27,13,12,145,3915,Partial,Within Lead Time,Q3 2028
PRJ-000060-SP04,PRJ-000060,MAT-1006,2028-05-01,66,65,54,6200,409200,Partial,Within Lead Time,Q2 2028
PRJ-000060-SP05,PRJ-000060,MAT-1006,2027-02-01,8,3,2,6200,49600,Partial,Within Lead Time,Q1 2027
PRJ-000061-SP01,PRJ-000061,MAT-1010,2026-03-01,75,6,4,980,73500,Partial,At Risk,Q1 2026
PRJ-000061-SP02,PRJ-000061,MAT-1003,2026-11-01,1620,96,83,12,19440,Partial,Within Lead Time,Q4 2026
PRJ-000061-SP03,PRJ-000061,MAT-1007,2027-03-01,64,1,1,14500,928000,Partial,Within Lead Time,Q1 2027
PRJ-000062-SP01,PRJ-000062,MAT-1010,2026-05-01,34,8,2,980,33320,Partial,At Risk,Q2 2026
PRJ-000062-SP02,PRJ-000062,MAT-1007,2026-06-01,40,6,3,14500,580000,Partial,At Risk,Q2 2026
PRJ-000062-SP03,PRJ-000062,MAT-1001,2026-05-01,66,65,23,2100,138600,Partial,At Risk,Q2 2026
PRJ-000062-SP04,PRJ-000062,MAT-1005,2026-08-01,42,1,0,26000,1092000,Partial,At Risk,Q3 2026
PRJ-000062-SP05,PRJ-000062,MAT-1011,2026-04-01,31,26,18,130,4030,Partial,At Risk,Q2 2026
PRJ-000063-SP01,PRJ-000063,MAT-1007,2026-06-01,72,3,2,14500,1044000,Partial,At Risk,Q2 2026
PRJ-000063-SP02,PRJ-000063,MAT-1005,2027-10-01,60,42,15,26000,1560000,Partial,Within Lead Time,Q4 2027
PRJ-000063-SP03,PRJ-000063,MAT-1004,2027-04-01,1845,1390,1137,27,49815,Partial,Within Lead Time,Q2 2027
PRJ-000063-SP04,PRJ-000063,MAT-1011,2027-02-01,4,0,0,130,520,Not Reserved,Within Lead Time,Q1 2027
PRJ-000064-SP01,PRJ-000064,MAT-1006,2027-08-01,17,7,3,6200,105400,Partial,Within Lead Time,Q3 2027
PRJ-000064-SP02,PRJ-000064,MAT-1012,2026-07-01,20,9,9,68,1360,Partial,At Risk,Q3 2026
PRJ-000064-SP03,PRJ-000064,MAT-1002,2027-12-01,36,8,6,420,15120,Partial,Within Lead Time,Q4 2027
PRJ-000065-SP01,PRJ-000065,MAT-1007,2027-12-01,49,8,4,14500,710500,Partial,Within Lead Time,Q4 2027
PRJ-000065-SP02,PRJ-000065,MAT-1001,2026-10-01,54,53,0,2100,113400,Partial,At Risk,Q4 2026
PRJ-000065-SP03,PRJ-000065,MAT-1001,2028-01-01,68,10,9,2100,142800,Partial,Within Lead Time,Q1 2028
PRJ-000065-SP04,PRJ-000065,MAT-1002,2026-04-01,72,19,9,420,30240,Partial,At Risk,Q2 2026
PRJ-000065-SP05,PRJ-000065,MAT-1007,2028-03-01,51,16,1,14500,739500,Partial,Within Lead Time,Q1 2028
PRJ-000065-SP06,PRJ-000065,MAT-1007,2027-07-01,25,6,0,14500,362500,Partial,Within Lead Time,Q3 2027
PRJ-000065-SP07,PRJ-000065,MAT-1006,2028-10-01,35,1,0,6200,217000,Partial,Within Lead Time,Q4 2028
PRJ-000065-SP08,PRJ-000065,MAT-1010,2028-08-01,44,4,1,980,43120,Partial,Within Lead Time,Q3 2028
PRJ-000066-SP01,PRJ-000066,MAT-1008,2026-03-01,8,0,0,19000,152000,Not Reserved,At Risk,Q1 2026
PRJ-000066-SP02,PRJ-000066,MAT-1004,2028-04-01,6105,2911,1368,27,164835,Partial,Within Lead Time,Q2 2028
PRJ-000067-SP01,PRJ-000067,MAT-1005,2026-05-01,36,14,10,26000,936000,Partial,At Risk,Q2 2026
PRJ-000067-SP02,PRJ-000067,MAT-1002,2026-03-01,47,36,5,420,19740,Partial,At Risk,Q1 2026
PRJ-000068-SP01,PRJ-000068,MAT-1002,2028-11-01,14,5,1,420,5880,Partial,Within Lead Time,Q4 2028
PRJ-000068-SP02,PRJ-000068,MAT-1002,2027-03-01,23,17,7,420,9660,Partial,Within Lead Time,Q1 2027
PRJ-000068-SP03,PRJ-000068,MAT-1008,2026-08-01,22,9,1,19000,418000,Partial,At Risk,Q3 2026
PRJ-000069-SP01,PRJ-000069,MAT-1003,2029-01-01,3422,1353,1178,12,41064,Partial,Within Lead Time,Q1 2029
PRJ-000069-SP02,PRJ-000069,MAT-1006,2028-06-01,6,1,0,6200,37200,Partial,Within Lead Time,Q2 2028
PRJ-000069-SP03,PRJ-000069,MAT-1011,2027-08-01,30,8,5,130,3900,Partial,Within Lead Time,Q3 2027
PRJ-000069-SP04,PRJ-000069,MAT-1007,2028-06-01,47,11,7,14500,681500,Partial,Within Lead Time,Q2 2028
PRJ-000069-SP05,PRJ-000069,MAT-1004,2028-02-01,9155,8648,8156,27,247185,Partial,Within Lead Time,Q1 2028
PRJ-000069-SP06,PRJ-000069,MAT-1008,2027-08-01,2,1,1,19000,38000,Partial,Within Lead Time,Q3 2027
PRJ-000069-SP07,PRJ-000069,MAT-1003,2026-09-01,3457,926,752,12,41484,Partial,At Risk,Q3 2026
PRJ-000069-SP08,PRJ-000069,MAT-1003,2028-02-01,5027,3983,2653,12,60324,Partial,Within Lead Time,Q1 2028
PRJ-000070-SP01,PRJ-000070,MAT-1011,2027-06-01,62,62,45,130,8060,Partial,Within Lead Time,Q2 2027
PRJ-000070-SP02,PRJ-000070,MAT-1008,2027-01-01,46,23,6,19000,874000,Partial,At Risk,Q1 2027
PRJ-000070-SP03,PRJ-000070,MAT-1003,2027-06-01,3015,2956,1885,12,36180,Partial,Within Lead Time,Q2 2027
PRJ-000070-SP04,PRJ-000070,MAT-1011,2027-06-01,33,17,7,130,4290,Partial,Within Lead Time,Q2 2027
PRJ-000070-SP05,PRJ-000070,MAT-1010,2027-04-01,51,15,4,980,49980,Partial,Within Lead Time,Q2 2027
PRJ-000070-SP06,PRJ-000070,MAT-1006,2026-11-01,5,3,1,6200,31000,Partial,At Risk,Q4 2026
PRJ-000071-SP01,PRJ-000071,MAT-1007,2027-01-01,63,19,7,14500,913500,Partial,Within Lead Time,Q1 2027
PRJ-000071-SP02,PRJ-000071,MAT-1011,2027-09-01,41,21,10,130,5330,Partial,Within Lead Time,Q3 2027
PRJ-000071-SP03,PRJ-000071,MAT-1005,2028-04-01,65,10,1,26000,1690000,Partial,Within Lead Time,Q2 2028
PRJ-000071-SP04,PRJ-000071,MAT-1005,2027-09-01,52,40,7,26000,1352000,Partial,Within Lead Time,Q3 2027
PRJ-000071-SP05,PRJ-000071,MAT-1008,2026-05-01,76,71,20,19000,1444000,Partial,At Risk,Q2 2026
PRJ-000071-SP06,PRJ-000071,MAT-1004,2027-08-01,7971,6758,2786,27,215217,Partial,Within Lead Time,Q3 2027
PRJ-000071-SP07,PRJ-000071,MAT-1003,2026-09-01,5390,4919,634,12,64680,Partial,At Risk,Q3 2026
PRJ-000071-SP08,PRJ-000071,MAT-1010,2026-01-01,80,2,2,980,78400,Partial,At Risk,Q1 2026
PRJ-000072-SP01,PRJ-000072,MAT-1005,2028-05-01,15,1,0,26000,390000,Partial,Within Lead Time,Q2 2028
PRJ-000072-SP02,PRJ-000072,MAT-1006,2026-04-01,51,32,30,6200,316200,Partial,At Risk,Q2 2026
PRJ-000072-SP03,PRJ-000072,MAT-1007,2026-05-01,32,24,10,14500,464000,Partial,At Risk,Q2 2026
PRJ-000073-SP01,PRJ-000073,MAT-1006,2028-05-01,36,18,7,6200,223200,Partial,Within Lead Time,Q2 2028
PRJ-000073-SP02,PRJ-000073,MAT-1001,2028-03-01,43,16,15,2100,90300,Partial,Within Lead Time,Q1 2028
PRJ-000073-SP03,PRJ-000073,MAT-1007,2027-05-01,34,11,7,14500,493000,Partial,Within Lead Time,Q2 2027
PRJ-000073-SP04,PRJ-000073,MAT-1010,2028-05-01,7,1,1,980,6860,Partial,Within Lead Time,Q2 2028
PRJ-000073-SP05,PRJ-000073,MAT-1010,2026-08-01,50,23,8,980,49000,Partial,At Risk,Q3 2026
PRJ-000073-SP06,PRJ-000073,MAT-1009,2028-05-01,6,4,2,145,870,Partial,Within Lead Time,Q2 2028
PRJ-000073-SP07,PRJ-000073,MAT-1012,2028-03-01,31,4,0,68,2108,Partial,Within Lead Time,Q1 2028
PRJ-000074-SP01,PRJ-000074,MAT-1009,2028-04-01,36,24,8,145,5220,Partial,Within Lead Time,Q2 2028
PRJ-000074-SP02,PRJ-000074,MAT-1008,2026-09-01,4,3,0,19000,76000,Partial,At Risk,Q3 2026
PRJ-000074-SP03,PRJ-000074,MAT-1002,2026-10-01,12,1,0,420,5040,Partial,Within Lead Time,Q4 2026
PRJ-000074-SP04,PRJ-000074,MAT-1011,2026-05-01,76,72,69,130,9880,Partial,At Risk,Q2 2026
PRJ-000075-SP01,PRJ-000075,MAT-1009,2026-09-01,28,21,13,145,4060,Partial,At Risk,Q3 2026
PRJ-000075-SP02,PRJ-000075,MAT-1012,2028-01-01,7,5,3,68,476,Partial,Within Lead Time,Q1 2028
PRJ-000075-SP03,PRJ-000075,MAT-1001,2026-02-01,26,20,13,2100,54600,Partial,At Risk,Q1 2026
PRJ-000075-SP04,PRJ-000075,MAT-1004,2028-02-01,6891,5574,1444,27,186057,Partial,Within Lead Time,Q1 2028
PRJ-000075-SP05,PRJ-000075,MAT-1011,2028-03-01,66,20,15,130,8580,Partial,Within Lead Time,Q1 2028
PRJ-000076-SP01,PRJ-000076,MAT-1003,2028-11-01,2582,386,361,12,30984,Partial,Within Lead Time,Q4 2028
PRJ-000076-SP02,PRJ-000076,MAT-1002,2026-08-01,31,10,1,420,13020,Partial,At Risk,Q3 2026
PRJ-000077-SP01,PRJ-000077,MAT-1002,2026-03-01,13,8,2,420,5460,Partial,At Risk,Q1 2026
PRJ-000077-SP02,PRJ-000077,MAT-1011,2026-09-01,71,13,7,130,9230,Partial,At Risk,Q3 2026
PRJ-000077-SP03,PRJ-000077,MAT-1004,2026-06-01,9796,8772,6804,27,264492,Partial,At Risk,Q2 2026
PRJ-000077-SP04,PRJ-000077,MAT-1010,2028-01-01,2,2,1,980,1960,Partial,Within Lead Time,Q1 2028
PRJ-000077-SP05,PRJ-000077,MAT-1006,2028-08-01,57,5,1,6200,353400,Partial,Within Lead Time,Q3 2028
PRJ-000077-SP06,PRJ-000077,MAT-1006,2026-08-01,45,14,4,6200,279000,Partial,At Risk,Q3 2026
PRJ-000078-SP01,PRJ-000078,MAT-1009,2027-03-01,55,43,12,145,7975,Partial,Within Lead Time,Q1 2027
PRJ-000078-SP02,PRJ-000078,MAT-1001,2026-10-01,49,32,7,2100,102900,Partial,At Risk,Q4 2026
PRJ-000078-SP03,PRJ-000078,MAT-1006,2027-09-01,33,6,2,6200,204600,Partial,Within Lead Time,Q3 2027
PRJ-000078-SP04,PRJ-000078,MAT-1006,2027-06-01,75,43,26,6200,465000,Partial,Within Lead Time,Q2 2027
PRJ-000078-SP05,PRJ-000078,MAT-1006,2026-11-01,76,58,20,6200,471200,Partial,At Risk,Q4 2026
PRJ-000078-SP06,PRJ-000078,MAT-1001,2028-03-01,74,26,19,2100,155400,Partial,Within Lead Time,Q1 2028
PRJ-000078-SP07,PRJ-000078,MAT-1006,2028-03-01,33,27,18,6200,204600,Partial,Within Lead Time,Q1 2028
PRJ-000079-SP01,PRJ-000079,MAT-1003,2026-07-01,9135,3716,3671,12,109620,Partial,At Risk,Q3 2026
PRJ-000079-SP02,PRJ-000079,MAT-1001,2027-02-01,52,21,16,2100,109200,Partial,Within Lead Time,Q1 2027
PRJ-000079-SP03,PRJ-000079,MAT-1011,2026-06-01,15,11,4,130,1950,Partial,At Risk,Q2 2026
PRJ-000079-SP04,PRJ-000079,MAT-1001,2027-05-01,69,55,28,2100,144900,Partial,Within Lead Time,Q2 2027
PRJ-000079-SP05,PRJ-000079,MAT-1012,2028-08-01,53,1,1,68,3604,Partial,Within Lead Time,Q3 2028
PRJ-000079-SP06,PRJ-000079,MAT-1012,2027-07-01,20,1,1,68,1360,Partial,Within Lead Time,Q3 2027
PRJ-000080-SP01,PRJ-000080,MAT-1008,2028-10-01,31,15,14,19000,589000,Partial,Within Lead Time,Q4 2028
PRJ-000080-SP02,PRJ-000080,MAT-1002,2026-12-01,67,15,12,420,28140,Partial,Within Lead Time,Q4 2026
PRJ-000080-SP03,PRJ-000080,MAT-1008,2027-07-01,58,44,38,19000,1102000,Partial,Within Lead Time,Q3 2027
PRJ-000081-SP01,PRJ-000081,MAT-1003,2028-04-01,1113,365,183,12,13356,Partial,Within Lead Time,Q2 2028
PRJ-000081-SP02,PRJ-000081,MAT-1001,2027-05-01,63,2,1,2100,132300,Partial,Within Lead Time,Q2 2027
PRJ-000081-SP03,PRJ-000081,MAT-1006,2027-11-01,16,6,2,6200,99200,Partial,Within Lead Time,Q4 2027
PRJ-000081-SP04,PRJ-000081,MAT-1010,2026-07-01,34,2,0,980,33320,Partial,At Risk,Q3 2026
PRJ-000081-SP05,PRJ-000081,MAT-1009,2027-06-01,9,4,1,145,1305,Partial,Within Lead Time,Q2 2027
PRJ-000082-SP01,PRJ-000082,MAT-1010,2026-10-01,11,5,3,980,10780,Partial,At Risk,Q4 2026
PRJ-000082-SP02,PRJ-000082,MAT-1008,2027-03-01,69,56,33,19000,1311000,Partial,Within Lead Time,Q1 2027
PRJ-000082-SP03,PRJ-000082,MAT-1001,2028-06-01,61,14,4,2100,128100,Partial,Within Lead Time,Q2 2028
PRJ-000083-SP01,PRJ-000083,MAT-1006,2028-02-01,5,4,4,6200,31000,Partial,Within Lead Time,Q1 2028
PRJ-000083-SP02,PRJ-000083,MAT-1009,2028-07-01,49,14,4,145,7105,Partial,Within Lead Time,Q3 2028
PRJ-000083-SP03,PRJ-000083,MAT-1006,2026-09-01,19,14,4,6200,117800,Partial,At Risk,Q3 2026
PRJ-000083-SP04,PRJ-000083,MAT-1008,2026-04-01,71,63,57,19000,1349000,Partial,At Risk,Q2 2026
PRJ-000083-SP05,PRJ-000083,MAT-1011,2026-11-01,57,8,8,130,7410,Partial,Within Lead Time,Q4 2026
PRJ-000083-SP06,PRJ-000083,MAT-1008,2027-11-01,24,23,3,19000,456000,Partial,Within Lead Time,Q4 2027
PRJ-000083-SP07,PRJ-000083,MAT-1001,2027-04-01,35,27,7,2100,73500,Partial,Within Lead Time,Q2 2027
PRJ-000083-SP08,PRJ-000083,MAT-1001,2027-06-01,6,1,0,2100,12600,Partial,Within Lead Time,Q2 2027
PRJ-000084-SP01,PRJ-000084,MAT-1012,2027-02-01,75,38,30,68,5100,Partial,Within Lead Time,Q1 2027
PRJ-000084-SP02,PRJ-000084,MAT-1004,2028-02-01,1490,727,210,27,40230,Partial,Within Lead Time,Q1 2028
PRJ-000084-SP03,PRJ-000084,MAT-1011,2027-02-01,72,61,19,130,9360,Partial,Within Lead Time,Q1 2027
PRJ-000084-SP04,PRJ-000084,MAT-1005,2026-01-01,67,33,4,26000,1742000,Partial,At Risk,Q1 2026
PRJ-000084-SP05,PRJ-000084,MAT-1008,2029-01-01,32,8,7,19000,608000,Partial,Within Lead Time,Q1 2029
PRJ-000084-SP06,PRJ-000084,MAT-1008,2027-12-01,2,0,0,19000,38000,Not Reserved,Within Lead Time,Q4 2027
PRJ-000084-SP07,PRJ-000084,MAT-1011,2027-08-01,60,26,11,130,7800,Partial,Within Lead Time,Q3 2027
PRJ-000084-SP08,PRJ-000084,MAT-1007,2027-04-01,46,35,3,14500,667000,Partial,Within Lead Time,Q2 2027
PRJ-000085-SP01,PRJ-000085,MAT-1005,2028-05-01,59,57,33,26000,1534000,Partial,Within Lead Time,Q2 2028
PRJ-000085-SP02,PRJ-000085,MAT-1011,2028-01-01,36,6,4,130,4680,Partial,Within Lead Time,Q1 2028
PRJ-000085-SP03,PRJ-000085,MAT-1010,2028-11-01,4,4,0,980,3920,Partial,Within Lead Time,Q4 2028
PRJ-000086-SP01,PRJ-000086,MAT-1003,2026-02-01,1765,791,255,12,21180,Partial,At Risk,Q1 2026
PRJ-000086-SP02,PRJ-000086,MAT-1001,2028-04-01,27,20,10,2100,56700,Partial,Within Lead Time,Q2 2028
PRJ-000086-SP03,PRJ-000086,MAT-1012,2028-08-01,52,49,4,68,3536,Partial,Within Lead Time,Q3 2028
PRJ-000086-SP04,PRJ-000086,MAT-1004,2027-06-01,9692,4874,1978,27,261684,Partial,Within Lead Time,Q2 2027
PRJ-000086-SP05,PRJ-000086,MAT-1012,2028-03-01,34,32,25,68,2312,Partial,Within Lead Time,Q1 2028
PRJ-000087-SP01,PRJ-000087,MAT-1003,2028-06-01,2259,1780,737,12,27108,Partial,Within Lead Time,Q2 2028
PRJ-000087-SP02,PRJ-000087,MAT-1001,2028-10-01,19,6,5,2100,39900,Partial,Within Lead Time,Q4 2028
PRJ-000087-SP03,PRJ-000087,MAT-1003,2027-07-01,6228,3044,1093,12,74736,Partial,Within Lead Time,Q3 2027
PRJ-000087-SP04,PRJ-000087,MAT-1006,2028-01-01,27,13,10,6200,167400,Partial,Within Lead Time,Q1 2028
PRJ-000087-SP05,PRJ-000087,MAT-1008,2027-12-01,74,42,8,19000,1406000,Partial,Within Lead Time,Q4 2027
PRJ-000087-SP06,PRJ-000087,MAT-1003,2027-09-01,6020,5047,265,12,72240,Partial,Within Lead Time,Q3 2027
PRJ-000087-SP07,PRJ-000087,MAT-1003,2026-12-01,9471,9276,4792,12,113652,Partial,Within Lead Time,Q4 2026
PRJ-000087-SP08,PRJ-000087,MAT-1010,2028-03-01,8,4,1,980,7840,Partial,Within Lead Time,Q1 2028
PRJ-000088-SP01,PRJ-000088,MAT-1004,2028-12-01,1614,1613,1261,27,43578,Partial,Within Lead Time,Q4 2028
PRJ-000088-SP02,PRJ-000088,MAT-1006,2027-10-01,57,42,9,6200,353400,Partial,Within Lead Time,Q4 2027
PRJ-000088-SP03,PRJ-000088,MAT-1004,2026-10-01,9155,6598,4814,27,247185,Partial,At Risk,Q4 2026
PRJ-000088-SP04,PRJ-000088,MAT-1009,2028-07-01,43,16,5,145,6235,Partial,Within Lead Time,Q3 2028
PRJ-000088-SP05,PRJ-000088,MAT-1009,2028-06-01,68,27,16,145,9860,Partial,Within Lead Time,Q2 2028
PRJ-000088-SP06,PRJ-000088,MAT-1007,2026-01-01,77,17,6,14500,1116500,Partial,At Risk,Q1 2026
PRJ-000088-SP07,PRJ-000088,MAT-1001,2027-05-01,8,6,5,2100,16800,Partial,Within Lead Time,Q2 2027
PRJ-000089-SP01,PRJ-000089,MAT-1008,2027-09-01,63,7,3,19000,1197000,Partial,Within Lead Time,Q3 2027
PRJ-000089-SP02,PRJ-000089,MAT-1001,2028-11-01,64,27,14,2100,134400,Partial,Within Lead Time,Q4 2028
PRJ-000089-SP03,PRJ-000089,MAT-1008,2027-05-01,28,6,1,19000,532000,Partial,Within Lead Time,Q2 2027
PRJ-000089-SP04,PRJ-000089,MAT-1003,2028-07-01,9144,6982,4990,12,109728,Partial,Within Lead Time,Q3 2028
PRJ-000089-SP05,PRJ-000089,MAT-1008,2026-09-01,70,18,15,19000,1330000,Partial,At Risk,Q3 2026
PRJ-000089-SP06,PRJ-000089,MAT-1005,2026-02-01,42,28,14,26000,1092000,Partial,At Risk,Q1 2026
PRJ-000090-SP01,PRJ-000090,MAT-1009,2027-12-01,61,37,27,145,8845,Partial,Within Lead Time,Q4 2027
PRJ-000090-SP02,PRJ-000090,MAT-1009,2028-05-01,48,20,16,145,6960,Partial,Within Lead Time,Q2 2028
PRJ-000090-SP03,PRJ-000090,MAT-1003,2026-09-01,1130,747,747,12,13560,Partial,At Risk,Q3 2026
PRJ-000090-SP04,PRJ-000090,MAT-1008,2026-05-01,75,52,48,19000,1425000,Partial,At Risk,Q2 2026
PRJ-000090-SP05,PRJ-000090,MAT-1003,2028-11-01,6714,2808,1516,12,80568,Partial,Within Lead Time,Q4 2028
PRJ-000090-SP06,PRJ-000090,MAT-1004,2026-09-01,6867,1775,380,27,185409,Partial,At Risk,Q3 2026
PRJ-000091-SP01,PRJ-000091,MAT-1003,2028-09-01,1561,449,312,12,18732,Partial,Within Lead Time,Q3 2028
PRJ-000091-SP02,PRJ-000091,MAT-1012,2026-05-01,24,23,4,68,1632,Partial,At Risk,Q2 2026
PRJ-000092-SP01,PRJ-000092,MAT-1005,2029-01-01,78,52,0,26000,2028000,Partial,Within Lead Time,Q1 2029
PRJ-000092-SP02,PRJ-000092,MAT-1009,2027-01-01,10,8,6,145,1450,Partial,Within Lead Time,Q1 2027
PRJ-000092-SP03,PRJ-000092,MAT-1004,2027-05-01,3854,2497,1196,27,104058,Partial,Within Lead Time,Q2 2027
PRJ-000092-SP04,PRJ-000092,MAT-1010,2028-02-01,64,48,6,980,62720,Partial,Within Lead Time,Q1 2028
PRJ-000092-SP05,PRJ-000092,MAT-1012,2028-09-01,71,44,14,68,4828,Partial,Within Lead Time,Q3 2028
PRJ-000092-SP06,PRJ-000092,MAT-1010,2028-10-01,13,3,1,980,12740,Partial,Within Lead Time,Q4 2028
PRJ-000092-SP07,PRJ-000092,MAT-1012,2028-03-01,74,29,5,68,5032,Partial,Within Lead Time,Q1 2028
PRJ-000093-SP01,PRJ-000093,MAT-1011,2028-11-01,16,5,4,130,2080,Partial,Within Lead Time,Q4 2028
PRJ-000093-SP02,PRJ-000093,MAT-1005,2027-09-01,38,9,6,26000,988000,Partial,Within Lead Time,Q3 2027
PRJ-000093-SP03,PRJ-000093,MAT-1010,2028-02-01,53,15,10,980,51940,Partial,Within Lead Time,Q1 2028
PRJ-000093-SP04,PRJ-000093,MAT-1002,2026-05-01,10,9,2,420,4200,Partial,At Risk,Q2 2026
PRJ-000093-SP05,PRJ-000093,MAT-1011,2028-04-01,13,9,5,130,1690,Partial,Within Lead Time,Q2 2028
PRJ-000094-SP01,PRJ-000094,MAT-1011,2027-08-01,48,17,12,130,6240,Partial,Within Lead Time,Q3 2027
PRJ-000094-SP02,PRJ-000094,MAT-1009,2028-12-01,57,54,49,145,8265,Partial,Within Lead Time,Q4 2028
PRJ-000095-SP01,PRJ-000095,MAT-1007,2026-02-01,78,74,39,14500,1131000,Partial,At Risk,Q1 2026
PRJ-000095-SP02,PRJ-000095,MAT-1007,2028-11-01,54,53,12,14500,783000,Partial,Within Lead Time,Q4 2028
PRJ-000095-SP03,PRJ-000095,MAT-1009,2028-02-01,64,30,10,145,9280,Partial,Within Lead Time,Q1 2028
PRJ-000096-SP01,PRJ-000096,MAT-1001,2026-07-01,28,19,7,2100,58800,Partial,At Risk,Q3 2026
PRJ-000096-SP02,PRJ-000096,MAT-1012,2027-11-01,76,76,63,68,5168,Partial,Within Lead Time,Q4 2027
PRJ-000096-SP03,PRJ-000096,MAT-1011,2026-11-01,2,1,0,130,260,Partial,Within Lead Time,Q4 2026
PRJ-000096-SP04,PRJ-000096,MAT-1008,2027-03-01,69,67,20,19000,1311000,Partial,Within Lead Time,Q1 2027
PRJ-000096-SP05,PRJ-000096,MAT-1006,2028-01-01,45,27,2,6200,279000,Partial,Within Lead Time,Q1 2028
PRJ-000097-SP01,PRJ-000097,MAT-1007,2028-07-01,9,9,8,14500,130500,Partial,Within Lead Time,Q3 2028
PRJ-000097-SP02,PRJ-000097,MAT-1008,2026-04-01,4,2,1,19000,76000,Partial,At Risk,Q2 2026
PRJ-000097-SP03,PRJ-000097,MAT-1009,2029-01-01,55,48,35,145,7975,Partial,Within Lead Time,Q1 2029
PRJ-000097-SP04,PRJ-000097,MAT-1010,2028-03-01,76,41,30,980,74480,Partial,Within Lead Time,Q1 2028
PRJ-000097-SP05,PRJ-000097,MAT-1005,2027-12-01,59,5,4,26000,1534000,Partial,Within Lead Time,Q4 2027
PRJ-000097-SP06,PRJ-000097,MAT-1002,2028-05-01,36,33,19,420,15120,Partial,Within Lead Time,Q2 2028
PRJ-000097-SP07,PRJ-000097,MAT-1006,2026-01-01,64,33,8,6200,396800,Partial,At Risk,Q1 2026
PRJ-000098-SP01,PRJ-000098,MAT-1003,2028-03-01,7432,1902,1213,12,89184,Partial,Within Lead Time,Q1 2028
PRJ-000098-SP02,PRJ-000098,MAT-1001,2026-08-01,41,3,1,2100,86100,Partial,At Risk,Q3 2026
PRJ-000098-SP03,PRJ-000098,MAT-1010,2027-12-01,74,41,20,980,72520,Partial,Within Lead Time,Q4 2027
PRJ-000098-SP04,PRJ-000098,MAT-1006,2026-05-01,37,9,7,6200,229400,Partial,At Risk,Q2 2026
PRJ-000098-SP05,PRJ-000098,MAT-1009,2027-02-01,44,18,2,145,6380,Partial,Within Lead Time,Q1 2027
PRJ-000099-SP01,PRJ-000099,MAT-1004,2026-02-01,2658,505,317,27,71766,Partial,At Risk,Q1 2026
PRJ-000099-SP02,PRJ-000099,MAT-1011,2026-11-01,63,29,28,130,8190,Partial,Within Lead Time,Q4 2026
PRJ-000099-SP03,PRJ-000099,MAT-1011,2027-09-01,35,18,8,130,4550,Partial,Within Lead Time,Q3 2027
PRJ-000099-SP04,PRJ-000099,MAT-1006,2028-08-01,74,20,3,6200,458800,Partial,Within Lead Time,Q3 2028
PRJ-000099-SP05,PRJ-000099,MAT-1005,2027-11-01,52,26,18,26000,1352000,Partial,Within Lead Time,Q4 2027
PRJ-000099-SP06,PRJ-000099,MAT-1003,2028-04-01,2673,2593,1554,12,32076,Partial,Within Lead Time,Q2 2028
PRJ-000100-SP01,PRJ-000100,MAT-1008,2026-05-01,68,16,15,19000,1292000,Partial,At Risk,Q2 2026
PRJ-000100-SP02,PRJ-000100,MAT-1012,2028-07-01,2,1,1,68,136,Partial,Within Lead Time,Q3 2028
PRJ-000100-SP03,PRJ-000100,MAT-1007,2028-09-01,12,7,2,14500,174000,Partial,Within Lead Time,Q3 2028
PRJ-000100-SP04,PRJ-000100,MAT-1009,2027-06-01,80,75,19,145,11600,Partial,Within Lead Time,Q2 2027
PRJ-000100-SP05,PRJ-000100,MAT-1010,2027-09-01,44,43,3,980,43120,Partial,Within Lead Time,Q3 2027
PRJ-000100-SP06,PRJ-000100,MAT-1012,2026-04-01,39,32,21,68,2652,Partial,At Risk,Q2 2026
PRJ-000100-SP07,PRJ-000100,MAT-1006,2028-07-01,55,3,0,6200,341000,Partial,Within Lead Time,Q3 2028
PRJ-000100-SP08,PRJ-000100,MAT-1012,2028-06-01,59,58,25,68,4012,Partial,Within Lead Time,Q2 2028
PRJ-000101-SP01,PRJ-000101,MAT-1012,2026-12-01,57,2,1,68,3876,Partial,Within Lead Time,Q4 2026
PRJ-000101-SP02,PRJ-000101,MAT-1001,2028-08-01,44,42,25,2100,92400,Partial,Within Lead Time,Q3 2028
PRJ-000101-SP03,PRJ-000101,MAT-1012,2028-04-01,48,45,29,68,3264,Partial,Within Lead Time,Q2 2028
PRJ-000101-SP04,PRJ-000101,MAT-1004,2026-02-01,1801,1698,102,27,48627,Partial,At Risk,Q1 2026
PRJ-000101-SP05,PRJ-000101,MAT-1009,2026-10-01,5,3,1,145,725,Partial,Within Lead Time,Q4 2026
PRJ-000101-SP06,PRJ-000101,MAT-1011,2026-04-01,32,0,0,130,4160,Not Reserved,At Risk,Q2 2026
PRJ-000102-SP01,PRJ-000102,MAT-1010,2027-06-01,41,36,29,980,40180,Partial,Within Lead Time,Q2 2027
PRJ-000102-SP02,PRJ-000102,MAT-1008,2026-09-01,49,42,7,19000,931000,Partial,At Risk,Q3 2026
PRJ-000102-SP03,PRJ-000102,MAT-1011,2026-08-01,37,18,5,130,4810,Partial,At Risk,Q3 2026
PRJ-000102-SP04,PRJ-000102,MAT-1001,2026-10-01,4,3,3,2100,8400,Partial,At Risk,Q4 2026
PRJ-000103-SP01,PRJ-000103,MAT-1012,2029-01-01,76,40,5,68,5168,Partial,Within Lead Time,Q1 2029
PRJ-000103-SP02,PRJ-000103,MAT-1009,2027-02-01,5,0,0,145,725,Not Reserved,Within Lead Time,Q1 2027
PRJ-000103-SP03,PRJ-000103,MAT-1006,2028-10-01,30,3,3,6200,186000,Partial,Within Lead Time,Q4 2028
PRJ-000103-SP04,PRJ-000103,MAT-1007,2026-07-01,43,34,14,14500,623500,Partial,At Risk,Q3 2026
PRJ-000103-SP05,PRJ-000103,MAT-1006,2028-08-01,47,37,17,6200,291400,Partial,Within Lead Time,Q3 2028
PRJ-000103-SP06,PRJ-000103,MAT-1004,2027-04-01,2172,1366,182,27,58644,Partial,Within Lead Time,Q2 2027
PRJ-000104-SP01,PRJ-000104,MAT-1004,2028-01-01,6667,2176,619,27,180009,Partial,Within Lead Time,Q1 2028
PRJ-000104-SP02,PRJ-000104,MAT-1006,2026-09-01,18,1,0,6200,111600,Partial,At Risk,Q3 2026
PRJ-000104-SP03,PRJ-000104,MAT-1009,2026-10-01,70,6,3,145,10150,Partial,Within Lead Time,Q4 2026
PRJ-000104-SP04,PRJ-000104,MAT-1008,2028-06-01,30,18,15,19000,570000,Partial,Within Lead Time,Q2 2028
PRJ-000104-SP05,PRJ-000104,MAT-1008,2028-12-01,48,20,1,19000,912000,Partial,Within Lead Time,Q4 2028
PRJ-000104-SP06,PRJ-000104,MAT-1010,2026-01-01,56,36,9,980,54880,Partial,At Risk,Q1 2026
PRJ-000105-SP01,PRJ-000105,MAT-1010,2028-01-01,27,8,3,980,26460,Partial,Within Lead Time,Q1 2028
PRJ-000105-SP02,PRJ-000105,MAT-1008,2026-05-01,11,4,3,19000,209000,Partial,At Risk,Q2 2026
PRJ-000106-SP01,PRJ-000106,MAT-1011,2026-08-01,42,27,21,130,5460,Partial,At Risk,Q3 2026
PRJ-000106-SP02,PRJ-000106,MAT-1003,2028-05-01,7333,6410,1669,12,87996,Partial,Within Lead Time,Q2 2028
PRJ-000107-SP01,PRJ-000107,MAT-1005,2027-05-01,78,55,26,26000,2028000,Partial,Within Lead Time,Q2 2027
PRJ-000107-SP02,PRJ-000107,MAT-1003,2027-06-01,970,841,429,12,11640,Partial,Within Lead Time,Q2 2027
PRJ-000107-SP03,PRJ-000107,MAT-1002,2026-03-01,48,45,36,420,20160,Partial,At Risk,Q1 2026
PRJ-000107-SP04,PRJ-000107,MAT-1011,2029-01-01,76,50,32,130,9880,Partial,Within Lead Time,Q1 2029
PRJ-000107-SP05,PRJ-000107,MAT-1008,2028-09-01,72,7,1,19000,1368000,Partial,Within Lead Time,Q3 2028
PRJ-000107-SP06,PRJ-000107,MAT-1011,2026-06-01,80,63,55,130,10400,Partial,At Risk,Q2 2026
PRJ-000108-SP01,PRJ-000108,MAT-1011,2027-07-01,23,4,3,130,2990,Partial,Within Lead Time,Q3 2027
PRJ-000108-SP02,PRJ-000108,MAT-1008,2026-01-01,47,16,15,19000,893000,Partial,At Risk,Q1 2026
PRJ-000108-SP03,PRJ-000108,MAT-1007,2028-08-01,23,10,5,14500,333500,Partial,Within Lead Time,Q3 2028
PRJ-000108-SP04,PRJ-000108,MAT-1003,2027-01-01,8210,4739,885,12,98520,Partial,Within Lead Time,Q1 2027
PRJ-000109-SP01,PRJ-000109,MAT-1009,2026-12-01,21,6,2,145,3045,Partial,Within Lead Time,Q4 2026
PRJ-000109-SP02,PRJ-000109,MAT-1009,2026-12-01,12,6,4,145,1740,Partial,Within Lead Time,Q4 2026
PRJ-000109-SP03,PRJ-000109,MAT-1006,2027-08-01,5,1,0,6200,31000,Partial,Within Lead Time,Q3 2027
PRJ-000109-SP04,PRJ-000109,MAT-1002,2026-03-01,35,32,22,420,14700,Partial,At Risk,Q1 2026
PRJ-000109-SP05,PRJ-000109,MAT-1012,2028-05-01,28,9,9,68,1904,Partial,Within Lead Time,Q2 2028
PRJ-000109-SP06,PRJ-000109,MAT-1007,2027-08-01,32,14,3,14500,464000,Partial,Within Lead Time,Q3 2027
PRJ-000110-SP01,PRJ-000110,MAT-1008,2027-03-01,32,5,4,19000,608000,Partial,Within Lead Time,Q1 2027
PRJ-000110-SP02,PRJ-000110,MAT-1006,2027-11-01,34,27,11,6200,210800,Partial,Within Lead Time,Q4 2027
PRJ-000110-SP03,PRJ-000110,MAT-1002,2026-06-01,24,8,3,420,10080,Partial,At Risk,Q2 2026
PRJ-000110-SP04,PRJ-000110,MAT-1008,2029-01-01,50,20,7,19000,950000,Partial,Within Lead Time,Q1 2029
PRJ-000111-SP01,PRJ-000111,MAT-1003,2027-02-01,7803,1332,517,12,93636,Partial,Within Lead Time,Q1 2027
PRJ-000111-SP02,PRJ-000111,MAT-1001,2027-08-01,21,10,1,2100,44100,Partial,Within Lead Time,Q3 2027
PRJ-000111-SP03,PRJ-000111,MAT-1004,2026-04-01,4118,694,693,27,111186,Partial,At Risk,Q2 2026
PRJ-000112-SP01,PRJ-000112,MAT-1007,2028-12-01,2,1,0,14500,29000,Partial,Within Lead Time,Q4 2028
PRJ-000112-SP02,PRJ-000112,MAT-1003,2027-07-01,612,428,46,12,7344,Partial,Within Lead Time,Q3 2027
PRJ-000112-SP03,PRJ-000112,MAT-1008,2027-07-01,59,23,13,19000,1121000,Partial,Within Lead Time,Q3 2027
PRJ-000113-SP01,PRJ-000113,MAT-1005,2028-07-01,37,15,10,26000,962000,Partial,Within Lead Time,Q3 2028
PRJ-000113-SP02,PRJ-000113,MAT-1005,2026-11-01,64,16,10,26000,1664000,Partial,At Risk,Q4 2026
PRJ-000113-SP03,PRJ-000113,MAT-1004,2027-06-01,2880,2850,2666,27,77760,Partial,Within Lead Time,Q2 2027
PRJ-000113-SP04,PRJ-000113,MAT-1012,2026-07-01,61,2,0,68,4148,Partial,At Risk,Q3 2026
PRJ-000114-SP01,PRJ-000114,MAT-1002,2027-03-01,60,18,2,420,25200,Partial,Within Lead Time,Q1 2027
PRJ-000114-SP02,PRJ-000114,MAT-1010,2027-12-01,66,3,2,980,64680,Partial,Within Lead Time,Q4 2027
PRJ-000114-SP03,PRJ-000114,MAT-1002,2026-03-01,37,22,12,420,15540,Partial,At Risk,Q1 2026
PRJ-000114-SP04,PRJ-000114,MAT-1004,2027-10-01,2868,1111,338,27,77436,Partial,Within Lead Time,Q4 2027
PRJ-000114-SP05,PRJ-000114,MAT-1012,2027-12-01,49,34,10,68,3332,Partial,Within Lead Time,Q4 2027
PRJ-000114-SP06,PRJ-000114,MAT-1011,2026-10-01,70,56,43,130,9100,Partial,Within Lead Time,Q4 2026
PRJ-000114-SP07,PRJ-000114,MAT-1012,2028-04-01,24,23,11,68,1632,Partial,Within Lead Time,Q2 2028
PRJ-000115-SP01,PRJ-000115,MAT-1002,2026-09-01,57,57,48,420,23940,Partial,At Risk,Q3 2026
PRJ-000115-SP02,PRJ-000115,MAT-1008,2028-06-01,18,14,10,19000,342000,Partial,Within Lead Time,Q2 2028
PRJ-000115-SP03,PRJ-000115,MAT-1007,2027-09-01,17,13,4,14500,246500,Partial,Within Lead Time,Q3 2027
PRJ-000115-SP04,PRJ-000115,MAT-1001,2028-12-01,74,63,38,2100,155400,Partial,Within Lead Time,Q4 2028
PRJ-000116-SP01,PRJ-000116,MAT-1006,2028-03-01,78,61,50,6200,483600,Partial,Within Lead Time,Q1 2028
PRJ-000116-SP02,PRJ-000116,MAT-1005,2028-10-01,7,5,3,26000,182000,Partial,Within Lead Time,Q4 2028
PRJ-000116-SP03,PRJ-000116,MAT-1009,2026-07-01,65,21,9,145,9425,Partial,At Risk,Q3 2026
PRJ-000116-SP04,PRJ-000116,MAT-1001,2028-06-01,27,17,2,2100,56700,Partial,Within Lead Time,Q2 2028
PRJ-000117-SP01,PRJ-000117,MAT-1002,2029-01-01,16,15,12,420,6720,Partial,Within Lead Time,Q1 2029
PRJ-000117-SP02,PRJ-000117,MAT-1003,2028-02-01,8063,5546,3120,12,96756,Partial,Within Lead Time,Q1 2028
PRJ-000117-SP03,PRJ-000117,MAT-1007,2027-01-01,22,3,3,14500,319000,Partial,Within Lead Time,Q1 2027
PRJ-000117-SP04,PRJ-000117,MAT-1007,2027-10-01,54,48,6,14500,783000,Partial,Within Lead Time,Q4 2027
PRJ-000117-SP05,PRJ-000117,MAT-1006,2027-05-01,38,22,17,6200,235600,Partial,Within Lead Time,Q2 2027
PRJ-000117-SP06,PRJ-000117,MAT-1010,2026-09-01,45,1,1,980,44100,Partial,At Risk,Q3 2026
PRJ-000118-SP01,PRJ-000118,MAT-1004,2026-12-01,7095,6928,3183,27,191565,Partial,Within Lead Time,Q4 2026
PRJ-000118-SP02,PRJ-000118,MAT-1012,2027-06-01,76,0,0,68,5168,Not Reserved,Within Lead Time,Q2 2027
PRJ-000118-SP03,PRJ-000118,MAT-1005,2026-07-01,54,4,4,26000,1404000,Partial,At Risk,Q3 2026
PRJ-000118-SP04,PRJ-000118,MAT-1011,2028-03-01,14,9,6,130,1820,Partial,Within Lead Time,Q1 2028
PRJ-000118-SP05,PRJ-000118,MAT-1010,2026-06-01,57,50,21,980,55860,Partial,At Risk,Q2 2026
PRJ-000118-SP06,PRJ-000118,MAT-1002,2028-11-01,7,4,1,420,2940,Partial,Within Lead Time,Q4 2028
PRJ-000118-SP07,PRJ-000118,MAT-1002,2026-08-01,6,4,2,420,2520,Partial,At Risk,Q3 2026
PRJ-000118-SP08,PRJ-000118,MAT-1007,2028-07-01,19,5,4,14500,275500,Partial,Within Lead Time,Q3 2028
PRJ-000119-SP01,PRJ-000119,MAT-1010,2027-02-01,12,4,3,980,11760,Partial,Within Lead Time,Q1 2027
PRJ-000119-SP02,PRJ-000119,MAT-1007,2027-10-01,58,34,10,14500,841000,Partial,Within Lead Time,Q4 2027
PRJ-000119-SP03,PRJ-000119,MAT-1006,2027-02-01,13,13,2,6200,80600,Partial,Within Lead Time,Q1 2027
PRJ-000119-SP04,PRJ-000119,MAT-1002,2027-07-01,10,9,3,420,4200,Partial,Within Lead Time,Q3 2027
PRJ-000120-SP01,PRJ-000120,MAT-1006,2027-05-01,31,12,1,6200,192200,Partial,Within Lead Time,Q2 2027
PRJ-000120-SP02,PRJ-000120,MAT-1010,2026-01-01,12,6,6,980,11760,Partial,At Risk,Q1 2026
PRJ-000120-SP03,PRJ-000120,MAT-1009,2026-01-01,7,2,2,145,1015,Partial,At Risk,Q1 2026
PRJ-000120-SP04,PRJ-000120,MAT-1005,2027-06-01,33,2,1,26000,858000,Partial,Within Lead Time,Q2 2027
PRJ-000120-SP05,PRJ-000120,MAT-1003,2026-07-01,1248,348,152,12,14976,Partial,At Risk,Q3 2026
PRJ-000120-SP06,PRJ-000120,MAT-1011,2028-08-01,49,26,26,130,6370,Partial,Within Lead Time,Q3 2028
PRJ-000121-SP01,PRJ-000121,MAT-1011,2028-03-01,72,26,9,130,9360,Partial,Within Lead Time,Q1 2028
PRJ-000121-SP02,PRJ-000121,MAT-1005,2027-05-01,44,14,7,26000,1144000,Partial,Within Lead Time,Q2 2027
PRJ-000121-SP03,PRJ-000121,MAT-1010,2027-07-01,46,11,10,980,45080,Partial,Within Lead Time,Q3 2027
PRJ-000121-SP04,PRJ-000121,MAT-1004,2028-03-01,1099,544,256,27,29673,Partial,Within Lead Time,Q1 2028
PRJ-000121-SP05,PRJ-000121,MAT-1012,2026-05-01,38,21,7,68,2584,Partial,At Risk,Q2 2026
PRJ-000122-SP01,PRJ-000122,MAT-1009,2027-02-01,3,3,1,145,435,Partial,Within Lead Time,Q1 2027
PRJ-000122-SP02,PRJ-000122,MAT-1005,2026-08-01,40,34,13,26000,1040000,Partial,At Risk,Q3 2026
PRJ-000122-SP03,PRJ-000122,MAT-1009,2027-12-01,33,32,21,145,4785,Partial,Within Lead Time,Q4 2027
PRJ-000122-SP04,PRJ-000122,MAT-1005,2028-12-01,10,1,1,26000,260000,Partial,Within Lead Time,Q4 2028
PRJ-000122-SP05,PRJ-000122,MAT-1010,2026-08-01,34,22,13,980,33320,Partial,At Risk,Q3 2026
PRJ-000122-SP06,PRJ-000122,MAT-1006,2028-03-01,16,16,1,6200,99200,Partial,Within Lead Time,Q1 2028
PRJ-000123-SP01,PRJ-000123,MAT-1001,2027-02-01,77,50,15,2100,161700,Partial,Within Lead Time,Q1 2027
PRJ-000123-SP02,PRJ-000123,MAT-1012,2028-12-01,52,2,2,68,3536,Partial,Within Lead Time,Q4 2028
PRJ-000123-SP03,PRJ-000123,MAT-1009,2026-11-01,72,42,20,145,10440,Partial,Within Lead Time,Q4 2026
PRJ-000123-SP04,PRJ-000123,MAT-1002,2026-12-01,12,4,1,420,5040,Partial,Within Lead Time,Q4 2026
PRJ-000123-SP05,PRJ-000123,MAT-1004,2028-09-01,5323,4522,4461,27,143721,Partial,Within Lead Time,Q3 2028
PRJ-000124-SP01,PRJ-000124,MAT-1011,2027-12-01,7,1,0,130,910,Partial,Within Lead Time,Q4 2027
PRJ-000124-SP02,PRJ-000124,MAT-1010,2028-09-01,61,14,10,980,59780,Partial,Within Lead Time,Q3 2028
PRJ-000124-SP03,PRJ-000124,MAT-1007,2026-12-01,30,8,7,14500,435000,Partial,At Risk,Q4 2026
PRJ-000124-SP04,PRJ-000124,MAT-1005,2028-08-01,49,28,3,26000,1274000,Partial,Within Lead Time,Q3 2028
PRJ-000124-SP05,PRJ-000124,MAT-1010,2028-03-01,68,16,2,980,66640,Partial,Within Lead Time,Q1 2028
PRJ-000124-SP06,PRJ-000124,MAT-1007,2028-02-01,47,16,11,14500,681500,Partial,Within Lead Time,Q1 2028
PRJ-000125-SP01,PRJ-000125,MAT-1003,2027-04-01,3384,3206,898,12,40608,Partial,Within Lead Time,Q2 2027
PRJ-000125-SP02,PRJ-000125,MAT-1012,2026-05-01,27,6,5,68,1836,Partial,At Risk,Q2 2026
PRJ-000125-SP03,PRJ-000125,MAT-1012,2028-12-01,73,66,20,68,4964,Partial,Within Lead Time,Q4 2028
PRJ-000125-SP04,PRJ-000125,MAT-1006,2027-11-01,63,12,3,6200,390600,Partial,Within Lead Time,Q4 2027
PRJ-000125-SP05,PRJ-000125,MAT-1012,2028-02-01,51,15,5,68,3468,Partial,Within Lead Time,Q1 2028
PRJ-000126-SP01,PRJ-000126,MAT-1004,2027-12-01,4297,2171,235,27,116019,Partial,Within Lead Time,Q4 2027
PRJ-000126-SP02,PRJ-000126,MAT-1011,2028-02-01,39,0,0,130,5070,Not Reserved,Within Lead Time,Q1 2028
PRJ-000126-SP03,PRJ-000126,MAT-1008,2028-08-01,47,0,0,19000,893000,Not Reserved,Within Lead Time,Q3 2028
PRJ-000126-SP04,PRJ-000126,MAT-1007,2028-07-01,59,32,30,14500,855500,Partial,Within Lead Time,Q3 2028
PRJ-000126-SP05,PRJ-000126,MAT-1001,2026-06-01,66,66,20,2100,138600,Partial,At Risk,Q2 2026
PRJ-000126-SP06,PRJ-000126,MAT-1004,2029-01-01,9134,3463,2418,27,246618,Partial,Within Lead Time,Q1 2029
PRJ-000127-SP01,PRJ-000127,MAT-1009,2028-02-01,47,35,35,145,6815,Partial,Within Lead Time,Q1 2028
PRJ-000127-SP02,PRJ-000127,MAT-1004,2027-10-01,1389,1107,1096,27,37503,Partial,Within Lead Time,Q4 2027
PRJ-000127-SP03,PRJ-000127,MAT-1011,2028-10-01,66,16,6,130,8580,Partial,Within Lead Time,Q4 2028
PRJ-000127-SP04,PRJ-000127,MAT-1011,2026-12-01,42,27,24,130,5460,Partial,Within Lead Time,Q4 2026
PRJ-000127-SP05,PRJ-000127,MAT-1004,2026-02-01,9625,15,2,27,259875,Partial,At Risk,Q1 2026
PRJ-000127-SP06,PRJ-000127,MAT-1007,2027-05-01,63,52,9,14500,913500,Partial,Within Lead Time,Q2 2027
PRJ-000127-SP07,PRJ-000127,MAT-1006,2026-12-01,25,6,2,6200,155000,Partial,Within Lead Time,Q4 2026
PRJ-000127-SP08,PRJ-000127,MAT-1002,2027-03-01,40,10,5,420,16800,Partial,Within Lead Time,Q1 2027
PRJ-000128-SP01,PRJ-000128,MAT-1011,2026-05-01,40,27,17,130,5200,Partial,At Risk,Q2 2026
PRJ-000128-SP02,PRJ-000128,MAT-1001,2026-11-01,7,1,1,2100,14700,Partial,Within Lead Time,Q4 2026
PRJ-000128-SP03,PRJ-000128,MAT-1010,2026-01-01,72,28,1,980,70560,Partial,At Risk,Q1 2026
PRJ-000129-SP01,PRJ-000129,MAT-1011,2028-06-01,21,12,5,130,2730,Partial,Within Lead Time,Q2 2028
PRJ-000129-SP02,PRJ-000129,MAT-1012,2026-09-01,28,21,4,68,1904,Partial,At Risk,Q3 2026
PRJ-000129-SP03,PRJ-000129,MAT-1012,2028-05-01,47,37,30,68,3196,Partial,Within Lead Time,Q2 2028
PRJ-000129-SP04,PRJ-000129,MAT-1001,2027-07-01,43,30,2,2100,90300,Partial,Within Lead Time,Q3 2027
PRJ-000129-SP05,PRJ-000129,MAT-1006,2026-04-01,10,1,1,6200,62000,Partial,At Risk,Q2 2026
PRJ-000130-SP01,PRJ-000130,MAT-1007,2026-05-01,40,37,4,14500,580000,Partial,At Risk,Q2 2026
PRJ-000130-SP02,PRJ-000130,MAT-1001,2026-02-01,14,3,2,2100,29400,Partial,At Risk,Q1 2026
PRJ-000130-SP03,PRJ-000130,MAT-1004,2028-05-01,9169,3972,2326,27,247563,Partial,Within Lead Time,Q2 2028
PRJ-000130-SP04,PRJ-000130,MAT-1012,2026-11-01,34,29,28,68,2312,Partial,Within Lead Time,Q4 2026
PRJ-000130-SP05,PRJ-000130,MAT-1010,2027-03-01,34,3,2,980,33320,Partial,Within Lead Time,Q1 2027
PRJ-000131-SP01,PRJ-000131,MAT-1003,2027-07-01,807,543,46,12,9684,Partial,Within Lead Time,Q3 2027
PRJ-000131-SP02,PRJ-000131,MAT-1009,2028-01-01,45,6,6,145,6525,Partial,Within Lead Time,Q1 2028
PRJ-000131-SP03,PRJ-000131,MAT-1007,2028-01-01,54,16,2,14500,783000,Partial,Within Lead Time,Q1 2028
PRJ-000131-SP04,PRJ-000131,MAT-1001,2027-12-01,50,14,6,2100,105000,Partial,Within Lead Time,Q4 2027
PRJ-000132-SP01,PRJ-000132,MAT-1006,2028-09-01,4,1,1,6200,24800,Partial,Within Lead Time,Q3 2028
PRJ-000132-SP02,PRJ-000132,MAT-1006,2028-10-01,62,3,3,6200,384400,Partial,Within Lead Time,Q4 2028
PRJ-000132-SP03,PRJ-000132,MAT-1006,2026-03-01,67,37,8,6200,415400,Partial,At Risk,Q1 2026
PRJ-000133-SP01,PRJ-000133,MAT-1004,2026-03-01,3297,138,18,27,89019,Partial,At Risk,Q1 2026
PRJ-000133-SP02,PRJ-000133,MAT-1007,2027-10-01,44,19,14,14500,638000,Partial,Within Lead Time,Q4 2027
PRJ-000134-SP01,PRJ-000134,MAT-1005,2028-04-01,60,56,44,26000,1560000,Partial,Within Lead Time,Q2 2028
PRJ-000134-SP02,PRJ-000134,MAT-1007,2028-02-01,15,9,7,14500,217500,Partial,Within Lead Time,Q1 2028
PRJ-000134-SP03,PRJ-000134,MAT-1006,2027-01-01,41,18,9,6200,254200,Partial,Within Lead Time,Q1 2027
PRJ-000134-SP04,PRJ-000134,MAT-1007,2026-03-01,24,13,12,14500,348000,Partial,At Risk,Q1 2026
PRJ-000135-SP01,PRJ-000135,MAT-1012,2026-03-01,74,63,50,68,5032,Partial,At Risk,Q1 2026
PRJ-000135-SP02,PRJ-000135,MAT-1004,2027-07-01,5951,2463,2334,27,160677,Partial,Within Lead Time,Q3 2027
PRJ-000135-SP03,PRJ-000135,MAT-1005,2029-01-01,37,33,4,26000,962000,Partial,Within Lead Time,Q1 2029
PRJ-000135-SP04,PRJ-000135,MAT-1003,2027-10-01,1651,74,20,12,19812,Partial,Within Lead Time,Q4 2027
PRJ-000135-SP05,PRJ-000135,MAT-1008,2026-01-01,4,3,3,19000,76000,Partial,At Risk,Q1 2026
PRJ-000135-SP06,PRJ-000135,MAT-1002,2028-02-01,34,11,3,420,14280,Partial,Within Lead Time,Q1 2028
PRJ-000135-SP07,PRJ-000135,MAT-1001,2027-06-01,69,48,37,2100,144900,Partial,Within Lead Time,Q2 2027
PRJ-000136-SP01,PRJ-000136,MAT-1008,2027-10-01,14,9,2,19000,266000,Partial,Within Lead Time,Q4 2027
PRJ-000136-SP02,PRJ-000136,MAT-1002,2028-10-01,20,13,7,420,8400,Partial,Within Lead Time,Q4 2028
PRJ-000137-SP01,PRJ-000137,MAT-1001,2026-07-01,4,2,0,2100,8400,Partial,At Risk,Q3 2026
PRJ-000137-SP02,PRJ-000137,MAT-1005,2026-10-01,52,49,7,26000,1352000,Partial,At Risk,Q4 2026
PRJ-000137-SP03,PRJ-000137,MAT-1001,2027-05-01,68,38,19,2100,142800,Partial,Within Lead Time,Q2 2027
PRJ-000137-SP04,PRJ-000137,MAT-1001,2028-02-01,68,37,8,2100,142800,Partial,Within Lead Time,Q1 2028
PRJ-000138-SP01,PRJ-000138,MAT-1005,2028-08-01,2,1,1,26000,52000,Partial,Within Lead Time,Q3 2028
PRJ-000138-SP02,PRJ-000138,MAT-1006,2029-01-01,14,4,2,6200,86800,Partial,Within Lead Time,Q1 2029
PRJ-000138-SP03,PRJ-000138,MAT-1003,2026-10-01,5191,789,120,12,62292,Partial,At Risk,Q4 2026
PRJ-000138-SP04,PRJ-000138,MAT-1008,2029-01-01,73,4,3,19000,1387000,Partial,Within Lead Time,Q1 2029
PRJ-000138-SP05,PRJ-000138,MAT-1006,2028-10-01,39,13,11,6200,241800,Partial,Within Lead Time,Q4 2028
PRJ-000138-SP06,PRJ-000138,MAT-1007,2027-12-01,13,5,3,14500,188500,Partial,Within Lead Time,Q4 2027
PRJ-000138-SP07,PRJ-000138,MAT-1006,2029-01-01,20,15,9,6200,124000,Partial,Within Lead Time,Q1 2029
PRJ-000138-SP08,PRJ-000138,MAT-1007,2028-11-01,51,4,2,14500,739500,Partial,Within Lead Time,Q4 2028
PRJ-000139-SP01,PRJ-000139,MAT-1001,2027-06-01,19,2,2,2100,39900,Partial,Within Lead Time,Q2 2027
PRJ-000139-SP02,PRJ-000139,MAT-1004,2026-10-01,9293,2941,804,27,250911,Partial,At Risk,Q4 2026
PRJ-000139-SP03,PRJ-000139,MAT-1011,2026-05-01,44,38,28,130,5720,Partial,At Risk,Q2 2026
PRJ-000139-SP04,PRJ-000139,MAT-1004,2027-12-01,7166,55,43,27,193482,Partial,Within Lead Time,Q4 2027
PRJ-000139-SP05,PRJ-000139,MAT-1002,2028-02-01,73,25,24,420,30660,Partial,Within Lead Time,Q1 2028
PRJ-000139-SP06,PRJ-000139,MAT-1002,2028-03-01,52,21,9,420,21840,Partial,Within Lead Time,Q1 2028
PRJ-000139-SP07,PRJ-000139,MAT-1005,2029-01-01,33,9,3,26000,858000,Partial,Within Lead Time,Q1 2029
PRJ-000139-SP08,PRJ-000139,MAT-1012,2027-08-01,16,8,1,68,1088,Partial,Within Lead Time,Q3 2027
PRJ-000140-SP01,PRJ-000140,MAT-1005,2029-01-01,73,42,31,26000,1898000,Partial,Within Lead Time,Q1 2029
PRJ-000140-SP02,PRJ-000140,MAT-1009,2028-07-01,7,1,1,145,1015,Partial,Within Lead Time,Q3 2028
PRJ-000140-SP03,PRJ-000140,MAT-1002,2026-05-01,53,9,6,420,22260,Partial,At Risk,Q2 2026
PRJ-000141-SP01,PRJ-000141,MAT-1001,2027-08-01,51,6,4,2100,107100,Partial,Within Lead Time,Q3 2027
PRJ-000141-SP02,PRJ-000141,MAT-1003,2027-07-01,760,409,274,12,9120,Partial,Within Lead Time,Q3 2027
PRJ-000142-SP01,PRJ-000142,MAT-1009,2027-04-01,69,5,2,145,10005,Partial,Within Lead Time,Q2 2027
PRJ-000142-SP02,PRJ-000142,MAT-1010,2026-08-01,17,1,1,980,16660,Partial,At Risk,Q3 2026
PRJ-000142-SP03,PRJ-000142,MAT-1011,2026-01-01,31,8,6,130,4030,Partial,At Risk,Q1 2026
PRJ-000142-SP04,PRJ-000142,MAT-1009,2028-01-01,49,48,40,145,7105,Partial,Within Lead Time,Q1 2028
PRJ-000142-SP05,PRJ-000142,MAT-1007,2026-02-01,62,50,18,14500,899000,Partial,At Risk,Q1 2026
PRJ-000142-SP06,PRJ-000142,MAT-1009,2028-09-01,26,1,0,145,3770,Partial,Within Lead Time,Q3 2028
PRJ-000143-SP01,PRJ-000143,MAT-1005,2028-04-01,6,2,1,26000,156000,Partial,Within Lead Time,Q2 2028
PRJ-000143-SP02,PRJ-000143,MAT-1009,2026-07-01,39,29,10,145,5655,Partial,At Risk,Q3 2026
PRJ-000144-SP01,PRJ-000144,MAT-1002,2028-06-01,8,2,2,420,3360,Partial,Within Lead Time,Q2 2028
PRJ-000144-SP02,PRJ-000144,MAT-1011,2027-08-01,42,18,2,130,5460,Partial,Within Lead Time,Q3 2027
PRJ-000144-SP03,PRJ-000144,MAT-1010,2028-04-01,18,13,6,980,17640,Partial,Within Lead Time,Q2 2028
PRJ-000144-SP04,PRJ-000144,MAT-1005,2028-03-01,12,7,5,26000,312000,Partial,Within Lead Time,Q1 2028
PRJ-000145-SP01,PRJ-000145,MAT-1005,2028-04-01,45,36,17,26000,1170000,Partial,Within Lead Time,Q2 2028
PRJ-000145-SP02,PRJ-000145,MAT-1011,2027-11-01,59,12,4,130,7670,Partial,Within Lead Time,Q4 2027
PRJ-000145-SP03,PRJ-000145,MAT-1009,2028-06-01,49,20,2,145,7105,Partial,Within Lead Time,Q2 2028
PRJ-000145-SP04,PRJ-000145,MAT-1003,2027-02-01,1503,1030,238,12,18036,Partial,Within Lead Time,Q1 2027
PRJ-000145-SP05,PRJ-000145,MAT-1009,2026-02-01,32,2,1,145,4640,Partial,At Risk,Q1 2026
PRJ-000146-SP01,PRJ-000146,MAT-1010,2027-10-01,68,8,3,980,66640,Partial,Within Lead Time,Q4 2027
PRJ-000146-SP02,PRJ-000146,MAT-1001,2026-07-01,54,23,15,2100,113400,Partial,At Risk,Q3 2026
PRJ-000146-SP03,PRJ-000146,MAT-1008,2026-02-01,26,9,3,19000,494000,Partial,At Risk,Q1 2026
PRJ-000146-SP04,PRJ-000146,MAT-1011,2027-07-01,77,55,53,130,10010,Partial,Within Lead Time,Q3 2027
PRJ-000146-SP05,PRJ-000146,MAT-1001,2026-07-01,32,24,8,2100,67200,Partial,At Risk,Q3 2026
PRJ-000146-SP06,PRJ-000146,MAT-1001,2028-01-01,57,5,0,2100,119700,Partial,Within Lead Time,Q1 2028
PRJ-000146-SP07,PRJ-000146,MAT-1010,2026-09-01,70,24,9,980,68600,Partial,At Risk,Q3 2026
PRJ-000146-SP08,PRJ-000146,MAT-1001,2027-11-01,52,27,23,2100,109200,Partial,Within Lead Time,Q4 2027
PRJ-000147-SP01,PRJ-000147,MAT-1008,2026-05-01,37,15,4,19000,703000,Partial,At Risk,Q2 2026
PRJ-000147-SP02,PRJ-000147,MAT-1010,2028-08-01,25,6,1,980,24500,Partial,Within Lead Time,Q3 2028
PRJ-000148-SP01,PRJ-000148,MAT-1009,2026-10-01,8,5,5,145,1160,Partial,Within Lead Time,Q4 2026
PRJ-000148-SP02,PRJ-000148,MAT-1011,2027-03-01,24,9,9,130,3120,Partial,Within Lead Time,Q1 2027
PRJ-000148-SP03,PRJ-000148,MAT-1011,2028-03-01,24,11,10,130,3120,Partial,Within Lead Time,Q1 2028
PRJ-000148-SP04,PRJ-000148,MAT-1008,2027-04-01,79,14,4,19000,1501000,Partial,Within Lead Time,Q2 2027
PRJ-000148-SP05,PRJ-000148,MAT-1011,2027-12-01,44,9,4,130,5720,Partial,Within Lead Time,Q4 2027
PRJ-000148-SP06,PRJ-000148,MAT-1012,2028-10-01,37,36,33,68,2516,Partial,Within Lead Time,Q4 2028
PRJ-000149-SP01,PRJ-000149,MAT-1004,2026-01-01,3253,1821,1174,27,87831,Partial,At Risk,Q1 2026
PRJ-000149-SP02,PRJ-000149,MAT-1001,2027-10-01,22,10,4,2100,46200,Partial,Within Lead Time,Q4 2027
PRJ-000149-SP03,PRJ-000149,MAT-1001,2028-11-01,68,59,19,2100,142800,Partial,Within Lead Time,Q4 2028
PRJ-000149-SP04,PRJ-000149,MAT-1002,2026-02-01,35,31,4,420,14700,Partial,At Risk,Q1 2026
PRJ-000149-SP05,PRJ-000149,MAT-1008,2026-04-01,3,1,0,19000,57000,Partial,At Risk,Q2 2026
PRJ-000150-SP01,PRJ-000150,MAT-1002,2027-01-01,79,10,7,420,33180,Partial,Within Lead Time,Q1 2027
PRJ-000150-SP02,PRJ-000150,MAT-1011,2028-04-01,38,23,9,130,4940,Partial,Within Lead Time,Q2 2028
PRJ-000151-SP01,PRJ-000151,MAT-1012,2027-11-01,71,3,2,68,4828,Partial,Within Lead Time,Q4 2027
PRJ-000151-SP02,PRJ-000151,MAT-1003,2026-06-01,2824,1683,1493,12,33888,Partial,At Risk,Q2 2026
PRJ-000151-SP03,PRJ-000151,MAT-1003,2026-07-01,1256,168,126,12,15072,Partial,At Risk,Q3 2026
PRJ-000151-SP04,PRJ-000151,MAT-1010,2026-11-01,3,1,0,980,2940,Partial,Within Lead Time,Q4 2026
PRJ-000151-SP05,PRJ-000151,MAT-1011,2026-03-01,68,13,3,130,8840,Partial,At Risk,Q1 2026
PRJ-000151-SP06,PRJ-000151,MAT-1005,2026-12-01,55,5,2,26000,1430000,Partial,At Risk,Q4 2026
PRJ-000151-SP07,PRJ-000151,MAT-1002,2028-07-01,24,18,5,420,10080,Partial,Within Lead Time,Q3 2028
PRJ-000152-SP01,PRJ-000152,MAT-1001,2027-06-01,9,1,0,2100,18900,Partial,Within Lead Time,Q2 2027
PRJ-000152-SP02,PRJ-000152,MAT-1011,2026-02-01,48,12,7,130,6240,Partial,At Risk,Q1 2026
PRJ-000152-SP03,PRJ-000152,MAT-1005,2028-10-01,27,17,13,26000,702000,Partial,Within Lead Time,Q4 2028
PRJ-000152-SP04,PRJ-000152,MAT-1007,2026-03-01,3,0,0,14500,43500,Not Reserved,At Risk,Q1 2026
PRJ-000152-SP05,PRJ-000152,MAT-1012,2028-10-01,45,21,14,68,3060,Partial,Within Lead Time,Q4 2028
PRJ-000152-SP06,PRJ-000152,MAT-1001,2026-01-01,54,6,5,2100,113400,Partial,At Risk,Q1 2026
PRJ-000152-SP07,PRJ-000152,MAT-1006,2027-02-01,11,9,2,6200,68200,Partial,Within Lead Time,Q1 2027
PRJ-000153-SP01,PRJ-000153,MAT-1004,2028-07-01,3542,1425,118,27,95634,Partial,Within Lead Time,Q3 2028
PRJ-000153-SP02,PRJ-000153,MAT-1011,2027-06-01,61,51,43,130,7930,Partial,Within Lead Time,Q2 2027
PRJ-000153-SP03,PRJ-000153,MAT-1006,2027-08-01,67,52,14,6200,415400,Partial,Within Lead Time,Q3 2027
PRJ-000153-SP04,PRJ-000153,MAT-1006,2028-05-01,28,22,18,6200,173600,Partial,Within Lead Time,Q2 2028
PRJ-000153-SP05,PRJ-000153,MAT-1007,2026-09-01,29,6,2,14500,420500,Partial,At Risk,Q3 2026
PRJ-000154-SP01,PRJ-000154,MAT-1009,2028-05-01,49,24,11,145,7105,Partial,Within Lead Time,Q2 2028
PRJ-000154-SP02,PRJ-000154,MAT-1009,2028-07-01,17,8,2,145,2465,Partial,Within Lead Time,Q3 2028
PRJ-000154-SP03,PRJ-000154,MAT-1009,2026-03-01,51,5,2,145,7395,Partial,At Risk,Q1 2026
PRJ-000154-SP04,PRJ-000154,MAT-1003,2026-02-01,3646,1974,536,12,43752,Partial,At Risk,Q1 2026
PRJ-000154-SP05,PRJ-000154,MAT-1004,2026-07-01,5558,1228,6,27,150066,Partial,At Risk,Q3 2026
PRJ-000154-SP06,PRJ-000154,MAT-1005,2028-02-01,16,2,1,26000,416000,Partial,Within Lead Time,Q1 2028
PRJ-000154-SP07,PRJ-000154,MAT-1003,2027-01-01,7039,348,42,12,84468,Partial,Within Lead Time,Q1 2027
PRJ-000154-SP08,PRJ-000154,MAT-1004,2026-12-01,4519,94,28,27,122013,Partial,Within Lead Time,Q4 2026
PRJ-000155-SP01,PRJ-000155,MAT-1011,2028-02-01,49,3,0,130,6370,Partial,Within Lead Time,Q1 2028
PRJ-000155-SP02,PRJ-000155,MAT-1011,2026-09-01,46,38,10,130,5980,Partial,At Risk,Q3 2026
PRJ-000155-SP03,PRJ-000155,MAT-1009,2026-11-01,60,32,12,145,8700,Partial,Within Lead Time,Q4 2026
PRJ-000155-SP04,PRJ-000155,MAT-1001,2028-09-01,7,6,3,2100,14700,Partial,Within Lead Time,Q3 2028
PRJ-000155-SP05,PRJ-000155,MAT-1007,2028-07-01,60,59,57,14500,870000,Partial,Within Lead Time,Q3 2028
PRJ-000155-SP06,PRJ-000155,MAT-1003,2027-08-01,7584,4019,1186,12,91008,Partial,Within Lead Time,Q3 2027
PRJ-000156-SP01,PRJ-000156,MAT-1002,2027-12-01,31,29,6,420,13020,Partial,Within Lead Time,Q4 2027
PRJ-000156-SP02,PRJ-000156,MAT-1002,2028-12-01,54,53,23,420,22680,Partial,Within Lead Time,Q4 2028
PRJ-000156-SP03,PRJ-000156,MAT-1011,2028-04-01,39,1,1,130,5070,Partial,Within Lead Time,Q2 2028
PRJ-000156-SP04,PRJ-000156,MAT-1003,2026-07-01,8051,6224,5055,12,96612,Partial,At Risk,Q3 2026
PRJ-000156-SP05,PRJ-000156,MAT-1010,2027-11-01,8,4,1,980,7840,Partial,Within Lead Time,Q4 2027
PRJ-000156-SP06,PRJ-000156,MAT-1012,2026-04-01,2,0,0,68,136,Not Reserved,At Risk,Q2 2026
PRJ-000156-SP07,PRJ-000156,MAT-1007,2027-04-01,75,17,4,14500,1087500,Partial,Within Lead Time,Q2 2027
PRJ-000156-SP08,PRJ-000156,MAT-1012,2026-03-01,9,3,1,68,612,Partial,At Risk,Q1 2026
PRJ-000157-SP01,PRJ-000157,MAT-1012,2026-06-01,67,41,31,68,4556,Partial,At Risk,Q2 2026
PRJ-000157-SP02,PRJ-000157,MAT-1003,2026-08-01,6603,2181,552,12,79236,Partial,At Risk,Q3 2026
PRJ-000157-SP03,PRJ-000157,MAT-1005,2026-01-01,40,39,10,26000,1040000,Partial,At Risk,Q1 2026
PRJ-000157-SP04,PRJ-000157,MAT-1005,2028-10-01,13,9,3,26000,338000,Partial,Within Lead Time,Q4 2028
PRJ-000157-SP05,PRJ-000157,MAT-1002,2026-05-01,42,15,15,420,17640,Partial,At Risk,Q2 2026
PRJ-000157-SP06,PRJ-000157,MAT-1004,2028-11-01,5465,3807,227,27,147555,Partial,Within Lead Time,Q4 2028
PRJ-000157-SP07,PRJ-000157,MAT-1005,2028-01-01,12,2,1,26000,312000,Partial,Within Lead Time,Q1 2028
PRJ-000157-SP08,PRJ-000157,MAT-1001,2029-01-01,25,1,1,2100,52500,Partial,Within Lead Time,Q1 2029
PRJ-000158-SP01,PRJ-000158,MAT-1008,2026-11-01,66,49,12,19000,1254000,Partial,At Risk,Q4 2026
PRJ-000158-SP02,PRJ-000158,MAT-1011,2026-05-01,78,0,0,130,10140,Not Reserved,At Risk,Q2 2026
PRJ-000158-SP03,PRJ-000158,MAT-1002,2029-01-01,55,2,1,420,23100,Partial,Within Lead Time,Q1 2029
PRJ-000158-SP04,PRJ-000158,MAT-1003,2027-10-01,1802,554,495,12,21624,Partial,Within Lead Time,Q4 2027
PRJ-000158-SP05,PRJ-000158,MAT-1012,2029-01-01,17,2,2,68,1156,Partial,Within Lead Time,Q1 2029
PRJ-000159-SP01,PRJ-000159,MAT-1008,2028-09-01,11,8,5,19000,209000,Partial,Within Lead Time,Q3 2028
PRJ-000159-SP02,PRJ-000159,MAT-1001,2028-11-01,62,35,31,2100,130200,Partial,Within Lead Time,Q4 2028
PRJ-000159-SP03,PRJ-000159,MAT-1007,2028-01-01,24,5,2,14500,348000,Partial,Within Lead Time,Q1 2028
PRJ-000160-SP01,PRJ-000160,MAT-1012,2028-06-01,60,41,17,68,4080,Partial,Within Lead Time,Q2 2028
PRJ-000160-SP02,PRJ-000160,MAT-1001,2028-06-01,14,3,1,2100,29400,Partial,Within Lead Time,Q2 2028
PRJ-000160-SP03,PRJ-000160,MAT-1003,2027-11-01,9586,8824,964,12,115032,Partial,Within Lead Time,Q4 2027
PRJ-000161-SP01,PRJ-000161,MAT-1002,2026-04-01,55,28,9,420,23100,Partial,At Risk,Q2 2026
PRJ-000161-SP02,PRJ-000161,MAT-1012,2028-05-01,32,25,22,68,2176,Partial,Within Lead Time,Q2 2028
PRJ-000161-SP03,PRJ-000161,MAT-1012,2028-03-01,57,45,25,68,3876,Partial,Within Lead Time,Q1 2028
PRJ-000161-SP04,PRJ-000161,MAT-1002,2028-09-01,13,3,2,420,5460,Partial,Within Lead Time,Q3 2028
PRJ-000161-SP05,PRJ-000161,MAT-1012,2026-10-01,77,1,1,68,5236,Partial,Within Lead Time,Q4 2026
PRJ-000162-SP01,PRJ-000162,MAT-1007,2027-08-01,64,36,35,14500,928000,Partial,Within Lead Time,Q3 2027
PRJ-000162-SP02,PRJ-000162,MAT-1003,2027-02-01,1090,353,337,12,13080,Partial,Within Lead Time,Q1 2027
PRJ-000162-SP03,PRJ-000162,MAT-1003,2026-01-01,6846,2391,467,12,82152,Partial,At Risk,Q1 2026
PRJ-000163-SP01,PRJ-000163,MAT-1009,2027-06-01,80,13,0,145,11600,Partial,Within Lead Time,Q2 2027
PRJ-000163-SP02,PRJ-000163,MAT-1004,2027-01-01,2649,109,77,27,71523,Partial,Within Lead Time,Q1 2027
PRJ-000163-SP03,PRJ-000163,MAT-1002,2027-01-01,54,41,36,420,22680,Partial,Within Lead Time,Q1 2027
PRJ-000163-SP04,PRJ-000163,MAT-1002,2027-02-01,75,10,8,420,31500,Partial,Within Lead Time,Q1 2027
PRJ-000163-SP05,PRJ-000163,MAT-1005,2028-10-01,24,23,7,26000,624000,Partial,Within Lead Time,Q4 2028
PRJ-000163-SP06,PRJ-000163,MAT-1002,2026-11-01,21,1,0,420,8820,Partial,Within Lead Time,Q4 2026
PRJ-000163-SP07,PRJ-000163,MAT-1008,2027-03-01,58,36,13,19000,1102000,Partial,Within Lead Time,Q1 2027
PRJ-000164-SP01,PRJ-000164,MAT-1001,2028-07-01,69,47,45,2100,144900,Partial,Within Lead Time,Q3 2028
PRJ-000164-SP02,PRJ-000164,MAT-1003,2028-06-01,9347,3496,2876,12,112164,Partial,Within Lead Time,Q2 2028
PRJ-000164-SP03,PRJ-000164,MAT-1001,2028-03-01,57,45,39,2100,119700,Partial,Within Lead Time,Q1 2028
PRJ-000164-SP04,PRJ-000164,MAT-1007,2026-01-01,67,61,16,14500,971500,Partial,At Risk,Q1 2026
PRJ-000164-SP05,PRJ-000164,MAT-1005,2027-12-01,49,19,18,26000,1274000,Partial,Within Lead Time,Q4 2027
PRJ-000164-SP06,PRJ-000164,MAT-1011,2028-04-01,79,26,19,130,10270,Partial,Within Lead Time,Q2 2028
PRJ-000164-SP07,PRJ-000164,MAT-1012,2026-11-01,13,2,1,68,884,Partial,Within Lead Time,Q4 2026
PRJ-000164-SP08,PRJ-000164,MAT-1011,2028-08-01,33,7,6,130,4290,Partial,Within Lead Time,Q3 2028
PRJ-000165-SP01,PRJ-000165,MAT-1007,2028-06-01,52,25,5,14500,754000,Partial,Within Lead Time,Q2 2028
PRJ-000165-SP02,PRJ-000165,MAT-1005,2028-10-01,21,11,0,26000,546000,Partial,Within Lead Time,Q4 2028
PRJ-000165-SP03,PRJ-000165,MAT-1008,2028-05-01,75,14,4,19000,1425000,Partial,Within Lead Time,Q2 2028
PRJ-000166-SP01,PRJ-000166,MAT-1004,2028-03-01,9379,5186,3174,27,253233,Partial,Within Lead Time,Q1 2028
PRJ-000166-SP02,PRJ-000166,MAT-1012,2028-08-01,34,17,2,68,2312,Partial,Within Lead Time,Q3 2028
PRJ-000166-SP03,PRJ-000166,MAT-1012,2026-09-01,36,20,8,68,2448,Partial,At Risk,Q3 2026
PRJ-000166-SP04,PRJ-000166,MAT-1012,2026-04-01,28,3,1,68,1904,Partial,At Risk,Q2 2026
PRJ-000166-SP05,PRJ-000166,MAT-1004,2027-06-01,8097,4942,3238,27,218619,Partial,Within Lead Time,Q2 2027
PRJ-000167-SP01,PRJ-000167,MAT-1008,2027-04-01,5,4,4,19000,95000,Partial,Within Lead Time,Q2 2027
PRJ-000167-SP02,PRJ-000167,MAT-1010,2028-04-01,34,10,5,980,33320,Partial,Within Lead Time,Q2 2028
PRJ-000168-SP01,PRJ-000168,MAT-1011,2028-06-01,72,2,1,130,9360,Partial,Within Lead Time,Q2 2028
PRJ-000168-SP02,PRJ-000168,MAT-1010,2027-06-01,23,22,9,980,22540,Partial,Within Lead Time,Q2 2027
PRJ-000168-SP03,PRJ-000168,MAT-1009,2026-06-01,9,1,0,145,1305,Partial,At Risk,Q2 2026
PRJ-000169-SP01,PRJ-000169,MAT-1005,2026-05-01,80,72,45,26000,2080000,Partial,At Risk,Q2 2026
PRJ-000169-SP02,PRJ-000169,MAT-1006,2027-05-01,37,8,2,6200,229400,Partial,Within Lead Time,Q2 2027
PRJ-000169-SP03,PRJ-000169,MAT-1004,2026-09-01,1313,93,14,27,35451,Partial,At Risk,Q3 2026
PRJ-000169-SP04,PRJ-000169,MAT-1010,2026-05-01,10,5,5,980,9800,Partial,At Risk,Q2 2026
PRJ-000170-SP01,PRJ-000170,MAT-1012,2028-10-01,24,1,1,68,1632,Partial,Within Lead Time,Q4 2028
PRJ-000170-SP02,PRJ-000170,MAT-1007,2027-03-01,5,1,0,14500,72500,Partial,Within Lead Time,Q1 2027
PRJ-000170-SP03,PRJ-000170,MAT-1003,2028-10-01,5087,636,270,12,61044,Partial,Within Lead Time,Q4 2028
PRJ-000170-SP04,PRJ-000170,MAT-1004,2027-01-01,8923,4515,3298,27,240921,Partial,Within Lead Time,Q1 2027
PRJ-000170-SP05,PRJ-000170,MAT-1003,2029-01-01,8591,6490,4007,12,103092,Partial,Within Lead Time,Q1 2029
PRJ-000170-SP06,PRJ-000170,MAT-1004,2027-05-01,6405,152,94,27,172935,Partial,Within Lead Time,Q2 2027
PRJ-000170-SP07,PRJ-000170,MAT-1002,2027-01-01,22,9,0,420,9240,Partial,Within Lead Time,Q1 2027
PRJ-000170-SP08,PRJ-000170,MAT-1003,2027-02-01,1316,776,225,12,15792,Partial,Within Lead Time,Q1 2027
PRJ-000171-SP01,PRJ-000171,MAT-1009,2027-12-01,16,8,7,145,2320,Partial,Within Lead Time,Q4 2027
PRJ-000171-SP02,PRJ-000171,MAT-1003,2027-07-01,799,517,386,12,9588,Partial,Within Lead Time,Q3 2027
PRJ-000171-SP03,PRJ-000171,MAT-1005,2027-05-01,12,1,0,26000,312000,Partial,Within Lead Time,Q2 2027
PRJ-000171-SP04,PRJ-000171,MAT-1007,2026-12-01,72,10,8,14500,1044000,Partial,At Risk,Q4 2026
PRJ-000171-SP05,PRJ-000171,MAT-1012,2026-05-01,2,1,0,68,136,Partial,At Risk,Q2 2026
PRJ-000171-SP06,PRJ-000171,MAT-1004,2028-09-01,4668,4330,3546,27,126036,Partial,Within Lead Time,Q3 2028
PRJ-000171-SP07,PRJ-000171,MAT-1012,2028-01-01,73,21,11,68,4964,Partial,Within Lead Time,Q1 2028
PRJ-000171-SP08,PRJ-000171,MAT-1010,2028-02-01,55,38,20,980,53900,Partial,Within Lead Time,Q1 2028
PRJ-000172-SP01,PRJ-000172,MAT-1007,2027-04-01,21,17,15,14500,304500,Partial,Within Lead Time,Q2 2027
PRJ-000172-SP02,PRJ-000172,MAT-1009,2026-11-01,61,17,16,145,8845,Partial,Within Lead Time,Q4 2026
PRJ-000172-SP03,PRJ-000172,MAT-1001,2026-01-01,17,14,4,2100,35700,Partial,At Risk,Q1 2026
PRJ-000172-SP04,PRJ-000172,MAT-1011,2026-03-01,42,27,24,130,5460,Partial,At Risk,Q1 2026
PRJ-000172-SP05,PRJ-000172,MAT-1012,2028-08-01,18,13,10,68,1224,Partial,Within Lead Time,Q3 2028
PRJ-000172-SP06,PRJ-000172,MAT-1007,2026-05-01,65,39,2,14500,942500,Partial,At Risk,Q2 2026
PRJ-000173-SP01,PRJ-000173,MAT-1010,2028-03-01,17,9,8,980,16660,Partial,Within Lead Time,Q1 2028
PRJ-000173-SP02,PRJ-000173,MAT-1005,2027-01-01,79,23,23,26000,2054000,Partial,Within Lead Time,Q1 2027
PRJ-000173-SP03,PRJ-000173,MAT-1002,2028-03-01,23,14,5,420,9660,Partial,Within Lead Time,Q1 2028
PRJ-000173-SP04,PRJ-000173,MAT-1011,2027-09-01,38,21,6,130,4940,Partial,Within Lead Time,Q3 2027
PRJ-000173-SP05,PRJ-000173,MAT-1007,2028-08-01,49,35,30,14500,710500,Partial,Within Lead Time,Q3 2028
PRJ-000173-SP06,PRJ-000173,MAT-1010,2026-02-01,22,15,1,980,21560,Partial,At Risk,Q1 2026
PRJ-000174-SP01,PRJ-000174,MAT-1002,2027-11-01,42,19,12,420,17640,Partial,Within Lead Time,Q4 2027
PRJ-000174-SP02,PRJ-000174,MAT-1006,2028-02-01,78,60,15,6200,483600,Partial,Within Lead Time,Q1 2028
PRJ-000174-SP03,PRJ-000174,MAT-1012,2027-10-01,27,4,3,68,1836,Partial,Within Lead Time,Q4 2027
PRJ-000174-SP04,PRJ-000174,MAT-1002,2026-02-01,67,41,14,420,28140,Partial,At Risk,Q1 2026
PRJ-000174-SP05,PRJ-000174,MAT-1004,2028-01-01,2163,384,115,27,58401,Partial,Within Lead Time,Q1 2028
PRJ-000175-SP01,PRJ-000175,MAT-1001,2026-05-01,45,45,16,2100,94500,Partial,At Risk,Q2 2026
PRJ-000175-SP02,PRJ-000175,MAT-1003,2026-03-01,1030,512,458,12,12360,Partial,At Risk,Q1 2026
PRJ-000176-SP01,PRJ-000176,MAT-1006,2028-06-01,45,39,1,6200,279000,Partial,Within Lead Time,Q2 2028
PRJ-000176-SP02,PRJ-000176,MAT-1008,2026-09-01,36,29,26,19000,684000,Partial,At Risk,Q3 2026
PRJ-000176-SP03,PRJ-000176,MAT-1001,2028-01-01,44,35,31,2100,92400,Partial,Within Lead Time,Q1 2028
PRJ-000176-SP04,PRJ-000176,MAT-1008,2027-03-01,74,14,10,19000,1406000,Partial,Within Lead Time,Q1 2027
PRJ-000177-SP01,PRJ-000177,MAT-1007,2027-03-01,64,24,14,14500,928000,Partial,Within Lead Time,Q1 2027
PRJ-000177-SP02,PRJ-000177,MAT-1011,2028-05-01,67,44,39,130,8710,Partial,Within Lead Time,Q2 2028
PRJ-000177-SP03,PRJ-000177,MAT-1012,2028-04-01,55,36,28,68,3740,Partial,Within Lead Time,Q2 2028
PRJ-000177-SP04,PRJ-000177,MAT-1002,2026-12-01,74,70,9,420,31080,Partial,Within Lead Time,Q4 2026
PRJ-000177-SP05,PRJ-000177,MAT-1001,2028-10-01,42,0,0,2100,88200,Not Reserved,Within Lead Time,Q4 2028
PRJ-000177-SP06,PRJ-000177,MAT-1006,2028-04-01,38,18,7,6200,235600,Partial,Within Lead Time,Q2 2028
PRJ-000177-SP07,PRJ-000177,MAT-1002,2027-12-01,41,27,18,420,17220,Partial,Within Lead Time,Q4 2027
PRJ-000177-SP08,PRJ-000177,MAT-1007,2026-10-01,35,1,1,14500,507500,Partial,At Risk,Q4 2026
PRJ-000178-SP01,PRJ-000178,MAT-1007,2026-08-01,75,71,17,14500,1087500,Partial,At Risk,Q3 2026
PRJ-000178-SP02,PRJ-000178,MAT-1001,2027-08-01,29,4,4,2100,60900,Partial,Within Lead Time,Q3 2027
PRJ-000178-SP03,PRJ-000178,MAT-1010,2027-11-01,39,4,3,980,38220,Partial,Within Lead Time,Q4 2027
PRJ-000178-SP04,PRJ-000178,MAT-1011,2028-11-01,48,8,5,130,6240,Partial,Within Lead Time,Q4 2028
PRJ-000179-SP01,PRJ-000179,MAT-1009,2026-10-01,21,12,4,145,3045,Partial,Within Lead Time,Q4 2026
PRJ-000179-SP02,PRJ-000179,MAT-1010,2026-06-01,9,0,0,980,8820,Not Reserved,At Risk,Q2 2026
PRJ-000179-SP03,PRJ-000179,MAT-1006,2027-07-01,53,13,8,6200,328600,Partial,Within Lead Time,Q3 2027
PRJ-000180-SP01,PRJ-000180,MAT-1007,2027-03-01,61,6,1,14500,884500,Partial,Within Lead Time,Q1 2027
PRJ-000180-SP02,PRJ-000180,MAT-1008,2027-05-01,59,43,38,19000,1121000,Partial,Within Lead Time,Q2 2027
PRJ-000180-SP03,PRJ-000180,MAT-1007,2027-01-01,19,2,1,14500,275500,Partial,Within Lead Time,Q1 2027
PRJ-000181-SP01,PRJ-000181,MAT-1009,2026-06-01,43,14,11,145,6235,Partial,At Risk,Q2 2026
PRJ-000181-SP02,PRJ-000181,MAT-1005,2028-01-01,68,54,9,26000,1768000,Partial,Within Lead Time,Q1 2028
PRJ-000181-SP03,PRJ-000181,MAT-1006,2028-05-01,10,5,4,6200,62000,Partial,Within Lead Time,Q2 2028
PRJ-000181-SP04,PRJ-000181,MAT-1006,2026-11-01,16,6,6,6200,99200,Partial,At Risk,Q4 2026
PRJ-000181-SP05,PRJ-000181,MAT-1003,2026-02-01,8860,4114,1004,12,106320,Partial,At Risk,Q1 2026
PRJ-000181-SP06,PRJ-000181,MAT-1002,2026-12-01,20,3,2,420,8400,Partial,Within Lead Time,Q4 2026
PRJ-000182-SP01,PRJ-000182,MAT-1007,2026-04-01,33,29,15,14500,478500,Partial,At Risk,Q2 2026
PRJ-000182-SP02,PRJ-000182,MAT-1003,2026-12-01,5944,180,34,12,71328,Partial,Within Lead Time,Q4 2026
PRJ-000183-SP01,PRJ-000183,MAT-1011,2027-07-01,61,52,37,130,7930,Partial,Within Lead Time,Q3 2027
PRJ-000183-SP02,PRJ-000183,MAT-1012,2026-10-01,19,12,8,68,1292,Partial,Within Lead Time,Q4 2026
PRJ-000183-SP03,PRJ-000183,MAT-1012,2028-01-01,12,9,3,68,816,Partial,Within Lead Time,Q1 2028
PRJ-000183-SP04,PRJ-000183,MAT-1010,2026-12-01,26,1,0,980,25480,Partial,Within Lead Time,Q4 2026
PRJ-000183-SP05,PRJ-000183,MAT-1008,2026-03-01,64,36,2,19000,1216000,Partial,At Risk,Q1 2026
PRJ-000183-SP06,PRJ-000183,MAT-1011,2026-09-01,44,10,7,130,5720,Partial,At Risk,Q3 2026
PRJ-000183-SP07,PRJ-000183,MAT-1012,2026-10-01,69,16,1,68,4692,Partial,Within Lead Time,Q4 2026
PRJ-000183-SP08,PRJ-000183,MAT-1002,2028-11-01,31,12,5,420,13020,Partial,Within Lead Time,Q4 2028
PRJ-000184-SP01,PRJ-000184,MAT-1009,2027-07-01,6,2,1,145,870,Partial,Within Lead Time,Q3 2027
PRJ-000184-SP02,PRJ-000184,MAT-1001,2027-08-01,14,7,6,2100,29400,Partial,Within Lead Time,Q3 2027
PRJ-000184-SP03,PRJ-000184,MAT-1011,2026-11-01,44,21,15,130,5720,Partial,Within Lead Time,Q4 2026
PRJ-000184-SP04,PRJ-000184,MAT-1004,2028-08-01,5229,4094,266,27,141183,Partial,Within Lead Time,Q3 2028
PRJ-000184-SP05,PRJ-000184,MAT-1012,2026-03-01,70,55,23,68,4760,Partial,At Risk,Q1 2026
PRJ-000184-SP06,PRJ-000184,MAT-1011,2029-01-01,55,35,22,130,7150,Partial,Within Lead Time,Q1 2029
PRJ-000184-SP07,PRJ-000184,MAT-1004,2029-01-01,8329,2851,1214,27,224883,Partial,Within Lead Time,Q1 2029
PRJ-000184-SP08,PRJ-000184,MAT-1006,2027-05-01,6,4,0,6200,37200,Partial,Within Lead Time,Q2 2027
PRJ-000185-SP01,PRJ-000185,MAT-1012,2029-01-01,67,1,1,68,4556,Partial,Within Lead Time,Q1 2029
PRJ-000185-SP02,PRJ-000185,MAT-1007,2028-01-01,8,3,3,14500,116000,Partial,Within Lead Time,Q1 2028
PRJ-000185-SP03,PRJ-000185,MAT-1008,2027-05-01,16,4,0,19000,304000,Partial,Within Lead Time,Q2 2027
PRJ-000185-SP04,PRJ-000185,MAT-1010,2028-05-01,34,26,19,980,33320,Partial,Within Lead Time,Q2 2028
PRJ-000185-SP05,PRJ-000185,MAT-1004,2027-03-01,917,722,658,27,24759,Partial,Within Lead Time,Q1 2027
PRJ-000186-SP01,PRJ-000186,MAT-1011,2027-12-01,28,15,10,130,3640,Partial,Within Lead Time,Q4 2027
PRJ-000186-SP02,PRJ-000186,MAT-1004,2027-10-01,7143,6252,3947,27,192861,Partial,Within Lead Time,Q4 2027
PRJ-000186-SP03,PRJ-000186,MAT-1012,2026-12-01,33,4,3,68,2244,Partial,Within Lead Time,Q4 2026
PRJ-000186-SP04,PRJ-000186,MAT-1010,2028-12-01,24,4,1,980,23520,Partial,Within Lead Time,Q4 2028
PRJ-000186-SP05,PRJ-000186,MAT-1002,2027-04-01,73,67,22,420,30660,Partial,Within Lead Time,Q2 2027
PRJ-000187-SP01,PRJ-000187,MAT-1011,2026-06-01,26,13,8,130,3380,Partial,At Risk,Q2 2026
PRJ-000187-SP02,PRJ-000187,MAT-1011,2026-02-01,54,52,3,130,7020,Partial,At Risk,Q1 2026
PRJ-000187-SP03,PRJ-000187,MAT-1006,2026-10-01,80,36,9,6200,496000,Partial,At Risk,Q4 2026
PRJ-000187-SP04,PRJ-000187,MAT-1001,2027-09-01,70,3,0,2100,147000,Partial,Within Lead Time,Q3 2027
PRJ-000187-SP05,PRJ-000187,MAT-1004,2026-06-01,7257,4539,575,27,195939,Partial,At Risk,Q2 2026
PRJ-000187-SP06,PRJ-000187,MAT-1009,2027-09-01,27,9,5,145,3915,Partial,Within Lead Time,Q3 2027
PRJ-000187-SP07,PRJ-000187,MAT-1007,2027-04-01,59,36,19,14500,855500,Partial,Within Lead Time,Q2 2027
PRJ-000188-SP01,PRJ-000188,MAT-1008,2028-10-01,79,18,0,19000,1501000,Partial,Within Lead Time,Q4 2028
PRJ-000188-SP02,PRJ-000188,MAT-1002,2028-08-01,63,15,14,420,26460,Partial,Within Lead Time,Q3 2028
PRJ-000188-SP03,PRJ-000188,MAT-1003,2026-02-01,7846,5833,2880,12,94152,Partial,At Risk,Q1 2026
PRJ-000188-SP04,PRJ-000188,MAT-1012,2027-11-01,75,41,33,68,5100,Partial,Within Lead Time,Q4 2027
PRJ-000188-SP05,PRJ-000188,MAT-1010,2026-09-01,62,19,8,980,60760,Partial,At Risk,Q3 2026
PRJ-000189-SP01,PRJ-000189,MAT-1001,2028-11-01,63,46,22,2100,132300,Partial,Within Lead Time,Q4 2028
PRJ-000189-SP02,PRJ-000189,MAT-1003,2028-10-01,7285,2300,2003,12,87420,Partial,Within Lead Time,Q4 2028
PRJ-000189-SP03,PRJ-000189,MAT-1007,2028-11-01,41,20,9,14500,594500,Partial,Within Lead Time,Q4 2028
PRJ-000189-SP04,PRJ-000189,MAT-1007,2026-05-01,37,37,9,14500,536500,Partial,At Risk,Q2 2026
PRJ-000189-SP05,PRJ-000189,MAT-1011,2026-06-01,74,58,5,130,9620,Partial,At Risk,Q2 2026
PRJ-000190-SP01,PRJ-000190,MAT-1002,2026-03-01,63,31,26,420,26460,Partial,At Risk,Q1 2026
PRJ-000190-SP02,PRJ-000190,MAT-1009,2027-04-01,68,58,10,145,9860,Partial,Within Lead Time,Q2 2027
PRJ-000190-SP03,PRJ-000190,MAT-1006,2026-08-01,31,22,19,6200,192200,Partial,At Risk,Q3 2026
PRJ-000190-SP04,PRJ-000190,MAT-1012,2027-01-01,9,5,2,68,612,Partial,Within Lead Time,Q1 2027
PRJ-000191-SP01,PRJ-000191,MAT-1003,2026-12-01,8458,7310,4475,12,101496,Partial,Within Lead Time,Q4 2026
PRJ-000191-SP02,PRJ-000191,MAT-1005,2026-01-01,79,8,5,26000,2054000,Partial,At Risk,Q1 2026
PRJ-000191-SP03,PRJ-000191,MAT-1002,2028-04-01,43,13,11,420,18060,Partial,Within Lead Time,Q2 2028
PRJ-000191-SP04,PRJ-000191,MAT-1011,2026-03-01,64,26,4,130,8320,Partial,At Risk,Q1 2026
PRJ-000191-SP05,PRJ-000191,MAT-1005,2027-10-01,48,35,14,26000,1248000,Partial,Within Lead Time,Q4 2027
PRJ-000192-SP01,PRJ-000192,MAT-1008,2027-09-01,67,46,2,19000,1273000,Partial,Within Lead Time,Q3 2027
PRJ-000192-SP02,PRJ-000192,MAT-1011,2028-11-01,22,21,3,130,2860,Partial,Within Lead Time,Q4 2028
PRJ-000192-SP03,PRJ-000192,MAT-1003,2027-08-01,3658,464,141,12,43896,Partial,Within Lead Time,Q3 2027
PRJ-000192-SP04,PRJ-000192,MAT-1007,2027-11-01,49,37,32,14500,710500,Partial,Within Lead Time,Q4 2027
PRJ-000192-SP05,PRJ-000192,MAT-1012,2026-12-01,34,18,13,68,2312,Partial,Within Lead Time,Q4 2026
PRJ-000192-SP06,PRJ-000192,MAT-1005,2026-08-01,6,2,1,26000,156000,Partial,At Risk,Q3 2026
PRJ-000192-SP07,PRJ-000192,MAT-1008,2028-07-01,37,15,4,19000,703000,Partial,Within Lead Time,Q3 2028
PRJ-000193-SP01,PRJ-000193,MAT-1005,2028-12-01,72,52,19,26000,1872000,Partial,Within Lead Time,Q4 2028
PRJ-000193-SP02,PRJ-000193,MAT-1006,2028-04-01,36,31,11,6200,223200,Partial,Within Lead Time,Q2 2028
PRJ-000194-SP01,PRJ-000194,MAT-1007,2027-04-01,32,6,5,14500,464000,Partial,Within Lead Time,Q2 2027
PRJ-000194-SP02,PRJ-000194,MAT-1005,2028-03-01,78,61,19,26000,2028000,Partial,Within Lead Time,Q1 2028
PRJ-000195-SP01,PRJ-000195,MAT-1007,2027-01-01,50,24,15,14500,725000,Partial,Within Lead Time,Q1 2027
PRJ-000195-SP02,PRJ-000195,MAT-1008,2026-04-01,11,9,2,19000,209000,Partial,At Risk,Q2 2026
PRJ-000195-SP03,PRJ-000195,MAT-1005,2027-12-01,19,14,6,26000,494000,Partial,Within Lead Time,Q4 2027
PRJ-000195-SP04,PRJ-000195,MAT-1007,2026-11-01,71,24,3,14500,1029500,Partial,At Risk,Q4 2026
PRJ-000195-SP05,PRJ-000195,MAT-1006,2026-08-01,14,13,1,6200,86800,Partial,At Risk,Q3 2026
PRJ-000195-SP06,PRJ-000195,MAT-1002,2028-03-01,40,2,2,420,16800,Partial,Within Lead Time,Q1 2028
PRJ-000195-SP07,PRJ-000195,MAT-1005,2027-09-01,66,0,0,26000,1716000,Not Reserved,Within Lead Time,Q3 2027
PRJ-000196-SP01,PRJ-000196,MAT-1006,2028-02-01,24,14,11,6200,148800,Partial,Within Lead Time,Q1 2028
PRJ-000196-SP02,PRJ-000196,MAT-1002,2027-09-01,27,13,3,420,11340,Partial,Within Lead Time,Q3 2027
PRJ-000196-SP03,PRJ-000196,MAT-1008,2028-04-01,29,20,19,19000,551000,Partial,Within Lead Time,Q2 2028
PRJ-000196-SP04,PRJ-000196,MAT-1002,2028-01-01,37,15,11,420,15540,Partial,Within Lead Time,Q1 2028
PRJ-000197-SP01,PRJ-000197,MAT-1004,2028-01-01,4950,70,9,27,133650,Partial,Within Lead Time,Q1 2028
PRJ-000197-SP02,PRJ-000197,MAT-1003,2026-01-01,8208,5370,3640,12,98496,Partial,At Risk,Q1 2026
PRJ-000197-SP03,PRJ-000197,MAT-1004,2027-03-01,6152,1704,1522,27,166104,Partial,Within Lead Time,Q1 2027
PRJ-000197-SP04,PRJ-000197,MAT-1011,2027-02-01,73,51,46,130,9490,Partial,Within Lead Time,Q1 2027
PRJ-000197-SP05,PRJ-000197,MAT-1012,2027-04-01,18,3,2,68,1224,Partial,Within Lead Time,Q2 2027
PRJ-000197-SP06,PRJ-000197,MAT-1006,2026-02-01,6,5,5,6200,37200,Partial,At Risk,Q1 2026
PRJ-000197-SP07,PRJ-000197,MAT-1010,2027-12-01,71,49,41,980,69580,Partial,Within Lead Time,Q4 2027
PRJ-000198-SP01,PRJ-000198,MAT-1004,2027-07-01,8153,5009,1993,27,220131,Partial,Within Lead Time,Q3 2027
PRJ-000198-SP02,PRJ-000198,MAT-1003,2028-11-01,4124,714,202,12,49488,Partial,Within Lead Time,Q4 2028
PRJ-000199-SP01,PRJ-000199,MAT-1006,2027-08-01,50,48,20,6200,310000,Partial,Within Lead Time,Q3 2027
PRJ-000199-SP02,PRJ-000199,MAT-1006,2026-11-01,2,2,0,6200,12400,Partial,At Risk,Q4 2026
PRJ-000199-SP03,PRJ-000199,MAT-1008,2028-11-01,43,32,3,19000,817000,Partial,Within Lead Time,Q4 2028
PRJ-000199-SP04,PRJ-000199,MAT-1009,2026-10-01,73,36,32,145,10585,Partial,Within Lead Time,Q4 2026
PRJ-000199-SP05,PRJ-000199,MAT-1011,2026-01-01,79,66,49,130,10270,Partial,At Risk,Q1 2026
PRJ-000199-SP06,PRJ-000199,MAT-1010,2029-01-01,56,32,11,980,54880,Partial,Within Lead Time,Q1 2029
PRJ-000199-SP07,PRJ-000199,MAT-1012,2026-12-01,15,7,2,68,1020,Partial,Within Lead Time,Q4 2026
PRJ-000199-SP08,PRJ-000199,MAT-1005,2028-05-01,62,61,12,26000,1612000,Partial,Within Lead Time,Q2 2028
PRJ-000200-SP01,PRJ-000200,MAT-1011,2027-07-01,66,53,30,130,8580,Partial,Within Lead Time,Q3 2027
PRJ-000200-SP02,PRJ-000200,MAT-1007,2028-11-01,18,12,10,14500,261000,Partial,Within Lead Time,Q4 2028
PRJ-000201-SP01,PRJ-000201,MAT-1001,2029-01-01,31,26,13,2100,65100,Partial,Within Lead Time,Q1 2029
PRJ-000201-SP02,PRJ-000201,MAT-1008,2026-02-01,67,67,23,19000,1273000,Partial,At Risk,Q1 2026
PRJ-000201-SP03,PRJ-000201,MAT-1008,2026-12-01,62,6,5,19000,1178000,Partial,At Risk,Q4 2026
PRJ-000201-SP04,PRJ-000201,MAT-1005,2027-09-01,35,17,9,26000,910000,Partial,Within Lead Time,Q3 2027
PRJ-000202-SP01,PRJ-000202,MAT-1009,2028-03-01,38,28,25,145,5510,Partial,Within Lead Time,Q1 2028
PRJ-000202-SP02,PRJ-000202,MAT-1006,2026-11-01,24,16,1,6200,148800,Partial,At Risk,Q4 2026
PRJ-000202-SP03,PRJ-000202,MAT-1003,2028-04-01,8194,5482,2587,12,98328,Partial,Within Lead Time,Q2 2028
PRJ-000202-SP04,PRJ-000202,MAT-1002,2028-05-01,64,24,11,420,26880,Partial,Within Lead Time,Q2 2028
PRJ-000202-SP05,PRJ-000202,MAT-1008,2026-02-01,12,11,10,19000,228000,Partial,At Risk,Q1 2026
PRJ-000202-SP06,PRJ-000202,MAT-1002,2027-01-01,6,1,1,420,2520,Partial,Within Lead Time,Q1 2027
PRJ-000202-SP07,PRJ-000202,MAT-1012,2027-07-01,41,13,9,68,2788,Partial,Within Lead Time,Q3 2027
PRJ-000202-SP08,PRJ-000202,MAT-1006,2028-06-01,56,25,19,6200,347200,Partial,Within Lead Time,Q2 2028
PRJ-000203-SP01,PRJ-000203,MAT-1011,2026-03-01,34,26,1,130,4420,Partial,At Risk,Q1 2026
PRJ-000203-SP02,PRJ-000203,MAT-1001,2026-03-01,49,36,15,2100,102900,Partial,At Risk,Q1 2026
PRJ-000204-SP01,PRJ-000204,MAT-1003,2027-10-01,7894,3674,2796,12,94728,Partial,Within Lead Time,Q4 2027
PRJ-000204-SP02,PRJ-000204,MAT-1008,2027-04-01,68,4,3,19000,1292000,Partial,Within Lead Time,Q2 2027
PRJ-000204-SP03,PRJ-000204,MAT-1008,2028-05-01,27,2,0,19000,513000,Partial,Within Lead Time,Q2 2028
PRJ-000204-SP04,PRJ-000204,MAT-1007,2026-01-01,57,41,1,14500,826500,Partial,At Risk,Q1 2026
PRJ-000204-SP05,PRJ-000204,MAT-1010,2026-06-01,46,30,15,980,45080,Partial,At Risk,Q2 2026
PRJ-000204-SP06,PRJ-000204,MAT-1006,2028-10-01,50,27,1,6200,310000,Partial,Within Lead Time,Q4 2028
PRJ-000205-SP01,PRJ-000205,MAT-1005,2027-09-01,75,60,46,26000,1950000,Partial,Within Lead Time,Q3 2027
PRJ-000205-SP02,PRJ-000205,MAT-1007,2027-10-01,35,20,16,14500,507500,Partial,Within Lead Time,Q4 2027
PRJ-000205-SP03,PRJ-000205,MAT-1009,2028-03-01,24,6,5,145,3480,Partial,Within Lead Time,Q1 2028
PRJ-000205-SP04,PRJ-000205,MAT-1011,2028-03-01,3,0,0,130,390,Not Reserved,Within Lead Time,Q1 2028
PRJ-000205-SP05,PRJ-000205,MAT-1009,2026-02-01,72,66,30,145,10440,Partial,At Risk,Q1 2026
PRJ-000205-SP06,PRJ-000205,MAT-1002,2029-01-01,26,6,1,420,10920,Partial,Within Lead Time,Q1 2029
PRJ-000205-SP07,PRJ-000205,MAT-1006,2026-09-01,14,12,2,6200,86800,Partial,At Risk,Q3 2026
PRJ-000206-SP01,PRJ-000206,MAT-1002,2028-09-01,63,34,9,420,26460,Partial,Within Lead Time,Q3 2028
PRJ-000206-SP02,PRJ-000206,MAT-1011,2026-06-01,55,55,15,130,7150,Partial,At Risk,Q2 2026
PRJ-000206-SP03,PRJ-000206,MAT-1007,2028-04-01,16,13,2,14500,232000,Partial,Within Lead Time,Q2 2028
PRJ-000206-SP04,PRJ-000206,MAT-1008,2028-01-01,21,1,1,19000,399000,Partial,Within Lead Time,Q1 2028
PRJ-000207-SP01,PRJ-000207,MAT-1004,2026-06-01,3461,1239,194,27,93447,Partial,At Risk,Q2 2026
PRJ-000207-SP02,PRJ-000207,MAT-1011,2028-03-01,33,16,11,130,4290,Partial,Within Lead Time,Q1 2028
PRJ-000208-SP01,PRJ-000208,MAT-1003,2026-09-01,3480,2862,1209,12,41760,Partial,At Risk,Q3 2026
PRJ-000208-SP02,PRJ-000208,MAT-1011,2027-02-01,53,13,9,130,6890,Partial,Within Lead Time,Q1 2027
PRJ-000208-SP03,PRJ-000208,MAT-1011,2026-09-01,70,54,14,130,9100,Partial,At Risk,Q3 2026
PRJ-000208-SP04,PRJ-000208,MAT-1006,2027-01-01,2,2,2,6200,12400,Fulfilled,Within Lead Time,Q1 2027
PRJ-000208-SP05,PRJ-000208,MAT-1005,2026-08-01,72,1,1,26000,1872000,Partial,At Risk,Q3 2026
PRJ-000209-SP01,PRJ-000209,MAT-1009,2028-04-01,67,10,1,145,9715,Partial,Within Lead Time,Q2 2028
PRJ-000209-SP02,PRJ-000209,MAT-1008,2028-03-01,5,4,1,19000,95000,Partial,Within Lead Time,Q1 2028
PRJ-000209-SP03,PRJ-000209,MAT-1004,2027-07-01,2382,693,596,27,64314,Partial,Within Lead Time,Q3 2027
PRJ-000209-SP04,PRJ-000209,MAT-1006,2026-09-01,45,15,1,6200,279000,Partial,At Risk,Q3 2026
PRJ-000209-SP05,PRJ-000209,MAT-1009,2027-10-01,51,49,41,145,7395,Partial,Within Lead Time,Q4 2027
PRJ-000210-SP01,PRJ-000210,MAT-1008,2027-09-01,67,1,1,19000,1273000,Partial,Within Lead Time,Q3 2027
PRJ-000210-SP02,PRJ-000210,MAT-1004,2027-04-01,3111,1016,598,27,83997,Partial,Within Lead Time,Q2 2027
PRJ-000210-SP03,PRJ-000210,MAT-1004,2028-10-01,3820,1418,1364,27,103140,Partial,Within Lead Time,Q4 2028
PRJ-000210-SP04,PRJ-000210,MAT-1010,2027-08-01,76,28,11,980,74480,Partial,Within Lead Time,Q3 2027
PRJ-000210-SP05,PRJ-000210,MAT-1009,2029-01-01,43,15,6,145,6235,Partial,Within Lead Time,Q1 2029
PRJ-000210-SP06,PRJ-000210,MAT-1010,2026-09-01,29,1,1,980,28420,Partial,At Risk,Q3 2026
PRJ-000210-SP07,PRJ-000210,MAT-1008,2026-08-01,32,9,4,19000,608000,Partial,At Risk,Q3 2026
PRJ-000210-SP08,PRJ-000210,MAT-1008,2027-08-01,21,16,10,19000,399000,Partial,Within Lead Time,Q3 2027
PRJ-000211-SP01,PRJ-000211,MAT-1005,2027-11-01,33,16,0,26000,858000,Partial,Within Lead Time,Q4 2027
PRJ-000211-SP02,PRJ-000211,MAT-1009,2027-02-01,57,50,48,145,8265,Partial,Within Lead Time,Q1 2027
PRJ-000211-SP03,PRJ-000211,MAT-1011,2028-01-01,74,32,10,130,9620,Partial,Within Lead Time,Q1 2028
PRJ-000211-SP04,PRJ-000211,MAT-1012,2027-06-01,6,5,4,68,408,Partial,Within Lead Time,Q2 2027
PRJ-000211-SP05,PRJ-000211,MAT-1011,2027-11-01,48,23,3,130,6240,Partial,Within Lead Time,Q4 2027
PRJ-000211-SP06,PRJ-000211,MAT-1002,2027-05-01,52,39,35,420,21840,Partial,Within Lead Time,Q2 2027
PRJ-000212-SP01,PRJ-000212,MAT-1003,2028-08-01,2444,34,18,12,29328,Partial,Within Lead Time,Q3 2028
PRJ-000212-SP02,PRJ-000212,MAT-1001,2026-07-01,54,40,23,2100,113400,Partial,At Risk,Q3 2026
PRJ-000212-SP03,PRJ-000212,MAT-1002,2026-10-01,36,34,33,420,15120,Partial,Within Lead Time,Q4 2026
PRJ-000212-SP04,PRJ-000212,MAT-1002,2026-12-01,35,8,1,420,14700,Partial,Within Lead Time,Q4 2026
PRJ-000213-SP01,PRJ-000213,MAT-1009,2027-08-01,59,3,2,145,8555,Partial,Within Lead Time,Q3 2027
PRJ-000213-SP02,PRJ-000213,MAT-1010,2028-03-01,29,12,6,980,28420,Partial,Within Lead Time,Q1 2028
PRJ-000214-SP01,PRJ-000214,MAT-1003,2027-10-01,6573,4648,3427,12,78876,Partial,Within Lead Time,Q4 2027
PRJ-000214-SP02,PRJ-000214,MAT-1003,2027-03-01,6645,1658,1215,12,79740,Partial,Within Lead Time,Q1 2027
PRJ-000214-SP03,PRJ-000214,MAT-1003,2027-12-01,8266,3497,2653,12,99192,Partial,Within Lead Time,Q4 2027
PRJ-000214-SP04,PRJ-000214,MAT-1002,2028-12-01,62,57,52,420,26040,Partial,Within Lead Time,Q4 2028
PRJ-000214-SP05,PRJ-000214,MAT-1006,2027-07-01,51,31,7,6200,316200,Partial,Within Lead Time,Q3 2027
PRJ-000214-SP06,PRJ-000214,MAT-1007,2027-02-01,75,71,42,14500,1087500,Partial,Within Lead Time,Q1 2027
PRJ-000215-SP01,PRJ-000215,MAT-1003,2028-04-01,2108,952,481,12,25296,Partial,Within Lead Time,Q2 2028
PRJ-000215-SP02,PRJ-000215,MAT-1010,2028-06-01,63,17,2,980,61740,Partial,Within Lead Time,Q2 2028
PRJ-000215-SP03,PRJ-000215,MAT-1002,2028-05-01,72,57,7,420,30240,Partial,Within Lead Time,Q2 2028
PRJ-000216-SP01,PRJ-000216,MAT-1003,2029-01-01,5829,4585,3173,12,69948,Partial,Within Lead Time,Q1 2029
PRJ-000216-SP02,PRJ-000216,MAT-1012,2027-01-01,67,44,13,68,4556,Partial,Within Lead Time,Q1 2027
PRJ-000216-SP03,PRJ-000216,MAT-1012,2027-01-01,24,15,2,68,1632,Partial,Within Lead Time,Q1 2027
PRJ-000216-SP04,PRJ-000216,MAT-1005,2026-04-01,6,3,2,26000,156000,Partial,At Risk,Q2 2026
PRJ-000216-SP05,PRJ-000216,MAT-1008,2026-04-01,54,17,2,19000,1026000,Partial,At Risk,Q2 2026
PRJ-000216-SP06,PRJ-000216,MAT-1012,2029-01-01,25,3,0,68,1700,Partial,Within Lead Time,Q1 2029
PRJ-000217-SP01,PRJ-000217,MAT-1002,2028-11-01,16,15,1,420,6720,Partial,Within Lead Time,Q4 2028
PRJ-000217-SP02,PRJ-000217,MAT-1006,2026-03-01,61,4,2,6200,378200,Partial,At Risk,Q1 2026
PRJ-000217-SP03,PRJ-000217,MAT-1008,2026-10-01,29,16,7,19000,551000,Partial,At Risk,Q4 2026
PRJ-000217-SP04,PRJ-000217,MAT-1006,2028-06-01,5,0,0,6200,31000,Not Reserved,Within Lead Time,Q2 2028
PRJ-000217-SP05,PRJ-000217,MAT-1012,2028-07-01,79,75,12,68,5372,Partial,Within Lead Time,Q3 2028
PRJ-000217-SP06,PRJ-000217,MAT-1011,2027-07-01,29,16,12,130,3770,Partial,Within Lead Time,Q3 2027
PRJ-000217-SP07,PRJ-000217,MAT-1012,2026-06-01,73,60,26,68,4964,Partial,At Risk,Q2 2026
PRJ-000217-SP08,PRJ-000217,MAT-1006,2028-04-01,11,5,3,6200,68200,Partial,Within Lead Time,Q2 2028
PRJ-000218-SP01,PRJ-000218,MAT-1003,2027-11-01,7350,3167,1098,12,88200,Partial,Within Lead Time,Q4 2027
PRJ-000218-SP02,PRJ-000218,MAT-1003,2028-10-01,7212,1616,150,12,86544,Partial,Within Lead Time,Q4 2028
PRJ-000218-SP03,PRJ-000218,MAT-1004,2027-02-01,754,714,6,27,20358,Partial,Within Lead Time,Q1 2027
PRJ-000218-SP04,PRJ-000218,MAT-1004,2027-06-01,2943,2461,2239,27,79461,Partial,Within Lead Time,Q2 2027
PRJ-000219-SP01,PRJ-000219,MAT-1011,2027-04-01,34,21,14,130,4420,Partial,Within Lead Time,Q2 2027
PRJ-000219-SP02,PRJ-000219,MAT-1003,2026-01-01,4311,1029,750,12,51732,Partial,At Risk,Q1 2026
PRJ-000219-SP03,PRJ-000219,MAT-1009,2027-01-01,67,25,10,145,9715,Partial,Within Lead Time,Q1 2027
PRJ-000219-SP04,PRJ-000219,MAT-1007,2027-06-01,54,49,30,14500,783000,Partial,Within Lead Time,Q2 2027
PRJ-000219-SP05,PRJ-000219,MAT-1004,2028-11-01,2537,1314,651,27,68499,Partial,Within Lead Time,Q4 2028
PRJ-000219-SP06,PRJ-000219,MAT-1008,2028-08-01,62,55,19,19000,1178000,Partial,Within Lead Time,Q3 2028
PRJ-000219-SP07,PRJ-000219,MAT-1005,2026-02-01,67,55,29,26000,1742000,Partial,At Risk,Q1 2026
PRJ-000219-SP08,PRJ-000219,MAT-1011,2028-08-01,76,44,37,130,9880,Partial,Within Lead Time,Q3 2028
PRJ-000220-SP01,PRJ-000220,MAT-1003,2028-08-01,939,678,202,12,11268,Partial,Within Lead Time,Q3 2028
PRJ-000220-SP02,PRJ-000220,MAT-1010,2027-04-01,17,15,0,980,16660,Partial,Within Lead Time,Q2 2027
PRJ-000220-SP03,PRJ-000220,MAT-1010,2026-09-01,63,15,9,980,61740,Partial,At Risk,Q3 2026
PRJ-000220-SP04,PRJ-000220,MAT-1005,2026-03-01,71,38,36,26000,1846000,Partial,At Risk,Q1 2026
PRJ-000220-SP05,PRJ-000220,MAT-1005,2028-05-01,44,2,1,26000,1144000,Partial,Within Lead Time,Q2 2028
PRJ-000221-SP01,PRJ-000221,MAT-1006,2026-09-01,22,12,8,6200,136400,Partial,At Risk,Q3 2026
PRJ-000221-SP02,PRJ-000221,MAT-1007,2028-11-01,27,9,2,14500,391500,Partial,Within Lead Time,Q4 2028
PRJ-000221-SP03,PRJ-000221,MAT-1001,2026-07-01,15,3,2,2100,31500,Partial,At Risk,Q3 2026
PRJ-000221-SP04,PRJ-000221,MAT-1012,2027-11-01,36,19,12,68,2448,Partial,Within Lead Time,Q4 2027
PRJ-000221-SP05,PRJ-000221,MAT-1001,2028-02-01,62,34,21,2100,130200,Partial,Within Lead Time,Q1 2028
PRJ-000222-SP01,PRJ-000222,MAT-1012,2028-10-01,65,54,9,68,4420,Partial,Within Lead Time,Q4 2028
PRJ-000222-SP02,PRJ-000222,MAT-1003,2027-04-01,9170,1702,963,12,110040,Partial,Within Lead Time,Q2 2027
PRJ-000222-SP03,PRJ-000222,MAT-1011,2028-12-01,55,41,41,130,7150,Partial,Within Lead Time,Q4 2028
PRJ-000222-SP04,PRJ-000222,MAT-1003,2026-01-01,3986,1440,84,12,47832,Partial,At Risk,Q1 2026
PRJ-000222-SP05,PRJ-000222,MAT-1002,2027-04-01,31,26,24,420,13020,Partial,Within Lead Time,Q2 2027
PRJ-000222-SP06,PRJ-000222,MAT-1012,2028-12-01,33,18,16,68,2244,Partial,Within Lead Time,Q4 2028
PRJ-000222-SP07,PRJ-000222,MAT-1010,2027-04-01,15,14,3,980,14700,Partial,Within Lead Time,Q2 2027
PRJ-000223-SP01,PRJ-000223,MAT-1007,2028-07-01,67,1,0,14500,971500,Partial,Within Lead Time,Q3 2028
PRJ-000223-SP02,PRJ-000223,MAT-1003,2026-03-01,9523,2615,857,12,114276,Partial,At Risk,Q1 2026
PRJ-000223-SP03,PRJ-000223,MAT-1006,2027-03-01,55,6,4,6200,341000,Partial,Within Lead Time,Q1 2027
PRJ-000223-SP04,PRJ-000223,MAT-1012,2029-01-01,52,27,3,68,3536,Partial,Within Lead Time,Q1 2029
PRJ-000223-SP05,PRJ-000223,MAT-1001,2027-05-01,79,40,8,2100,165900,Partial,Within Lead Time,Q2 2027
PRJ-000223-SP06,PRJ-000223,MAT-1004,2028-04-01,3780,1377,700,27,102060,Partial,Within Lead Time,Q2 2028
PRJ-000223-SP07,PRJ-000223,MAT-1003,2028-08-01,3205,2780,1503,12,38460,Partial,Within Lead Time,Q3 2028
PRJ-000224-SP01,PRJ-000224,MAT-1012,2026-03-01,55,39,14,68,3740,Partial,At Risk,Q1 2026
PRJ-000224-SP02,PRJ-000224,MAT-1005,2028-04-01,76,63,8,26000,1976000,Partial,Within Lead Time,Q2 2028
PRJ-000224-SP03,PRJ-000224,MAT-1004,2028-04-01,5369,3248,3246,27,144963,Partial,Within Lead Time,Q2 2028
PRJ-000224-SP04,PRJ-000224,MAT-1011,2028-05-01,18,14,5,130,2340,Partial,Within Lead Time,Q2 2028
PRJ-000224-SP05,PRJ-000224,MAT-1009,2026-10-01,28,14,2,145,4060,Partial,Within Lead Time,Q4 2026
PRJ-000224-SP06,PRJ-000224,MAT-1004,2028-12-01,8057,5721,2090,27,217539,Partial,Within Lead Time,Q4 2028
PRJ-000224-SP07,PRJ-000224,MAT-1010,2027-07-01,66,7,5,980,64680,Partial,Within Lead Time,Q3 2027
PRJ-000224-SP08,PRJ-000224,MAT-1011,2026-07-01,11,5,4,130,1430,Partial,At Risk,Q3 2026
PRJ-000225-SP01,PRJ-000225,MAT-1009,2027-10-01,70,48,29,145,10150,Partial,Within Lead Time,Q4 2027
PRJ-000225-SP02,PRJ-000225,MAT-1011,2026-11-01,50,1,0,130,6500,Partial,Within Lead Time,Q4 2026
PRJ-000225-SP03,PRJ-000225,MAT-1008,2028-07-01,33,1,1,19000,627000,Partial,Within Lead Time,Q3 2028
PRJ-000225-SP04,PRJ-000225,MAT-1012,2028-11-01,55,26,14,68,3740,Partial,Within Lead Time,Q4 2028
PRJ-000225-SP05,PRJ-000225,MAT-1005,2028-12-01,22,13,7,26000,572000,Partial,Within Lead Time,Q4 2028
PRJ-000225-SP06,PRJ-000225,MAT-1011,2027-07-01,53,34,6,130,6890,Partial,Within Lead Time,Q3 2027
PRJ-000225-SP07,PRJ-000225,MAT-1007,2027-10-01,23,3,0,14500,333500,Partial,Within Lead Time,Q4 2027
PRJ-000225-SP08,PRJ-000225,MAT-1001,2026-03-01,12,1,1,2100,25200,Partial,At Risk,Q1 2026
PRJ-000226-SP01,PRJ-000226,MAT-1003,2027-02-01,1681,1352,97,12,20172,Partial,Within Lead Time,Q1 2027
PRJ-000226-SP02,PRJ-000226,MAT-1012,2026-05-01,75,7,1,68,5100,Partial,At Risk,Q2 2026
PRJ-000226-SP03,PRJ-000226,MAT-1006,2026-07-01,25,16,12,6200,155000,Partial,At Risk,Q3 2026
PRJ-000227-SP01,PRJ-000227,MAT-1001,2028-01-01,62,50,19,2100,130200,Partial,Within Lead Time,Q1 2028
PRJ-000227-SP02,PRJ-000227,MAT-1003,2027-06-01,2199,477,406,12,26388,Partial,Within Lead Time,Q2 2027
PRJ-000227-SP03,PRJ-000227,MAT-1009,2027-09-01,68,3,2,145,9860,Partial,Within Lead Time,Q3 2027
PRJ-000227-SP04,PRJ-000227,MAT-1012,2029-01-01,29,26,25,68,1972,Partial,Within Lead Time,Q1 2029
PRJ-000228-SP01,PRJ-000228,MAT-1004,2028-04-01,8311,703,42,27,224397,Partial,Within Lead Time,Q2 2028
PRJ-000228-SP02,PRJ-000228,MAT-1008,2027-10-01,72,58,51,19000,1368000,Partial,Within Lead Time,Q4 2027
PRJ-000228-SP03,PRJ-000228,MAT-1006,2027-11-01,65,14,13,6200,403000,Partial,Within Lead Time,Q4 2027
PRJ-000228-SP04,PRJ-000228,MAT-1001,2028-11-01,4,3,2,2100,8400,Partial,Within Lead Time,Q4 2028
PRJ-000228-SP05,PRJ-000228,MAT-1010,2027-09-01,56,23,18,980,54880,Partial,Within Lead Time,Q3 2027
PRJ-000228-SP06,PRJ-000228,MAT-1010,2028-11-01,14,2,0,980,13720,Partial,Within Lead Time,Q4 2028
PRJ-000228-SP07,PRJ-000228,MAT-1007,2027-04-01,14,5,1,14500,203000,Partial,Within Lead Time,Q2 2027
PRJ-000228-SP08,PRJ-000228,MAT-1011,2028-03-01,76,30,11,130,9880,Partial,Within Lead Time,Q1 2028
PRJ-000229-SP01,PRJ-000229,MAT-1005,2026-05-01,23,7,7,26000,598000,Partial,At Risk,Q2 2026
PRJ-000229-SP02,PRJ-000229,MAT-1010,2026-08-01,80,12,2,980,78400,Partial,At Risk,Q3 2026
PRJ-000229-SP03,PRJ-000229,MAT-1011,2026-07-01,67,1,0,130,8710,Partial,At Risk,Q3 2026
PRJ-000229-SP04,PRJ-000229,MAT-1005,2028-03-01,7,5,5,26000,182000,Partial,Within Lead Time,Q1 2028
PRJ-000230-SP01,PRJ-000230,MAT-1001,2027-05-01,57,29,4,2100,119700,Partial,Within Lead Time,Q2 2027
PRJ-000230-SP02,PRJ-000230,MAT-1006,2027-12-01,4,2,2,6200,24800,Partial,Within Lead Time,Q4 2027
PRJ-000231-SP01,PRJ-000231,MAT-1004,2028-02-01,9771,3654,2645,27,263817,Partial,Within Lead Time,Q1 2028
PRJ-000231-SP02,PRJ-000231,MAT-1011,2027-10-01,16,2,2,130,2080,Partial,Within Lead Time,Q4 2027
PRJ-000231-SP03,PRJ-000231,MAT-1002,2026-04-01,30,27,16,420,12600,Partial,At Risk,Q2 2026
PRJ-000231-SP04,PRJ-000231,MAT-1011,2028-05-01,65,23,13,130,8450,Partial,Within Lead Time,Q2 2028
PRJ-000231-SP05,PRJ-000231,MAT-1012,2027-08-01,10,2,1,68,680,Partial,Within Lead Time,Q3 2027
PRJ-000231-SP06,PRJ-000231,MAT-1006,2028-07-01,57,23,14,6200,353400,Partial,Within Lead Time,Q3 2028
PRJ-000232-SP01,PRJ-000232,MAT-1006,2026-02-01,74,31,25,6200,458800,Partial,At Risk,Q1 2026
PRJ-000232-SP02,PRJ-000232,MAT-1003,2026-04-01,5113,3747,1534,12,61356,Partial,At Risk,Q2 2026
PRJ-000232-SP03,PRJ-000232,MAT-1002,2027-05-01,19,11,5,420,7980,Partial,Within Lead Time,Q2 2027
PRJ-000232-SP04,PRJ-000232,MAT-1008,2028-08-01,40,27,7,19000,760000,Partial,Within Lead Time,Q3 2028
PRJ-000232-SP05,PRJ-000232,MAT-1011,2027-11-01,64,36,8,130,8320,Partial,Within Lead Time,Q4 2027
PRJ-000232-SP06,PRJ-000232,MAT-1010,2027-12-01,5,2,0,980,4900,Partial,Within Lead Time,Q4 2027
PRJ-000232-SP07,PRJ-000232,MAT-1010,2027-06-01,77,19,2,980,75460,Partial,Within Lead Time,Q2 2027
PRJ-000233-SP01,PRJ-000233,MAT-1008,2028-10-01,12,10,5,19000,228000,Partial,Within Lead Time,Q4 2028
PRJ-000233-SP02,PRJ-000233,MAT-1012,2028-04-01,49,41,21,68,3332,Partial,Within Lead Time,Q2 2028
PRJ-000233-SP03,PRJ-000233,MAT-1009,2028-08-01,46,13,10,145,6670,Partial,Within Lead Time,Q3 2028
PRJ-000233-SP04,PRJ-000233,MAT-1009,2026-09-01,6,3,1,145,870,Partial,At Risk,Q3 2026
PRJ-000233-SP05,PRJ-000233,MAT-1011,2027-03-01,70,61,19,130,9100,Partial,Within Lead Time,Q1 2027
PRJ-000233-SP06,PRJ-000233,MAT-1002,2028-07-01,64,15,11,420,26880,Partial,Within Lead Time,Q3 2028
PRJ-000233-SP07,PRJ-000233,MAT-1005,2027-12-01,54,29,18,26000,1404000,Partial,Within Lead Time,Q4 2027
PRJ-000234-SP01,PRJ-000234,MAT-1004,2026-02-01,1699,1342,241,27,45873,Partial,At Risk,Q1 2026
PRJ-000234-SP02,PRJ-000234,MAT-1003,2026-04-01,4211,1914,1792,12,50532,Partial,At Risk,Q2 2026
PRJ-000234-SP03,PRJ-000234,MAT-1010,2027-07-01,51,41,3,980,49980,Partial,Within Lead Time,Q3 2027
PRJ-000234-SP04,PRJ-000234,MAT-1003,2027-07-01,551,438,362,12,6612,Partial,Within Lead Time,Q3 2027
PRJ-000234-SP05,PRJ-000234,MAT-1012,2028-10-01,18,16,2,68,1224,Partial,Within Lead Time,Q4 2028
PRJ-000234-SP06,PRJ-000234,MAT-1004,2027-09-01,7008,4919,4444,27,189216,Partial,Within Lead Time,Q3 2027
PRJ-000234-SP07,PRJ-000234,MAT-1003,2027-12-01,8077,7490,6820,12,96924,Partial,Within Lead Time,Q4 2027
PRJ-000235-SP01,PRJ-000235,MAT-1005,2026-09-01,47,8,5,26000,1222000,Partial,At Risk,Q3 2026
PRJ-000235-SP02,PRJ-000235,MAT-1004,2028-08-01,2497,452,163,27,67419,Partial,Within Lead Time,Q3 2028
PRJ-000235-SP03,PRJ-000235,MAT-1009,2027-10-01,7,1,0,145,1015,Partial,Within Lead Time,Q4 2027
PRJ-000235-SP04,PRJ-000235,MAT-1007,2028-02-01,74,11,5,14500,1073000,Partial,Within Lead Time,Q1 2028
PRJ-000235-SP05,PRJ-000235,MAT-1001,2028-06-01,34,24,22,2100,71400,Partial,Within Lead Time,Q2 2028
PRJ-000235-SP06,PRJ-000235,MAT-1008,2027-10-01,59,37,0,19000,1121000,Partial,Within Lead Time,Q4 2027
PRJ-000236-SP01,PRJ-000236,MAT-1011,2026-08-01,55,2,1,130,7150,Partial,At Risk,Q3 2026
PRJ-000236-SP02,PRJ-000236,MAT-1004,2028-02-01,7599,4003,1994,27,205173,Partial,Within Lead Time,Q1 2028
PRJ-000237-SP01,PRJ-000237,MAT-1005,2026-04-01,67,25,8,26000,1742000,Partial,At Risk,Q2 2026
PRJ-000237-SP02,PRJ-000237,MAT-1002,2028-05-01,70,12,1,420,29400,Partial,Within Lead Time,Q2 2028
PRJ-000237-SP03,PRJ-000237,MAT-1012,2026-02-01,62,4,3,68,4216,Partial,At Risk,Q1 2026
PRJ-000237-SP04,PRJ-000237,MAT-1006,2026-05-01,33,18,12,6200,204600,Partial,At Risk,Q2 2026
PRJ-000237-SP05,PRJ-000237,MAT-1001,2027-08-01,73,41,5,2100,153300,Partial,Within Lead Time,Q3 2027
PRJ-000237-SP06,PRJ-000237,MAT-1004,2026-06-01,1127,899,226,27,30429,Partial,At Risk,Q2 2026
PRJ-000237-SP07,PRJ-000237,MAT-1008,2027-05-01,14,5,2,19000,266000,Partial,Within Lead Time,Q2 2027
PRJ-000238-SP01,PRJ-000238,MAT-1008,2029-01-01,28,13,1,19000,532000,Partial,Within Lead Time,Q1 2029
PRJ-000238-SP02,PRJ-000238,MAT-1005,2027-11-01,46,35,26,26000,1196000,Partial,Within Lead Time,Q4 2027
PRJ-000238-SP03,PRJ-000238,MAT-1011,2026-06-01,75,57,22,130,9750,Partial,At Risk,Q2 2026
PRJ-000238-SP04,PRJ-000238,MAT-1001,2027-02-01,13,6,5,2100,27300,Partial,Within Lead Time,Q1 2027
PRJ-000239-SP01,PRJ-000239,MAT-1008,2028-01-01,43,1,1,19000,817000,Partial,Within Lead Time,Q1 2028
PRJ-000239-SP02,PRJ-000239,MAT-1011,2027-03-01,42,33,12,130,5460,Partial,Within Lead Time,Q1 2027
PRJ-000239-SP03,PRJ-000239,MAT-1002,2026-08-01,72,72,40,420,30240,Partial,At Risk,Q3 2026
PRJ-000239-SP04,PRJ-000239,MAT-1012,2028-01-01,37,23,21,68,2516,Partial,Within Lead Time,Q1 2028
PRJ-000239-SP05,PRJ-000239,MAT-1006,2027-03-01,30,5,2,6200,186000,Partial,Within Lead Time,Q1 2027
PRJ-000239-SP06,PRJ-000239,MAT-1010,2027-10-01,27,18,3,980,26460,Partial,Within Lead Time,Q4 2027
PRJ-000239-SP07,PRJ-000239,MAT-1008,2026-04-01,10,9,3,19000,190000,Partial,At Risk,Q2 2026
PRJ-000240-SP01,PRJ-000240,MAT-1003,2027-08-01,3629,2735,1708,12,43548,Partial,Within Lead Time,Q3 2027
PRJ-000240-SP02,PRJ-000240,MAT-1002,2026-06-01,2,1,0,420,840,Partial,At Risk,Q2 2026
PRJ-000240-SP03,PRJ-000240,MAT-1005,2028-06-01,56,47,9,26000,1456000,Partial,Within Lead Time,Q2 2028
PRJ-000240-SP04,PRJ-000240,MAT-1004,2026-11-01,2880,1375,740,27,77760,Partial,At Risk,Q4 2026
PRJ-000240-SP05,PRJ-000240,MAT-1011,2027-07-01,78,57,4,130,10140,Partial,Within Lead Time,Q3 2027
PRJ-000240-SP06,PRJ-000240,MAT-1005,2027-01-01,34,16,6,26000,884000,Partial,Within Lead Time,Q1 2027
PRJ-000240-SP07,PRJ-000240,MAT-1001,2028-05-01,15,5,4,2100,31500,Partial,Within Lead Time,Q2 2028
PRJ-000241-SP01,PRJ-000241,MAT-1010,2027-07-01,72,12,7,980,70560,Partial,Within Lead Time,Q3 2027
PRJ-000241-SP02,PRJ-000241,MAT-1005,2026-03-01,11,3,1,26000,286000,Partial,At Risk,Q1 2026
PRJ-000241-SP03,PRJ-000241,MAT-1008,2026-08-01,41,20,1,19000,779000,Partial,At Risk,Q3 2026
PRJ-000241-SP04,PRJ-000241,MAT-1005,2026-05-01,63,36,24,26000,1638000,Partial,At Risk,Q2 2026
PRJ-000241-SP05,PRJ-000241,MAT-1008,2026-03-01,33,6,0,19000,627000,Partial,At Risk,Q1 2026
PRJ-000241-SP06,PRJ-000241,MAT-1006,2026-07-01,37,12,7,6200,229400,Partial,At Risk,Q3 2026
PRJ-000241-SP07,PRJ-000241,MAT-1003,2027-06-01,891,271,170,12,10692,Partial,Within Lead Time,Q2 2027
PRJ-000241-SP08,PRJ-000241,MAT-1002,2028-04-01,64,8,7,420,26880,Partial,Within Lead Time,Q2 2028
PRJ-000242-SP01,PRJ-000242,MAT-1006,2029-01-01,51,6,5,6200,316200,Partial,Within Lead Time,Q1 2029
PRJ-000242-SP02,PRJ-000242,MAT-1003,2028-01-01,3699,152,113,12,44388,Partial,Within Lead Time,Q1 2028
PRJ-000243-SP01,PRJ-000243,MAT-1003,2026-11-01,5185,2788,2714,12,62220,Partial,Within Lead Time,Q4 2026
PRJ-000243-SP02,PRJ-000243,MAT-1008,2026-10-01,47,39,39,19000,893000,Partial,At Risk,Q4 2026
PRJ-000243-SP03,PRJ-000243,MAT-1001,2028-09-01,35,29,26,2100,73500,Partial,Within Lead Time,Q3 2028
PRJ-000243-SP04,PRJ-000243,MAT-1007,2028-05-01,28,9,5,14500,406000,Partial,Within Lead Time,Q2 2028
PRJ-000243-SP05,PRJ-000243,MAT-1002,2028-10-01,48,47,32,420,20160,Partial,Within Lead Time,Q4 2028
PRJ-000243-SP06,PRJ-000243,MAT-1004,2027-08-01,8067,1098,742,27,217809,Partial,Within Lead Time,Q3 2027
PRJ-000243-SP07,PRJ-000243,MAT-1009,2026-05-01,42,39,20,145,6090,Partial,At Risk,Q2 2026
PRJ-000243-SP08,PRJ-000243,MAT-1008,2028-06-01,12,11,6,19000,228000,Partial,Within Lead Time,Q2 2028
PRJ-000244-SP01,PRJ-000244,MAT-1011,2028-12-01,48,19,17,130,6240,Partial,Within Lead Time,Q4 2028
PRJ-000244-SP02,PRJ-000244,MAT-1010,2026-12-01,47,44,8,980,46060,Partial,Within Lead Time,Q4 2026
PRJ-000244-SP03,PRJ-000244,MAT-1009,2027-08-01,77,43,32,145,11165,Partial,Within Lead Time,Q3 2027
PRJ-000244-SP04,PRJ-000244,MAT-1011,2026-01-01,31,27,24,130,4030,Partial,At Risk,Q1 2026
PRJ-000244-SP05,PRJ-000244,MAT-1003,2026-12-01,6194,4724,2202,12,74328,Partial,Within Lead Time,Q4 2026
PRJ-000244-SP06,PRJ-000244,MAT-1007,2028-02-01,63,15,7,14500,913500,Partial,Within Lead Time,Q1 2028
PRJ-000245-SP01,PRJ-000245,MAT-1001,2028-12-01,26,19,15,2100,54600,Partial,Within Lead Time,Q4 2028
PRJ-000245-SP02,PRJ-000245,MAT-1010,2027-06-01,25,1,1,980,24500,Partial,Within Lead Time,Q2 2027
PRJ-000245-SP03,PRJ-000245,MAT-1006,2027-02-01,39,3,1,6200,241800,Partial,Within Lead Time,Q1 2027
PRJ-000245-SP04,PRJ-000245,MAT-1004,2028-05-01,5267,4476,1816,27,142209,Partial,Within Lead Time,Q2 2028
PRJ-000245-SP05,PRJ-000245,MAT-1011,2027-07-01,63,26,6,130,8190,Partial,Within Lead Time,Q3 2027
PRJ-000246-SP01,PRJ-000246,MAT-1003,2028-12-01,2335,1645,527,12,28020,Partial,Within Lead Time,Q4 2028
PRJ-000246-SP02,PRJ-000246,MAT-1009,2028-09-01,17,16,15,145,2465,Partial,Within Lead Time,Q3 2028
PRJ-000246-SP03,PRJ-000246,MAT-1012,2026-11-01,63,46,23,68,4284,Partial,Within Lead Time,Q4 2026
PRJ-000246-SP04,PRJ-000246,MAT-1003,2027-02-01,6790,6181,1656,12,81480,Partial,Within Lead Time,Q1 2027
PRJ-000246-SP05,PRJ-000246,MAT-1003,2028-10-01,7201,2279,1183,12,86412,Partial,Within Lead Time,Q4 2028
PRJ-000246-SP06,PRJ-000246,MAT-1003,2027-04-01,7935,4578,1816,12,95220,Partial,Within Lead Time,Q2 2027
PRJ-000246-SP07,PRJ-000246,MAT-1007,2028-11-01,22,6,5,14500,319000,Partial,Within Lead Time,Q4 2028
PRJ-000247-SP01,PRJ-000247,MAT-1004,2028-09-01,4275,3258,2826,27,115425,Partial,Within Lead Time,Q3 2028
PRJ-000247-SP02,PRJ-000247,MAT-1005,2028-04-01,59,8,3,26000,1534000,Partial,Within Lead Time,Q2 2028
PRJ-000247-SP03,PRJ-000247,MAT-1010,2029-01-01,45,16,4,980,44100,Partial,Within Lead Time,Q1 2029
PRJ-000247-SP04,PRJ-000247,MAT-1002,2027-12-01,47,2,1,420,19740,Partial,Within Lead Time,Q4 2027
PRJ-000247-SP05,PRJ-000247,MAT-1011,2027-04-01,11,2,1,130,1430,Partial,Within Lead Time,Q2 2027
PRJ-000247-SP06,PRJ-000247,MAT-1011,2027-03-01,80,65,37,130,10400,Partial,Within Lead Time,Q1 2027
PRJ-000247-SP07,PRJ-000247,MAT-1007,2027-06-01,73,10,2,14500,1058500,Partial,Within Lead Time,Q2 2027
PRJ-000247-SP08,PRJ-000247,MAT-1001,2026-04-01,70,47,34,2100,147000,Partial,At Risk,Q2 2026
PRJ-000248-SP01,PRJ-000248,MAT-1001,2027-07-01,77,19,3,2100,161700,Partial,Within Lead Time,Q3 2027
PRJ-000248-SP02,PRJ-000248,MAT-1010,2028-11-01,78,28,6,980,76440,Partial,Within Lead Time,Q4 2028
PRJ-000248-SP03,PRJ-000248,MAT-1011,2027-02-01,59,49,28,130,7670,Partial,Within Lead Time,Q1 2027
PRJ-000248-SP04,PRJ-000248,MAT-1008,2028-04-01,73,17,11,19000,1387000,Partial,Within Lead Time,Q2 2028
PRJ-000248-SP05,PRJ-000248,MAT-1007,2026-03-01,19,5,3,14500,275500,Partial,At Risk,Q1 2026
PRJ-000249-SP01,PRJ-000249,MAT-1005,2027-03-01,46,10,7,26000,1196000,Partial,Within Lead Time,Q1 2027
PRJ-000249-SP02,PRJ-000249,MAT-1002,2028-03-01,77,73,31,420,32340,Partial,Within Lead Time,Q1 2028
PRJ-000250-SP01,PRJ-000250,MAT-1008,2026-10-01,49,25,24,19000,931000,Partial,At Risk,Q4 2026
PRJ-000250-SP02,PRJ-000250,MAT-1010,2028-02-01,38,26,5,980,37240,Partial,Within Lead Time,Q1 2028
PRJ-000250-SP03,PRJ-000250,MAT-1009,2026-05-01,76,59,1,145,11020,Partial,At Risk,Q2 2026
PRJ-000250-SP04,PRJ-000250,MAT-1003,2027-03-01,5231,580,548,12,62772,Partial,Within Lead Time,Q1 2027
PRJ-000250-SP05,PRJ-000250,MAT-1006,2026-08-01,76,73,33,6200,471200,Partial,At Risk,Q3 2026
PRJ-000250-SP06,PRJ-000250,MAT-1001,2028-04-01,54,24,5,2100,113400,Partial,Within Lead Time,Q2 2028
PRJ-000250-SP07,PRJ-000250,MAT-1012,2028-03-01,41,23,18,68,2788,Partial,Within Lead Time,Q1 2028
PRJ-000251-SP01,PRJ-000251,MAT-1007,2027-02-01,18,3,0,14500,261000,Partial,Within Lead Time,Q1 2027
PRJ-000251-SP02,PRJ-000251,MAT-1005,2027-07-01,78,69,37,26000,2028000,Partial,Within Lead Time,Q3 2027
PRJ-000251-SP03,PRJ-000251,MAT-1006,2027-07-01,41,27,20,6200,254200,Partial,Within Lead Time,Q3 2027
PRJ-000252-SP01,PRJ-000252,MAT-1006,2027-12-01,57,18,8,6200,353400,Partial,Within Lead Time,Q4 2027
PRJ-000252-SP02,PRJ-000252,MAT-1005,2026-12-01,15,3,2,26000,390000,Partial,At Risk,Q4 2026
PRJ-000252-SP03,PRJ-000252,MAT-1008,2026-03-01,60,9,2,19000,1140000,Partial,At Risk,Q1 2026
PRJ-000253-SP01,PRJ-000253,MAT-1011,2028-04-01,39,14,6,130,5070,Partial,Within Lead Time,Q2 2028
PRJ-000253-SP02,PRJ-000253,MAT-1004,2028-08-01,4281,1051,886,27,115587,Partial,Within Lead Time,Q3 2028
PRJ-000253-SP03,PRJ-000253,MAT-1008,2028-10-01,51,3,2,19000,969000,Partial,Within Lead Time,Q4 2028
PRJ-000254-SP01,PRJ-000254,MAT-1005,2028-10-01,64,30,4,26000,1664000,Partial,Within Lead Time,Q4 2028
PRJ-000254-SP02,PRJ-000254,MAT-1001,2029-01-01,67,2,1,2100,140700,Partial,Within Lead Time,Q1 2029
PRJ-000254-SP03,PRJ-000254,MAT-1011,2026-02-01,8,8,7,130,1040,Partial,At Risk,Q1 2026
PRJ-000255-SP01,PRJ-000255,MAT-1006,2028-02-01,60,20,8,6200,372000,Partial,Within Lead Time,Q1 2028
PRJ-000255-SP02,PRJ-000255,MAT-1005,2028-12-01,7,2,2,26000,182000,Partial,Within Lead Time,Q4 2028
PRJ-000255-SP03,PRJ-000255,MAT-1009,2028-05-01,10,4,3,145,1450,Partial,Within Lead Time,Q2 2028
PRJ-000255-SP04,PRJ-000255,MAT-1001,2027-09-01,59,2,0,2100,123900,Partial,Within Lead Time,Q3 2027
PRJ-000255-SP05,PRJ-000255,MAT-1011,2027-10-01,76,4,1,130,9880,Partial,Within Lead Time,Q4 2027
PRJ-000255-SP06,PRJ-000255,MAT-1001,2026-03-01,70,67,28,2100,147000,Partial,At Risk,Q1 2026
PRJ-000255-SP07,PRJ-000255,MAT-1004,2026-02-01,9750,7551,6914,27,263250,Partial,At Risk,Q1 2026
PRJ-000255-SP08,PRJ-000255,MAT-1010,2027-08-01,11,4,0,980,10780,Partial,Within Lead Time,Q3 2027
PRJ-000256-SP01,PRJ-000256,MAT-1010,2026-08-01,16,4,3,980,15680,Partial,At Risk,Q3 2026
PRJ-000256-SP02,PRJ-000256,MAT-1009,2026-11-01,41,8,1,145,5945,Partial,Within Lead Time,Q4 2026
PRJ-000256-SP03,PRJ-000256,MAT-1011,2028-06-01,49,6,4,130,6370,Partial,Within Lead Time,Q2 2028
PRJ-000256-SP04,PRJ-000256,MAT-1010,2026-06-01,45,11,5,980,44100,Partial,At Risk,Q2 2026
PRJ-000257-SP01,PRJ-000257,MAT-1003,2026-05-01,843,127,80,12,10116,Partial,At Risk,Q2 2026
PRJ-000257-SP02,PRJ-000257,MAT-1004,2027-05-01,8941,8186,2996,27,241407,Partial,Within Lead Time,Q2 2027
PRJ-000258-SP01,PRJ-000258,MAT-1002,2026-05-01,41,5,5,420,17220,Partial,At Risk,Q2 2026
PRJ-000258-SP02,PRJ-000258,MAT-1007,2028-12-01,15,11,0,14500,217500,Partial,Within Lead Time,Q4 2028
PRJ-000258-SP03,PRJ-000258,MAT-1005,2026-02-01,31,8,0,26000,806000,Partial,At Risk,Q1 2026
PRJ-000259-SP01,PRJ-000259,MAT-1003,2028-04-01,3811,147,36,12,45732,Partial,Within Lead Time,Q2 2028
PRJ-000259-SP02,PRJ-000259,MAT-1005,2027-03-01,36,7,5,26000,936000,Partial,Within Lead Time,Q1 2027
PRJ-000259-SP03,PRJ-000259,MAT-1004,2028-08-01,5434,5004,2448,27,146718,Partial,Within Lead Time,Q3 2028
PRJ-000259-SP04,PRJ-000259,MAT-1002,2028-12-01,60,21,14,420,25200,Partial,Within Lead Time,Q4 2028
PRJ-000260-SP01,PRJ-000260,MAT-1009,2027-08-01,31,14,2,145,4495,Partial,Within Lead Time,Q3 2027
PRJ-000260-SP02,PRJ-000260,MAT-1012,2027-01-01,59,30,17,68,4012,Partial,Within Lead Time,Q1 2027
PRJ-000260-SP03,PRJ-000260,MAT-1003,2026-06-01,9780,4092,2505,12,117360,Partial,At Risk,Q2 2026
PRJ-000260-SP04,PRJ-000260,MAT-1002,2028-05-01,11,4,2,420,4620,Partial,Within Lead Time,Q2 2028
PRJ-000261-SP01,PRJ-000261,MAT-1004,2029-01-01,6219,2502,249,27,167913,Partial,Within Lead Time,Q1 2029
PRJ-000261-SP02,PRJ-000261,MAT-1002,2027-07-01,21,10,5,420,8820,Partial,Within Lead Time,Q3 2027
PRJ-000261-SP03,PRJ-000261,MAT-1002,2028-12-01,35,20,7,420,14700,Partial,Within Lead Time,Q4 2028
PRJ-000261-SP04,PRJ-000261,MAT-1003,2026-01-01,5648,4788,291,12,67776,Partial,At Risk,Q1 2026
PRJ-000262-SP01,PRJ-000262,MAT-1004,2027-10-01,3736,2035,1289,27,100872,Partial,Within Lead Time,Q4 2027
PRJ-000262-SP02,PRJ-000262,MAT-1001,2027-06-01,77,7,5,2100,161700,Partial,Within Lead Time,Q2 2027
PRJ-000262-SP03,PRJ-000262,MAT-1010,2027-09-01,20,20,4,980,19600,Partial,Within Lead Time,Q3 2027
PRJ-000262-SP04,PRJ-000262,MAT-1005,2027-04-01,17,16,14,26000,442000,Partial,Within Lead Time,Q2 2027
PRJ-000262-SP05,PRJ-000262,MAT-1001,2028-09-01,64,33,27,2100,134400,Partial,Within Lead Time,Q3 2028
PRJ-000262-SP06,PRJ-000262,MAT-1011,2028-03-01,6,0,0,130,780,Not Reserved,Within Lead Time,Q1 2028
PRJ-000262-SP07,PRJ-000262,MAT-1006,2027-11-01,39,1,0,6200,241800,Partial,Within Lead Time,Q4 2027
PRJ-000262-SP08,PRJ-000262,MAT-1010,2026-01-01,69,17,1,980,67620,Partial,At Risk,Q1 2026
PRJ-000263-SP01,PRJ-000263,MAT-1010,2027-01-01,42,22,15,980,41160,Partial,Within Lead Time,Q1 2027
PRJ-000263-SP02,PRJ-000263,MAT-1011,2028-05-01,61,34,21,130,7930,Partial,Within Lead Time,Q2 2028
PRJ-000263-SP03,PRJ-000263,MAT-1004,2027-05-01,9390,3509,1492,27,253530,Partial,Within Lead Time,Q2 2027
PRJ-000263-SP04,PRJ-000263,MAT-1002,2027-03-01,38,27,24,420,15960,Partial,Within Lead Time,Q1 2027
PRJ-000263-SP05,PRJ-000263,MAT-1007,2028-02-01,56,46,20,14500,812000,Partial,Within Lead Time,Q1 2028
PRJ-000263-SP06,PRJ-000263,MAT-1011,2027-09-01,13,11,7,130,1690,Partial,Within Lead Time,Q3 2027
PRJ-000263-SP07,PRJ-000263,MAT-1010,2028-06-01,20,3,1,980,19600,Partial,Within Lead Time,Q2 2028
PRJ-000263-SP08,PRJ-000263,MAT-1009,2027-03-01,13,10,5,145,1885,Partial,Within Lead Time,Q1 2027
PRJ-000264-SP01,PRJ-000264,MAT-1009,2027-12-01,4,1,1,145,580,Partial,Within Lead Time,Q4 2027
PRJ-000264-SP02,PRJ-000264,MAT-1001,2028-01-01,20,10,9,2100,42000,Partial,Within Lead Time,Q1 2028
PRJ-000264-SP03,PRJ-000264,MAT-1008,2027-01-01,44,20,9,19000,836000,Partial,At Risk,Q1 2027
PRJ-000264-SP04,PRJ-000264,MAT-1002,2029-01-01,31,11,5,420,13020,Partial,Within Lead Time,Q1 2029
PRJ-000264-SP05,PRJ-000264,MAT-1003,2028-10-01,9995,1456,1187,12,119940,Partial,Within Lead Time,Q4 2028
PRJ-000264-SP06,PRJ-000264,MAT-1010,2027-04-01,54,20,17,980,52920,Partial,Within Lead Time,Q2 2027
PRJ-000265-SP01,PRJ-000265,MAT-1011,2027-03-01,8,4,1,130,1040,Partial,Within Lead Time,Q1 2027
PRJ-000265-SP02,PRJ-000265,MAT-1012,2027-01-01,64,13,3,68,4352,Partial,Within Lead Time,Q1 2027
PRJ-000265-SP03,PRJ-000265,MAT-1011,2027-09-01,52,2,0,130,6760,Partial,Within Lead Time,Q3 2027
PRJ-000265-SP04,PRJ-000265,MAT-1009,2026-07-01,61,37,2,145,8845,Partial,At Risk,Q3 2026
PRJ-000265-SP05,PRJ-000265,MAT-1001,2026-01-01,4,2,2,2100,8400,Partial,At Risk,Q1 2026
PRJ-000265-SP06,PRJ-000265,MAT-1009,2028-08-01,47,33,17,145,6815,Partial,Within Lead Time,Q3 2028
PRJ-000265-SP07,PRJ-000265,MAT-1010,2026-09-01,47,1,0,980,46060,Partial,At Risk,Q3 2026
PRJ-000265-SP08,PRJ-000265,MAT-1004,2026-07-01,6664,1864,895,27,179928,Partial,At Risk,Q3 2026
PRJ-000266-SP01,PRJ-000266,MAT-1006,2027-03-01,9,4,1,6200,55800,Partial,Within Lead Time,Q1 2027
PRJ-000266-SP02,PRJ-000266,MAT-1006,2028-08-01,23,17,13,6200,142600,Partial,Within Lead Time,Q3 2028
PRJ-000266-SP03,PRJ-000266,MAT-1008,2026-11-01,42,4,2,19000,798000,Partial,At Risk,Q4 2026
PRJ-000266-SP04,PRJ-000266,MAT-1009,2026-03-01,19,0,0,145,2755,Not Reserved,At Risk,Q1 2026
PRJ-000267-SP01,PRJ-000267,MAT-1004,2028-01-01,5800,672,369,27,156600,Partial,Within Lead Time,Q1 2028
PRJ-000267-SP02,PRJ-000267,MAT-1004,2029-01-01,1970,1069,83,27,53190,Partial,Within Lead Time,Q1 2029
PRJ-000268-SP01,PRJ-000268,MAT-1008,2026-08-01,59,52,35,19000,1121000,Partial,At Risk,Q3 2026
PRJ-000268-SP02,PRJ-000268,MAT-1006,2026-04-01,78,16,4,6200,483600,Partial,At Risk,Q2 2026
PRJ-000268-SP03,PRJ-000268,MAT-1005,2028-10-01,51,4,1,26000,1326000,Partial,Within Lead Time,Q4 2028
PRJ-000269-SP01,PRJ-000269,MAT-1005,2028-05-01,47,22,8,26000,1222000,Partial,Within Lead Time,Q2 2028
PRJ-000269-SP02,PRJ-000269,MAT-1006,2026-10-01,79,64,42,6200,489800,Partial,At Risk,Q4 2026
PRJ-000270-SP01,PRJ-000270,MAT-1001,2027-03-01,74,48,18,2100,155400,Partial,Within Lead Time,Q1 2027
PRJ-000270-SP02,PRJ-000270,MAT-1012,2027-06-01,43,12,6,68,2924,Partial,Within Lead Time,Q2 2027
PRJ-000270-SP03,PRJ-000270,MAT-1007,2026-12-01,45,26,11,14500,652500,Partial,At Risk,Q4 2026
PRJ-000270-SP04,PRJ-000270,MAT-1008,2028-06-01,44,25,0,19000,836000,Partial,Within Lead Time,Q2 2028
PRJ-000270-SP05,PRJ-000270,MAT-1009,2027-11-01,2,0,0,145,290,Not Reserved,Within Lead Time,Q4 2027
PRJ-000270-SP06,PRJ-000270,MAT-1012,2028-08-01,8,7,6,68,544,Partial,Within Lead Time,Q3 2028
PRJ-000270-SP07,PRJ-000270,MAT-1003,2026-03-01,529,520,446,12,6348,Partial,At Risk,Q1 2026
PRJ-000270-SP08,PRJ-000270,MAT-1005,2027-08-01,29,6,4,26000,754000,Partial,Within Lead Time,Q3 2027
PRJ-000271-SP01,PRJ-000271,MAT-1007,2028-07-01,2,0,0,14500,29000,Not Reserved,Within Lead Time,Q3 2028
PRJ-000271-SP02,PRJ-000271,MAT-1002,2029-01-01,69,10,2,420,28980,Partial,Within Lead Time,Q1 2029
PRJ-000271-SP03,PRJ-000271,MAT-1010,2028-01-01,23,3,2,980,22540,Partial,Within Lead Time,Q1 2028
PRJ-000272-SP01,PRJ-000272,MAT-1004,2026-02-01,5879,2619,1840,27,158733,Partial,At Risk,Q1 2026
PRJ-000272-SP02,PRJ-000272,MAT-1007,2027-12-01,59,2,1,14500,855500,Partial,Within Lead Time,Q4 2027
PRJ-000272-SP03,PRJ-000272,MAT-1012,2026-11-01,25,4,3,68,1700,Partial,Within Lead Time,Q4 2026
PRJ-000272-SP04,PRJ-000272,MAT-1003,2026-09-01,2286,722,528,12,27432,Partial,At Risk,Q3 2026
PRJ-000272-SP05,PRJ-000272,MAT-1011,2028-01-01,7,0,0,130,910,Not Reserved,Within Lead Time,Q1 2028
PRJ-000273-SP01,PRJ-000273,MAT-1001,2028-10-01,40,17,15,2100,84000,Partial,Within Lead Time,Q4 2028
PRJ-000273-SP02,PRJ-000273,MAT-1008,2026-02-01,33,13,1,19000,627000,Partial,At Risk,Q1 2026
PRJ-000273-SP03,PRJ-000273,MAT-1004,2026-09-01,6832,5393,2422,27,184464,Partial,At Risk,Q3 2026
PRJ-000274-SP01,PRJ-000274,MAT-1003,2028-06-01,7470,2641,30,12,89640,Partial,Within Lead Time,Q2 2028
PRJ-000274-SP02,PRJ-000274,MAT-1009,2027-01-01,16,15,3,145,2320,Partial,Within Lead Time,Q1 2027
PRJ-000274-SP03,PRJ-000274,MAT-1011,2028-07-01,40,9,1,130,5200,Partial,Within Lead Time,Q3 2028
PRJ-000274-SP04,PRJ-000274,MAT-1001,2026-06-01,15,4,2,2100,31500,Partial,At Risk,Q2 2026
PRJ-000274-SP05,PRJ-000274,MAT-1012,2028-02-01,12,2,1,68,816,Partial,Within Lead Time,Q1 2028
PRJ-000274-SP06,PRJ-000274,MAT-1006,2028-01-01,68,47,7,6200,421600,Partial,Within Lead Time,Q1 2028
PRJ-000274-SP07,PRJ-000274,MAT-1006,2028-01-01,76,33,10,6200,471200,Partial,Within Lead Time,Q1 2028
PRJ-000274-SP08,PRJ-000274,MAT-1004,2029-01-01,3095,197,119,27,83565,Partial,Within Lead Time,Q1 2029
PRJ-000275-SP01,PRJ-000275,MAT-1010,2028-10-01,43,41,15,980,42140,Partial,Within Lead Time,Q4 2028
PRJ-000275-SP02,PRJ-000275,MAT-1012,2026-03-01,36,13,11,68,2448,Partial,At Risk,Q1 2026
PRJ-000275-SP03,PRJ-000275,MAT-1012,2028-09-01,60,51,17,68,4080,Partial,Within Lead Time,Q3 2028
PRJ-000276-SP01,PRJ-000276,MAT-1006,2028-10-01,7,5,3,6200,43400,Partial,Within Lead Time,Q4 2028
PRJ-000276-SP02,PRJ-000276,MAT-1008,2027-07-01,71,36,8,19000,1349000,Partial,Within Lead Time,Q3 2027
PRJ-000276-SP03,PRJ-000276,MAT-1009,2026-03-01,53,37,3,145,7685,Partial,At Risk,Q1 2026
PRJ-000276-SP04,PRJ-000276,MAT-1007,2027-07-01,74,9,3,14500,1073000,Partial,Within Lead Time,Q3 2027
PRJ-000276-SP05,PRJ-000276,MAT-1007,2028-05-01,62,37,1,14500,899000,Partial,Within Lead Time,Q2 2028
PRJ-000277-SP01,PRJ-000277,MAT-1012,2026-01-01,27,22,18,68,1836,Partial,At Risk,Q1 2026
PRJ-000277-SP02,PRJ-000277,MAT-1012,2028-01-01,49,25,16,68,3332,Partial,Within Lead Time,Q1 2028
PRJ-000277-SP03,PRJ-000277,MAT-1003,2027-09-01,9108,4925,1337,12,109296,Partial,Within Lead Time,Q3 2027
PRJ-000277-SP04,PRJ-000277,MAT-1001,2028-11-01,21,20,4,2100,44100,Partial,Within Lead Time,Q4 2028
PRJ-000277-SP05,PRJ-000277,MAT-1006,2027-11-01,30,3,2,6200,186000,Partial,Within Lead Time,Q4 2027
PRJ-000277-SP06,PRJ-000277,MAT-1012,2027-11-01,53,6,2,68,3604,Partial,Within Lead Time,Q4 2027
PRJ-000277-SP07,PRJ-000277,MAT-1004,2028-06-01,7670,3124,992,27,207090,Partial,Within Lead Time,Q2 2028
PRJ-000277-SP08,PRJ-000277,MAT-1003,2026-07-01,6468,996,176,12,77616,Partial,At Risk,Q3 2026
PRJ-000278-SP01,PRJ-000278,MAT-1005,2027-05-01,41,36,36,26000,1066000,Partial,Within Lead Time,Q2 2027
PRJ-000278-SP02,PRJ-000278,MAT-1006,2028-01-01,68,64,12,6200,421600,Partial,Within Lead Time,Q1 2028
PRJ-000278-SP03,PRJ-000278,MAT-1007,2027-02-01,43,35,26,14500,623500,Partial,Within Lead Time,Q1 2027
PRJ-000278-SP04,PRJ-000278,MAT-1011,2027-06-01,19,5,1,130,2470,Partial,Within Lead Time,Q2 2027
PRJ-000278-SP05,PRJ-000278,MAT-1010,2028-02-01,47,9,9,980,46060,Partial,Within Lead Time,Q1 2028
PRJ-000279-SP01,PRJ-000279,MAT-1004,2026-04-01,4849,2566,542,27,130923,Partial,At Risk,Q2 2026
PRJ-000279-SP02,PRJ-000279,MAT-1003,2026-04-01,5816,3555,421,12,69792,Partial,At Risk,Q2 2026
PRJ-000279-SP03,PRJ-000279,MAT-1004,2028-04-01,7571,995,226,27,204417,Partial,Within Lead Time,Q2 2028
PRJ-000279-SP04,PRJ-000279,MAT-1010,2026-11-01,19,3,3,980,18620,Partial,Within Lead Time,Q4 2026
PRJ-000279-SP05,PRJ-000279,MAT-1010,2028-01-01,6,6,5,980,5880,Partial,Within Lead Time,Q1 2028
PRJ-000279-SP06,PRJ-000279,MAT-1007,2026-08-01,23,5,1,14500,333500,Partial,At Risk,Q3 2026
PRJ-000279-SP07,PRJ-000279,MAT-1002,2028-02-01,61,10,5,420,25620,Partial,Within Lead Time,Q1 2028
PRJ-000279-SP08,PRJ-000279,MAT-1007,2026-07-01,27,6,3,14500,391500,Partial,At Risk,Q3 2026
PRJ-000280-SP01,PRJ-000280,MAT-1012,2026-04-01,27,18,8,68,1836,Partial,At Risk,Q2 2026
PRJ-000280-SP02,PRJ-000280,MAT-1001,2028-04-01,32,4,0,2100,67200,Partial,Within Lead Time,Q2 2028
PRJ-000280-SP03,PRJ-000280,MAT-1009,2028-01-01,71,45,18,145,10295,Partial,Within Lead Time,Q1 2028
PRJ-000280-SP04,PRJ-000280,MAT-1003,2026-10-01,2024,1278,261,12,24288,Partial,At Risk,Q4 2026
PRJ-000280-SP05,PRJ-000280,MAT-1006,2028-08-01,78,53,29,6200,483600,Partial,Within Lead Time,Q3 2028
PRJ-000280-SP06,PRJ-000280,MAT-1004,2027-01-01,8226,6217,3175,27,222102,Partial,Within Lead Time,Q1 2027
PRJ-000280-SP07,PRJ-000280,MAT-1012,2027-09-01,39,15,11,68,2652,Partial,Within Lead Time,Q3 2027
PRJ-000280-SP08,PRJ-000280,MAT-1001,2026-09-01,42,23,6,2100,88200,Partial,At Risk,Q3 2026
PRJ-000281-SP01,PRJ-000281,MAT-1003,2027-10-01,3543,3515,3093,12,42516,Partial,Within Lead Time,Q4 2027
PRJ-000281-SP02,PRJ-000281,MAT-1009,2026-05-01,73,31,28,145,10585,Partial,At Risk,Q2 2026
PRJ-000281-SP03,PRJ-000281,MAT-1005,2028-07-01,19,13,12,26000,494000,Partial,Within Lead Time,Q3 2028
PRJ-000281-SP04,PRJ-000281,MAT-1002,2026-08-01,62,5,4,420,26040,Partial,At Risk,Q3 2026
PRJ-000281-SP05,PRJ-000281,MAT-1010,2027-05-01,67,12,1,980,65660,Partial,Within Lead Time,Q2 2027
PRJ-000281-SP06,PRJ-000281,MAT-1012,2028-10-01,58,34,4,68,3944,Partial,Within Lead Time,Q4 2028
PRJ-000281-SP07,PRJ-000281,MAT-1004,2028-07-01,9760,943,865,27,263520,Partial,Within Lead Time,Q3 2028
PRJ-000282-SP01,PRJ-000282,MAT-1006,2027-06-01,69,44,36,6200,427800,Partial,Within Lead Time,Q2 2027
PRJ-000282-SP02,PRJ-000282,MAT-1010,2028-02-01,75,40,19,980,73500,Partial,Within Lead Time,Q1 2028
PRJ-000282-SP03,PRJ-000282,MAT-1003,2027-07-01,6308,2882,1935,12,75696,Partial,Within Lead Time,Q3 2027
PRJ-000282-SP04,PRJ-000282,MAT-1004,2029-01-01,980,649,517,27,26460,Partial,Within Lead Time,Q1 2029
PRJ-000282-SP05,PRJ-000282,MAT-1004,2028-05-01,1231,891,600,27,33237,Partial,Within Lead Time,Q2 2028
PRJ-000282-SP06,PRJ-000282,MAT-1009,2028-09-01,39,38,29,145,5655,Partial,Within Lead Time,Q3 2028
PRJ-000282-SP07,PRJ-000282,MAT-1010,2026-01-01,71,7,7,980,69580,Partial,At Risk,Q1 2026
PRJ-000283-SP01,PRJ-000283,MAT-1003,2027-07-01,9073,6487,4502,12,108876,Partial,Within Lead Time,Q3 2027
PRJ-000283-SP02,PRJ-000283,MAT-1001,2027-12-01,56,6,2,2100,117600,Partial,Within Lead Time,Q4 2027
PRJ-000283-SP03,PRJ-000283,MAT-1008,2028-02-01,60,44,29,19000,1140000,Partial,Within Lead Time,Q1 2028
PRJ-000283-SP04,PRJ-000283,MAT-1005,2027-06-01,67,37,28,26000,1742000,Partial,Within Lead Time,Q2 2027
PRJ-000283-SP05,PRJ-000283,MAT-1010,2026-01-01,20,7,4,980,19600,Partial,At Risk,Q1 2026
PRJ-000283-SP06,PRJ-000283,MAT-1011,2027-12-01,49,44,4,130,6370,Partial,Within Lead Time,Q4 2027
PRJ-000284-SP01,PRJ-000284,MAT-1001,2026-08-01,64,24,13,2100,134400,Partial,At Risk,Q3 2026
PRJ-000284-SP02,PRJ-000284,MAT-1010,2028-05-01,56,39,1,980,54880,Partial,Within Lead Time,Q2 2028
PRJ-000284-SP03,PRJ-000284,MAT-1011,2028-11-01,45,22,13,130,5850,Partial,Within Lead Time,Q4 2028
PRJ-000284-SP04,PRJ-000284,MAT-1005,2027-12-01,32,26,10,26000,832000,Partial,Within Lead Time,Q4 2027
PRJ-000284-SP05,PRJ-000284,MAT-1004,2028-05-01,3353,1330,1018,27,90531,Partial,Within Lead Time,Q2 2028
PRJ-000284-SP06,PRJ-000284,MAT-1003,2028-06-01,7539,6008,5112,12,90468,Partial,Within Lead Time,Q2 2028
PRJ-000285-SP01,PRJ-000285,MAT-1002,2028-01-01,3,2,2,420,1260,Partial,Within Lead Time,Q1 2028
PRJ-000285-SP02,PRJ-000285,MAT-1002,2028-06-01,57,25,11,420,23940,Partial,Within Lead Time,Q2 2028
PRJ-000285-SP03,PRJ-000285,MAT-1007,2028-12-01,63,60,29,14500,913500,Partial,Within Lead Time,Q4 2028
PRJ-000285-SP04,PRJ-000285,MAT-1011,2026-05-01,36,10,2,130,4680,Partial,At Risk,Q2 2026
PRJ-000285-SP05,PRJ-000285,MAT-1012,2028-06-01,6,5,5,68,408,Partial,Within Lead Time,Q2 2028
PRJ-000285-SP06,PRJ-000285,MAT-1007,2026-08-01,50,38,28,14500,725000,Partial,At Risk,Q3 2026
PRJ-000285-SP07,PRJ-000285,MAT-1006,2028-06-01,68,43,24,6200,421600,Partial,Within Lead Time,Q2 2028
PRJ-000286-SP01,PRJ-000286,MAT-1005,2029-01-01,48,26,2,26000,1248000,Partial,Within Lead Time,Q1 2029
PRJ-000286-SP02,PRJ-000286,MAT-1011,2028-05-01,47,19,3,130,6110,Partial,Within Lead Time,Q2 2028
PRJ-000286-SP03,PRJ-000286,MAT-1002,2026-07-01,33,20,17,420,13860,Partial,At Risk,Q3 2026
PRJ-000286-SP04,PRJ-000286,MAT-1003,2027-05-01,2979,634,384,12,35748,Partial,Within Lead Time,Q2 2027
PRJ-000287-SP01,PRJ-000287,MAT-1005,2027-12-01,9,2,0,26000,234000,Partial,Within Lead Time,Q4 2027
PRJ-000287-SP02,PRJ-000287,MAT-1012,2028-04-01,20,8,6,68,1360,Partial,Within Lead Time,Q2 2028
PRJ-000287-SP03,PRJ-000287,MAT-1011,2028-06-01,37,35,15,130,4810,Partial,Within Lead Time,Q2 2028
PRJ-000287-SP04,PRJ-000287,MAT-1011,2027-05-01,27,2,0,130,3510,Partial,Within Lead Time,Q2 2027
PRJ-000287-SP05,PRJ-000287,MAT-1012,2027-08-01,63,33,10,68,4284,Partial,Within Lead Time,Q3 2027
PRJ-000287-SP06,PRJ-000287,MAT-1010,2028-10-01,58,29,29,980,56840,Partial,Within Lead Time,Q4 2028
PRJ-000287-SP07,PRJ-000287,MAT-1001,2027-12-01,80,64,6,2100,168000,Partial,Within Lead Time,Q4 2027
PRJ-000287-SP08,PRJ-000287,MAT-1011,2028-02-01,33,20,6,130,4290,Partial,Within Lead Time,Q1 2028
PRJ-000288-SP01,PRJ-000288,MAT-1011,2027-03-01,68,57,4,130,8840,Partial,Within Lead Time,Q1 2027
PRJ-000288-SP02,PRJ-000288,MAT-1004,2026-09-01,1935,687,252,27,52245,Partial,At Risk,Q3 2026
PRJ-000288-SP03,PRJ-000288,MAT-1007,2026-04-01,6,5,2,14500,87000,Partial,At Risk,Q2 2026
PRJ-000288-SP04,PRJ-000288,MAT-1010,2028-08-01,76,13,6,980,74480,Partial,Within Lead Time,Q3 2028
PRJ-000288-SP05,PRJ-000288,MAT-1002,2026-06-01,44,32,20,420,18480,Partial,At Risk,Q2 2026
PRJ-000288-SP06,PRJ-000288,MAT-1011,2028-07-01,21,20,11,130,2730,Partial,Within Lead Time,Q3 2028
PRJ-000288-SP07,PRJ-000288,MAT-1001,2028-10-01,68,10,0,2100,142800,Partial,Within Lead Time,Q4 2028
PRJ-000288-SP08,PRJ-000288,MAT-1012,2026-06-01,7,7,5,68,476,Partial,At Risk,Q2 2026
PRJ-000289-SP01,PRJ-000289,MAT-1005,2027-06-01,34,6,5,26000,884000,Partial,Within Lead Time,Q2 2027
PRJ-000289-SP02,PRJ-000289,MAT-1005,2026-06-01,59,40,3,26000,1534000,Partial,At Risk,Q2 2026
PRJ-000289-SP03,PRJ-000289,MAT-1010,2028-01-01,38,4,3,980,37240,Partial,Within Lead Time,Q1 2028
PRJ-000289-SP04,PRJ-000289,MAT-1011,2027-11-01,65,40,4,130,8450,Partial,Within Lead Time,Q4 2027
PRJ-000290-SP01,PRJ-000290,MAT-1006,2027-03-01,50,20,2,6200,310000,Partial,Within Lead Time,Q1 2027
PRJ-000290-SP02,PRJ-000290,MAT-1011,2028-08-01,71,16,12,130,9230,Partial,Within Lead Time,Q3 2028
PRJ-000290-SP03,PRJ-000290,MAT-1005,2026-10-01,14,0,0,26000,364000,Not Reserved,At Risk,Q4 2026
PRJ-000290-SP04,PRJ-000290,MAT-1001,2026-07-01,46,36,16,2100,96600,Partial,At Risk,Q3 2026
PRJ-000291-SP01,PRJ-000291,MAT-1012,2027-08-01,63,8,2,68,4284,Partial,Within Lead Time,Q3 2027
PRJ-000291-SP02,PRJ-000291,MAT-1007,2027-04-01,8,2,0,14500,116000,Partial,Within Lead Time,Q2 2027
PRJ-000291-SP03,PRJ-000291,MAT-1003,2026-05-01,9729,8828,1960,12,116748,Partial,At Risk,Q2 2026
PRJ-000291-SP04,PRJ-000291,MAT-1010,2026-06-01,2,1,1,980,1960,Partial,At Risk,Q2 2026
PRJ-000291-SP05,PRJ-000291,MAT-1003,2026-01-01,4972,1854,151,12,59664,Partial,At Risk,Q1 2026
PRJ-000291-SP06,PRJ-000291,MAT-1001,2026-10-01,69,68,38,2100,144900,Partial,At Risk,Q4 2026
PRJ-000291-SP07,PRJ-000291,MAT-1003,2027-08-01,8162,7925,2874,12,97944,Partial,Within Lead Time,Q3 2027
PRJ-000292-SP01,PRJ-000292,MAT-1007,2028-09-01,30,29,5,14500,435000,Partial,Within Lead Time,Q3 2028
PRJ-000292-SP02,PRJ-000292,MAT-1004,2028-08-01,9900,2366,1553,27,267300,Partial,Within Lead Time,Q3 2028
PRJ-000292-SP03,PRJ-000292,MAT-1010,2027-11-01,45,20,2,980,44100,Partial,Within Lead Time,Q4 2027
PRJ-000292-SP04,PRJ-000292,MAT-1006,2027-05-01,52,15,14,6200,322400,Partial,Within Lead Time,Q2 2027
PRJ-000292-SP05,PRJ-000292,MAT-1008,2026-08-01,46,33,30,19000,874000,Partial,At Risk,Q3 2026
PRJ-000292-SP06,PRJ-000292,MAT-1005,2028-07-01,27,12,6,26000,702000,Partial,Within Lead Time,Q3 2028
PRJ-000292-SP07,PRJ-000292,MAT-1007,2026-09-01,76,53,45,14500,1102000,Partial,At Risk,Q3 2026
PRJ-000292-SP08,PRJ-000292,MAT-1003,2026-08-01,1934,71,36,12,23208,Partial,At Risk,Q3 2026
PRJ-000293-SP01,PRJ-000293,MAT-1003,2027-12-01,8821,5091,3424,12,105852,Partial,Within Lead Time,Q4 2027
PRJ-000293-SP02,PRJ-000293,MAT-1010,2026-04-01,68,53,11,980,66640,Partial,At Risk,Q2 2026
PRJ-000294-SP01,PRJ-000294,MAT-1007,2028-12-01,38,6,4,14500,551000,Partial,Within Lead Time,Q4 2028
PRJ-000294-SP02,PRJ-000294,MAT-1011,2028-06-01,29,20,5,130,3770,Partial,Within Lead Time,Q2 2028
PRJ-000295-SP01,PRJ-000295,MAT-1008,2028-03-01,23,11,11,19000,437000,Partial,Within Lead Time,Q1 2028
PRJ-000295-SP02,PRJ-000295,MAT-1003,2026-02-01,3686,150,10,12,44232,Partial,At Risk,Q1 2026
PRJ-000295-SP03,PRJ-000295,MAT-1007,2028-12-01,25,16,7,14500,362500,Partial,Within Lead Time,Q4 2028
PRJ-000296-SP01,PRJ-000296,MAT-1005,2027-09-01,5,4,1,26000,130000,Partial,Within Lead Time,Q3 2027
PRJ-000296-SP02,PRJ-000296,MAT-1011,2027-04-01,9,2,0,130,1170,Partial,Within Lead Time,Q2 2027
PRJ-000296-SP03,PRJ-000296,MAT-1008,2028-07-01,73,53,26,19000,1387000,Partial,Within Lead Time,Q3 2028
PRJ-000296-SP04,PRJ-000296,MAT-1008,2026-06-01,34,13,0,19000,646000,Partial,At Risk,Q2 2026
PRJ-000296-SP05,PRJ-000296,MAT-1001,2026-11-01,73,1,0,2100,153300,Partial,Within Lead Time,Q4 2026
PRJ-000297-SP01,PRJ-000297,MAT-1004,2027-05-01,7017,74,63,27,189459,Partial,Within Lead Time,Q2 2027
PRJ-000297-SP02,PRJ-000297,MAT-1005,2028-09-01,24,17,7,26000,624000,Partial,Within Lead Time,Q3 2028
PRJ-000297-SP03,PRJ-000297,MAT-1006,2028-06-01,59,10,1,6200,365800,Partial,Within Lead Time,Q2 2028
PRJ-000298-SP01,PRJ-000298,MAT-1010,2027-05-01,12,9,5,980,11760,Partial,Within Lead Time,Q2 2027
PRJ-000298-SP02,PRJ-000298,MAT-1005,2029-01-01,21,18,10,26000,546000,Partial,Within Lead Time,Q1 2029
PRJ-000298-SP03,PRJ-000298,MAT-1011,2028-02-01,37,31,22,130,4810,Partial,Within Lead Time,Q1 2028
PRJ-000298-SP04,PRJ-000298,MAT-1006,2026-04-01,52,5,4,6200,322400,Partial,At Risk,Q2 2026
PRJ-000298-SP05,PRJ-000298,MAT-1007,2028-07-01,69,16,12,14500,1000500,Partial,Within Lead Time,Q3 2028
PRJ-000299-SP01,PRJ-000299,MAT-1005,2027-01-01,54,30,30,26000,1404000,Partial,Within Lead Time,Q1 2027
PRJ-000299-SP02,PRJ-000299,MAT-1011,2028-01-01,30,25,24,130,3900,Partial,Within Lead Time,Q1 2028
PRJ-000299-SP03,PRJ-000299,MAT-1012,2027-09-01,23,13,7,68,1564,Partial,Within Lead Time,Q3 2027
PRJ-000299-SP04,PRJ-000299,MAT-1002,2028-07-01,19,3,3,420,7980,Partial,Within Lead Time,Q3 2028
PRJ-000299-SP05,PRJ-000299,MAT-1001,2027-08-01,17,12,9,2100,35700,Partial,Within Lead Time,Q3 2027
PRJ-000300-SP01,PRJ-000300,MAT-1001,2027-12-01,39,24,7,2100,81900,Partial,Within Lead Time,Q4 2027
PRJ-000300-SP02,PRJ-000300,MAT-1012,2028-10-01,56,21,3,68,3808,Partial,Within Lead Time,Q4 2028
PRJ-000300-SP03,PRJ-000300,MAT-1011,2027-12-01,69,19,7,130,8970,Partial,Within Lead Time,Q4 2027
PRJ-000300-SP04,PRJ-000300,MAT-1010,2028-06-01,80,13,7,980,78400,Partial,Within Lead Time,Q2 2028
PRJ-000300-SP05,PRJ-000300,MAT-1011,2027-08-01,63,54,49,130,8190,Partial,Within Lead Time,Q3 2027
PRJ-000300-SP06,PRJ-000300,MAT-1009,2026-08-01,71,55,5,145,10295,Partial,At Risk,Q3 2026
PRJ-000300-SP07,PRJ-000300,MAT-1011,2028-08-01,26,12,7,130,3380,Partial,Within Lead Time,Q3 2028
PRJ-000300-SP08,PRJ-000300,MAT-1005,2026-03-01,76,62,55,26000,1976000,Partial,At Risk,Q1 2026
PRJ-000301-SP01,PRJ-000301,MAT-1004,2027-09-01,5776,1067,636,27,155952,Partial,Within Lead Time,Q3 2027
PRJ-000301-SP02,PRJ-000301,MAT-1004,2028-05-01,8072,6531,463,27,217944,Partial,Within Lead Time,Q2 2028
PRJ-000301-SP03,PRJ-000301,MAT-1005,2027-09-01,73,53,10,26000,1898000,Partial,Within Lead Time,Q3 2027
PRJ-000301-SP04,PRJ-000301,MAT-1003,2028-10-01,7679,6574,2583,12,92148,Partial,Within Lead Time,Q4 2028
PRJ-000301-SP05,PRJ-000301,MAT-1001,2027-01-01,80,54,19,2100,168000,Partial,Within Lead Time,Q1 2027
PRJ-000301-SP06,PRJ-000301,MAT-1010,2028-06-01,80,47,15,980,78400,Partial,Within Lead Time,Q2 2028
PRJ-000301-SP07,PRJ-000301,MAT-1003,2026-12-01,4088,1262,51,12,49056,Partial,Within Lead Time,Q4 2026
PRJ-000302-SP01,PRJ-000302,MAT-1010,2026-06-01,47,12,8,980,46060,Partial,At Risk,Q2 2026
PRJ-000302-SP02,PRJ-000302,MAT-1003,2026-07-01,8858,3940,3248,12,106296,Partial,At Risk,Q3 2026
PRJ-000302-SP03,PRJ-000302,MAT-1012,2029-01-01,63,62,52,68,4284,Partial,Within Lead Time,Q1 2029
PRJ-000303-SP01,PRJ-000303,MAT-1011,2027-08-01,28,17,1,130,3640,Partial,Within Lead Time,Q3 2027
PRJ-000303-SP02,PRJ-000303,MAT-1012,2028-08-01,50,35,7,68,3400,Partial,Within Lead Time,Q3 2028
PRJ-000303-SP03,PRJ-000303,MAT-1002,2028-09-01,34,21,5,420,14280,Partial,Within Lead Time,Q3 2028
PRJ-000303-SP04,PRJ-000303,MAT-1001,2026-03-01,54,24,10,2100,113400,Partial,At Risk,Q1 2026
PRJ-000303-SP05,PRJ-000303,MAT-1009,2028-11-01,80,42,23,145,11600,Partial,Within Lead Time,Q4 2028
PRJ-000303-SP06,PRJ-000303,MAT-1008,2027-09-01,19,6,5,19000,361000,Partial,Within Lead Time,Q3 2027
PRJ-000303-SP07,PRJ-000303,MAT-1011,2026-03-01,77,6,1,130,10010,Partial,At Risk,Q1 2026
PRJ-000304-SP01,PRJ-000304,MAT-1007,2028-03-01,39,24,9,14500,565500,Partial,Within Lead Time,Q1 2028
PRJ-000304-SP02,PRJ-000304,MAT-1004,2028-01-01,3170,2285,460,27,85590,Partial,Within Lead Time,Q1 2028
PRJ-000304-SP03,PRJ-000304,MAT-1005,2027-07-01,61,18,14,26000,1586000,Partial,Within Lead Time,Q3 2027
PRJ-000304-SP04,PRJ-000304,MAT-1005,2026-07-01,40,20,1,26000,1040000,Partial,At Risk,Q3 2026
PRJ-000304-SP05,PRJ-000304,MAT-1001,2027-10-01,22,2,1,2100,46200,Partial,Within Lead Time,Q4 2027
PRJ-000304-SP06,PRJ-000304,MAT-1004,2027-06-01,7884,7342,5542,27,212868,Partial,Within Lead Time,Q2 2027
PRJ-000304-SP07,PRJ-000304,MAT-1012,2026-03-01,11,9,4,68,748,Partial,At Risk,Q1 2026
PRJ-000305-SP01,PRJ-000305,MAT-1007,2028-01-01,55,6,1,14500,797500,Partial,Within Lead Time,Q1 2028
PRJ-000305-SP02,PRJ-000305,MAT-1003,2029-01-01,7786,606,431,12,93432,Partial,Within Lead Time,Q1 2029
PRJ-000305-SP03,PRJ-000305,MAT-1009,2026-03-01,14,13,7,145,2030,Partial,At Risk,Q1 2026
PRJ-000305-SP04,PRJ-000305,MAT-1004,2027-09-01,6252,3417,1075,27,168804,Partial,Within Lead Time,Q3 2027
PRJ-000305-SP05,PRJ-000305,MAT-1011,2027-10-01,3,1,0,130,390,Partial,Within Lead Time,Q4 2027
PRJ-000305-SP06,PRJ-000305,MAT-1008,2027-05-01,72,45,43,19000,1368000,Partial,Within Lead Time,Q2 2027
PRJ-000306-SP01,PRJ-000306,MAT-1003,2026-08-01,3222,1938,1667,12,38664,Partial,At Risk,Q3 2026
PRJ-000306-SP02,PRJ-000306,MAT-1006,2027-03-01,78,59,52,6200,483600,Partial,Within Lead Time,Q1 2027
PRJ-000306-SP03,PRJ-000306,MAT-1012,2028-12-01,55,3,1,68,3740,Partial,Within Lead Time,Q4 2028
PRJ-000306-SP04,PRJ-000306,MAT-1006,2029-01-01,37,35,0,6200,229400,Partial,Within Lead Time,Q1 2029
PRJ-000306-SP05,PRJ-000306,MAT-1001,2028-10-01,16,4,1,2100,33600,Partial,Within Lead Time,Q4 2028
PRJ-000306-SP06,PRJ-000306,MAT-1003,2027-02-01,2606,332,103,12,31272,Partial,Within Lead Time,Q1 2027
PRJ-000307-SP01,PRJ-000307,MAT-1010,2026-10-01,66,1,1,980,64680,Partial,At Risk,Q4 2026
PRJ-000307-SP02,PRJ-000307,MAT-1003,2027-01-01,4867,703,53,12,58404,Partial,Within Lead Time,Q1 2027
PRJ-000307-SP03,PRJ-000307,MAT-1004,2027-02-01,9357,2258,1220,27,252639,Partial,Within Lead Time,Q1 2027
PRJ-000307-SP04,PRJ-000307,MAT-1011,2028-12-01,73,5,4,130,9490,Partial,Within Lead Time,Q4 2028
PRJ-000308-SP01,PRJ-000308,MAT-1003,2027-03-01,2469,1071,388,12,29628,Partial,Within Lead Time,Q1 2027
PRJ-000308-SP02,PRJ-000308,MAT-1008,2026-04-01,29,2,1,19000,551000,Partial,At Risk,Q2 2026
PRJ-000308-SP03,PRJ-000308,MAT-1001,2027-12-01,74,69,63,2100,155400,Partial,Within Lead Time,Q4 2027
PRJ-000308-SP04,PRJ-000308,MAT-1007,2028-05-01,30,22,4,14500,435000,Partial,Within Lead Time,Q2 2028
PRJ-000308-SP05,PRJ-000308,MAT-1012,2026-12-01,54,24,8,68,3672,Partial,Within Lead Time,Q4 2026
PRJ-000308-SP06,PRJ-000308,MAT-1007,2026-04-01,44,17,9,14500,638000,Partial,At Risk,Q2 2026
PRJ-000308-SP07,PRJ-000308,MAT-1003,2028-04-01,9786,7820,5618,12,117432,Partial,Within Lead Time,Q2 2028
PRJ-000309-SP01,PRJ-000309,MAT-1001,2026-07-01,56,14,13,2100,117600,Partial,At Risk,Q3 2026
PRJ-000309-SP02,PRJ-000309,MAT-1008,2028-02-01,31,21,13,19000,589000,Partial,Within Lead Time,Q1 2028
PRJ-000310-SP01,PRJ-000310,MAT-1001,2028-11-01,34,0,0,2100,71400,Not Reserved,Within Lead Time,Q4 2028
PRJ-000310-SP02,PRJ-000310,MAT-1002,2026-04-01,75,73,39,420,31500,Partial,At Risk,Q2 2026
PRJ-000310-SP03,PRJ-000310,MAT-1002,2026-03-01,52,40,35,420,21840,Partial,At Risk,Q1 2026
PRJ-000310-SP04,PRJ-000310,MAT-1009,2026-02-01,22,11,8,145,3190,Partial,At Risk,Q1 2026
PRJ-000310-SP05,PRJ-000310,MAT-1012,2026-02-01,55,45,44,68,3740,Partial,At Risk,Q1 2026
PRJ-000310-SP06,PRJ-000310,MAT-1008,2027-02-01,19,0,0,19000,361000,Not Reserved,Within Lead Time,Q1 2027
PRJ-000311-SP01,PRJ-000311,MAT-1005,2028-06-01,39,25,16,26000,1014000,Partial,Within Lead Time,Q2 2028
PRJ-000311-SP02,PRJ-000311,MAT-1003,2026-12-01,7663,520,20,12,91956,Partial,Within Lead Time,Q4 2026
PRJ-000311-SP03,PRJ-000311,MAT-1002,2027-12-01,79,47,13,420,33180,Partial,Within Lead Time,Q4 2027
PRJ-000311-SP04,PRJ-000311,MAT-1010,2026-03-01,7,2,1,980,6860,Partial,At Risk,Q1 2026
PRJ-000311-SP05,PRJ-000311,MAT-1008,2026-12-01,78,14,11,19000,1482000,Partial,At Risk,Q4 2026
PRJ-000311-SP06,PRJ-000311,MAT-1011,2026-04-01,69,19,12,130,8970,Partial,At Risk,Q2 2026
PRJ-000311-SP07,PRJ-000311,MAT-1007,2026-07-01,78,53,48,14500,1131000,Partial,At Risk,Q3 2026
PRJ-000311-SP08,PRJ-000311,MAT-1005,2027-08-01,13,6,5,26000,338000,Partial,Within Lead Time,Q3 2027
PRJ-000312-SP01,PRJ-000312,MAT-1010,2028-10-01,42,4,2,980,41160,Partial,Within Lead Time,Q4 2028
PRJ-000312-SP02,PRJ-000312,MAT-1004,2027-05-01,4001,2032,1183,27,108027,Partial,Within Lead Time,Q2 2027
PRJ-000312-SP03,PRJ-000312,MAT-1002,2027-08-01,43,25,11,420,18060,Partial,Within Lead Time,Q3 2027
PRJ-000312-SP04,PRJ-000312,MAT-1004,2028-01-01,4327,3629,409,27,116829,Partial,Within Lead Time,Q1 2028
PRJ-000312-SP05,PRJ-000312,MAT-1008,2028-12-01,64,24,22,19000,1216000,Partial,Within Lead Time,Q4 2028
PRJ-000312-SP06,PRJ-000312,MAT-1009,2029-01-01,2,0,0,145,290,Not Reserved,Within Lead Time,Q1 2029
PRJ-000312-SP07,PRJ-000312,MAT-1004,2026-03-01,8921,6171,1026,27,240867,Partial,At Risk,Q1 2026
PRJ-000312-SP08,PRJ-000312,MAT-1005,2027-03-01,53,20,5,26000,1378000,Partial,Within Lead Time,Q1 2027
PRJ-000313-SP01,PRJ-000313,MAT-1005,2027-03-01,18,8,6,26000,468000,Partial,Within Lead Time,Q1 2027
PRJ-000313-SP02,PRJ-000313,MAT-1006,2026-03-01,41,7,6,6200,254200,Partial,At Risk,Q1 2026
PRJ-000313-SP03,PRJ-000313,MAT-1001,2026-09-01,31,24,14,2100,65100,Partial,At Risk,Q3 2026
PRJ-000313-SP04,PRJ-000313,MAT-1001,2027-09-01,73,62,17,2100,153300,Partial,Within Lead Time,Q3 2027
PRJ-000314-SP01,PRJ-000314,MAT-1003,2028-11-01,6072,1886,516,12,72864,Partial,Within Lead Time,Q4 2028
PRJ-000314-SP02,PRJ-000314,MAT-1009,2026-11-01,33,26,23,145,4785,Partial,Within Lead Time,Q4 2026
PRJ-000314-SP03,PRJ-000314,MAT-1008,2026-07-01,38,25,21,19000,722000,Partial,At Risk,Q3 2026
PRJ-000314-SP04,PRJ-000314,MAT-1005,2027-06-01,34,7,0,26000,884000,Partial,Within Lead Time,Q2 2027
PRJ-000315-SP01,PRJ-000315,MAT-1004,2028-02-01,6166,5708,837,27,166482,Partial,Within Lead Time,Q1 2028
PRJ-000315-SP02,PRJ-000315,MAT-1006,2028-10-01,56,52,0,6200,347200,Partial,Within Lead Time,Q4 2028
PRJ-000315-SP03,PRJ-000315,MAT-1006,2026-01-01,68,23,8,6200,421600,Partial,At Risk,Q1 2026
PRJ-000315-SP04,PRJ-000315,MAT-1010,2026-03-01,26,9,3,980,25480,Partial,At Risk,Q1 2026
PRJ-000315-SP05,PRJ-000315,MAT-1012,2027-10-01,31,26,16,68,2108,Partial,Within Lead Time,Q4 2027
PRJ-000315-SP06,PRJ-000315,MAT-1006,2026-12-01,18,7,4,6200,111600,Partial,Within Lead Time,Q4 2026
PRJ-000316-SP01,PRJ-000316,MAT-1006,2026-06-01,75,30,16,6200,465000,Partial,At Risk,Q2 2026
PRJ-000316-SP02,PRJ-000316,MAT-1005,2026-01-01,56,5,4,26000,1456000,Partial,At Risk,Q1 2026
PRJ-000316-SP03,PRJ-000316,MAT-1010,2028-01-01,73,24,6,980,71540,Partial,Within Lead Time,Q1 2028
PRJ-000316-SP04,PRJ-000316,MAT-1002,2026-07-01,14,8,2,420,5880,Partial,At Risk,Q3 2026
PRJ-000317-SP01,PRJ-000317,MAT-1007,2026-01-01,40,11,5,14500,580000,Partial,At Risk,Q1 2026
PRJ-000317-SP02,PRJ-000317,MAT-1011,2028-07-01,22,10,3,130,2860,Partial,Within Lead Time,Q3 2028
PRJ-000317-SP03,PRJ-000317,MAT-1002,2028-08-01,79,37,1,420,33180,Partial,Within Lead Time,Q3 2028
PRJ-000317-SP04,PRJ-000317,MAT-1009,2028-02-01,57,44,31,145,8265,Partial,Within Lead Time,Q1 2028
PRJ-000317-SP05,PRJ-000317,MAT-1010,2028-06-01,62,16,2,980,60760,Partial,Within Lead Time,Q2 2028
PRJ-000317-SP06,PRJ-000317,MAT-1001,2028-04-01,4,0,0,2100,8400,Not Reserved,Within Lead Time,Q2 2028
PRJ-000317-SP07,PRJ-000317,MAT-1003,2026-07-01,9855,2418,1083,12,118260,Partial,At Risk,Q3 2026
PRJ-000318-SP01,PRJ-000318,MAT-1003,2026-01-01,3778,3206,466,12,45336,Partial,At Risk,Q1 2026
PRJ-000318-SP02,PRJ-000318,MAT-1008,2028-07-01,6,4,1,19000,114000,Partial,Within Lead Time,Q3 2028
PRJ-000318-SP03,PRJ-000318,MAT-1010,2027-03-01,71,57,14,980,69580,Partial,Within Lead Time,Q1 2027
PRJ-000319-SP01,PRJ-000319,MAT-1009,2028-06-01,77,11,8,145,11165,Partial,Within Lead Time,Q2 2028
PRJ-000319-SP02,PRJ-000319,MAT-1005,2026-11-01,31,11,8,26000,806000,Partial,At Risk,Q4 2026
PRJ-000319-SP03,PRJ-000319,MAT-1004,2026-11-01,5076,2394,519,27,137052,Partial,At Risk,Q4 2026
PRJ-000320-SP01,PRJ-000320,MAT-1008,2027-12-01,55,49,24,19000,1045000,Partial,Within Lead Time,Q4 2027
PRJ-000320-SP02,PRJ-000320,MAT-1001,2026-08-01,15,13,4,2100,31500,Partial,At Risk,Q3 2026
PRJ-000321-SP01,PRJ-000321,MAT-1005,2026-01-01,24,21,19,26000,624000,Partial,At Risk,Q1 2026
PRJ-000321-SP02,PRJ-000321,MAT-1008,2026-01-01,45,38,37,19000,855000,Partial,At Risk,Q1 2026
PRJ-000321-SP03,PRJ-000321,MAT-1003,2027-01-01,1540,627,9,12,18480,Partial,Within Lead Time,Q1 2027
PRJ-000321-SP04,PRJ-000321,MAT-1002,2027-04-01,41,15,13,420,17220,Partial,Within Lead Time,Q2 2027
PRJ-000321-SP05,PRJ-000321,MAT-1009,2027-01-01,73,60,51,145,10585,Partial,Within Lead Time,Q1 2027
PRJ-000322-SP01,PRJ-000322,MAT-1004,2028-08-01,2296,954,438,27,61992,Partial,Within Lead Time,Q3 2028
PRJ-000322-SP02,PRJ-000322,MAT-1006,2027-01-01,74,64,11,6200,458800,Partial,Within Lead Time,Q1 2027
PRJ-000322-SP03,PRJ-000322,MAT-1011,2026-09-01,55,2,0,130,7150,Partial,At Risk,Q3 2026
PRJ-000323-SP01,PRJ-000323,MAT-1009,2027-07-01,23,22,2,145,3335,Partial,Within Lead Time,Q3 2027
PRJ-000323-SP02,PRJ-000323,MAT-1001,2027-02-01,28,19,6,2100,58800,Partial,Within Lead Time,Q1 2027
PRJ-000323-SP03,PRJ-000323,MAT-1003,2027-09-01,2434,1347,763,12,29208,Partial,Within Lead Time,Q3 2027
PRJ-000323-SP04,PRJ-000323,MAT-1005,2028-10-01,3,1,1,26000,78000,Partial,Within Lead Time,Q4 2028
PRJ-000324-SP01,PRJ-000324,MAT-1007,2027-11-01,77,17,8,14500,1116500,Partial,Within Lead Time,Q4 2027
PRJ-000324-SP02,PRJ-000324,MAT-1010,2026-09-01,50,22,12,980,49000,Partial,At Risk,Q3 2026
PRJ-000324-SP03,PRJ-000324,MAT-1011,2026-07-01,52,6,5,130,6760,Partial,At Risk,Q3 2026
PRJ-000324-SP04,PRJ-000324,MAT-1001,2026-02-01,26,5,1,2100,54600,Partial,At Risk,Q1 2026
PRJ-000324-SP05,PRJ-000324,MAT-1012,2026-06-01,45,34,25,68,3060,Partial,At Risk,Q2 2026
PRJ-000324-SP06,PRJ-000324,MAT-1003,2027-06-01,9780,5254,1202,12,117360,Partial,Within Lead Time,Q2 2027
PRJ-000324-SP07,PRJ-000324,MAT-1011,2026-09-01,10,2,1,130,1300,Partial,At Risk,Q3 2026
PRJ-000324-SP08,PRJ-000324,MAT-1001,2027-02-01,15,3,2,2100,31500,Partial,Within Lead Time,Q1 2027
PRJ-000325-SP01,PRJ-000325,MAT-1004,2028-11-01,4600,4585,1895,27,124200,Partial,Within Lead Time,Q4 2028
PRJ-000325-SP02,PRJ-000325,MAT-1004,2028-07-01,4005,1073,867,27,108135,Partial,Within Lead Time,Q3 2028
PRJ-000325-SP03,PRJ-000325,MAT-1012,2028-05-01,76,13,12,68,5168,Partial,Within Lead Time,Q2 2028
PRJ-000325-SP04,PRJ-000325,MAT-1009,2027-09-01,65,53,22,145,9425,Partial,Within Lead Time,Q3 2027
PRJ-000325-SP05,PRJ-000325,MAT-1005,2026-06-01,38,27,12,26000,988000,Partial,At Risk,Q2 2026
PRJ-000325-SP06,PRJ-000325,MAT-1002,2028-03-01,27,13,7,420,11340,Partial,Within Lead Time,Q1 2028
PRJ-000325-SP07,PRJ-000325,MAT-1009,2027-04-01,21,17,2,145,3045,Partial,Within Lead Time,Q2 2027
PRJ-000326-SP01,PRJ-000326,MAT-1010,2026-07-01,44,41,40,980,43120,Partial,At Risk,Q3 2026
PRJ-000326-SP02,PRJ-000326,MAT-1012,2028-07-01,31,31,12,68,2108,Partial,Within Lead Time,Q3 2028
PRJ-000326-SP03,PRJ-000326,MAT-1011,2027-11-01,40,20,19,130,5200,Partial,Within Lead Time,Q4 2027
PRJ-000326-SP04,PRJ-000326,MAT-1009,2027-03-01,15,4,1,145,2175,Partial,Within Lead Time,Q1 2027
PRJ-000326-SP05,PRJ-000326,MAT-1005,2026-04-01,31,16,14,26000,806000,Partial,At Risk,Q2 2026
PRJ-000326-SP06,PRJ-000326,MAT-1003,2028-09-01,5459,994,594,12,65508,Partial,Within Lead Time,Q3 2028
PRJ-000326-SP07,PRJ-000326,MAT-1008,2028-12-01,39,13,3,19000,741000,Partial,Within Lead Time,Q4 2028
PRJ-000327-SP01,PRJ-000327,MAT-1005,2026-06-01,71,63,59,26000,1846000,Partial,At Risk,Q2 2026
PRJ-000327-SP02,PRJ-000327,MAT-1011,2028-09-01,29,12,2,130,3770,Partial,Within Lead Time,Q3 2028
PRJ-000327-SP03,PRJ-000327,MAT-1006,2026-03-01,66,59,18,6200,409200,Partial,At Risk,Q1 2026
PRJ-000327-SP04,PRJ-000327,MAT-1008,2028-03-01,25,5,0,19000,475000,Partial,Within Lead Time,Q1 2028
PRJ-000327-SP05,PRJ-000327,MAT-1001,2027-02-01,78,75,62,2100,163800,Partial,Within Lead Time,Q1 2027
PRJ-000327-SP06,PRJ-000327,MAT-1008,2026-12-01,14,2,1,19000,266000,Partial,At Risk,Q4 2026
PRJ-000328-SP01,PRJ-000328,MAT-1002,2027-12-01,79,71,46,420,33180,Partial,Within Lead Time,Q4 2027
PRJ-000328-SP02,PRJ-000328,MAT-1002,2028-06-01,49,15,10,420,20580,Partial,Within Lead Time,Q2 2028
PRJ-000329-SP01,PRJ-000329,MAT-1012,2026-08-01,74,74,49,68,5032,Partial,At Risk,Q3 2026
PRJ-000329-SP02,PRJ-000329,MAT-1001,2028-07-01,53,40,40,2100,111300,Partial,Within Lead Time,Q3 2028
PRJ-000329-SP03,PRJ-000329,MAT-1008,2027-07-01,27,19,16,19000,513000,Partial,Within Lead Time,Q3 2027
PRJ-000329-SP04,PRJ-000329,MAT-1012,2029-01-01,11,2,0,68,748,Partial,Within Lead Time,Q1 2029
PRJ-000329-SP05,PRJ-000329,MAT-1008,2027-03-01,78,73,60,19000,1482000,Partial,Within Lead Time,Q1 2027
PRJ-000329-SP06,PRJ-000329,MAT-1004,2027-02-01,5556,3776,2904,27,150012,Partial,Within Lead Time,Q1 2027
PRJ-000329-SP07,PRJ-000329,MAT-1001,2028-03-01,51,14,9,2100,107100,Partial,Within Lead Time,Q1 2028
PRJ-000330-SP01,PRJ-000330,MAT-1012,2028-10-01,32,8,6,68,2176,Partial,Within Lead Time,Q4 2028
PRJ-000330-SP02,PRJ-000330,MAT-1007,2026-02-01,3,3,2,14500,43500,Partial,At Risk,Q1 2026
PRJ-000330-SP03,PRJ-000330,MAT-1009,2026-10-01,51,46,7,145,7395,Partial,Within Lead Time,Q4 2026
PRJ-000330-SP04,PRJ-000330,MAT-1012,2027-11-01,15,3,1,68,1020,Partial,Within Lead Time,Q4 2027
PRJ-000330-SP05,PRJ-000330,MAT-1008,2026-02-01,14,7,7,19000,266000,Partial,At Risk,Q1 2026
PRJ-000330-SP06,PRJ-000330,MAT-1012,2027-08-01,14,11,10,68,952,Partial,Within Lead Time,Q3 2027
PRJ-000331-SP01,PRJ-000331,MAT-1003,2029-01-01,4957,2242,1894,12,59484,Partial,Within Lead Time,Q1 2029
PRJ-000331-SP02,PRJ-000331,MAT-1004,2027-11-01,8732,7002,6473,27,235764,Partial,Within Lead Time,Q4 2027
PRJ-000331-SP03,PRJ-000331,MAT-1007,2026-05-01,71,60,8,14500,1029500,Partial,At Risk,Q2 2026
PRJ-000331-SP04,PRJ-000331,MAT-1008,2028-05-01,42,37,32,19000,798000,Partial,Within Lead Time,Q2 2028
PRJ-000331-SP05,PRJ-000331,MAT-1011,2026-10-01,21,7,0,130,2730,Partial,Within Lead Time,Q4 2026
PRJ-000331-SP06,PRJ-000331,MAT-1004,2027-11-01,3797,1300,402,27,102519,Partial,Within Lead Time,Q4 2027
PRJ-000331-SP07,PRJ-000331,MAT-1007,2027-11-01,68,20,17,14500,986000,Partial,Within Lead Time,Q4 2027
PRJ-000331-SP08,PRJ-000331,MAT-1006,2028-07-01,74,21,18,6200,458800,Partial,Within Lead Time,Q3 2028
PRJ-000332-SP01,PRJ-000332,MAT-1003,2026-01-01,6896,1519,354,12,82752,Partial,At Risk,Q1 2026
PRJ-000332-SP02,PRJ-000332,MAT-1001,2026-11-01,15,8,4,2100,31500,Partial,Within Lead Time,Q4 2026
PRJ-000332-SP03,PRJ-000332,MAT-1007,2028-08-01,79,37,28,14500,1145500,Partial,Within Lead Time,Q3 2028
PRJ-000332-SP04,PRJ-000332,MAT-1010,2027-04-01,75,45,4,980,73500,Partial,Within Lead Time,Q2 2027
PRJ-000332-SP05,PRJ-000332,MAT-1011,2028-12-01,43,29,13,130,5590,Partial,Within Lead Time,Q4 2028
PRJ-000333-SP01,PRJ-000333,MAT-1008,2028-08-01,5,2,2,19000,95000,Partial,Within Lead Time,Q3 2028
PRJ-000333-SP02,PRJ-000333,MAT-1007,2026-07-01,61,14,10,14500,884500,Partial,At Risk,Q3 2026
PRJ-000333-SP03,PRJ-000333,MAT-1001,2026-12-01,29,27,10,2100,60900,Partial,Within Lead Time,Q4 2026
PRJ-000334-SP01,PRJ-000334,MAT-1005,2028-04-01,9,2,2,26000,234000,Partial,Within Lead Time,Q2 2028
PRJ-000334-SP02,PRJ-000334,MAT-1006,2026-10-01,8,2,0,6200,49600,Partial,At Risk,Q4 2026
PRJ-000334-SP03,PRJ-000334,MAT-1002,2026-04-01,46,36,14,420,19320,Partial,At Risk,Q2 2026
PRJ-000334-SP04,PRJ-000334,MAT-1011,2027-06-01,76,61,60,130,9880,Partial,Within Lead Time,Q2 2027
PRJ-000334-SP05,PRJ-000334,MAT-1009,2027-03-01,72,30,21,145,10440,Partial,Within Lead Time,Q1 2027
PRJ-000334-SP06,PRJ-000334,MAT-1010,2026-09-01,71,67,39,980,69580,Partial,At Risk,Q3 2026
PRJ-000335-SP01,PRJ-000335,MAT-1011,2027-12-01,11,3,3,130,1430,Partial,Within Lead Time,Q4 2027
PRJ-000335-SP02,PRJ-000335,MAT-1005,2026-12-01,44,15,15,26000,1144000,Partial,At Risk,Q4 2026
PRJ-000335-SP03,PRJ-000335,MAT-1005,2026-03-01,80,55,36,26000,2080000,Partial,At Risk,Q1 2026
PRJ-000335-SP04,PRJ-000335,MAT-1006,2026-11-01,26,3,3,6200,161200,Partial,At Risk,Q4 2026
PRJ-000335-SP05,PRJ-000335,MAT-1010,2028-09-01,48,47,17,980,47040,Partial,Within Lead Time,Q3 2028
PRJ-000336-SP01,PRJ-000336,MAT-1002,2027-11-01,16,8,1,420,6720,Partial,Within Lead Time,Q4 2027
PRJ-000336-SP02,PRJ-000336,MAT-1009,2028-10-01,3,0,0,145,435,Not Reserved,Within Lead Time,Q4 2028
PRJ-000336-SP03,PRJ-000336,MAT-1003,2026-07-01,1650,580,192,12,19800,Partial,At Risk,Q3 2026
PRJ-000336-SP04,PRJ-000336,MAT-1004,2026-10-01,5230,2922,115,27,141210,Partial,At Risk,Q4 2026
PRJ-000336-SP05,PRJ-000336,MAT-1003,2026-09-01,2261,359,259,12,27132,Partial,At Risk,Q3 2026
PRJ-000336-SP06,PRJ-000336,MAT-1003,2026-01-01,8083,5078,3013,12,96996,Partial,At Risk,Q1 2026
PRJ-000337-SP01,PRJ-000337,MAT-1007,2028-05-01,72,26,10,14500,1044000,Partial,Within Lead Time,Q2 2028
PRJ-000337-SP02,PRJ-000337,MAT-1001,2027-11-01,80,31,15,2100,168000,Partial,Within Lead Time,Q4 2027
PRJ-000337-SP03,PRJ-000337,MAT-1011,2028-10-01,4,1,1,130,520,Partial,Within Lead Time,Q4 2028
PRJ-000337-SP04,PRJ-000337,MAT-1005,2026-12-01,11,11,8,26000,286000,Partial,At Risk,Q4 2026
PRJ-000338-SP01,PRJ-000338,MAT-1002,2028-09-01,30,19,14,420,12600,Partial,Within Lead Time,Q3 2028
PRJ-000338-SP02,PRJ-000338,MAT-1001,2026-05-01,54,49,34,2100,113400,Partial,At Risk,Q2 2026
PRJ-000338-SP03,PRJ-000338,MAT-1011,2028-05-01,71,12,7,130,9230,Partial,Within Lead Time,Q2 2028
PRJ-000338-SP04,PRJ-000338,MAT-1001,2026-11-01,56,42,19,2100,117600,Partial,Within Lead Time,Q4 2026
PRJ-000339-SP01,PRJ-000339,MAT-1011,2028-11-01,10,7,0,130,1300,Partial,Within Lead Time,Q4 2028
PRJ-000339-SP02,PRJ-000339,MAT-1010,2028-05-01,3,1,0,980,2940,Partial,Within Lead Time,Q2 2028
PRJ-000340-SP01,PRJ-000340,MAT-1006,2028-10-01,37,1,0,6200,229400,Partial,Within Lead Time,Q4 2028
PRJ-000340-SP02,PRJ-000340,MAT-1008,2026-08-01,33,29,7,19000,627000,Partial,At Risk,Q3 2026
PRJ-000340-SP03,PRJ-000340,MAT-1003,2026-02-01,579,93,36,12,6948,Partial,At Risk,Q1 2026
PRJ-000340-SP04,PRJ-000340,MAT-1010,2028-08-01,12,2,2,980,11760,Partial,Within Lead Time,Q3 2028
PRJ-000340-SP05,PRJ-000340,MAT-1006,2028-11-01,47,4,3,6200,291400,Partial,Within Lead Time,Q4 2028
PRJ-000340-SP06,PRJ-000340,MAT-1010,2028-10-01,22,10,9,980,21560,Partial,Within Lead Time,Q4 2028
PRJ-000340-SP07,PRJ-000340,MAT-1012,2026-04-01,21,17,2,68,1428,Partial,At Risk,Q2 2026
PRJ-000340-SP08,PRJ-000340,MAT-1001,2027-12-01,53,46,30,2100,111300,Partial,Within Lead Time,Q4 2027
PRJ-000341-SP01,PRJ-000341,MAT-1008,2028-06-01,13,9,5,19000,247000,Partial,Within Lead Time,Q2 2028
PRJ-000341-SP02,PRJ-000341,MAT-1010,2027-01-01,60,9,8,980,58800,Partial,Within Lead Time,Q1 2027
PRJ-000341-SP03,PRJ-000341,MAT-1002,2026-05-01,75,19,5,420,31500,Partial,At Risk,Q2 2026
PRJ-000341-SP04,PRJ-000341,MAT-1011,2026-06-01,78,65,60,130,10140,Partial,At Risk,Q2 2026
PRJ-000341-SP05,PRJ-000341,MAT-1008,2028-05-01,39,4,1,19000,741000,Partial,Within Lead Time,Q2 2028
PRJ-000341-SP06,PRJ-000341,MAT-1008,2027-05-01,27,13,8,19000,513000,Partial,Within Lead Time,Q2 2027
PRJ-000341-SP07,PRJ-000341,MAT-1005,2027-06-01,70,64,10,26000,1820000,Partial,Within Lead Time,Q2 2027
PRJ-000342-SP01,PRJ-000342,MAT-1007,2026-04-01,27,6,5,14500,391500,Partial,At Risk,Q2 2026
PRJ-000342-SP02,PRJ-000342,MAT-1005,2028-08-01,63,38,11,26000,1638000,Partial,Within Lead Time,Q3 2028
PRJ-000342-SP03,PRJ-000342,MAT-1002,2027-03-01,26,5,3,420,10920,Partial,Within Lead Time,Q1 2027
PRJ-000342-SP04,PRJ-000342,MAT-1006,2027-06-01,50,34,22,6200,310000,Partial,Within Lead Time,Q2 2027
PRJ-000342-SP05,PRJ-000342,MAT-1008,2028-02-01,22,7,1,19000,418000,Partial,Within Lead Time,Q1 2028
PRJ-000343-SP01,PRJ-000343,MAT-1001,2028-06-01,65,37,0,2100,136500,Partial,Within Lead Time,Q2 2028
PRJ-000343-SP02,PRJ-000343,MAT-1008,2027-01-01,75,2,0,19000,1425000,Partial,At Risk,Q1 2027
PRJ-000343-SP03,PRJ-000343,MAT-1005,2027-04-01,56,43,5,26000,1456000,Partial,Within Lead Time,Q2 2027
PRJ-000344-SP01,PRJ-000344,MAT-1003,2029-01-01,2877,2822,2191,12,34524,Partial,Within Lead Time,Q1 2029
PRJ-000344-SP02,PRJ-000344,MAT-1001,2028-10-01,26,10,4,2100,54600,Partial,Within Lead Time,Q4 2028
PRJ-000344-SP03,PRJ-000344,MAT-1004,2027-05-01,9348,7296,882,27,252396,Partial,Within Lead Time,Q2 2027
PRJ-000344-SP04,PRJ-000344,MAT-1003,2027-09-01,6725,5614,5609,12,80700,Partial,Within Lead Time,Q3 2027
PRJ-000344-SP05,PRJ-000344,MAT-1006,2026-12-01,36,16,16,6200,223200,Partial,Within Lead Time,Q4 2026
PRJ-000344-SP06,PRJ-000344,MAT-1001,2027-03-01,21,7,2,2100,44100,Partial,Within Lead Time,Q1 2027
PRJ-000345-SP01,PRJ-000345,MAT-1003,2026-11-01,6752,3266,141,12,81024,Partial,Within Lead Time,Q4 2026
PRJ-000345-SP02,PRJ-000345,MAT-1009,2026-01-01,69,35,13,145,10005,Partial,At Risk,Q1 2026
PRJ-000345-SP03,PRJ-000345,MAT-1002,2026-07-01,68,53,27,420,28560,Partial,At Risk,Q3 2026
PRJ-000345-SP04,PRJ-000345,MAT-1004,2027-07-01,4972,1070,656,27,134244,Partial,Within Lead Time,Q3 2027
PRJ-000346-SP01,PRJ-000346,MAT-1007,2026-10-01,30,14,0,14500,435000,Partial,At Risk,Q4 2026
PRJ-000346-SP02,PRJ-000346,MAT-1008,2027-08-01,22,19,11,19000,418000,Partial,Within Lead Time,Q3 2027
PRJ-000346-SP03,PRJ-000346,MAT-1003,2027-12-01,5325,4378,801,12,63900,Partial,Within Lead Time,Q4 2027
PRJ-000346-SP04,PRJ-000346,MAT-1003,2026-04-01,3655,3329,1280,12,43860,Partial,At Risk,Q2 2026
PRJ-000346-SP05,PRJ-000346,MAT-1010,2026-08-01,13,7,1,980,12740,Partial,At Risk,Q3 2026
PRJ-000346-SP06,PRJ-000346,MAT-1003,2028-02-01,5327,923,139,12,63924,Partial,Within Lead Time,Q1 2028
PRJ-000347-SP01,PRJ-000347,MAT-1002,2027-12-01,35,9,4,420,14700,Partial,Within Lead Time,Q4 2027
PRJ-000347-SP02,PRJ-000347,MAT-1010,2028-11-01,40,36,6,980,39200,Partial,Within Lead Time,Q4 2028
PRJ-000348-SP01,PRJ-000348,MAT-1004,2026-05-01,9407,3567,1945,27,253989,Partial,At Risk,Q2 2026
PRJ-000348-SP02,PRJ-000348,MAT-1008,2027-05-01,22,20,5,19000,418000,Partial,Within Lead Time,Q2 2027
PRJ-000348-SP03,PRJ-000348,MAT-1010,2026-07-01,10,8,4,980,9800,Partial,At Risk,Q3 2026
PRJ-000349-SP01,PRJ-000349,MAT-1004,2027-11-01,6961,136,52,27,187947,Partial,Within Lead Time,Q4 2027
PRJ-000349-SP02,PRJ-000349,MAT-1011,2026-03-01,14,11,1,130,1820,Partial,At Risk,Q1 2026
PRJ-000349-SP03,PRJ-000349,MAT-1010,2026-09-01,45,41,4,980,44100,Partial,At Risk,Q3 2026
PRJ-000349-SP04,PRJ-000349,MAT-1008,2026-02-01,56,22,18,19000,1064000,Partial,At Risk,Q1 2026
PRJ-000349-SP05,PRJ-000349,MAT-1001,2027-09-01,59,30,0,2100,123900,Partial,Within Lead Time,Q3 2027
PRJ-000349-SP06,PRJ-000349,MAT-1002,2026-12-01,65,28,18,420,27300,Partial,Within Lead Time,Q4 2026
PRJ-000349-SP07,PRJ-000349,MAT-1012,2026-09-01,63,46,23,68,4284,Partial,At Risk,Q3 2026
PRJ-000350-SP01,PRJ-000350,MAT-1005,2027-01-01,76,61,7,26000,1976000,Partial,Within Lead Time,Q1 2027
PRJ-000350-SP02,PRJ-000350,MAT-1005,2027-10-01,24,4,4,26000,624000,Partial,Within Lead Time,Q4 2027
PRJ-000351-SP01,PRJ-000351,MAT-1006,2026-07-01,55,29,16,6200,341000,Partial,At Risk,Q3 2026
PRJ-000351-SP02,PRJ-000351,MAT-1012,2028-06-01,53,24,6,68,3604,Partial,Within Lead Time,Q2 2028
PRJ-000351-SP03,PRJ-000351,MAT-1003,2028-02-01,9891,9415,3697,12,118692,Partial,Within Lead Time,Q1 2028
PRJ-000351-SP04,PRJ-000351,MAT-1011,2028-07-01,5,4,1,130,650,Partial,Within Lead Time,Q3 2028
PRJ-000351-SP05,PRJ-000351,MAT-1008,2028-12-01,36,2,1,19000,684000,Partial,Within Lead Time,Q4 2028
PRJ-000351-SP06,PRJ-000351,MAT-1001,2026-04-01,73,72,18,2100,153300,Partial,At Risk,Q2 2026
PRJ-000352-SP01,PRJ-000352,MAT-1003,2026-12-01,3497,650,507,12,41964,Partial,Within Lead Time,Q4 2026
PRJ-000352-SP02,PRJ-000352,MAT-1008,2028-11-01,57,55,9,19000,1083000,Partial,Within Lead Time,Q4 2028
PRJ-000352-SP03,PRJ-000352,MAT-1011,2027-03-01,12,1,1,130,1560,Partial,Within Lead Time,Q1 2027
PRJ-000352-SP04,PRJ-000352,MAT-1003,2028-06-01,851,88,14,12,10212,Partial,Within Lead Time,Q2 2028
PRJ-000353-SP01,PRJ-000353,MAT-1010,2027-12-01,24,5,3,980,23520,Partial,Within Lead Time,Q4 2027
PRJ-000353-SP02,PRJ-000353,MAT-1008,2028-05-01,18,1,1,19000,342000,Partial,Within Lead Time,Q2 2028
PRJ-000354-SP01,PRJ-000354,MAT-1004,2027-11-01,2440,2397,1512,27,65880,Partial,Within Lead Time,Q4 2027
PRJ-000354-SP02,PRJ-000354,MAT-1011,2028-09-01,79,40,38,130,10270,Partial,Within Lead Time,Q3 2028
PRJ-000354-SP03,PRJ-000354,MAT-1006,2027-04-01,34,21,16,6200,210800,Partial,Within Lead Time,Q2 2027
PRJ-000354-SP04,PRJ-000354,MAT-1009,2026-04-01,37,4,2,145,5365,Partial,At Risk,Q2 2026
PRJ-000354-SP05,PRJ-000354,MAT-1010,2027-11-01,31,3,2,980,30380,Partial,Within Lead Time,Q4 2027
PRJ-000354-SP06,PRJ-000354,MAT-1007,2028-04-01,71,43,10,14500,1029500,Partial,Within Lead Time,Q2 2028
PRJ-000354-SP07,PRJ-000354,MAT-1003,2028-07-01,4875,2275,1828,12,58500,Partial,Within Lead Time,Q3 2028
PRJ-000355-SP01,PRJ-000355,MAT-1009,2026-06-01,66,8,2,145,9570,Partial,At Risk,Q2 2026
PRJ-000355-SP02,PRJ-000355,MAT-1006,2027-02-01,16,2,0,6200,99200,Partial,Within Lead Time,Q1 2027
PRJ-000355-SP03,PRJ-000355,MAT-1008,2027-03-01,57,29,11,19000,1083000,Partial,Within Lead Time,Q1 2027
PRJ-000355-SP04,PRJ-000355,MAT-1002,2026-09-01,26,4,4,420,10920,Partial,At Risk,Q3 2026
PRJ-000355-SP05,PRJ-000355,MAT-1007,2028-10-01,20,20,3,14500,290000,Partial,Within Lead Time,Q4 2028
PRJ-000355-SP06,PRJ-000355,MAT-1011,2028-09-01,47,42,41,130,6110,Partial,Within Lead Time,Q3 2028
PRJ-000356-SP01,PRJ-000356,MAT-1012,2027-01-01,7,7,3,68,476,Partial,Within Lead Time,Q1 2027
PRJ-000356-SP02,PRJ-000356,MAT-1010,2027-06-01,17,13,9,980,16660,Partial,Within Lead Time,Q2 2027
PRJ-000356-SP03,PRJ-000356,MAT-1004,2028-03-01,2966,1803,1353,27,80082,Partial,Within Lead Time,Q1 2028
PRJ-000356-SP04,PRJ-000356,MAT-1003,2026-02-01,4078,3411,1239,12,48936,Partial,At Risk,Q1 2026
PRJ-000356-SP05,PRJ-000356,MAT-1008,2028-01-01,30,11,10,19000,570000,Partial,Within Lead Time,Q1 2028
PRJ-000356-SP06,PRJ-000356,MAT-1003,2026-04-01,6028,4324,2630,12,72336,Partial,At Risk,Q2 2026
PRJ-000356-SP07,PRJ-000356,MAT-1001,2026-09-01,72,7,4,2100,151200,Partial,At Risk,Q3 2026
PRJ-000357-SP01,PRJ-000357,MAT-1012,2027-04-01,6,3,2,68,408,Partial,Within Lead Time,Q2 2027
PRJ-000357-SP02,PRJ-000357,MAT-1005,2028-04-01,33,11,8,26000,858000,Partial,Within Lead Time,Q2 2028
PRJ-000357-SP03,PRJ-000357,MAT-1004,2026-04-01,8784,3681,1056,27,237168,Partial,At Risk,Q2 2026
PRJ-000357-SP04,PRJ-000357,MAT-1001,2027-04-01,30,4,1,2100,63000,Partial,Within Lead Time,Q2 2027
PRJ-000357-SP05,PRJ-000357,MAT-1005,2028-10-01,68,4,2,26000,1768000,Partial,Within Lead Time,Q4 2028
PRJ-000357-SP06,PRJ-000357,MAT-1007,2028-10-01,60,15,11,14500,870000,Partial,Within Lead Time,Q4 2028
PRJ-000357-SP07,PRJ-000357,MAT-1012,2026-06-01,64,4,2,68,4352,Partial,At Risk,Q2 2026
PRJ-000357-SP08,PRJ-000357,MAT-1002,2027-06-01,40,6,5,420,16800,Partial,Within Lead Time,Q2 2027
PRJ-000358-SP01,PRJ-000358,MAT-1005,2028-10-01,78,59,48,26000,2028000,Partial,Within Lead Time,Q4 2028
PRJ-000358-SP02,PRJ-000358,MAT-1009,2027-03-01,31,5,3,145,4495,Partial,Within Lead Time,Q1 2027
PRJ-000358-SP03,PRJ-000358,MAT-1004,2027-10-01,9543,4491,2905,27,257661,Partial,Within Lead Time,Q4 2027
PRJ-000358-SP04,PRJ-000358,MAT-1006,2026-07-01,25,18,3,6200,155000,Partial,At Risk,Q3 2026
PRJ-000358-SP05,PRJ-000358,MAT-1010,2028-09-01,73,24,4,980,71540,Partial,Within Lead Time,Q3 2028
PRJ-000358-SP06,PRJ-000358,MAT-1010,2029-01-01,35,3,1,980,34300,Partial,Within Lead Time,Q1 2029
PRJ-000358-SP07,PRJ-000358,MAT-1005,2027-02-01,39,9,0,26000,1014000,Partial,Within Lead Time,Q1 2027
PRJ-000359-SP01,PRJ-000359,MAT-1008,2026-05-01,39,15,11,19000,741000,Partial,At Risk,Q2 2026
PRJ-000359-SP02,PRJ-000359,MAT-1002,2026-03-01,19,9,7,420,7980,Partial,At Risk,Q1 2026
PRJ-000359-SP03,PRJ-000359,MAT-1012,2026-08-01,46,45,5,68,3128,Partial,At Risk,Q3 2026
PRJ-000359-SP04,PRJ-000359,MAT-1002,2028-09-01,67,17,17,420,28140,Partial,Within Lead Time,Q3 2028
PRJ-000359-SP05,PRJ-000359,MAT-1010,2026-02-01,5,0,0,980,4900,Not Reserved,At Risk,Q1 2026
PRJ-000359-SP06,PRJ-000359,MAT-1008,2027-10-01,20,4,0,19000,380000,Partial,Within Lead Time,Q4 2027
PRJ-000359-SP07,PRJ-000359,MAT-1012,2027-11-01,50,8,6,68,3400,Partial,Within Lead Time,Q4 2027
PRJ-000360-SP01,PRJ-000360,MAT-1006,2028-03-01,16,5,5,6200,99200,Partial,Within Lead Time,Q1 2028
PRJ-000360-SP02,PRJ-000360,MAT-1004,2026-04-01,841,6,1,27,22707,Partial,At Risk,Q2 2026
PRJ-000361-SP01,PRJ-000361,MAT-1009,2027-07-01,16,3,1,145,2320,Partial,Within Lead Time,Q3 2027
PRJ-000361-SP02,PRJ-000361,MAT-1003,2027-08-01,2902,2107,683,12,34824,Partial,Within Lead Time,Q3 2027
PRJ-000361-SP03,PRJ-000361,MAT-1002,2027-12-01,52,9,3,420,21840,Partial,Within Lead Time,Q4 2027
PRJ-000361-SP04,PRJ-000361,MAT-1012,2026-05-01,8,1,1,68,544,Partial,At Risk,Q2 2026
PRJ-000361-SP05,PRJ-000361,MAT-1008,2026-03-01,6,3,1,19000,114000,Partial,At Risk,Q1 2026
PRJ-000361-SP06,PRJ-000361,MAT-1007,2028-08-01,58,47,41,14500,841000,Partial,Within Lead Time,Q3 2028
PRJ-000361-SP07,PRJ-000361,MAT-1008,2028-09-01,69,39,5,19000,1311000,Partial,Within Lead Time,Q3 2028
PRJ-000361-SP08,PRJ-000361,MAT-1001,2027-06-01,58,40,37,2100,121800,Partial,Within Lead Time,Q2 2027
PRJ-000362-SP01,PRJ-000362,MAT-1012,2028-07-01,16,11,9,68,1088,Partial,Within Lead Time,Q3 2028
PRJ-000362-SP02,PRJ-000362,MAT-1010,2026-09-01,12,9,9,980,11760,Partial,At Risk,Q3 2026
PRJ-000362-SP03,PRJ-000362,MAT-1002,2028-07-01,43,12,0,420,18060,Partial,Within Lead Time,Q3 2028
PRJ-000362-SP04,PRJ-000362,MAT-1011,2026-11-01,26,11,8,130,3380,Partial,Within Lead Time,Q4 2026
PRJ-000362-SP05,PRJ-000362,MAT-1001,2026-11-01,10,1,0,2100,21000,Partial,Within Lead Time,Q4 2026
PRJ-000362-SP06,PRJ-000362,MAT-1008,2028-11-01,75,2,1,19000,1425000,Partial,Within Lead Time,Q4 2028
PRJ-000362-SP07,PRJ-000362,MAT-1009,2027-11-01,12,9,8,145,1740,Partial,Within Lead Time,Q4 2027
PRJ-000362-SP08,PRJ-000362,MAT-1003,2027-10-01,855,120,59,12,10260,Partial,Within Lead Time,Q4 2027
PRJ-000363-SP01,PRJ-000363,MAT-1006,2027-07-01,35,9,5,6200,217000,Partial,Within Lead Time,Q3 2027
PRJ-000363-SP02,PRJ-000363,MAT-1004,2027-08-01,3436,1570,1014,27,92772,Partial,Within Lead Time,Q3 2027
PRJ-000363-SP03,PRJ-000363,MAT-1001,2026-04-01,39,38,7,2100,81900,Partial,At Risk,Q2 2026
PRJ-000363-SP04,PRJ-000363,MAT-1002,2028-05-01,47,3,2,420,19740,Partial,Within Lead Time,Q2 2028
PRJ-000363-SP05,PRJ-000363,MAT-1009,2026-10-01,64,30,29,145,9280,Partial,Within Lead Time,Q4 2026
PRJ-000363-SP06,PRJ-000363,MAT-1008,2026-11-01,15,13,12,19000,285000,Partial,At Risk,Q4 2026
PRJ-000364-SP01,PRJ-000364,MAT-1008,2029-01-01,43,31,28,19000,817000,Partial,Within Lead Time,Q1 2029
PRJ-000364-SP02,PRJ-000364,MAT-1007,2026-01-01,47,42,37,14500,681500,Partial,At Risk,Q1 2026
PRJ-000364-SP03,PRJ-000364,MAT-1009,2027-07-01,37,33,23,145,5365,Partial,Within Lead Time,Q3 2027
PRJ-000364-SP04,PRJ-000364,MAT-1007,2026-08-01,23,9,2,14500,333500,Partial,At Risk,Q3 2026
PRJ-000364-SP05,PRJ-000364,MAT-1009,2028-03-01,35,4,1,145,5075,Partial,Within Lead Time,Q1 2028
PRJ-000364-SP06,PRJ-000364,MAT-1002,2027-06-01,46,7,5,420,19320,Partial,Within Lead Time,Q2 2027
PRJ-000364-SP07,PRJ-000364,MAT-1001,2026-12-01,9,1,0,2100,18900,Partial,Within Lead Time,Q4 2026
PRJ-000365-SP01,PRJ-000365,MAT-1007,2026-07-01,13,9,9,14500,188500,Partial,At Risk,Q3 2026
PRJ-000365-SP02,PRJ-000365,MAT-1011,2028-09-01,45,15,5,130,5850,Partial,Within Lead Time,Q3 2028
PRJ-000365-SP03,PRJ-000365,MAT-1009,2028-06-01,14,12,0,145,2030,Partial,Within Lead Time,Q2 2028
PRJ-000365-SP04,PRJ-000365,MAT-1010,2028-07-01,79,66,39,980,77420,Partial,Within Lead Time,Q3 2028
PRJ-000365-SP05,PRJ-000365,MAT-1006,2027-12-01,27,13,2,6200,167400,Partial,Within Lead Time,Q4 2027
PRJ-000365-SP06,PRJ-000365,MAT-1006,2028-08-01,26,12,2,6200,161200,Partial,Within Lead Time,Q3 2028
PRJ-000365-SP07,PRJ-000365,MAT-1009,2027-07-01,43,8,0,145,6235,Partial,Within Lead Time,Q3 2027
PRJ-000366-SP01,PRJ-000366,MAT-1011,2027-06-01,64,23,12,130,8320,Partial,Within Lead Time,Q2 2027
PRJ-000366-SP02,PRJ-000366,MAT-1004,2026-12-01,9352,4165,2080,27,252504,Partial,Within Lead Time,Q4 2026
PRJ-000366-SP03,PRJ-000366,MAT-1006,2027-12-01,50,28,8,6200,310000,Partial,Within Lead Time,Q4 2027
PRJ-000366-SP04,PRJ-000366,MAT-1005,2027-04-01,32,29,12,26000,832000,Partial,Within Lead Time,Q2 2027
PRJ-000366-SP05,PRJ-000366,MAT-1007,2026-04-01,28,16,15,14500,406000,Partial,At Risk,Q2 2026
PRJ-000366-SP06,PRJ-000366,MAT-1004,2028-04-01,698,359,81,27,18846,Partial,Within Lead Time,Q2 2028
PRJ-000366-SP07,PRJ-000366,MAT-1008,2027-09-01,24,9,8,19000,456000,Partial,Within Lead Time,Q3 2027
PRJ-000366-SP08,PRJ-000366,MAT-1004,2026-07-01,8756,2841,2032,27,236412,Partial,At Risk,Q3 2026
PRJ-000367-SP01,PRJ-000367,MAT-1006,2027-08-01,32,31,19,6200,198400,Partial,Within Lead Time,Q3 2027
PRJ-000367-SP02,PRJ-000367,MAT-1008,2027-04-01,14,9,6,19000,266000,Partial,Within Lead Time,Q2 2027
PRJ-000367-SP03,PRJ-000367,MAT-1002,2028-07-01,72,17,14,420,30240,Partial,Within Lead Time,Q3 2028
PRJ-000367-SP04,PRJ-000367,MAT-1008,2028-03-01,6,4,1,19000,114000,Partial,Within Lead Time,Q1 2028
PRJ-000367-SP05,PRJ-000367,MAT-1011,2027-04-01,14,0,0,130,1820,Not Reserved,Within Lead Time,Q2 2027
PRJ-000367-SP06,PRJ-000367,MAT-1008,2029-01-01,63,33,31,19000,1197000,Partial,Within Lead Time,Q1 2029
PRJ-000367-SP07,PRJ-000367,MAT-1009,2026-08-01,67,60,6,145,9715,Partial,At Risk,Q3 2026
PRJ-000367-SP08,PRJ-000367,MAT-1011,2028-02-01,2,1,0,130,260,Partial,Within Lead Time,Q1 2028
PRJ-000368-SP01,PRJ-000368,MAT-1009,2027-12-01,51,41,1,145,7395,Partial,Within Lead Time,Q4 2027
PRJ-000368-SP02,PRJ-000368,MAT-1010,2028-02-01,74,30,6,980,72520,Partial,Within Lead Time,Q1 2028
PRJ-000368-SP03,PRJ-000368,MAT-1002,2026-03-01,11,6,4,420,4620,Partial,At Risk,Q1 2026
PRJ-000368-SP04,PRJ-000368,MAT-1011,2026-07-01,13,10,6,130,1690,Partial,At Risk,Q3 2026
PRJ-000368-SP05,PRJ-000368,MAT-1007,2026-06-01,15,2,1,14500,217500,Partial,At Risk,Q2 2026
PRJ-000369-SP01,PRJ-000369,MAT-1009,2027-09-01,76,28,19,145,11020,Partial,Within Lead Time,Q3 2027
PRJ-000369-SP02,PRJ-000369,MAT-1012,2026-05-01,18,5,2,68,1224,Partial,At Risk,Q2 2026
PRJ-000369-SP03,PRJ-000369,MAT-1002,2028-05-01,26,15,0,420,10920,Partial,Within Lead Time,Q2 2028
PRJ-000369-SP04,PRJ-000369,MAT-1012,2028-07-01,54,54,33,68,3672,Partial,Within Lead Time,Q3 2028
PRJ-000369-SP05,PRJ-000369,MAT-1005,2027-10-01,19,17,12,26000,494000,Partial,Within Lead Time,Q4 2027
PRJ-000369-SP06,PRJ-000369,MAT-1002,2027-10-01,57,42,22,420,23940,Partial,Within Lead Time,Q4 2027
PRJ-000369-SP07,PRJ-000369,MAT-1009,2026-11-01,64,20,8,145,9280,Partial,Within Lead Time,Q4 2026
PRJ-000370-SP01,PRJ-000370,MAT-1003,2028-08-01,5881,5034,3224,12,70572,Partial,Within Lead Time,Q3 2028
PRJ-000370-SP02,PRJ-000370,MAT-1007,2028-03-01,66,36,36,14500,957000,Partial,Within Lead Time,Q1 2028
PRJ-000370-SP03,PRJ-000370,MAT-1006,2026-02-01,50,24,22,6200,310000,Partial,At Risk,Q1 2026
PRJ-000370-SP04,PRJ-000370,MAT-1006,2026-03-01,13,1,1,6200,80600,Partial,At Risk,Q1 2026
PRJ-000370-SP05,PRJ-000370,MAT-1007,2028-07-01,77,69,36,14500,1116500,Partial,Within Lead Time,Q3 2028
PRJ-000370-SP06,PRJ-000370,MAT-1001,2027-08-01,48,15,9,2100,100800,Partial,Within Lead Time,Q3 2027
PRJ-000370-SP07,PRJ-000370,MAT-1012,2026-09-01,12,11,1,68,816,Partial,At Risk,Q3 2026
PRJ-000370-SP08,PRJ-000370,MAT-1003,2028-08-01,5091,2063,1396,12,61092,Partial,Within Lead Time,Q3 2028
PRJ-000371-SP01,PRJ-000371,MAT-1010,2027-11-01,73,69,58,980,71540,Partial,Within Lead Time,Q4 2027
PRJ-000371-SP02,PRJ-000371,MAT-1006,2027-09-01,6,3,0,6200,37200,Partial,Within Lead Time,Q3 2027
PRJ-000371-SP03,PRJ-000371,MAT-1012,2028-09-01,46,18,17,68,3128,Partial,Within Lead Time,Q3 2028
PRJ-000371-SP04,PRJ-000371,MAT-1003,2028-12-01,1708,1338,1071,12,20496,Partial,Within Lead Time,Q4 2028
PRJ-000372-SP01,PRJ-000372,MAT-1010,2027-03-01,17,8,7,980,16660,Partial,Within Lead Time,Q1 2027
PRJ-000372-SP02,PRJ-000372,MAT-1002,2028-09-01,17,14,0,420,7140,Partial,Within Lead Time,Q3 2028
PRJ-000373-SP01,PRJ-000373,MAT-1002,2028-07-01,73,65,63,420,30660,Partial,Within Lead Time,Q3 2028
PRJ-000373-SP02,PRJ-000373,MAT-1012,2026-08-01,8,3,2,68,544,Partial,At Risk,Q3 2026
PRJ-000373-SP03,PRJ-000373,MAT-1007,2028-03-01,50,7,2,14500,725000,Partial,Within Lead Time,Q1 2028
PRJ-000374-SP01,PRJ-000374,MAT-1002,2026-11-01,30,17,5,420,12600,Partial,Within Lead Time,Q4 2026
PRJ-000374-SP02,PRJ-000374,MAT-1005,2028-07-01,12,8,2,26000,312000,Partial,Within Lead Time,Q3 2028
PRJ-000375-SP01,PRJ-000375,MAT-1008,2027-01-01,63,13,13,19000,1197000,Partial,At Risk,Q1 2027
PRJ-000375-SP02,PRJ-000375,MAT-1012,2028-12-01,70,36,12,68,4760,Partial,Within Lead Time,Q4 2028
PRJ-000375-SP03,PRJ-000375,MAT-1007,2028-11-01,5,1,0,14500,72500,Partial,Within Lead Time,Q4 2028
PRJ-000375-SP04,PRJ-000375,MAT-1002,2028-04-01,68,31,28,420,28560,Partial,Within Lead Time,Q2 2028
PRJ-000375-SP05,PRJ-000375,MAT-1012,2028-02-01,51,31,13,68,3468,Partial,Within Lead Time,Q1 2028
PRJ-000376-SP01,PRJ-000376,MAT-1003,2028-07-01,6325,4765,3376,12,75900,Partial,Within Lead Time,Q3 2028
PRJ-000376-SP02,PRJ-000376,MAT-1007,2028-01-01,42,28,2,14500,609000,Partial,Within Lead Time,Q1 2028
PRJ-000377-SP01,PRJ-000377,MAT-1008,2027-10-01,12,4,0,19000,228000,Partial,Within Lead Time,Q4 2027
PRJ-000377-SP02,PRJ-000377,MAT-1011,2027-02-01,52,8,6,130,6760,Partial,Within Lead Time,Q1 2027
PRJ-000377-SP03,PRJ-000377,MAT-1005,2028-11-01,43,16,12,26000,1118000,Partial,Within Lead Time,Q4 2028
PRJ-000378-SP01,PRJ-000378,MAT-1011,2027-05-01,53,47,14,130,6890,Partial,Within Lead Time,Q2 2027
PRJ-000378-SP02,PRJ-000378,MAT-1011,2027-04-01,11,11,9,130,1430,Partial,Within Lead Time,Q2 2027
PRJ-000378-SP03,PRJ-000378,MAT-1005,2028-06-01,2,1,0,26000,52000,Partial,Within Lead Time,Q2 2028
PRJ-000379-SP01,PRJ-000379,MAT-1005,2028-11-01,18,5,2,26000,468000,Partial,Within Lead Time,Q4 2028
PRJ-000379-SP02,PRJ-000379,MAT-1004,2027-11-01,5943,4111,1434,27,160461,Partial,Within Lead Time,Q4 2027
PRJ-000379-SP03,PRJ-000379,MAT-1002,2027-05-01,38,1,0,420,15960,Partial,Within Lead Time,Q2 2027
PRJ-000379-SP04,PRJ-000379,MAT-1009,2027-07-01,76,7,7,145,11020,Partial,Within Lead Time,Q3 2027
PRJ-000379-SP05,PRJ-000379,MAT-1003,2028-01-01,5383,4355,3953,12,64596,Partial,Within Lead Time,Q1 2028
PRJ-000379-SP06,PRJ-000379,MAT-1004,2027-04-01,4994,3793,2848,27,134838,Partial,Within Lead Time,Q2 2027
PRJ-000380-SP01,PRJ-000380,MAT-1002,2028-06-01,76,50,8,420,31920,Partial,Within Lead Time,Q2 2028
PRJ-000380-SP02,PRJ-000380,MAT-1009,2027-08-01,16,13,6,145,2320,Partial,Within Lead Time,Q3 2027
PRJ-000380-SP03,PRJ-000380,MAT-1012,2028-11-01,65,36,25,68,4420,Partial,Within Lead Time,Q4 2028
PRJ-000381-SP01,PRJ-000381,MAT-1012,2027-12-01,72,29,0,68,4896,Partial,Within Lead Time,Q4 2027
PRJ-000381-SP02,PRJ-000381,MAT-1001,2027-06-01,30,4,2,2100,63000,Partial,Within Lead Time,Q2 2027
PRJ-000381-SP03,PRJ-000381,MAT-1010,2026-11-01,15,13,12,980,14700,Partial,Within Lead Time,Q4 2026
PRJ-000381-SP04,PRJ-000381,MAT-1008,2028-03-01,74,27,6,19000,1406000,Partial,Within Lead Time,Q1 2028
PRJ-000381-SP05,PRJ-000381,MAT-1012,2027-09-01,22,10,10,68,1496,Partial,Within Lead Time,Q3 2027
PRJ-000381-SP06,PRJ-000381,MAT-1003,2027-06-01,1843,530,220,12,22116,Partial,Within Lead Time,Q2 2027
PRJ-000381-SP07,PRJ-000381,MAT-1001,2026-09-01,71,46,17,2100,149100,Partial,At Risk,Q3 2026
PRJ-000381-SP08,PRJ-000381,MAT-1002,2027-12-01,60,32,7,420,25200,Partial,Within Lead Time,Q4 2027
PRJ-000382-SP01,PRJ-000382,MAT-1002,2028-05-01,27,9,9,420,11340,Partial,Within Lead Time,Q2 2028
PRJ-000382-SP02,PRJ-000382,MAT-1011,2027-07-01,80,71,44,130,10400,Partial,Within Lead Time,Q3 2027
PRJ-000382-SP03,PRJ-000382,MAT-1001,2028-09-01,56,17,9,2100,117600,Partial,Within Lead Time,Q3 2028
PRJ-000383-SP01,PRJ-000383,MAT-1004,2029-01-01,518,256,110,27,13986,Partial,Within Lead Time,Q1 2029
PRJ-000383-SP02,PRJ-000383,MAT-1007,2028-02-01,22,19,9,14500,319000,Partial,Within Lead Time,Q1 2028
PRJ-000383-SP03,PRJ-000383,MAT-1005,2028-02-01,71,36,22,26000,1846000,Partial,Within Lead Time,Q1 2028
PRJ-000383-SP04,PRJ-000383,MAT-1012,2026-04-01,35,4,3,68,2380,Partial,At Risk,Q2 2026
PRJ-000383-SP05,PRJ-000383,MAT-1007,2029-01-01,36,30,15,14500,522000,Partial,Within Lead Time,Q1 2029
PRJ-000383-SP06,PRJ-000383,MAT-1008,2028-02-01,31,26,17,19000,589000,Partial,Within Lead Time,Q1 2028
PRJ-000383-SP07,PRJ-000383,MAT-1012,2026-10-01,76,8,5,68,5168,Partial,Within Lead Time,Q4 2026
PRJ-000383-SP08,PRJ-000383,MAT-1011,2027-10-01,38,35,8,130,4940,Partial,Within Lead Time,Q4 2027
PRJ-000384-SP01,PRJ-000384,MAT-1009,2028-07-01,9,1,1,145,1305,Partial,Within Lead Time,Q3 2028
PRJ-000384-SP02,PRJ-000384,MAT-1011,2028-09-01,59,58,58,130,7670,Partial,Within Lead Time,Q3 2028
PRJ-000384-SP03,PRJ-000384,MAT-1009,2027-06-01,71,56,40,145,10295,Partial,Within Lead Time,Q2 2027
PRJ-000384-SP04,PRJ-000384,MAT-1001,2027-03-01,71,35,17,2100,149100,Partial,Within Lead Time,Q1 2027
PRJ-000384-SP05,PRJ-000384,MAT-1004,2027-03-01,2598,804,105,27,70146,Partial,Within Lead Time,Q1 2027
PRJ-000385-SP01,PRJ-000385,MAT-1006,2028-11-01,34,28,3,6200,210800,Partial,Within Lead Time,Q4 2028
PRJ-000385-SP02,PRJ-000385,MAT-1005,2028-12-01,52,7,5,26000,1352000,Partial,Within Lead Time,Q4 2028
PRJ-000385-SP03,PRJ-000385,MAT-1004,2027-12-01,9285,522,196,27,250695,Partial,Within Lead Time,Q4 2027
PRJ-000386-SP01,PRJ-000386,MAT-1010,2027-10-01,36,1,1,980,35280,Partial,Within Lead Time,Q4 2027
PRJ-000386-SP02,PRJ-000386,MAT-1002,2028-10-01,50,45,7,420,21000,Partial,Within Lead Time,Q4 2028
PRJ-000387-SP01,PRJ-000387,MAT-1002,2026-08-01,42,38,26,420,17640,Partial,At Risk,Q3 2026
PRJ-000387-SP02,PRJ-000387,MAT-1005,2027-09-01,74,2,0,26000,1924000,Partial,Within Lead Time,Q3 2027
PRJ-000387-SP03,PRJ-000387,MAT-1003,2027-12-01,9530,635,418,12,114360,Partial,Within Lead Time,Q4 2027
PRJ-000387-SP04,PRJ-000387,MAT-1003,2027-04-01,3524,545,155,12,42288,Partial,Within Lead Time,Q2 2027
PRJ-000388-SP01,PRJ-000388,MAT-1007,2026-08-01,26,13,1,14500,377000,Partial,At Risk,Q3 2026
PRJ-000388-SP02,PRJ-000388,MAT-1009,2026-11-01,74,21,19,145,10730,Partial,Within Lead Time,Q4 2026
PRJ-000388-SP03,PRJ-000388,MAT-1010,2027-03-01,2,2,1,980,1960,Partial,Within Lead Time,Q1 2027
PRJ-000388-SP04,PRJ-000388,MAT-1005,2026-09-01,72,20,12,26000,1872000,Partial,At Risk,Q3 2026
PRJ-000388-SP05,PRJ-000388,MAT-1002,2027-11-01,24,24,24,420,10080,Fulfilled,Within Lead Time,Q4 2027
PRJ-000388-SP06,PRJ-000388,MAT-1010,2027-04-01,14,11,5,980,13720,Partial,Within Lead Time,Q2 2027
PRJ-000389-SP01,PRJ-000389,MAT-1001,2027-12-01,20,10,10,2100,42000,Partial,Within Lead Time,Q4 2027
PRJ-000389-SP02,PRJ-000389,MAT-1001,2026-05-01,51,45,2,2100,107100,Partial,At Risk,Q2 2026
PRJ-000390-SP01,PRJ-000390,MAT-1002,2026-09-01,45,37,5,420,18900,Partial,At Risk,Q3 2026
PRJ-000390-SP02,PRJ-000390,MAT-1004,2027-08-01,8649,717,129,27,233523,Partial,Within Lead Time,Q3 2027
PRJ-000390-SP03,PRJ-000390,MAT-1009,2028-01-01,46,26,16,145,6670,Partial,Within Lead Time,Q1 2028
PRJ-000391-SP01,PRJ-000391,MAT-1009,2026-01-01,57,54,13,145,8265,Partial,At Risk,Q1 2026
PRJ-000391-SP02,PRJ-000391,MAT-1004,2026-03-01,7645,635,423,27,206415,Partial,At Risk,Q1 2026
PRJ-000392-SP01,PRJ-000392,MAT-1001,2028-01-01,68,20,18,2100,142800,Partial,Within Lead Time,Q1 2028
PRJ-000392-SP02,PRJ-000392,MAT-1011,2026-08-01,74,63,16,130,9620,Partial,At Risk,Q3 2026
PRJ-000392-SP03,PRJ-000392,MAT-1004,2028-07-01,8735,5956,802,27,235845,Partial,Within Lead Time,Q3 2028
PRJ-000392-SP04,PRJ-000392,MAT-1002,2026-04-01,36,25,19,420,15120,Partial,At Risk,Q2 2026
PRJ-000392-SP05,PRJ-000392,MAT-1010,2026-12-01,65,61,11,980,63700,Partial,Within Lead Time,Q4 2026
PRJ-000392-SP06,PRJ-000392,MAT-1003,2026-07-01,1889,1826,1507,12,22668,Partial,At Risk,Q3 2026
PRJ-000393-SP01,PRJ-000393,MAT-1008,2026-11-01,35,5,2,19000,665000,Partial,At Risk,Q4 2026
PRJ-000393-SP02,PRJ-000393,MAT-1005,2027-01-01,71,38,12,26000,1846000,Partial,Within Lead Time,Q1 2027
PRJ-000394-SP01,PRJ-000394,MAT-1009,2026-11-01,76,75,32,145,11020,Partial,Within Lead Time,Q4 2026
PRJ-000394-SP02,PRJ-000394,MAT-1011,2027-06-01,39,35,23,130,5070,Partial,Within Lead Time,Q2 2027
PRJ-000395-SP01,PRJ-000395,MAT-1012,2027-09-01,20,3,2,68,1360,Partial,Within Lead Time,Q3 2027
PRJ-000395-SP02,PRJ-000395,MAT-1004,2026-12-01,8174,8096,3716,27,220698,Partial,Within Lead Time,Q4 2026
PRJ-000395-SP03,PRJ-000395,MAT-1008,2028-03-01,19,4,2,19000,361000,Partial,Within Lead Time,Q1 2028
PRJ-000395-SP04,PRJ-000395,MAT-1010,2028-12-01,15,8,2,980,14700,Partial,Within Lead Time,Q4 2028
PRJ-000395-SP05,PRJ-000395,MAT-1005,2026-09-01,50,28,0,26000,1300000,Partial,At Risk,Q3 2026
PRJ-000396-SP01,PRJ-000396,MAT-1007,2026-02-01,10,3,1,14500,145000,Partial,At Risk,Q1 2026
PRJ-000396-SP02,PRJ-000396,MAT-1004,2027-06-01,4685,3240,358,27,126495,Partial,Within Lead Time,Q2 2027
PRJ-000396-SP03,PRJ-000396,MAT-1002,2027-03-01,71,49,35,420,29820,Partial,Within Lead Time,Q1 2027
PRJ-000396-SP04,PRJ-000396,MAT-1009,2026-11-01,8,5,1,145,1160,Partial,Within Lead Time,Q4 2026
PRJ-000397-SP01,PRJ-000397,MAT-1001,2027-02-01,57,30,3,2100,119700,Partial,Within Lead Time,Q1 2027
PRJ-000397-SP02,PRJ-000397,MAT-1011,2028-09-01,39,29,8,130,5070,Partial,Within Lead Time,Q3 2028
PRJ-000397-SP03,PRJ-000397,MAT-1010,2027-08-01,23,1,0,980,22540,Partial,Within Lead Time,Q3 2027
PRJ-000397-SP04,PRJ-000397,MAT-1006,2028-07-01,44,27,9,6200,272800,Partial,Within Lead Time,Q3 2028
PRJ-000397-SP05,PRJ-000397,MAT-1010,2028-09-01,6,0,0,980,5880,Not Reserved,Within Lead Time,Q3 2028
PRJ-000398-SP01,PRJ-000398,MAT-1006,2026-04-01,71,18,14,6200,440200,Partial,At Risk,Q2 2026
PRJ-000398-SP02,PRJ-000398,MAT-1001,2028-07-01,38,3,1,2100,79800,Partial,Within Lead Time,Q3 2028
PRJ-000398-SP03,PRJ-000398,MAT-1003,2027-11-01,1626,1388,390,12,19512,Partial,Within Lead Time,Q4 2027
PRJ-000398-SP04,PRJ-000398,MAT-1003,2027-06-01,8968,2099,1284,12,107616,Partial,Within Lead Time,Q2 2027
PRJ-000398-SP05,PRJ-000398,MAT-1012,2028-12-01,71,13,6,68,4828,Partial,Within Lead Time,Q4 2028
PRJ-000398-SP06,PRJ-000398,MAT-1005,2028-12-01,27,17,9,26000,702000,Partial,Within Lead Time,Q4 2028
PRJ-000398-SP07,PRJ-000398,MAT-1011,2027-01-01,61,40,2,130,7930,Partial,Within Lead Time,Q1 2027
PRJ-000398-SP08,PRJ-000398,MAT-1009,2027-09-01,28,4,0,145,4060,Partial,Within Lead Time,Q3 2027
PRJ-000399-SP01,PRJ-000399,MAT-1007,2028-07-01,6,3,2,14500,87000,Partial,Within Lead Time,Q3 2028
PRJ-000399-SP02,PRJ-000399,MAT-1008,2027-08-01,18,5,2,19000,342000,Partial,Within Lead Time,Q3 2027
PRJ-000399-SP03,PRJ-000399,MAT-1002,2028-02-01,74,48,25,420,31080,Partial,Within Lead Time,Q1 2028
PRJ-000399-SP04,PRJ-000399,MAT-1001,2027-08-01,10,8,0,2100,21000,Partial,Within Lead Time,Q3 2027
PRJ-000399-SP05,PRJ-000399,MAT-1001,2026-05-01,60,60,9,2100,126000,Partial,At Risk,Q2 2026
PRJ-000399-SP06,PRJ-000399,MAT-1002,2027-04-01,23,1,0,420,9660,Partial,Within Lead Time,Q2 2027
PRJ-000399-SP07,PRJ-000399,MAT-1002,2026-10-01,47,31,3,420,19740,Partial,Within Lead Time,Q4 2026
PRJ-000399-SP08,PRJ-000399,MAT-1004,2028-09-01,9908,2223,1657,27,267516,Partial,Within Lead Time,Q3 2028
PRJ-000400-SP01,PRJ-000400,MAT-1006,2027-08-01,39,13,2,6200,241800,Partial,Within Lead Time,Q3 2027
PRJ-000400-SP02,PRJ-000400,MAT-1012,2028-06-01,18,13,7,68,1224,Partial,Within Lead Time,Q2 2028
PRJ-000400-SP03,PRJ-000400,MAT-1012,2029-01-01,64,61,54,68,4352,Partial,Within Lead Time,Q1 2029
PRJ-000400-SP04,PRJ-000400,MAT-1008,2027-09-01,6,4,3,19000,114000,Partial,Within Lead Time,Q3 2027
PRJ-000400-SP05,PRJ-000400,MAT-1004,2028-04-01,5614,5018,715,27,151578,Partial,Within Lead Time,Q2 2028
PRJ-000401-SP01,PRJ-000401,MAT-1008,2027-05-01,52,4,2,19000,988000,Partial,Within Lead Time,Q2 2027
PRJ-000401-SP02,PRJ-000401,MAT-1005,2028-07-01,44,3,1,26000,1144000,Partial,Within Lead Time,Q3 2028
PRJ-000401-SP03,PRJ-000401,MAT-1012,2028-04-01,66,59,47,68,4488,Partial,Within Lead Time,Q2 2028
PRJ-000401-SP04,PRJ-000401,MAT-1010,2028-02-01,75,55,16,980,73500,Partial,Within Lead Time,Q1 2028
PRJ-000401-SP05,PRJ-000401,MAT-1004,2026-04-01,1631,229,9,27,44037,Partial,At Risk,Q2 2026
PRJ-000401-SP06,PRJ-000401,MAT-1007,2028-02-01,6,6,1,14500,87000,Partial,Within Lead Time,Q1 2028
PRJ-000402-SP01,PRJ-000402,MAT-1012,2027-04-01,63,19,5,68,4284,Partial,Within Lead Time,Q2 2027
PRJ-000402-SP02,PRJ-000402,MAT-1004,2026-05-01,6866,6029,196,27,185382,Partial,At Risk,Q2 2026
PRJ-000402-SP03,PRJ-000402,MAT-1007,2026-02-01,48,6,2,14500,696000,Partial,At Risk,Q1 2026
PRJ-000402-SP04,PRJ-000402,MAT-1008,2026-11-01,16,0,0,19000,304000,Not Reserved,At Risk,Q4 2026
PRJ-000402-SP05,PRJ-000402,MAT-1011,2027-06-01,70,18,2,130,9100,Partial,Within Lead Time,Q2 2027
PRJ-000402-SP06,PRJ-000402,MAT-1007,2026-02-01,14,3,1,14500,203000,Partial,At Risk,Q1 2026
PRJ-000402-SP07,PRJ-000402,MAT-1002,2027-09-01,64,25,19,420,26880,Partial,Within Lead Time,Q3 2027
PRJ-000403-SP01,PRJ-000403,MAT-1004,2027-06-01,7682,2248,318,27,207414,Partial,Within Lead Time,Q2 2027
PRJ-000403-SP02,PRJ-000403,MAT-1012,2028-10-01,50,36,28,68,3400,Partial,Within Lead Time,Q4 2028
PRJ-000403-SP03,PRJ-000403,MAT-1007,2026-01-01,51,40,38,14500,739500,Partial,At Risk,Q1 2026
PRJ-000403-SP04,PRJ-000403,MAT-1009,2027-05-01,3,1,0,145,435,Partial,Within Lead Time,Q2 2027
PRJ-000403-SP05,PRJ-000403,MAT-1005,2026-02-01,10,9,1,26000,260000,Partial,At Risk,Q1 2026
PRJ-000404-SP01,PRJ-000404,MAT-1006,2028-04-01,51,18,14,6200,316200,Partial,Within Lead Time,Q2 2028
PRJ-000404-SP02,PRJ-000404,MAT-1012,2026-06-01,27,4,3,68,1836,Partial,At Risk,Q2 2026
PRJ-000404-SP03,PRJ-000404,MAT-1010,2027-04-01,29,27,14,980,28420,Partial,Within Lead Time,Q2 2027
PRJ-000404-SP04,PRJ-000404,MAT-1005,2028-04-01,25,5,3,26000,650000,Partial,Within Lead Time,Q2 2028
PRJ-000404-SP05,PRJ-000404,MAT-1003,2028-10-01,9483,3456,3298,12,113796,Partial,Within Lead Time,Q4 2028
PRJ-000404-SP06,PRJ-000404,MAT-1001,2028-06-01,32,12,3,2100,67200,Partial,Within Lead Time,Q2 2028
PRJ-000405-SP01,PRJ-000405,MAT-1002,2026-08-01,61,8,5,420,25620,Partial,At Risk,Q3 2026
PRJ-000405-SP02,PRJ-000405,MAT-1010,2026-07-01,23,6,4,980,22540,Partial,At Risk,Q3 2026
PRJ-000405-SP03,PRJ-000405,MAT-1012,2026-12-01,47,4,1,68,3196,Partial,Within Lead Time,Q4 2026
PRJ-000406-SP01,PRJ-000406,MAT-1006,2026-03-01,18,11,1,6200,111600,Partial,At Risk,Q1 2026
PRJ-000406-SP02,PRJ-000406,MAT-1009,2027-05-01,18,12,12,145,2610,Partial,Within Lead Time,Q2 2027
PRJ-000406-SP03,PRJ-000406,MAT-1001,2028-08-01,70,15,12,2100,147000,Partial,Within Lead Time,Q3 2028
PRJ-000406-SP04,PRJ-000406,MAT-1012,2027-01-01,3,1,0,68,204,Partial,Within Lead Time,Q1 2027
PRJ-000406-SP05,PRJ-000406,MAT-1001,2028-04-01,22,12,11,2100,46200,Partial,Within Lead Time,Q2 2028
PRJ-000406-SP06,PRJ-000406,MAT-1005,2028-09-01,14,12,8,26000,364000,Partial,Within Lead Time,Q3 2028
PRJ-000407-SP01,PRJ-000407,MAT-1011,2026-08-01,71,47,24,130,9230,Partial,At Risk,Q3 2026
PRJ-000407-SP02,PRJ-000407,MAT-1012,2028-07-01,31,3,0,68,2108,Partial,Within Lead Time,Q3 2028
PRJ-000407-SP03,PRJ-000407,MAT-1007,2029-01-01,67,3,1,14500,971500,Partial,Within Lead Time,Q1 2029
PRJ-000408-SP01,PRJ-000408,MAT-1004,2028-11-01,7580,3279,350,27,204660,Partial,Within Lead Time,Q4 2028
PRJ-000408-SP02,PRJ-000408,MAT-1008,2026-07-01,39,33,1,19000,741000,Partial,At Risk,Q3 2026
PRJ-000408-SP03,PRJ-000408,MAT-1006,2027-11-01,56,17,12,6200,347200,Partial,Within Lead Time,Q4 2027
PRJ-000409-SP01,PRJ-000409,MAT-1012,2027-02-01,47,1,0,68,3196,Partial,Within Lead Time,Q1 2027
PRJ-000409-SP02,PRJ-000409,MAT-1002,2028-02-01,38,23,6,420,15960,Partial,Within Lead Time,Q1 2028
PRJ-000409-SP03,PRJ-000409,MAT-1002,2028-05-01,46,1,1,420,19320,Partial,Within Lead Time,Q2 2028
PRJ-000409-SP04,PRJ-000409,MAT-1012,2027-08-01,46,5,0,68,3128,Partial,Within Lead Time,Q3 2027
PRJ-000409-SP05,PRJ-000409,MAT-1002,2028-09-01,47,17,1,420,19740,Partial,Within Lead Time,Q3 2028
PRJ-000409-SP06,PRJ-000409,MAT-1002,2026-05-01,23,20,20,420,9660,Partial,At Risk,Q2 2026
PRJ-000409-SP07,PRJ-000409,MAT-1008,2026-09-01,68,7,3,19000,1292000,Partial,At Risk,Q3 2026
PRJ-000410-SP01,PRJ-000410,MAT-1002,2027-03-01,67,64,41,420,28140,Partial,Within Lead Time,Q1 2027
PRJ-000410-SP02,PRJ-000410,MAT-1010,2027-05-01,29,22,14,980,28420,Partial,Within Lead Time,Q2 2027
PRJ-000410-SP03,PRJ-000410,MAT-1010,2026-05-01,78,37,10,980,76440,Partial,At Risk,Q2 2026
PRJ-000410-SP04,PRJ-000410,MAT-1001,2028-11-01,52,4,3,2100,109200,Partial,Within Lead Time,Q4 2028
PRJ-000410-SP05,PRJ-000410,MAT-1012,2027-01-01,52,45,5,68,3536,Partial,Within Lead Time,Q1 2027
PRJ-000410-SP06,PRJ-000410,MAT-1007,2028-04-01,63,13,6,14500,913500,Partial,Within Lead Time,Q2 2028
PRJ-000411-SP01,PRJ-000411,MAT-1006,2026-03-01,57,36,22,6200,353400,Partial,At Risk,Q1 2026
PRJ-000411-SP02,PRJ-000411,MAT-1004,2026-05-01,8095,6772,4149,27,218565,Partial,At Risk,Q2 2026
PRJ-000411-SP03,PRJ-000411,MAT-1010,2028-05-01,3,3,1,980,2940,Partial,Within Lead Time,Q2 2028
PRJ-000411-SP04,PRJ-000411,MAT-1008,2027-12-01,46,23,10,19000,874000,Partial,Within Lead Time,Q4 2027
PRJ-000412-SP01,PRJ-000412,MAT-1007,2026-02-01,13,10,9,14500,188500,Partial,At Risk,Q1 2026
PRJ-000412-SP02,PRJ-000412,MAT-1003,2029-01-01,5083,1435,786,12,60996,Partial,Within Lead Time,Q1 2029
PRJ-000413-SP01,PRJ-000413,MAT-1010,2027-06-01,65,8,6,980,63700,Partial,Within Lead Time,Q2 2027
PRJ-000413-SP02,PRJ-000413,MAT-1009,2028-06-01,5,5,4,145,725,Partial,Within Lead Time,Q2 2028
PRJ-000413-SP03,PRJ-000413,MAT-1003,2026-09-01,5433,2004,1734,12,65196,Partial,At Risk,Q3 2026
PRJ-000414-SP01,PRJ-000414,MAT-1012,2026-07-01,44,28,17,68,2992,Partial,At Risk,Q3 2026
PRJ-000414-SP02,PRJ-000414,MAT-1007,2026-03-01,63,38,15,14500,913500,Partial,At Risk,Q1 2026
PRJ-000414-SP03,PRJ-000414,MAT-1011,2027-05-01,24,13,1,130,3120,Partial,Within Lead Time,Q2 2027
PRJ-000414-SP04,PRJ-000414,MAT-1008,2027-12-01,68,43,14,19000,1292000,Partial,Within Lead Time,Q4 2027
PRJ-000414-SP05,PRJ-000414,MAT-1008,2026-06-01,24,21,8,19000,456000,Partial,At Risk,Q2 2026
PRJ-000414-SP06,PRJ-000414,MAT-1001,2027-06-01,20,1,1,2100,42000,Partial,Within Lead Time,Q2 2027
PRJ-000414-SP07,PRJ-000414,MAT-1001,2028-03-01,61,20,12,2100,128100,Partial,Within Lead Time,Q1 2028
PRJ-000415-SP01,PRJ-000415,MAT-1008,2027-02-01,14,4,2,19000,266000,Partial,Within Lead Time,Q1 2027
PRJ-000415-SP02,PRJ-000415,MAT-1005,2026-09-01,47,15,4,26000,1222000,Partial,At Risk,Q3 2026
PRJ-000415-SP03,PRJ-000415,MAT-1002,2027-11-01,35,18,17,420,14700,Partial,Within Lead Time,Q4 2027
PRJ-000415-SP04,PRJ-000415,MAT-1004,2026-07-01,6932,1025,534,27,187164,Partial,At Risk,Q3 2026
PRJ-000415-SP05,PRJ-000415,MAT-1006,2027-02-01,38,11,10,6200,235600,Partial,Within Lead Time,Q1 2027
PRJ-000416-SP01,PRJ-000416,MAT-1004,2027-11-01,4253,602,550,27,114831,Partial,Within Lead Time,Q4 2027
PRJ-000416-SP02,PRJ-000416,MAT-1003,2028-09-01,7607,1648,1176,12,91284,Partial,Within Lead Time,Q3 2028
PRJ-000416-SP03,PRJ-000416,MAT-1004,2026-02-01,1317,504,204,27,35559,Partial,At Risk,Q1 2026
PRJ-000416-SP04,PRJ-000416,MAT-1002,2026-02-01,29,26,23,420,12180,Partial,At Risk,Q1 2026
PRJ-000416-SP05,PRJ-000416,MAT-1007,2027-05-01,43,40,30,14500,623500,Partial,Within Lead Time,Q2 2027
PRJ-000416-SP06,PRJ-000416,MAT-1004,2026-01-01,6177,2334,771,27,166779,Partial,At Risk,Q1 2026
PRJ-000416-SP07,PRJ-000416,MAT-1003,2028-10-01,4857,2981,2341,12,58284,Partial,Within Lead Time,Q4 2028
PRJ-000416-SP08,PRJ-000416,MAT-1011,2026-11-01,62,61,59,130,8060,Partial,Within Lead Time,Q4 2026
PRJ-000417-SP01,PRJ-000417,MAT-1002,2028-07-01,51,30,2,420,21420,Partial,Within Lead Time,Q3 2028
PRJ-000417-SP02,PRJ-000417,MAT-1006,2028-02-01,71,51,20,6200,440200,Partial,Within Lead Time,Q1 2028
PRJ-000417-SP03,PRJ-000417,MAT-1001,2028-01-01,51,0,0,2100,107100,Not Reserved,Within Lead Time,Q1 2028
PRJ-000417-SP04,PRJ-000417,MAT-1007,2027-11-01,14,11,9,14500,203000,Partial,Within Lead Time,Q4 2027
PRJ-000417-SP05,PRJ-000417,MAT-1008,2029-01-01,9,4,0,19000,171000,Partial,Within Lead Time,Q1 2029
PRJ-000417-SP06,PRJ-000417,MAT-1007,2028-07-01,27,24,17,14500,391500,Partial,Within Lead Time,Q3 2028
PRJ-000417-SP07,PRJ-000417,MAT-1009,2027-09-01,41,40,9,145,5945,Partial,Within Lead Time,Q3 2027
PRJ-000417-SP08,PRJ-000417,MAT-1003,2027-02-01,9278,1241,870,12,111336,Partial,Within Lead Time,Q1 2027
PRJ-000418-SP01,PRJ-000418,MAT-1006,2026-06-01,25,20,1,6200,155000,Partial,At Risk,Q2 2026
PRJ-000418-SP02,PRJ-000418,MAT-1003,2028-12-01,8885,7904,4966,12,106620,Partial,Within Lead Time,Q4 2028
PRJ-000418-SP03,PRJ-000418,MAT-1001,2026-11-01,79,2,1,2100,165900,Partial,Within Lead Time,Q4 2026
PRJ-000418-SP04,PRJ-000418,MAT-1010,2027-05-01,51,37,22,980,49980,Partial,Within Lead Time,Q2 2027
PRJ-000418-SP05,PRJ-000418,MAT-1011,2026-10-01,5,4,0,130,650,Partial,Within Lead Time,Q4 2026
PRJ-000418-SP06,PRJ-000418,MAT-1008,2028-09-01,20,11,5,19000,380000,Partial,Within Lead Time,Q3 2028
PRJ-000418-SP07,PRJ-000418,MAT-1010,2026-12-01,23,7,3,980,22540,Partial,Within Lead Time,Q4 2026
PRJ-000419-SP01,PRJ-000419,MAT-1006,2028-03-01,74,70,8,6200,458800,Partial,Within Lead Time,Q1 2028
PRJ-000419-SP02,PRJ-000419,MAT-1008,2028-04-01,34,28,10,19000,646000,Partial,Within Lead Time,Q2 2028
PRJ-000420-SP01,PRJ-000420,MAT-1005,2026-05-01,65,16,8,26000,1690000,Partial,At Risk,Q2 2026
PRJ-000420-SP02,PRJ-000420,MAT-1003,2026-04-01,4200,4197,702,12,50400,Partial,At Risk,Q2 2026
PRJ-000421-SP01,PRJ-000421,MAT-1009,2027-02-01,43,26,12,145,6235,Partial,Within Lead Time,Q1 2027
PRJ-000421-SP02,PRJ-000421,MAT-1003,2028-12-01,4165,885,511,12,49980,Partial,Within Lead Time,Q4 2028
PRJ-000421-SP03,PRJ-000421,MAT-1006,2028-09-01,80,16,3,6200,496000,Partial,Within Lead Time,Q3 2028
PRJ-000421-SP04,PRJ-000421,MAT-1010,2028-09-01,54,47,3,980,52920,Partial,Within Lead Time,Q3 2028
PRJ-000421-SP05,PRJ-000421,MAT-1011,2026-05-01,9,1,0,130,1170,Partial,At Risk,Q2 2026
PRJ-000421-SP06,PRJ-000421,MAT-1012,2028-04-01,60,60,45,68,4080,Partial,Within Lead Time,Q2 2028
PRJ-000422-SP01,PRJ-000422,MAT-1003,2028-01-01,4845,453,11,12,58140,Partial,Within Lead Time,Q1 2028
PRJ-000422-SP02,PRJ-000422,MAT-1011,2026-08-01,38,27,9,130,4940,Partial,At Risk,Q3 2026
PRJ-000422-SP03,PRJ-000422,MAT-1005,2028-08-01,65,15,6,26000,1690000,Partial,Within Lead Time,Q3 2028
PRJ-000422-SP04,PRJ-000422,MAT-1008,2028-12-01,49,20,6,19000,931000,Partial,Within Lead Time,Q4 2028
PRJ-000423-SP01,PRJ-000423,MAT-1007,2028-10-01,67,55,23,14500,971500,Partial,Within Lead Time,Q4 2028
PRJ-000423-SP02,PRJ-000423,MAT-1012,2027-01-01,47,38,34,68,3196,Partial,Within Lead Time,Q1 2027
PRJ-000423-SP03,PRJ-000423,MAT-1004,2028-08-01,7131,171,125,27,192537,Partial,Within Lead Time,Q3 2028
PRJ-000423-SP04,PRJ-000423,MAT-1002,2028-02-01,18,14,14,420,7560,Partial,Within Lead Time,Q1 2028
PRJ-000423-SP05,PRJ-000423,MAT-1004,2026-09-01,1164,880,26,27,31428,Partial,At Risk,Q3 2026
PRJ-000423-SP06,PRJ-000423,MAT-1005,2028-11-01,57,8,5,26000,1482000,Partial,Within Lead Time,Q4 2028
PRJ-000423-SP07,PRJ-000423,MAT-1008,2027-09-01,40,22,3,19000,760000,Partial,Within Lead Time,Q3 2027
PRJ-000424-SP01,PRJ-000424,MAT-1012,2026-01-01,40,8,5,68,2720,Partial,At Risk,Q1 2026
PRJ-000424-SP02,PRJ-000424,MAT-1012,2027-01-01,52,1,1,68,3536,Partial,Within Lead Time,Q1 2027
PRJ-000424-SP03,PRJ-000424,MAT-1004,2027-07-01,6242,2266,1641,27,168534,Partial,Within Lead Time,Q3 2027
PRJ-000424-SP04,PRJ-000424,MAT-1006,2028-12-01,49,38,2,6200,303800,Partial,Within Lead Time,Q4 2028
PRJ-000425-SP01,PRJ-000425,MAT-1011,2029-01-01,64,7,4,130,8320,Partial,Within Lead Time,Q1 2029
PRJ-000425-SP02,PRJ-000425,MAT-1012,2028-11-01,42,22,3,68,2856,Partial,Within Lead Time,Q4 2028
PRJ-000425-SP03,PRJ-000425,MAT-1012,2026-11-01,4,2,1,68,272,Partial,Within Lead Time,Q4 2026
PRJ-000426-SP01,PRJ-000426,MAT-1006,2028-10-01,55,11,6,6200,341000,Partial,Within Lead Time,Q4 2028
PRJ-000426-SP02,PRJ-000426,MAT-1002,2027-03-01,66,61,46,420,27720,Partial,Within Lead Time,Q1 2027
PRJ-000427-SP01,PRJ-000427,MAT-1003,2028-09-01,7165,5311,2722,12,85980,Partial,Within Lead Time,Q3 2028
PRJ-000427-SP02,PRJ-000427,MAT-1005,2028-02-01,72,27,20,26000,1872000,Partial,Within Lead Time,Q1 2028
PRJ-000427-SP03,PRJ-000427,MAT-1004,2028-07-01,9003,8526,4910,27,243081,Partial,Within Lead Time,Q3 2028
PRJ-000427-SP04,PRJ-000427,MAT-1004,2028-02-01,5467,153,2,27,147609,Partial,Within Lead Time,Q1 2028
PRJ-000428-SP01,PRJ-000428,MAT-1008,2026-04-01,17,3,1,19000,323000,Partial,At Risk,Q2 2026
PRJ-000428-SP02,PRJ-000428,MAT-1011,2027-10-01,14,1,0,130,1820,Partial,Within Lead Time,Q4 2027
PRJ-000428-SP03,PRJ-000428,MAT-1008,2028-08-01,29,18,16,19000,551000,Partial,Within Lead Time,Q3 2028
PRJ-000428-SP04,PRJ-000428,MAT-1005,2027-07-01,39,10,1,26000,1014000,Partial,Within Lead Time,Q3 2027
PRJ-000428-SP05,PRJ-000428,MAT-1010,2026-04-01,20,12,9,980,19600,Partial,At Risk,Q2 2026
PRJ-000428-SP06,PRJ-000428,MAT-1002,2026-10-01,65,41,3,420,27300,Partial,Within Lead Time,Q4 2026
PRJ-000429-SP01,PRJ-000429,MAT-1004,2028-07-01,8256,8200,1581,27,222912,Partial,Within Lead Time,Q3 2028
PRJ-000429-SP02,PRJ-000429,MAT-1006,2028-03-01,75,58,6,6200,465000,Partial,Within Lead Time,Q1 2028
PRJ-000430-SP01,PRJ-000430,MAT-1010,2028-03-01,13,8,5,980,12740,Partial,Within Lead Time,Q1 2028
PRJ-000430-SP02,PRJ-000430,MAT-1001,2026-08-01,59,7,3,2100,123900,Partial,At Risk,Q3 2026
PRJ-000430-SP03,PRJ-000430,MAT-1006,2026-08-01,38,19,17,6200,235600,Partial,At Risk,Q3 2026
PRJ-000430-SP04,PRJ-000430,MAT-1001,2028-05-01,51,37,5,2100,107100,Partial,Within Lead Time,Q2 2028
PRJ-000430-SP05,PRJ-000430,MAT-1010,2026-02-01,3,1,0,980,2940,Partial,At Risk,Q1 2026
PRJ-000430-SP06,PRJ-000430,MAT-1005,2027-04-01,66,60,40,26000,1716000,Partial,Within Lead Time,Q2 2027
PRJ-000430-SP07,PRJ-000430,MAT-1007,2028-05-01,36,30,9,14500,522000,Partial,Within Lead Time,Q2 2028
PRJ-000431-SP01,PRJ-000431,MAT-1004,2027-01-01,8143,4031,1946,27,219861,Partial,Within Lead Time,Q1 2027
PRJ-000431-SP02,PRJ-000431,MAT-1003,2027-04-01,7665,1889,1467,12,91980,Partial,Within Lead Time,Q2 2027
PRJ-000431-SP03,PRJ-000431,MAT-1007,2026-12-01,42,21,2,14500,609000,Partial,At Risk,Q4 2026
PRJ-000431-SP04,PRJ-000431,MAT-1006,2028-09-01,32,27,3,6200,198400,Partial,Within Lead Time,Q3 2028
PRJ-000432-SP01,PRJ-000432,MAT-1002,2027-07-01,69,64,59,420,28980,Partial,Within Lead Time,Q3 2027
PRJ-000432-SP02,PRJ-000432,MAT-1012,2026-11-01,66,12,9,68,4488,Partial,Within Lead Time,Q4 2026
PRJ-000432-SP03,PRJ-000432,MAT-1006,2027-06-01,62,47,20,6200,384400,Partial,Within Lead Time,Q2 2027
PRJ-000432-SP04,PRJ-000432,MAT-1005,2028-01-01,13,0,0,26000,338000,Not Reserved,Within Lead Time,Q1 2028
PRJ-000433-SP01,PRJ-000433,MAT-1004,2028-11-01,4080,1001,881,27,110160,Partial,Within Lead Time,Q4 2028
PRJ-000433-SP02,PRJ-000433,MAT-1009,2026-11-01,76,68,36,145,11020,Partial,Within Lead Time,Q4 2026
PRJ-000433-SP03,PRJ-000433,MAT-1011,2026-12-01,27,16,15,130,3510,Partial,Within Lead Time,Q4 2026
PRJ-000433-SP04,PRJ-000433,MAT-1002,2028-12-01,61,37,29,420,25620,Partial,Within Lead Time,Q4 2028
PRJ-000433-SP05,PRJ-000433,MAT-1008,2027-09-01,39,0,0,19000,741000,Not Reserved,Within Lead Time,Q3 2027
PRJ-000433-SP06,PRJ-000433,MAT-1003,2027-08-01,5369,2772,988,12,64428,Partial,Within Lead Time,Q3 2027
PRJ-000434-SP01,PRJ-000434,MAT-1004,2026-05-01,6534,3998,3952,27,176418,Partial,At Risk,Q2 2026
PRJ-000434-SP02,PRJ-000434,MAT-1012,2027-10-01,72,64,21,68,4896,Partial,Within Lead Time,Q4 2027
PRJ-000434-SP03,PRJ-000434,MAT-1007,2027-11-01,77,53,34,14500,1116500,Partial,Within Lead Time,Q4 2027
PRJ-000434-SP04,PRJ-000434,MAT-1012,2027-01-01,24,4,1,68,1632,Partial,Within Lead Time,Q1 2027
PRJ-000434-SP05,PRJ-000434,MAT-1003,2026-07-01,3162,1148,159,12,37944,Partial,At Risk,Q3 2026
PRJ-000434-SP06,PRJ-000434,MAT-1010,2026-08-01,77,20,0,980,75460,Partial,At Risk,Q3 2026
PRJ-000434-SP07,PRJ-000434,MAT-1009,2026-02-01,75,8,5,145,10875,Partial,At Risk,Q1 2026
PRJ-000434-SP08,PRJ-000434,MAT-1003,2026-08-01,9189,2183,427,12,110268,Partial,At Risk,Q3 2026
PRJ-000435-SP01,PRJ-000435,MAT-1010,2026-06-01,80,49,23,980,78400,Partial,At Risk,Q2 2026
PRJ-000435-SP02,PRJ-000435,MAT-1006,2028-01-01,9,5,4,6200,55800,Partial,Within Lead Time,Q1 2028
PRJ-000435-SP03,PRJ-000435,MAT-1008,2027-11-01,7,2,0,19000,133000,Partial,Within Lead Time,Q4 2027
PRJ-000435-SP04,PRJ-000435,MAT-1002,2027-06-01,62,61,3,420,26040,Partial,Within Lead Time,Q2 2027
PRJ-000435-SP05,PRJ-000435,MAT-1012,2026-06-01,36,22,13,68,2448,Partial,At Risk,Q2 2026
PRJ-000436-SP01,PRJ-000436,MAT-1004,2026-12-01,3477,510,266,27,93879,Partial,Within Lead Time,Q4 2026
PRJ-000436-SP02,PRJ-000436,MAT-1002,2027-09-01,11,4,0,420,4620,Partial,Within Lead Time,Q3 2027
PRJ-000436-SP03,PRJ-000436,MAT-1009,2028-07-01,45,2,1,145,6525,Partial,Within Lead Time,Q3 2028
PRJ-000436-SP04,PRJ-000436,MAT-1002,2027-09-01,12,11,1,420,5040,Partial,Within Lead Time,Q3 2027
PRJ-000436-SP05,PRJ-000436,MAT-1011,2026-10-01,3,3,1,130,390,Partial,Within Lead Time,Q4 2026
PRJ-000436-SP06,PRJ-000436,MAT-1009,2027-12-01,25,20,4,145,3625,Partial,Within Lead Time,Q4 2027
PRJ-000436-SP07,PRJ-000436,MAT-1004,2027-03-01,5844,616,8,27,157788,Partial,Within Lead Time,Q1 2027
PRJ-000437-SP01,PRJ-000437,MAT-1006,2026-04-01,13,5,4,6200,80600,Partial,At Risk,Q2 2026
PRJ-000437-SP02,PRJ-000437,MAT-1008,2026-03-01,2,0,0,19000,38000,Not Reserved,At Risk,Q1 2026
PRJ-000437-SP03,PRJ-000437,MAT-1006,2026-04-01,19,14,2,6200,117800,Partial,At Risk,Q2 2026
PRJ-000437-SP04,PRJ-000437,MAT-1006,2028-06-01,36,3,0,6200,223200,Partial,Within Lead Time,Q2 2028
PRJ-000438-SP01,PRJ-000438,MAT-1009,2027-02-01,11,5,0,145,1595,Partial,Within Lead Time,Q1 2027
PRJ-000438-SP02,PRJ-000438,MAT-1001,2026-07-01,6,6,1,2100,12600,Partial,At Risk,Q3 2026
PRJ-000439-SP01,PRJ-000439,MAT-1008,2026-12-01,47,8,6,19000,893000,Partial,At Risk,Q4 2026
PRJ-000439-SP02,PRJ-000439,MAT-1001,2026-11-01,80,53,34,2100,168000,Partial,Within Lead Time,Q4 2026
PRJ-000439-SP03,PRJ-000439,MAT-1008,2027-09-01,54,20,2,19000,1026000,Partial,Within Lead Time,Q3 2027
PRJ-000439-SP04,PRJ-000439,MAT-1007,2027-10-01,49,33,10,14500,710500,Partial,Within Lead Time,Q4 2027
PRJ-000439-SP05,PRJ-000439,MAT-1009,2026-06-01,15,15,5,145,2175,Partial,At Risk,Q2 2026
PRJ-000439-SP06,PRJ-000439,MAT-1001,2026-05-01,14,12,10,2100,29400,Partial,At Risk,Q2 2026
PRJ-000439-SP07,PRJ-000439,MAT-1003,2028-08-01,8114,6384,4804,12,97368,Partial,Within Lead Time,Q3 2028
PRJ-000440-SP01,PRJ-000440,MAT-1001,2027-03-01,15,1,0,2100,31500,Partial,Within Lead Time,Q1 2027
PRJ-000440-SP02,PRJ-000440,MAT-1009,2027-10-01,34,20,10,145,4930,Partial,Within Lead Time,Q4 2027
PRJ-000440-SP03,PRJ-000440,MAT-1004,2028-12-01,5810,951,688,27,156870,Partial,Within Lead Time,Q4 2028
PRJ-000440-SP04,PRJ-000440,MAT-1008,2027-01-01,37,2,1,19000,703000,Partial,At Risk,Q1 2027
PRJ-000440-SP05,PRJ-000440,MAT-1012,2027-12-01,58,45,21,68,3944,Partial,Within Lead Time,Q4 2027
PRJ-000440-SP06,PRJ-000440,MAT-1011,2026-09-01,17,4,3,130,2210,Partial,At Risk,Q3 2026
PRJ-000440-SP07,PRJ-000440,MAT-1006,2027-02-01,38,33,30,6200,235600,Partial,Within Lead Time,Q1 2027
PRJ-000441-SP01,PRJ-000441,MAT-1011,2026-02-01,18,14,12,130,2340,Partial,At Risk,Q1 2026
PRJ-000441-SP02,PRJ-000441,MAT-1009,2028-11-01,75,16,14,145,10875,Partial,Within Lead Time,Q4 2028
PRJ-000441-SP03,PRJ-000441,MAT-1003,2028-07-01,3123,2231,864,12,37476,Partial,Within Lead Time,Q3 2028
PRJ-000441-SP04,PRJ-000441,MAT-1008,2027-03-01,69,44,14,19000,1311000,Partial,Within Lead Time,Q1 2027
PRJ-000441-SP05,PRJ-000441,MAT-1012,2028-10-01,37,21,9,68,2516,Partial,Within Lead Time,Q4 2028
PRJ-000441-SP06,PRJ-000441,MAT-1001,2027-05-01,51,38,5,2100,107100,Partial,Within Lead Time,Q2 2027
PRJ-000441-SP07,PRJ-000441,MAT-1011,2027-12-01,79,14,8,130,10270,Partial,Within Lead Time,Q4 2027
PRJ-000442-SP01,PRJ-000442,MAT-1002,2028-09-01,25,19,11,420,10500,Partial,Within Lead Time,Q3 2028
PRJ-000442-SP02,PRJ-000442,MAT-1010,2028-06-01,65,20,17,980,63700,Partial,Within Lead Time,Q2 2028
PRJ-000442-SP03,PRJ-000442,MAT-1007,2028-03-01,35,34,8,14500,507500,Partial,Within Lead Time,Q1 2028
PRJ-000442-SP04,PRJ-000442,MAT-1009,2028-06-01,64,29,23,145,9280,Partial,Within Lead Time,Q2 2028
PRJ-000442-SP05,PRJ-000442,MAT-1011,2028-05-01,36,17,1,130,4680,Partial,Within Lead Time,Q2 2028
PRJ-000442-SP06,PRJ-000442,MAT-1011,2028-12-01,42,32,23,130,5460,Partial,Within Lead Time,Q4 2028
PRJ-000442-SP07,PRJ-000442,MAT-1002,2027-08-01,56,50,34,420,23520,Partial,Within Lead Time,Q3 2027
PRJ-000442-SP08,PRJ-000442,MAT-1006,2027-11-01,14,14,4,6200,86800,Partial,Within Lead Time,Q4 2027
PRJ-000443-SP01,PRJ-000443,MAT-1003,2028-02-01,6178,5349,411,12,74136,Partial,Within Lead Time,Q1 2028
PRJ-000443-SP02,PRJ-000443,MAT-1004,2027-12-01,1706,443,100,27,46062,Partial,Within Lead Time,Q4 2027
PRJ-000443-SP03,PRJ-000443,MAT-1006,2027-05-01,37,32,30,6200,229400,Partial,Within Lead Time,Q2 2027
PRJ-000443-SP04,PRJ-000443,MAT-1009,2028-11-01,48,21,17,145,6960,Partial,Within Lead Time,Q4 2028
PRJ-000443-SP05,PRJ-000443,MAT-1009,2027-04-01,51,45,4,145,7395,Partial,Within Lead Time,Q2 2027
PRJ-000444-SP01,PRJ-000444,MAT-1008,2027-12-01,7,7,6,19000,133000,Partial,Within Lead Time,Q4 2027
PRJ-000444-SP02,PRJ-000444,MAT-1005,2026-02-01,37,9,3,26000,962000,Partial,At Risk,Q1 2026
PRJ-000444-SP03,PRJ-000444,MAT-1002,2026-03-01,60,13,7,420,25200,Partial,At Risk,Q1 2026
PRJ-000445-SP01,PRJ-000445,MAT-1002,2029-01-01,28,8,5,420,11760,Partial,Within Lead Time,Q1 2029
PRJ-000445-SP02,PRJ-000445,MAT-1003,2028-01-01,2683,214,200,12,32196,Partial,Within Lead Time,Q1 2028
PRJ-000445-SP03,PRJ-000445,MAT-1001,2028-03-01,68,65,19,2100,142800,Partial,Within Lead Time,Q1 2028
PRJ-000445-SP04,PRJ-000445,MAT-1003,2026-02-01,2823,1792,236,12,33876,Partial,At Risk,Q1 2026
PRJ-000445-SP05,PRJ-000445,MAT-1005,2028-03-01,73,65,53,26000,1898000,Partial,Within Lead Time,Q1 2028
PRJ-000445-SP06,PRJ-000445,MAT-1005,2028-11-01,34,1,1,26000,884000,Partial,Within Lead Time,Q4 2028
PRJ-000446-SP01,PRJ-000446,MAT-1008,2028-11-01,56,21,1,19000,1064000,Partial,Within Lead Time,Q4 2028
PRJ-000446-SP02,PRJ-000446,MAT-1005,2028-01-01,60,56,46,26000,1560000,Partial,Within Lead Time,Q1 2028
PRJ-000446-SP03,PRJ-000446,MAT-1007,2026-09-01,36,34,15,14500,522000,Partial,At Risk,Q3 2026
PRJ-000446-SP04,PRJ-000446,MAT-1003,2027-09-01,1177,126,48,12,14124,Partial,Within Lead Time,Q3 2027
PRJ-000446-SP05,PRJ-000446,MAT-1003,2026-02-01,8200,3297,3054,12,98400,Partial,At Risk,Q1 2026
PRJ-000446-SP06,PRJ-000446,MAT-1003,2028-02-01,7130,1067,104,12,85560,Partial,Within Lead Time,Q1 2028
PRJ-000447-SP01,PRJ-000447,MAT-1007,2027-08-01,2,2,2,14500,29000,Fulfilled,Within Lead Time,Q3 2027
PRJ-000447-SP02,PRJ-000447,MAT-1012,2026-12-01,32,18,0,68,2176,Partial,Within Lead Time,Q4 2026
PRJ-000447-SP03,PRJ-000447,MAT-1012,2027-02-01,26,22,0,68,1768,Partial,Within Lead Time,Q1 2027
PRJ-000447-SP04,PRJ-000447,MAT-1001,2027-05-01,57,29,25,2100,119700,Partial,Within Lead Time,Q2 2027
PRJ-000448-SP01,PRJ-000448,MAT-1008,2028-01-01,60,21,10,19000,1140000,Partial,Within Lead Time,Q1 2028
PRJ-000448-SP02,PRJ-000448,MAT-1002,2027-12-01,11,1,1,420,4620,Partial,Within Lead Time,Q4 2027
PRJ-000448-SP03,PRJ-000448,MAT-1005,2027-08-01,44,24,18,26000,1144000,Partial,Within Lead Time,Q3 2027
PRJ-000448-SP04,PRJ-000448,MAT-1010,2028-11-01,7,2,1,980,6860,Partial,Within Lead Time,Q4 2028
PRJ-000448-SP05,PRJ-000448,MAT-1011,2028-05-01,42,8,1,130,5460,Partial,Within Lead Time,Q2 2028
PRJ-000448-SP06,PRJ-000448,MAT-1008,2026-02-01,69,46,6,19000,1311000,Partial,At Risk,Q1 2026
PRJ-000449-SP01,PRJ-000449,MAT-1006,2028-01-01,22,13,5,6200,136400,Partial,Within Lead Time,Q1 2028
PRJ-000449-SP02,PRJ-000449,MAT-1002,2028-09-01,20,19,14,420,8400,Partial,Within Lead Time,Q3 2028
PRJ-000449-SP03,PRJ-000449,MAT-1011,2027-11-01,76,3,1,130,9880,Partial,Within Lead Time,Q4 2027
PRJ-000450-SP01,PRJ-000450,MAT-1007,2028-02-01,4,2,1,14500,58000,Partial,Within Lead Time,Q1 2028
PRJ-000450-SP02,PRJ-000450,MAT-1006,2026-06-01,77,36,19,6200,477400,Partial,At Risk,Q2 2026
PRJ-000450-SP03,PRJ-000450,MAT-1011,2026-04-01,34,10,7,130,4420,Partial,At Risk,Q2 2026
PRJ-000450-SP04,PRJ-000450,MAT-1007,2028-11-01,25,19,11,14500,362500,Partial,Within Lead Time,Q4 2028
PRJ-000450-SP05,PRJ-000450,MAT-1011,2026-10-01,72,53,5,130,9360,Partial,Within Lead Time,Q4 2026
PRJ-000450-SP06,PRJ-000450,MAT-1005,2026-01-01,76,0,0,26000,1976000,Not Reserved,At Risk,Q1 2026
PRJ-000451-SP01,PRJ-000451,MAT-1008,2026-11-01,16,8,2,19000,304000,Partial,At Risk,Q4 2026
PRJ-000451-SP02,PRJ-000451,MAT-1009,2028-07-01,65,43,27,145,9425,Partial,Within Lead Time,Q3 2028
PRJ-000451-SP03,PRJ-000451,MAT-1009,2029-01-01,38,12,5,145,5510,Partial,Within Lead Time,Q1 2029
PRJ-000451-SP04,PRJ-000451,MAT-1010,2026-04-01,40,1,0,980,39200,Partial,At Risk,Q2 2026
PRJ-000451-SP05,PRJ-000451,MAT-1008,2027-02-01,40,26,7,19000,760000,Partial,Within Lead Time,Q1 2027
PRJ-000451-SP06,PRJ-000451,MAT-1001,2029-01-01,55,50,18,2100,115500,Partial,Within Lead Time,Q1 2029
PRJ-000451-SP07,PRJ-000451,MAT-1010,2026-12-01,71,38,36,980,69580,Partial,Within Lead Time,Q4 2026
PRJ-000452-SP01,PRJ-000452,MAT-1012,2027-02-01,48,47,6,68,3264,Partial,Within Lead Time,Q1 2027
PRJ-000452-SP02,PRJ-000452,MAT-1001,2028-10-01,14,8,4,2100,29400,Partial,Within Lead Time,Q4 2028
PRJ-000453-SP01,PRJ-000453,MAT-1012,2028-04-01,55,8,7,68,3740,Partial,Within Lead Time,Q2 2028
PRJ-000453-SP02,PRJ-000453,MAT-1001,2027-08-01,43,2,0,2100,90300,Partial,Within Lead Time,Q3 2027
PRJ-000453-SP03,PRJ-000453,MAT-1007,2028-10-01,54,50,45,14500,783000,Partial,Within Lead Time,Q4 2028
PRJ-000453-SP04,PRJ-000453,MAT-1009,2028-02-01,13,3,3,145,1885,Partial,Within Lead Time,Q1 2028
PRJ-000453-SP05,PRJ-000453,MAT-1012,2027-02-01,38,12,4,68,2584,Partial,Within Lead Time,Q1 2027
PRJ-000454-SP01,PRJ-000454,MAT-1001,2029-01-01,23,3,3,2100,48300,Partial,Within Lead Time,Q1 2029
PRJ-000454-SP02,PRJ-000454,MAT-1009,2027-10-01,55,30,7,145,7975,Partial,Within Lead Time,Q4 2027
PRJ-000454-SP03,PRJ-000454,MAT-1003,2028-06-01,3551,431,327,12,42612,Partial,Within Lead Time,Q2 2028
PRJ-000454-SP04,PRJ-000454,MAT-1003,2027-08-01,7847,5782,5369,12,94164,Partial,Within Lead Time,Q3 2027
PRJ-000454-SP05,PRJ-000454,MAT-1001,2026-02-01,75,65,61,2100,157500,Partial,At Risk,Q1 2026
PRJ-000454-SP06,PRJ-000454,MAT-1007,2028-07-01,49,26,5,14500,710500,Partial,Within Lead Time,Q3 2028
PRJ-000455-SP01,PRJ-000455,MAT-1006,2027-01-01,80,61,21,6200,496000,Partial,Within Lead Time,Q1 2027
PRJ-000455-SP02,PRJ-000455,MAT-1008,2027-01-01,60,58,31,19000,1140000,Partial,At Risk,Q1 2027
PRJ-000456-SP01,PRJ-000456,MAT-1012,2027-02-01,43,1,1,68,2924,Partial,Within Lead Time,Q1 2027
PRJ-000456-SP02,PRJ-000456,MAT-1002,2026-05-01,78,3,1,420,32760,Partial,At Risk,Q2 2026
PRJ-000456-SP03,PRJ-000456,MAT-1003,2029-01-01,4191,2032,1428,12,50292,Partial,Within Lead Time,Q1 2029
PRJ-000456-SP04,PRJ-000456,MAT-1011,2026-05-01,8,3,2,130,1040,Partial,At Risk,Q2 2026
PRJ-000456-SP05,PRJ-000456,MAT-1001,2027-04-01,17,16,10,2100,35700,Partial,Within Lead Time,Q2 2027
PRJ-000456-SP06,PRJ-000456,MAT-1010,2027-03-01,59,22,17,980,57820,Partial,Within Lead Time,Q1 2027
PRJ-000457-SP01,PRJ-000457,MAT-1002,2027-06-01,71,35,24,420,29820,Partial,Within Lead Time,Q2 2027
PRJ-000457-SP02,PRJ-000457,MAT-1011,2027-07-01,55,26,6,130,7150,Partial,Within Lead Time,Q3 2027
PRJ-000457-SP03,PRJ-000457,MAT-1004,2026-04-01,7503,5399,4320,27,202581,Partial,At Risk,Q2 2026
PRJ-000457-SP04,PRJ-000457,MAT-1007,2026-04-01,80,72,18,14500,1160000,Partial,At Risk,Q2 2026
PRJ-000457-SP05,PRJ-000457,MAT-1009,2028-04-01,44,7,2,145,6380,Partial,Within Lead Time,Q2 2028
PRJ-000457-SP06,PRJ-000457,MAT-1003,2028-04-01,5819,342,47,12,69828,Partial,Within Lead Time,Q2 2028
PRJ-000457-SP07,PRJ-000457,MAT-1007,2028-08-01,40,35,18,14500,580000,Partial,Within Lead Time,Q3 2028
PRJ-000457-SP08,PRJ-000457,MAT-1008,2027-02-01,44,42,38,19000,836000,Partial,Within Lead Time,Q1 2027
PRJ-000458-SP01,PRJ-000458,MAT-1007,2028-02-01,78,53,5,14500,1131000,Partial,Within Lead Time,Q1 2028
PRJ-000458-SP02,PRJ-000458,MAT-1002,2028-06-01,38,12,8,420,15960,Partial,Within Lead Time,Q2 2028
PRJ-000458-SP03,PRJ-000458,MAT-1009,2028-12-01,43,27,8,145,6235,Partial,Within Lead Time,Q4 2028
PRJ-000458-SP04,PRJ-000458,MAT-1005,2028-06-01,56,10,0,26000,1456000,Partial,Within Lead Time,Q2 2028
PRJ-000458-SP05,PRJ-000458,MAT-1009,2026-11-01,38,12,9,145,5510,Partial,Within Lead Time,Q4 2026
PRJ-000458-SP06,PRJ-000458,MAT-1005,2026-09-01,55,18,5,26000,1430000,Partial,At Risk,Q3 2026
PRJ-000458-SP07,PRJ-000458,MAT-1010,2027-10-01,36,29,12,980,35280,Partial,Within Lead Time,Q4 2027
PRJ-000459-SP01,PRJ-000459,MAT-1003,2028-11-01,5997,5211,2281,12,71964,Partial,Within Lead Time,Q4 2028
PRJ-000459-SP02,PRJ-000459,MAT-1008,2027-07-01,14,4,1,19000,266000,Partial,Within Lead Time,Q3 2027
PRJ-000459-SP03,PRJ-000459,MAT-1012,2026-01-01,44,42,26,68,2992,Partial,At Risk,Q1 2026
PRJ-000459-SP04,PRJ-000459,MAT-1006,2027-10-01,36,17,1,6200,223200,Partial,Within Lead Time,Q4 2027
PRJ-000459-SP05,PRJ-000459,MAT-1011,2029-01-01,75,2,1,130,9750,Partial,Within Lead Time,Q1 2029
PRJ-000459-SP06,PRJ-000459,MAT-1004,2029-01-01,2530,1093,991,27,68310,Partial,Within Lead Time,Q1 2029
PRJ-000460-SP01,PRJ-000460,MAT-1007,2027-07-01,28,8,7,14500,406000,Partial,Within Lead Time,Q3 2027
PRJ-000460-SP02,PRJ-000460,MAT-1002,2026-05-01,32,26,2,420,13440,Partial,At Risk,Q2 2026
PRJ-000460-SP03,PRJ-000460,MAT-1001,2026-10-01,38,11,1,2100,79800,Partial,At Risk,Q4 2026
PRJ-000460-SP04,PRJ-000460,MAT-1011,2028-09-01,66,39,8,130,8580,Partial,Within Lead Time,Q3 2028
PRJ-000460-SP05,PRJ-000460,MAT-1008,2026-09-01,58,55,5,19000,1102000,Partial,At Risk,Q3 2026
PRJ-000460-SP06,PRJ-000460,MAT-1007,2026-04-01,68,64,22,14500,986000,Partial,At Risk,Q2 2026
PRJ-000460-SP07,PRJ-000460,MAT-1004,2027-03-01,5420,4524,2843,27,146340,Partial,Within Lead Time,Q1 2027
PRJ-000461-SP01,PRJ-000461,MAT-1005,2026-10-01,72,20,11,26000,1872000,Partial,At Risk,Q4 2026
PRJ-000461-SP02,PRJ-000461,MAT-1006,2026-05-01,24,4,2,6200,148800,Partial,At Risk,Q2 2026
PRJ-000461-SP03,PRJ-000461,MAT-1011,2026-05-01,43,29,13,130,5590,Partial,At Risk,Q2 2026
PRJ-000461-SP04,PRJ-000461,MAT-1004,2027-02-01,8631,511,45,27,233037,Partial,Within Lead Time,Q1 2027
PRJ-000462-SP01,PRJ-000462,MAT-1011,2027-03-01,21,2,2,130,2730,Partial,Within Lead Time,Q1 2027
PRJ-000462-SP02,PRJ-000462,MAT-1008,2028-06-01,9,2,1,19000,171000,Partial,Within Lead Time,Q2 2028
PRJ-000462-SP03,PRJ-000462,MAT-1008,2028-09-01,70,26,0,19000,1330000,Partial,Within Lead Time,Q3 2028
PRJ-000462-SP04,PRJ-000462,MAT-1008,2028-12-01,21,5,4,19000,399000,Partial,Within Lead Time,Q4 2028
PRJ-000463-SP01,PRJ-000463,MAT-1008,2027-02-01,57,48,6,19000,1083000,Partial,Within Lead Time,Q1 2027
PRJ-000463-SP02,PRJ-000463,MAT-1012,2027-09-01,49,27,10,68,3332,Partial,Within Lead Time,Q3 2027
PRJ-000464-SP01,PRJ-000464,MAT-1006,2026-12-01,71,3,2,6200,440200,Partial,Within Lead Time,Q4 2026
PRJ-000464-SP02,PRJ-000464,MAT-1008,2028-11-01,18,8,2,19000,342000,Partial,Within Lead Time,Q4 2028
PRJ-000464-SP03,PRJ-000464,MAT-1009,2026-09-01,34,32,27,145,4930,Partial,At Risk,Q3 2026
PRJ-000464-SP04,PRJ-000464,MAT-1007,2027-12-01,4,3,1,14500,58000,Partial,Within Lead Time,Q4 2027
PRJ-000464-SP05,PRJ-000464,MAT-1001,2026-12-01,77,8,1,2100,161700,Partial,Within Lead Time,Q4 2026
PRJ-000464-SP06,PRJ-000464,MAT-1008,2026-04-01,42,11,8,19000,798000,Partial,At Risk,Q2 2026
PRJ-000464-SP07,PRJ-000464,MAT-1009,2026-03-01,5,1,0,145,725,Partial,At Risk,Q1 2026
PRJ-000465-SP01,PRJ-000465,MAT-1004,2027-11-01,9840,6797,51,27,265680,Partial,Within Lead Time,Q4 2027
PRJ-000465-SP02,PRJ-000465,MAT-1003,2026-06-01,9298,420,3,12,111576,Partial,At Risk,Q2 2026
PRJ-000465-SP03,PRJ-000465,MAT-1005,2028-12-01,33,25,14,26000,858000,Partial,Within Lead Time,Q4 2028
PRJ-000465-SP04,PRJ-000465,MAT-1005,2027-10-01,6,1,1,26000,156000,Partial,Within Lead Time,Q4 2027
PRJ-000466-SP01,PRJ-000466,MAT-1006,2028-03-01,74,71,52,6200,458800,Partial,Within Lead Time,Q1 2028
PRJ-000466-SP02,PRJ-000466,MAT-1003,2027-07-01,9972,4481,765,12,119664,Partial,Within Lead Time,Q3 2027
PRJ-000466-SP03,PRJ-000466,MAT-1012,2026-11-01,50,47,5,68,3400,Partial,Within Lead Time,Q4 2026
PRJ-000466-SP04,PRJ-000466,MAT-1010,2027-12-01,16,5,2,980,15680,Partial,Within Lead Time,Q4 2027
PRJ-000466-SP05,PRJ-000466,MAT-1005,2028-01-01,75,47,18,26000,1950000,Partial,Within Lead Time,Q1 2028
PRJ-000466-SP06,PRJ-000466,MAT-1002,2026-02-01,48,17,12,420,20160,Partial,At Risk,Q1 2026
PRJ-000466-SP07,PRJ-000466,MAT-1001,2027-04-01,62,54,25,2100,130200,Partial,Within Lead Time,Q2 2027
PRJ-000466-SP08,PRJ-000466,MAT-1005,2027-05-01,49,3,2,26000,1274000,Partial,Within Lead Time,Q2 2027
PRJ-000467-SP01,PRJ-000467,MAT-1009,2027-10-01,78,49,35,145,11310,Partial,Within Lead Time,Q4 2027
PRJ-000467-SP02,PRJ-000467,MAT-1012,2027-07-01,60,43,38,68,4080,Partial,Within Lead Time,Q3 2027
PRJ-000467-SP03,PRJ-000467,MAT-1006,2026-04-01,49,45,45,6200,303800,Partial,At Risk,Q2 2026
PRJ-000467-SP04,PRJ-000467,MAT-1001,2028-10-01,22,15,11,2100,46200,Partial,Within Lead Time,Q4 2028
PRJ-000467-SP05,PRJ-000467,MAT-1009,2028-01-01,3,3,3,145,435,Fulfilled,Within Lead Time,Q1 2028
PRJ-000468-SP01,PRJ-000468,MAT-1009,2027-04-01,58,5,5,145,8410,Partial,Within Lead Time,Q2 2027
PRJ-000468-SP02,PRJ-000468,MAT-1010,2028-12-01,73,9,3,980,71540,Partial,Within Lead Time,Q4 2028
PRJ-000468-SP03,PRJ-000468,MAT-1001,2026-11-01,68,3,1,2100,142800,Partial,Within Lead Time,Q4 2026
PRJ-000468-SP04,PRJ-000468,MAT-1006,2027-11-01,43,39,37,6200,266600,Partial,Within Lead Time,Q4 2027
PRJ-000468-SP05,PRJ-000468,MAT-1011,2028-12-01,31,18,11,130,4030,Partial,Within Lead Time,Q4 2028
PRJ-000468-SP06,PRJ-000468,MAT-1008,2026-09-01,11,1,1,19000,209000,Partial,At Risk,Q3 2026
PRJ-000468-SP07,PRJ-000468,MAT-1007,2027-12-01,38,33,1,14500,551000,Partial,Within Lead Time,Q4 2027
PRJ-000468-SP08,PRJ-000468,MAT-1010,2026-11-01,12,1,0,980,11760,Partial,Within Lead Time,Q4 2026
PRJ-000469-SP01,PRJ-000469,MAT-1001,2027-08-01,47,47,4,2100,98700,Partial,Within Lead Time,Q3 2027
PRJ-000469-SP02,PRJ-000469,MAT-1011,2026-09-01,43,7,3,130,5590,Partial,At Risk,Q3 2026
PRJ-000470-SP01,PRJ-000470,MAT-1010,2026-08-01,28,15,6,980,27440,Partial,At Risk,Q3 2026
PRJ-000470-SP02,PRJ-000470,MAT-1005,2026-10-01,76,21,6,26000,1976000,Partial,At Risk,Q4 2026
PRJ-000470-SP03,PRJ-000470,MAT-1003,2026-10-01,8625,8416,7065,12,103500,Partial,At Risk,Q4 2026
PRJ-000471-SP01,PRJ-000471,MAT-1001,2026-03-01,51,25,16,2100,107100,Partial,At Risk,Q1 2026
PRJ-000471-SP02,PRJ-000471,MAT-1009,2027-09-01,78,66,4,145,11310,Partial,Within Lead Time,Q3 2027
PRJ-000471-SP03,PRJ-000471,MAT-1009,2028-05-01,77,4,1,145,11165,Partial,Within Lead Time,Q2 2028
PRJ-000471-SP04,PRJ-000471,MAT-1005,2027-03-01,10,1,0,26000,260000,Partial,Within Lead Time,Q1 2027
PRJ-000472-SP01,PRJ-000472,MAT-1001,2026-04-01,39,29,20,2100,81900,Partial,At Risk,Q2 2026
PRJ-000472-SP02,PRJ-000472,MAT-1005,2027-10-01,53,3,2,26000,1378000,Partial,Within Lead Time,Q4 2027
PRJ-000473-SP01,PRJ-000473,MAT-1001,2027-01-01,64,22,19,2100,134400,Partial,Within Lead Time,Q1 2027
PRJ-000473-SP02,PRJ-000473,MAT-1006,2026-07-01,54,53,38,6200,334800,Partial,At Risk,Q3 2026
PRJ-000473-SP03,PRJ-000473,MAT-1012,2026-04-01,30,29,23,68,2040,Partial,At Risk,Q2 2026
PRJ-000473-SP04,PRJ-000473,MAT-1004,2028-10-01,2048,1859,565,27,55296,Partial,Within Lead Time,Q4 2028
PRJ-000473-SP05,PRJ-000473,MAT-1004,2028-11-01,5647,3497,936,27,152469,Partial,Within Lead Time,Q4 2028
PRJ-000474-SP01,PRJ-000474,MAT-1001,2026-01-01,15,7,7,2100,31500,Partial,At Risk,Q1 2026
PRJ-000474-SP02,PRJ-000474,MAT-1006,2028-06-01,42,39,20,6200,260400,Partial,Within Lead Time,Q2 2028
PRJ-000474-SP03,PRJ-000474,MAT-1008,2026-10-01,20,13,10,19000,380000,Partial,At Risk,Q4 2026
PRJ-000474-SP04,PRJ-000474,MAT-1003,2027-02-01,7462,2044,1992,12,89544,Partial,Within Lead Time,Q1 2027
PRJ-000474-SP05,PRJ-000474,MAT-1011,2027-06-01,37,26,16,130,4810,Partial,Within Lead Time,Q2 2027
PRJ-000474-SP06,PRJ-000474,MAT-1006,2027-11-01,80,30,16,6200,496000,Partial,Within Lead Time,Q4 2027
PRJ-000475-SP01,PRJ-000475,MAT-1001,2027-04-01,53,17,7,2100,111300,Partial,Within Lead Time,Q2 2027
PRJ-000475-SP02,PRJ-000475,MAT-1004,2026-10-01,7896,4648,751,27,213192,Partial,At Risk,Q4 2026
PRJ-000475-SP03,PRJ-000475,MAT-1008,2028-01-01,47,36,30,19000,893000,Partial,Within Lead Time,Q1 2028
PRJ-000475-SP04,PRJ-000475,MAT-1006,2028-05-01,71,35,31,6200,440200,Partial,Within Lead Time,Q2 2028
PRJ-000475-SP05,PRJ-000475,MAT-1011,2026-08-01,9,4,3,130,1170,Partial,At Risk,Q3 2026
PRJ-000475-SP06,PRJ-000475,MAT-1004,2028-09-01,8987,6874,2967,27,242649,Partial,Within Lead Time,Q3 2028
PRJ-000476-SP01,PRJ-000476,MAT-1011,2028-03-01,43,28,27,130,5590,Partial,Within Lead Time,Q1 2028
PRJ-000476-SP02,PRJ-000476,MAT-1006,2028-07-01,32,26,13,6200,198400,Partial,Within Lead Time,Q3 2028
PRJ-000476-SP03,PRJ-000476,MAT-1009,2027-06-01,62,17,14,145,8990,Partial,Within Lead Time,Q2 2027
PRJ-000477-SP01,PRJ-000477,MAT-1012,2026-07-01,42,39,32,68,2856,Partial,At Risk,Q3 2026
PRJ-000477-SP02,PRJ-000477,MAT-1001,2027-06-01,19,8,7,2100,39900,Partial,Within Lead Time,Q2 2027
PRJ-000477-SP03,PRJ-000477,MAT-1009,2028-02-01,59,30,10,145,8555,Partial,Within Lead Time,Q1 2028
PRJ-000478-SP01,PRJ-000478,MAT-1009,2026-07-01,21,11,4,145,3045,Partial,At Risk,Q3 2026
PRJ-000478-SP02,PRJ-000478,MAT-1002,2027-05-01,71,24,23,420,29820,Partial,Within Lead Time,Q2 2027
PRJ-000478-SP03,PRJ-000478,MAT-1003,2026-07-01,6910,595,251,12,82920,Partial,At Risk,Q3 2026
PRJ-000478-SP04,PRJ-000478,MAT-1008,2026-06-01,67,47,15,19000,1273000,Partial,At Risk,Q2 2026
PRJ-000478-SP05,PRJ-000478,MAT-1005,2026-08-01,58,24,19,26000,1508000,Partial,At Risk,Q3 2026
PRJ-000479-SP01,PRJ-000479,MAT-1010,2026-08-01,37,21,8,980,36260,Partial,At Risk,Q3 2026
PRJ-000479-SP02,PRJ-000479,MAT-1003,2028-03-01,9866,2042,1171,12,118392,Partial,Within Lead Time,Q1 2028
PRJ-000479-SP03,PRJ-000479,MAT-1007,2027-04-01,68,39,17,14500,986000,Partial,Within Lead Time,Q2 2027
PRJ-000479-SP04,PRJ-000479,MAT-1007,2026-11-01,45,20,1,14500,652500,Partial,At Risk,Q4 2026
PRJ-000479-SP05,PRJ-000479,MAT-1001,2027-07-01,51,26,7,2100,107100,Partial,Within Lead Time,Q3 2027
PRJ-000479-SP06,PRJ-000479,MAT-1011,2026-06-01,59,30,4,130,7670,Partial,At Risk,Q2 2026
PRJ-000480-SP01,PRJ-000480,MAT-1001,2027-07-01,41,27,21,2100,86100,Partial,Within Lead Time,Q3 2027
PRJ-000480-SP02,PRJ-000480,MAT-1006,2027-01-01,29,3,2,6200,179800,Partial,Within Lead Time,Q1 2027
PRJ-000480-SP03,PRJ-000480,MAT-1008,2026-12-01,69,0,0,19000,1311000,Not Reserved,At Risk,Q4 2026
PRJ-000480-SP04,PRJ-000480,MAT-1006,2026-10-01,41,5,1,6200,254200,Partial,At Risk,Q4 2026
PRJ-000480-SP05,PRJ-000480,MAT-1009,2027-05-01,61,4,2,145,8845,Partial,Within Lead Time,Q2 2027
PRJ-000480-SP06,PRJ-000480,MAT-1004,2027-09-01,2930,1943,289,27,79110,Partial,Within Lead Time,Q3 2027
PRJ-000480-SP07,PRJ-000480,MAT-1006,2028-10-01,51,13,13,6200,316200,Partial,Within Lead Time,Q4 2028
PRJ-000480-SP08,PRJ-000480,MAT-1008,2029-01-01,31,25,10,19000,589000,Partial,Within Lead Time,Q1 2029
PRJ-000481-SP01,PRJ-000481,MAT-1002,2026-11-01,20,4,3,420,8400,Partial,Within Lead Time,Q4 2026
PRJ-000481-SP02,PRJ-000481,MAT-1003,2026-06-01,7228,4223,3299,12,86736,Partial,At Risk,Q2 2026
PRJ-000481-SP03,PRJ-000481,MAT-1010,2028-10-01,71,56,17,980,69580,Partial,Within Lead Time,Q4 2028
PRJ-000481-SP04,PRJ-000481,MAT-1011,2027-07-01,79,38,11,130,10270,Partial,Within Lead Time,Q3 2027
PRJ-000481-SP05,PRJ-000481,MAT-1002,2026-03-01,37,0,0,420,15540,Not Reserved,At Risk,Q1 2026
PRJ-000481-SP06,PRJ-000481,MAT-1008,2026-12-01,70,47,30,19000,1330000,Partial,At Risk,Q4 2026
PRJ-000481-SP07,PRJ-000481,MAT-1008,2028-05-01,34,12,4,19000,646000,Partial,Within Lead Time,Q2 2028
PRJ-000481-SP08,PRJ-000481,MAT-1008,2028-04-01,50,22,15,19000,950000,Partial,Within Lead Time,Q2 2028
PRJ-000482-SP01,PRJ-000482,MAT-1010,2026-06-01,4,1,0,980,3920,Partial,At Risk,Q2 2026
PRJ-000482-SP02,PRJ-000482,MAT-1006,2028-10-01,77,46,4,6200,477400,Partial,Within Lead Time,Q4 2028
PRJ-000482-SP03,PRJ-000482,MAT-1009,2026-10-01,31,21,9,145,4495,Partial,Within Lead Time,Q4 2026
PRJ-000482-SP04,PRJ-000482,MAT-1004,2026-08-01,7684,3162,448,27,207468,Partial,At Risk,Q3 2026
PRJ-000483-SP01,PRJ-000483,MAT-1009,2027-04-01,36,0,0,145,5220,Not Reserved,Within Lead Time,Q2 2027
PRJ-000483-SP02,PRJ-000483,MAT-1006,2026-07-01,35,9,2,6200,217000,Partial,At Risk,Q3 2026
PRJ-000483-SP03,PRJ-000483,MAT-1004,2026-07-01,9006,2344,2225,27,243162,Partial,At Risk,Q3 2026
PRJ-000484-SP01,PRJ-000484,MAT-1001,2026-02-01,75,62,20,2100,157500,Partial,At Risk,Q1 2026
PRJ-000484-SP02,PRJ-000484,MAT-1011,2028-06-01,21,12,2,130,2730,Partial,Within Lead Time,Q2 2028
PRJ-000484-SP03,PRJ-000484,MAT-1003,2028-12-01,1999,1078,1016,12,23988,Partial,Within Lead Time,Q4 2028
PRJ-000485-SP01,PRJ-000485,MAT-1004,2026-04-01,8286,7434,4658,27,223722,Partial,At Risk,Q2 2026
PRJ-000485-SP02,PRJ-000485,MAT-1007,2026-06-01,36,18,2,14500,522000,Partial,At Risk,Q2 2026
PRJ-000485-SP03,PRJ-000485,MAT-1002,2027-06-01,57,6,2,420,23940,Partial,Within Lead Time,Q2 2027
PRJ-000485-SP04,PRJ-000485,MAT-1011,2028-07-01,64,43,3,130,8320,Partial,Within Lead Time,Q3 2028
PRJ-000485-SP05,PRJ-000485,MAT-1008,2028-10-01,8,4,3,19000,152000,Partial,Within Lead Time,Q4 2028
PRJ-000485-SP06,PRJ-000485,MAT-1010,2026-12-01,33,18,1,980,32340,Partial,Within Lead Time,Q4 2026
PRJ-000485-SP07,PRJ-000485,MAT-1011,2028-11-01,27,16,6,130,3510,Partial,Within Lead Time,Q4 2028
PRJ-000485-SP08,PRJ-000485,MAT-1004,2027-01-01,4373,2746,2103,27,118071,Partial,Within Lead Time,Q1 2027
PRJ-000486-SP01,PRJ-000486,MAT-1011,2028-11-01,8,7,7,130,1040,Partial,Within Lead Time,Q4 2028
PRJ-000486-SP02,PRJ-000486,MAT-1006,2026-12-01,11,2,0,6200,68200,Partial,Within Lead Time,Q4 2026
PRJ-000486-SP03,PRJ-000486,MAT-1005,2026-06-01,77,31,7,26000,2002000,Partial,At Risk,Q2 2026
PRJ-000486-SP04,PRJ-000486,MAT-1001,2027-01-01,39,7,4,2100,81900,Partial,Within Lead Time,Q1 2027
PRJ-000486-SP05,PRJ-000486,MAT-1003,2026-07-01,9312,1819,204,12,111744,Partial,At Risk,Q3 2026
PRJ-000487-SP01,PRJ-000487,MAT-1009,2027-05-01,77,68,49,145,11165,Partial,Within Lead Time,Q2 2027
PRJ-000487-SP02,PRJ-000487,MAT-1006,2028-01-01,56,2,0,6200,347200,Partial,Within Lead Time,Q1 2028
PRJ-000487-SP03,PRJ-000487,MAT-1003,2028-08-01,7280,3278,577,12,87360,Partial,Within Lead Time,Q3 2028
PRJ-000487-SP04,PRJ-000487,MAT-1003,2028-11-01,9250,3810,314,12,111000,Partial,Within Lead Time,Q4 2028
PRJ-000487-SP05,PRJ-000487,MAT-1009,2026-02-01,41,17,5,145,5945,Partial,At Risk,Q1 2026
PRJ-000487-SP06,PRJ-000487,MAT-1004,2029-01-01,2848,1305,575,27,76896,Partial,Within Lead Time,Q1 2029
PRJ-000487-SP07,PRJ-000487,MAT-1009,2026-02-01,51,12,7,145,7395,Partial,At Risk,Q1 2026
PRJ-000487-SP08,PRJ-000487,MAT-1005,2027-06-01,37,35,21,26000,962000,Partial,Within Lead Time,Q2 2027
PRJ-000488-SP01,PRJ-000488,MAT-1002,2026-05-01,33,31,22,420,13860,Partial,At Risk,Q2 2026
PRJ-000488-SP02,PRJ-000488,MAT-1012,2026-08-01,28,17,6,68,1904,Partial,At Risk,Q3 2026
PRJ-000488-SP03,PRJ-000488,MAT-1006,2028-01-01,20,12,0,6200,124000,Partial,Within Lead Time,Q1 2028
PRJ-000488-SP04,PRJ-000488,MAT-1005,2026-07-01,63,60,46,26000,1638000,Partial,At Risk,Q3 2026
PRJ-000488-SP05,PRJ-000488,MAT-1011,2027-10-01,54,13,4,130,7020,Partial,Within Lead Time,Q4 2027
PRJ-000488-SP06,PRJ-000488,MAT-1010,2027-04-01,43,14,8,980,42140,Partial,Within Lead Time,Q2 2027
PRJ-000489-SP01,PRJ-000489,MAT-1011,2028-05-01,56,17,4,130,7280,Partial,Within Lead Time,Q2 2028
PRJ-000489-SP02,PRJ-000489,MAT-1005,2028-02-01,13,10,8,26000,338000,Partial,Within Lead Time,Q1 2028
PRJ-000489-SP03,PRJ-000489,MAT-1003,2026-12-01,2711,2642,1439,12,32532,Partial,Within Lead Time,Q4 2026
PRJ-000489-SP04,PRJ-000489,MAT-1004,2027-11-01,5588,977,252,27,150876,Partial,Within Lead Time,Q4 2027
PRJ-000489-SP05,PRJ-000489,MAT-1007,2026-09-01,71,66,41,14500,1029500,Partial,At Risk,Q3 2026
PRJ-000489-SP06,PRJ-000489,MAT-1005,2028-06-01,26,9,5,26000,676000,Partial,Within Lead Time,Q2 2028
PRJ-000490-SP01,PRJ-000490,MAT-1011,2027-02-01,19,10,3,130,2470,Partial,Within Lead Time,Q1 2027
PRJ-000490-SP02,PRJ-000490,MAT-1007,2027-06-01,68,63,11,14500,986000,Partial,Within Lead Time,Q2 2027
PRJ-000491-SP01,PRJ-000491,MAT-1003,2027-10-01,4504,2586,809,12,54048,Partial,Within Lead Time,Q4 2027
PRJ-000491-SP02,PRJ-000491,MAT-1011,2026-08-01,47,42,38,130,6110,Partial,At Risk,Q3 2026
PRJ-000491-SP03,PRJ-000491,MAT-1008,2027-05-01,45,29,20,19000,855000,Partial,Within Lead Time,Q2 2027
PRJ-000491-SP04,PRJ-000491,MAT-1007,2027-05-01,23,9,4,14500,333500,Partial,Within Lead Time,Q2 2027
PRJ-000491-SP05,PRJ-000491,MAT-1008,2028-10-01,6,4,2,19000,114000,Partial,Within Lead Time,Q4 2028
PRJ-000491-SP06,PRJ-000491,MAT-1008,2026-10-01,12,7,5,19000,228000,Partial,At Risk,Q4 2026
PRJ-000492-SP01,PRJ-000492,MAT-1003,2028-01-01,6783,151,27,12,81396,Partial,Within Lead Time,Q1 2028
PRJ-000492-SP02,PRJ-000492,MAT-1007,2027-04-01,63,34,13,14500,913500,Partial,Within Lead Time,Q2 2027
PRJ-000492-SP03,PRJ-000492,MAT-1008,2027-08-01,26,3,2,19000,494000,Partial,Within Lead Time,Q3 2027
PRJ-000492-SP04,PRJ-000492,MAT-1012,2027-07-01,19,13,2,68,1292,Partial,Within Lead Time,Q3 2027
PRJ-000493-SP01,PRJ-000493,MAT-1010,2027-08-01,37,4,0,980,36260,Partial,Within Lead Time,Q3 2027
PRJ-000493-SP02,PRJ-000493,MAT-1008,2027-07-01,69,65,17,19000,1311000,Partial,Within Lead Time,Q3 2027
PRJ-000493-SP03,PRJ-000493,MAT-1002,2026-10-01,72,45,2,420,30240,Partial,Within Lead Time,Q4 2026
PRJ-000493-SP04,PRJ-000493,MAT-1004,2026-11-01,7417,2989,1789,27,200259,Partial,At Risk,Q4 2026
PRJ-000493-SP05,PRJ-000493,MAT-1004,2028-05-01,8723,3891,1587,27,235521,Partial,Within Lead Time,Q2 2028
PRJ-000493-SP06,PRJ-000493,MAT-1008,2027-03-01,20,2,2,19000,380000,Partial,Within Lead Time,Q1 2027
PRJ-000493-SP07,PRJ-000493,MAT-1011,2027-01-01,77,24,23,130,10010,Partial,Within Lead Time,Q1 2027
PRJ-000494-SP01,PRJ-000494,MAT-1010,2027-08-01,25,18,17,980,24500,Partial,Within Lead Time,Q3 2027
PRJ-000494-SP02,PRJ-000494,MAT-1008,2027-01-01,5,5,5,19000,95000,Fulfilled,At Risk,Q1 2027
PRJ-000495-SP01,PRJ-000495,MAT-1011,2026-06-01,50,42,1,130,6500,Partial,At Risk,Q2 2026
PRJ-000495-SP02,PRJ-000495,MAT-1008,2027-07-01,32,31,30,19000,608000,Partial,Within Lead Time,Q3 2027
PRJ-000495-SP03,PRJ-000495,MAT-1004,2027-10-01,3719,1775,1276,27,100413,Partial,Within Lead Time,Q4 2027
PRJ-000496-SP01,PRJ-000496,MAT-1005,2026-12-01,8,5,4,26000,208000,Partial,At Risk,Q4 2026
PRJ-000496-SP02,PRJ-000496,MAT-1012,2028-04-01,26,13,12,68,1768,Partial,Within Lead Time,Q2 2028
PRJ-000496-SP03,PRJ-000496,MAT-1004,2027-09-01,3254,1434,1035,27,87858,Partial,Within Lead Time,Q3 2027
PRJ-000496-SP04,PRJ-000496,MAT-1005,2028-09-01,55,17,4,26000,1430000,Partial,Within Lead Time,Q3 2028
PRJ-000496-SP05,PRJ-000496,MAT-1011,2028-01-01,8,7,6,130,1040,Partial,Within Lead Time,Q1 2028
PRJ-000496-SP06,PRJ-000496,MAT-1003,2026-09-01,5841,2833,1343,12,70092,Partial,At Risk,Q3 2026
PRJ-000497-SP01,PRJ-000497,MAT-1008,2027-10-01,13,4,2,19000,247000,Partial,Within Lead Time,Q4 2027
PRJ-000497-SP02,PRJ-000497,MAT-1006,2026-09-01,21,7,3,6200,130200,Partial,At Risk,Q3 2026
PRJ-000497-SP03,PRJ-000497,MAT-1005,2027-02-01,50,23,23,26000,1300000,Partial,Within Lead Time,Q1 2027
PRJ-000497-SP04,PRJ-000497,MAT-1006,2028-04-01,75,37,11,6200,465000,Partial,Within Lead Time,Q2 2028
PRJ-000497-SP05,PRJ-000497,MAT-1012,2026-09-01,12,0,0,68,816,Not Reserved,At Risk,Q3 2026
PRJ-000497-SP06,PRJ-000497,MAT-1005,2028-11-01,31,17,10,26000,806000,Partial,Within Lead Time,Q4 2028
PRJ-000498-SP01,PRJ-000498,MAT-1006,2027-12-01,35,20,14,6200,217000,Partial,Within Lead Time,Q4 2027
PRJ-000498-SP02,PRJ-000498,MAT-1003,2026-03-01,4620,1742,1340,12,55440,Partial,At Risk,Q1 2026
PRJ-000498-SP03,PRJ-000498,MAT-1003,2027-07-01,9372,953,283,12,112464,Partial,Within Lead Time,Q3 2027
PRJ-000498-SP04,PRJ-000498,MAT-1006,2027-03-01,55,8,5,6200,341000,Partial,Within Lead Time,Q1 2027
PRJ-000498-SP05,PRJ-000498,MAT-1006,2028-10-01,31,14,13,6200,192200,Partial,Within Lead Time,Q4 2028
PRJ-000498-SP06,PRJ-000498,MAT-1001,2027-08-01,16,2,1,2100,33600,Partial,Within Lead Time,Q3 2027
PRJ-000498-SP07,PRJ-000498,MAT-1007,2028-01-01,39,37,23,14500,565500,Partial,Within Lead Time,Q1 2028
PRJ-000499-SP01,PRJ-000499,MAT-1009,2027-03-01,38,21,15,145,5510,Partial,Within Lead Time,Q1 2027
PRJ-000499-SP02,PRJ-000499,MAT-1011,2026-12-01,25,20,8,130,3250,Partial,Within Lead Time,Q4 2026
PRJ-000499-SP03,PRJ-000499,MAT-1010,2027-08-01,13,4,4,980,12740,Partial,Within Lead Time,Q3 2027
PRJ-000499-SP04,PRJ-000499,MAT-1002,2026-02-01,69,60,33,420,28980,Partial,At Risk,Q1 2026
PRJ-000499-SP05,PRJ-000499,MAT-1005,2028-10-01,55,19,11,26000,1430000,Partial,Within Lead Time,Q4 2028
PRJ-000500-SP01,PRJ-000500,MAT-1004,2028-06-01,1893,186,57,27,51111,Partial,Within Lead Time,Q2 2028
PRJ-000500-SP02,PRJ-000500,MAT-1007,2026-02-01,76,7,2,14500,1102000,Partial,At Risk,Q1 2026
PRJ-000500-SP03,PRJ-000500,MAT-1003,2028-06-01,6020,247,117,12,72240,Partial,Within Lead Time,Q2 2028
PRJ-000500-SP04,PRJ-000500,MAT-1008,2026-01-01,4,0,0,19000,76000,Not Reserved,At Risk,Q1 2026
PRJ-000501-SP01,PRJ-000501,MAT-1004,2026-10-01,4362,3818,329,27,117774,Partial,At Risk,Q4 2026
PRJ-000501-SP02,PRJ-000501,MAT-1002,2026-04-01,66,13,5,420,27720,Partial,At Risk,Q2 2026
PRJ-000501-SP03,PRJ-000501,MAT-1007,2028-01-01,20,1,0,14500,290000,Partial,Within Lead Time,Q1 2028
PRJ-000501-SP04,PRJ-000501,MAT-1007,2028-05-01,37,30,4,14500,536500,Partial,Within Lead Time,Q2 2028
PRJ-000502-SP01,PRJ-000502,MAT-1007,2028-06-01,11,10,2,14500,159500,Partial,Within Lead Time,Q2 2028
PRJ-000502-SP02,PRJ-000502,MAT-1008,2028-10-01,56,5,3,19000,1064000,Partial,Within Lead Time,Q4 2028
PRJ-000502-SP03,PRJ-000502,MAT-1005,2027-09-01,21,1,1,26000,546000,Partial,Within Lead Time,Q3 2027
PRJ-000502-SP04,PRJ-000502,MAT-1011,2026-01-01,38,18,10,130,4940,Partial,At Risk,Q1 2026
PRJ-000503-SP01,PRJ-000503,MAT-1010,2028-03-01,77,59,0,980,75460,Partial,Within Lead Time,Q1 2028
PRJ-000503-SP02,PRJ-000503,MAT-1006,2026-06-01,54,33,25,6200,334800,Partial,At Risk,Q2 2026
PRJ-000503-SP03,PRJ-000503,MAT-1009,2029-01-01,49,23,5,145,7105,Partial,Within Lead Time,Q1 2029
PRJ-000503-SP04,PRJ-000503,MAT-1008,2027-06-01,71,54,51,19000,1349000,Partial,Within Lead Time,Q2 2027
PRJ-000503-SP05,PRJ-000503,MAT-1009,2028-02-01,32,1,1,145,4640,Partial,Within Lead Time,Q1 2028
PRJ-000503-SP06,PRJ-000503,MAT-1012,2027-02-01,8,5,3,68,544,Partial,Within Lead Time,Q1 2027
PRJ-000504-SP01,PRJ-000504,MAT-1002,2027-12-01,61,18,9,420,25620,Partial,Within Lead Time,Q4 2027
PRJ-000504-SP02,PRJ-000504,MAT-1010,2028-11-01,12,5,4,980,11760,Partial,Within Lead Time,Q4 2028
PRJ-000504-SP03,PRJ-000504,MAT-1011,2027-03-01,2,0,0,130,260,Not Reserved,Within Lead Time,Q1 2027
PRJ-000504-SP04,PRJ-000504,MAT-1007,2028-05-01,4,4,2,14500,58000,Partial,Within Lead Time,Q2 2028
PRJ-000504-SP05,PRJ-000504,MAT-1001,2028-10-01,25,11,6,2100,52500,Partial,Within Lead Time,Q4 2028
PRJ-000505-SP01,PRJ-000505,MAT-1012,2026-11-01,11,11,5,68,748,Partial,Within Lead Time,Q4 2026
PRJ-000505-SP02,PRJ-000505,MAT-1007,2026-04-01,80,64,50,14500,1160000,Partial,At Risk,Q2 2026
PRJ-000505-SP03,PRJ-000505,MAT-1009,2027-05-01,56,20,14,145,8120,Partial,Within Lead Time,Q2 2027
PRJ-000505-SP04,PRJ-000505,MAT-1002,2027-05-01,56,32,31,420,23520,Partial,Within Lead Time,Q2 2027
PRJ-000506-SP01,PRJ-000506,MAT-1005,2027-11-01,40,20,19,26000,1040000,Partial,Within Lead Time,Q4 2027
PRJ-000506-SP02,PRJ-000506,MAT-1006,2026-06-01,57,54,28,6200,353400,Partial,At Risk,Q2 2026
PRJ-000506-SP03,PRJ-000506,MAT-1002,2026-01-01,47,33,20,420,19740,Partial,At Risk,Q1 2026
PRJ-000507-SP01,PRJ-000507,MAT-1010,2026-09-01,46,5,0,980,45080,Partial,At Risk,Q3 2026
PRJ-000507-SP02,PRJ-000507,MAT-1011,2028-03-01,2,1,0,130,260,Partial,Within Lead Time,Q1 2028
PRJ-000507-SP03,PRJ-000507,MAT-1007,2026-11-01,11,5,0,14500,159500,Partial,At Risk,Q4 2026
PRJ-000507-SP04,PRJ-000507,MAT-1003,2028-11-01,7768,5478,3227,12,93216,Partial,Within Lead Time,Q4 2028
PRJ-000507-SP05,PRJ-000507,MAT-1010,2027-03-01,67,42,7,980,65660,Partial,Within Lead Time,Q1 2027
PRJ-000507-SP06,PRJ-000507,MAT-1002,2027-05-01,16,15,5,420,6720,Partial,Within Lead Time,Q2 2027
PRJ-000508-SP01,PRJ-000508,MAT-1007,2026-08-01,8,2,2,14500,116000,Partial,At Risk,Q3 2026
PRJ-000508-SP02,PRJ-000508,MAT-1007,2028-01-01,28,22,1,14500,406000,Partial,Within Lead Time,Q1 2028
PRJ-000508-SP03,PRJ-000508,MAT-1004,2026-07-01,3998,199,126,27,107946,Partial,At Risk,Q3 2026
PRJ-000509-SP01,PRJ-000509,MAT-1011,2027-01-01,41,33,25,130,5330,Partial,Within Lead Time,Q1 2027
PRJ-000509-SP02,PRJ-000509,MAT-1002,2028-02-01,78,66,58,420,32760,Partial,Within Lead Time,Q1 2028
PRJ-000509-SP03,PRJ-000509,MAT-1006,2026-04-01,68,7,4,6200,421600,Partial,At Risk,Q2 2026
PRJ-000510-SP01,PRJ-000510,MAT-1001,2028-12-01,62,47,14,2100,130200,Partial,Within Lead Time,Q4 2028
PRJ-000510-SP02,PRJ-000510,MAT-1006,2028-06-01,47,23,6,6200,291400,Partial,Within Lead Time,Q2 2028
PRJ-000510-SP03,PRJ-000510,MAT-1004,2026-09-01,3624,1260,443,27,97848,Partial,At Risk,Q3 2026
PRJ-000510-SP04,PRJ-000510,MAT-1003,2026-12-01,6796,6576,5927,12,81552,Partial,Within Lead Time,Q4 2026
PRJ-000511-SP01,PRJ-000511,MAT-1003,2027-02-01,9858,2736,419,12,118296,Partial,Within Lead Time,Q1 2027
PRJ-000511-SP02,PRJ-000511,MAT-1008,2028-08-01,16,5,2,19000,304000,Partial,Within Lead Time,Q3 2028
PRJ-000511-SP03,PRJ-000511,MAT-1001,2027-09-01,24,24,22,2100,50400,Partial,Within Lead Time,Q3 2027
PRJ-000511-SP04,PRJ-000511,MAT-1012,2026-03-01,46,3,0,68,3128,Partial,At Risk,Q1 2026
PRJ-000511-SP05,PRJ-000511,MAT-1011,2026-01-01,9,7,1,130,1170,Partial,At Risk,Q1 2026
PRJ-000511-SP06,PRJ-000511,MAT-1011,2028-08-01,61,17,16,130,7930,Partial,Within Lead Time,Q3 2028
PRJ-000511-SP07,PRJ-000511,MAT-1004,2026-11-01,7995,601,68,27,215865,Partial,At Risk,Q4 2026
PRJ-000512-SP01,PRJ-000512,MAT-1001,2026-10-01,48,22,3,2100,100800,Partial,At Risk,Q4 2026
PRJ-000512-SP02,PRJ-000512,MAT-1006,2026-08-01,26,18,14,6200,161200,Partial,At Risk,Q3 2026
PRJ-000512-SP03,PRJ-000512,MAT-1009,2026-09-01,46,26,13,145,6670,Partial,At Risk,Q3 2026
PRJ-000512-SP04,PRJ-000512,MAT-1010,2027-06-01,51,26,24,980,49980,Partial,Within Lead Time,Q2 2027
PRJ-000512-SP05,PRJ-000512,MAT-1002,2027-03-01,11,7,7,420,4620,Partial,Within Lead Time,Q1 2027
PRJ-000513-SP01,PRJ-000513,MAT-1012,2027-11-01,68,23,17,68,4624,Partial,Within Lead Time,Q4 2027
PRJ-000513-SP02,PRJ-000513,MAT-1004,2028-09-01,2457,2326,4,27,66339,Partial,Within Lead Time,Q3 2028
PRJ-000513-SP03,PRJ-000513,MAT-1009,2027-09-01,69,49,3,145,10005,Partial,Within Lead Time,Q3 2027
PRJ-000513-SP04,PRJ-000513,MAT-1002,2027-06-01,34,18,12,420,14280,Partial,Within Lead Time,Q2 2027
PRJ-000513-SP05,PRJ-000513,MAT-1009,2028-01-01,70,40,39,145,10150,Partial,Within Lead Time,Q1 2028
PRJ-000513-SP06,PRJ-000513,MAT-1004,2028-02-01,3200,1779,1202,27,86400,Partial,Within Lead Time,Q1 2028
PRJ-000514-SP01,PRJ-000514,MAT-1009,2026-08-01,36,9,9,145,5220,Partial,At Risk,Q3 2026
PRJ-000514-SP02,PRJ-000514,MAT-1001,2028-02-01,70,13,6,2100,147000,Partial,Within Lead Time,Q1 2028
PRJ-000515-SP01,PRJ-000515,MAT-1002,2026-01-01,2,2,1,420,840,Partial,At Risk,Q1 2026
PRJ-000515-SP02,PRJ-000515,MAT-1009,2027-04-01,50,17,12,145,7250,Partial,Within Lead Time,Q2 2027
PRJ-000515-SP03,PRJ-000515,MAT-1009,2027-07-01,27,15,7,145,3915,Partial,Within Lead Time,Q3 2027
PRJ-000515-SP04,PRJ-000515,MAT-1007,2027-03-01,26,7,2,14500,377000,Partial,Within Lead Time,Q1 2027
PRJ-000516-SP01,PRJ-000516,MAT-1007,2029-01-01,60,43,6,14500,870000,Partial,Within Lead Time,Q1 2029
PRJ-000516-SP02,PRJ-000516,MAT-1005,2027-04-01,74,73,57,26000,1924000,Partial,Within Lead Time,Q2 2027
PRJ-000516-SP03,PRJ-000516,MAT-1003,2027-09-01,1088,769,198,12,13056,Partial,Within Lead Time,Q3 2027
PRJ-000516-SP04,PRJ-000516,MAT-1012,2028-04-01,8,7,4,68,544,Partial,Within Lead Time,Q2 2028
PRJ-000516-SP05,PRJ-000516,MAT-1010,2028-11-01,34,3,1,980,33320,Partial,Within Lead Time,Q4 2028
PRJ-000516-SP06,PRJ-000516,MAT-1008,2026-12-01,23,19,11,19000,437000,Partial,At Risk,Q4 2026
PRJ-000516-SP07,PRJ-000516,MAT-1011,2026-02-01,23,23,22,130,2990,Partial,At Risk,Q1 2026
PRJ-000517-SP01,PRJ-000517,MAT-1007,2027-05-01,35,14,2,14500,507500,Partial,Within Lead Time,Q2 2027
PRJ-000517-SP02,PRJ-000517,MAT-1011,2028-01-01,59,8,1,130,7670,Partial,Within Lead Time,Q1 2028
PRJ-000517-SP03,PRJ-000517,MAT-1009,2026-09-01,65,24,4,145,9425,Partial,At Risk,Q3 2026
PRJ-000517-SP04,PRJ-000517,MAT-1004,2027-09-01,6757,4698,3999,27,182439,Partial,Within Lead Time,Q3 2027
PRJ-000517-SP05,PRJ-000517,MAT-1001,2026-01-01,57,49,7,2100,119700,Partial,At Risk,Q1 2026
PRJ-000517-SP06,PRJ-000517,MAT-1002,2027-10-01,36,26,1,420,15120,Partial,Within Lead Time,Q4 2027
PRJ-000517-SP07,PRJ-000517,MAT-1003,2028-06-01,816,282,100,12,9792,Partial,Within Lead Time,Q2 2028
PRJ-000518-SP01,PRJ-000518,MAT-1004,2027-05-01,7504,2667,652,27,202608,Partial,Within Lead Time,Q2 2027
PRJ-000518-SP02,PRJ-000518,MAT-1001,2027-09-01,55,10,2,2100,115500,Partial,Within Lead Time,Q3 2027
PRJ-000518-SP03,PRJ-000518,MAT-1001,2026-10-01,62,61,54,2100,130200,Partial,At Risk,Q4 2026
PRJ-000518-SP04,PRJ-000518,MAT-1004,2029-01-01,8602,624,84,27,232254,Partial,Within Lead Time,Q1 2029
PRJ-000518-SP05,PRJ-000518,MAT-1005,2027-10-01,31,15,8,26000,806000,Partial,Within Lead Time,Q4 2027
PRJ-000518-SP06,PRJ-000518,MAT-1007,2026-02-01,38,30,24,14500,551000,Partial,At Risk,Q1 2026
PRJ-000519-SP01,PRJ-000519,MAT-1007,2027-10-01,68,8,7,14500,986000,Partial,Within Lead Time,Q4 2027
PRJ-000519-SP02,PRJ-000519,MAT-1010,2027-03-01,4,2,1,980,3920,Partial,Within Lead Time,Q1 2027
PRJ-000519-SP03,PRJ-000519,MAT-1003,2026-05-01,8235,4565,2011,12,98820,Partial,At Risk,Q2 2026
PRJ-000519-SP04,PRJ-000519,MAT-1007,2027-01-01,57,23,16,14500,826500,Partial,Within Lead Time,Q1 2027
PRJ-000519-SP05,PRJ-000519,MAT-1001,2026-01-01,66,15,15,2100,138600,Partial,At Risk,Q1 2026
PRJ-000519-SP06,PRJ-000519,MAT-1004,2027-03-01,7828,4209,2876,27,211356,Partial,Within Lead Time,Q1 2027
PRJ-000519-SP07,PRJ-000519,MAT-1001,2027-12-01,37,21,3,2100,77700,Partial,Within Lead Time,Q4 2027
PRJ-000519-SP08,PRJ-000519,MAT-1003,2026-02-01,1892,613,507,12,22704,Partial,At Risk,Q1 2026
PRJ-000520-SP01,PRJ-000520,MAT-1006,2028-01-01,45,16,2,6200,279000,Partial,Within Lead Time,Q1 2028
PRJ-000520-SP02,PRJ-000520,MAT-1009,2027-05-01,32,28,0,145,4640,Partial,Within Lead Time,Q2 2027
PRJ-000520-SP03,PRJ-000520,MAT-1011,2026-01-01,41,32,20,130,5330,Partial,At Risk,Q1 2026
PRJ-000520-SP04,PRJ-000520,MAT-1005,2028-09-01,58,2,1,26000,1508000,Partial,Within Lead Time,Q3 2028
PRJ-000521-SP01,PRJ-000521,MAT-1011,2027-06-01,69,34,4,130,8970,Partial,Within Lead Time,Q2 2027
PRJ-000521-SP02,PRJ-000521,MAT-1009,2028-05-01,37,23,10,145,5365,Partial,Within Lead Time,Q2 2028
PRJ-000521-SP03,PRJ-000521,MAT-1006,2027-08-01,63,19,3,6200,390600,Partial,Within Lead Time,Q3 2027
PRJ-000522-SP01,PRJ-000522,MAT-1008,2028-11-01,8,7,4,19000,152000,Partial,Within Lead Time,Q4 2028
PRJ-000522-SP02,PRJ-000522,MAT-1007,2028-01-01,49,39,16,14500,710500,Partial,Within Lead Time,Q1 2028
PRJ-000523-SP01,PRJ-000523,MAT-1005,2028-07-01,46,41,34,26000,1196000,Partial,Within Lead Time,Q3 2028
PRJ-000523-SP02,PRJ-000523,MAT-1003,2029-01-01,8789,6610,918,12,105468,Partial,Within Lead Time,Q1 2029
PRJ-000523-SP03,PRJ-000523,MAT-1004,2027-10-01,1616,1493,1177,27,43632,Partial,Within Lead Time,Q4 2027
PRJ-000524-SP01,PRJ-000524,MAT-1012,2028-03-01,23,1,0,68,1564,Partial,Within Lead Time,Q1 2028
PRJ-000524-SP02,PRJ-000524,MAT-1003,2027-01-01,5579,5332,781,12,66948,Partial,Within Lead Time,Q1 2027
PRJ-000524-SP03,PRJ-000524,MAT-1009,2026-07-01,30,15,10,145,4350,Partial,At Risk,Q3 2026
PRJ-000524-SP04,PRJ-000524,MAT-1005,2028-07-01,14,9,7,26000,364000,Partial,Within Lead Time,Q3 2028
PRJ-000524-SP05,PRJ-000524,MAT-1011,2026-06-01,75,65,60,130,9750,Partial,At Risk,Q2 2026
PRJ-000524-SP06,PRJ-000524,MAT-1012,2028-08-01,32,31,25,68,2176,Partial,Within Lead Time,Q3 2028
PRJ-000524-SP07,PRJ-000524,MAT-1003,2026-01-01,9484,233,5,12,113808,Partial,At Risk,Q1 2026
PRJ-000525-SP01,PRJ-000525,MAT-1011,2028-07-01,28,1,0,130,3640,Partial,Within Lead Time,Q3 2028
PRJ-000525-SP02,PRJ-000525,MAT-1008,2026-03-01,79,76,35,19000,1501000,Partial,At Risk,Q1 2026
PRJ-000525-SP03,PRJ-000525,MAT-1008,2026-08-01,70,29,7,19000,1330000,Partial,At Risk,Q3 2026
PRJ-000525-SP04,PRJ-000525,MAT-1002,2026-10-01,17,8,3,420,7140,Partial,Within Lead Time,Q4 2026
PRJ-000525-SP05,PRJ-000525,MAT-1009,2028-04-01,48,10,3,145,6960,Partial,Within Lead Time,Q2 2028
PRJ-000525-SP06,PRJ-000525,MAT-1001,2027-09-01,79,56,1,2100,165900,Partial,Within Lead Time,Q3 2027
PRJ-000525-SP07,PRJ-000525,MAT-1008,2028-05-01,33,12,6,19000,627000,Partial,Within Lead Time,Q2 2028
PRJ-000525-SP08,PRJ-000525,MAT-1012,2026-03-01,67,47,38,68,4556,Partial,At Risk,Q1 2026
PRJ-000526-SP01,PRJ-000526,MAT-1007,2028-11-01,46,23,22,14500,667000,Partial,Within Lead Time,Q4 2028
PRJ-000526-SP02,PRJ-000526,MAT-1005,2028-11-01,28,17,10,26000,728000,Partial,Within Lead Time,Q4 2028
PRJ-000527-SP01,PRJ-000527,MAT-1002,2028-07-01,69,11,4,420,28980,Partial,Within Lead Time,Q3 2028
PRJ-000527-SP02,PRJ-000527,MAT-1010,2027-05-01,4,0,0,980,3920,Not Reserved,Within Lead Time,Q2 2027
PRJ-000527-SP03,PRJ-000527,MAT-1007,2028-06-01,6,5,4,14500,87000,Partial,Within Lead Time,Q2 2028
PRJ-000527-SP04,PRJ-000527,MAT-1004,2027-06-01,4261,149,111,27,115047,Partial,Within Lead Time,Q2 2027
PRJ-000527-SP05,PRJ-000527,MAT-1001,2028-11-01,74,30,14,2100,155400,Partial,Within Lead Time,Q4 2028
PRJ-000528-SP01,PRJ-000528,MAT-1006,2028-08-01,34,25,23,6200,210800,Partial,Within Lead Time,Q3 2028
PRJ-000528-SP02,PRJ-000528,MAT-1006,2026-01-01,18,12,9,6200,111600,Partial,At Risk,Q1 2026
PRJ-000529-SP01,PRJ-000529,MAT-1008,2026-11-01,38,18,8,19000,722000,Partial,At Risk,Q4 2026
PRJ-000529-SP02,PRJ-000529,MAT-1001,2028-01-01,2,0,0,2100,4200,Not Reserved,Within Lead Time,Q1 2028
PRJ-000529-SP03,PRJ-000529,MAT-1001,2026-02-01,28,5,1,2100,58800,Partial,At Risk,Q1 2026
PRJ-000529-SP04,PRJ-000529,MAT-1001,2028-11-01,42,27,15,2100,88200,Partial,Within Lead Time,Q4 2028
PRJ-000529-SP05,PRJ-000529,MAT-1003,2026-07-01,1947,1218,514,12,23364,Partial,At Risk,Q3 2026
PRJ-000529-SP06,PRJ-000529,MAT-1005,2028-06-01,15,10,2,26000,390000,Partial,Within Lead Time,Q2 2028
PRJ-000529-SP07,PRJ-000529,MAT-1007,2026-03-01,45,5,1,14500,652500,Partial,At Risk,Q1 2026
PRJ-000530-SP01,PRJ-000530,MAT-1001,2028-11-01,7,6,5,2100,14700,Partial,Within Lead Time,Q4 2028
PRJ-000530-SP02,PRJ-000530,MAT-1004,2027-12-01,6080,2190,460,27,164160,Partial,Within Lead Time,Q4 2027
PRJ-000531-SP01,PRJ-000531,MAT-1010,2027-02-01,43,39,18,980,42140,Partial,Within Lead Time,Q1 2027
PRJ-000531-SP02,PRJ-000531,MAT-1002,2028-02-01,78,76,27,420,32760,Partial,Within Lead Time,Q1 2028
PRJ-000531-SP03,PRJ-000531,MAT-1011,2027-05-01,2,1,1,130,260,Partial,Within Lead Time,Q2 2027
PRJ-000531-SP04,PRJ-000531,MAT-1005,2026-04-01,10,5,1,26000,260000,Partial,At Risk,Q2 2026
PRJ-000531-SP05,PRJ-000531,MAT-1006,2028-02-01,43,26,13,6200,266600,Partial,Within Lead Time,Q1 2028
PRJ-000531-SP06,PRJ-000531,MAT-1002,2028-02-01,8,8,7,420,3360,Partial,Within Lead Time,Q1 2028
PRJ-000532-SP01,PRJ-000532,MAT-1010,2027-09-01,48,27,10,980,47040,Partial,Within Lead Time,Q3 2027
PRJ-000532-SP02,PRJ-000532,MAT-1008,2027-09-01,62,46,8,19000,1178000,Partial,Within Lead Time,Q3 2027
PRJ-000533-SP01,PRJ-000533,MAT-1011,2026-09-01,24,13,4,130,3120,Partial,At Risk,Q3 2026
PRJ-000533-SP02,PRJ-000533,MAT-1007,2028-08-01,77,55,7,14500,1116500,Partial,Within Lead Time,Q3 2028
PRJ-000533-SP03,PRJ-000533,MAT-1004,2027-11-01,4231,2975,2210,27,114237,Partial,Within Lead Time,Q4 2027
PRJ-000533-SP04,PRJ-000533,MAT-1005,2028-04-01,72,70,9,26000,1872000,Partial,Within Lead Time,Q2 2028
PRJ-000533-SP05,PRJ-000533,MAT-1005,2028-05-01,4,2,2,26000,104000,Partial,Within Lead Time,Q2 2028
PRJ-000533-SP06,PRJ-000533,MAT-1004,2028-07-01,8897,533,88,27,240219,Partial,Within Lead Time,Q3 2028
PRJ-000533-SP07,PRJ-000533,MAT-1003,2027-04-01,8646,8113,2436,12,103752,Partial,Within Lead Time,Q2 2027
PRJ-000534-SP01,PRJ-000534,MAT-1003,2026-03-01,6855,1538,1236,12,82260,Partial,At Risk,Q1 2026
PRJ-000534-SP02,PRJ-000534,MAT-1006,2027-11-01,45,32,6,6200,279000,Partial,Within Lead Time,Q4 2027
PRJ-000534-SP03,PRJ-000534,MAT-1003,2027-12-01,999,732,665,12,11988,Partial,Within Lead Time,Q4 2027
PRJ-000534-SP04,PRJ-000534,MAT-1007,2027-07-01,72,30,27,14500,1044000,Partial,Within Lead Time,Q3 2027
PRJ-000534-SP05,PRJ-000534,MAT-1011,2028-01-01,78,73,59,130,10140,Partial,Within Lead Time,Q1 2028
PRJ-000534-SP06,PRJ-000534,MAT-1006,2028-03-01,32,28,7,6200,198400,Partial,Within Lead Time,Q1 2028
PRJ-000534-SP07,PRJ-000534,MAT-1001,2029-01-01,29,5,4,2100,60900,Partial,Within Lead Time,Q1 2029
PRJ-000534-SP08,PRJ-000534,MAT-1001,2028-03-01,53,1,0,2100,111300,Partial,Within Lead Time,Q1 2028
PRJ-000535-SP01,PRJ-000535,MAT-1005,2028-01-01,19,4,2,26000,494000,Partial,Within Lead Time,Q1 2028
PRJ-000535-SP02,PRJ-000535,MAT-1008,2028-02-01,3,3,1,19000,57000,Partial,Within Lead Time,Q1 2028
PRJ-000535-SP03,PRJ-000535,MAT-1009,2028-01-01,55,51,31,145,7975,Partial,Within Lead Time,Q1 2028
PRJ-000535-SP04,PRJ-000535,MAT-1001,2027-04-01,57,30,0,2100,119700,Partial,Within Lead Time,Q2 2027
PRJ-000535-SP05,PRJ-000535,MAT-1008,2026-09-01,48,31,19,19000,912000,Partial,At Risk,Q3 2026
PRJ-000535-SP06,PRJ-000535,MAT-1009,2026-11-01,58,1,1,145,8410,Partial,Within Lead Time,Q4 2026
PRJ-000535-SP07,PRJ-000535,MAT-1012,2026-06-01,34,32,20,68,2312,Partial,At Risk,Q2 2026
PRJ-000536-SP01,PRJ-000536,MAT-1007,2026-11-01,20,4,2,14500,290000,Partial,At Risk,Q4 2026
PRJ-000536-SP02,PRJ-000536,MAT-1002,2026-12-01,35,17,2,420,14700,Partial,Within Lead Time,Q4 2026
PRJ-000536-SP03,PRJ-000536,MAT-1003,2026-12-01,1594,1209,687,12,19128,Partial,Within Lead Time,Q4 2026
PRJ-000537-SP01,PRJ-000537,MAT-1011,2027-09-01,39,31,16,130,5070,Partial,Within Lead Time,Q3 2027
PRJ-000537-SP02,PRJ-000537,MAT-1001,2027-12-01,70,52,39,2100,147000,Partial,Within Lead Time,Q4 2027
PRJ-000537-SP03,PRJ-000537,MAT-1003,2028-09-01,516,452,381,12,6192,Partial,Within Lead Time,Q3 2028
PRJ-000537-SP04,PRJ-000537,MAT-1008,2027-06-01,31,26,19,19000,589000,Partial,Within Lead Time,Q2 2027
PRJ-000537-SP05,PRJ-000537,MAT-1001,2028-02-01,38,37,26,2100,79800,Partial,Within Lead Time,Q1 2028
PRJ-000537-SP06,PRJ-000537,MAT-1012,2026-11-01,9,2,0,68,612,Partial,Within Lead Time,Q4 2026
PRJ-000537-SP07,PRJ-000537,MAT-1012,2026-06-01,76,44,3,68,5168,Partial,At Risk,Q2 2026
PRJ-000538-SP01,PRJ-000538,MAT-1012,2027-03-01,71,65,21,68,4828,Partial,Within Lead Time,Q1 2027
PRJ-000538-SP02,PRJ-000538,MAT-1003,2028-05-01,6620,940,469,12,79440,Partial,Within Lead Time,Q2 2028
PRJ-000538-SP03,PRJ-000538,MAT-1008,2027-03-01,10,2,1,19000,190000,Partial,Within Lead Time,Q1 2027
PRJ-000538-SP04,PRJ-000538,MAT-1009,2028-08-01,77,71,53,145,11165,Partial,Within Lead Time,Q3 2028
PRJ-000539-SP01,PRJ-000539,MAT-1008,2026-12-01,33,19,8,19000,627000,Partial,At Risk,Q4 2026
PRJ-000539-SP02,PRJ-000539,MAT-1012,2027-01-01,79,52,5,68,5372,Partial,Within Lead Time,Q1 2027
PRJ-000539-SP03,PRJ-000539,MAT-1002,2026-07-01,4,2,2,420,1680,Partial,At Risk,Q3 2026
PRJ-000539-SP04,PRJ-000539,MAT-1008,2028-07-01,59,36,21,19000,1121000,Partial,Within Lead Time,Q3 2028
PRJ-000539-SP05,PRJ-000539,MAT-1001,2028-11-01,11,7,2,2100,23100,Partial,Within Lead Time,Q4 2028
PRJ-000539-SP06,PRJ-000539,MAT-1004,2027-06-01,9233,6714,1739,27,249291,Partial,Within Lead Time,Q2 2027
PRJ-000539-SP07,PRJ-000539,MAT-1006,2026-06-01,72,46,30,6200,446400,Partial,At Risk,Q2 2026
PRJ-000540-SP01,PRJ-000540,MAT-1008,2026-11-01,21,2,0,19000,399000,Partial,At Risk,Q4 2026
PRJ-000540-SP02,PRJ-000540,MAT-1001,2028-12-01,6,0,0,2100,12600,Not Reserved,Within Lead Time,Q4 2028
PRJ-000540-SP03,PRJ-000540,MAT-1010,2026-01-01,18,17,1,980,17640,Partial,At Risk,Q1 2026
PRJ-000540-SP04,PRJ-000540,MAT-1011,2027-02-01,54,30,5,130,7020,Partial,Within Lead Time,Q1 2027
PRJ-000540-SP05,PRJ-000540,MAT-1011,2028-01-01,39,11,8,130,5070,Partial,Within Lead Time,Q1 2028
PRJ-000540-SP06,PRJ-000540,MAT-1005,2029-01-01,34,32,0,26000,884000,Partial,Within Lead Time,Q1 2029
PRJ-000540-SP07,PRJ-000540,MAT-1007,2028-12-01,20,14,0,14500,290000,Partial,Within Lead Time,Q4 2028
PRJ-000541-SP01,PRJ-000541,MAT-1011,2027-11-01,43,43,10,130,5590,Partial,Within Lead Time,Q4 2027
PRJ-000541-SP02,PRJ-000541,MAT-1003,2027-02-01,7702,1209,555,12,92424,Partial,Within Lead Time,Q1 2027
PRJ-000541-SP03,PRJ-000541,MAT-1008,2027-08-01,10,0,0,19000,190000,Not Reserved,Within Lead Time,Q3 2027
PRJ-000541-SP04,PRJ-000541,MAT-1008,2027-06-01,46,12,1,19000,874000,Partial,Within Lead Time,Q2 2027
PRJ-000541-SP05,PRJ-000541,MAT-1008,2027-12-01,49,4,0,19000,931000,Partial,Within Lead Time,Q4 2027
PRJ-000542-SP01,PRJ-000542,MAT-1010,2028-02-01,14,6,1,980,13720,Partial,Within Lead Time,Q1 2028
PRJ-000542-SP02,PRJ-000542,MAT-1008,2026-06-01,33,32,8,19000,627000,Partial,At Risk,Q2 2026
PRJ-000542-SP03,PRJ-000542,MAT-1010,2028-04-01,9,1,0,980,8820,Partial,Within Lead Time,Q2 2028
PRJ-000542-SP04,PRJ-000542,MAT-1012,2028-04-01,68,15,11,68,4624,Partial,Within Lead Time,Q2 2028
PRJ-000542-SP05,PRJ-000542,MAT-1005,2026-10-01,54,44,22,26000,1404000,Partial,At Risk,Q4 2026
PRJ-000542-SP06,PRJ-000542,MAT-1002,2027-01-01,52,6,5,420,21840,Partial,Within Lead Time,Q1 2027
PRJ-000543-SP01,PRJ-000543,MAT-1002,2026-10-01,61,44,6,420,25620,Partial,Within Lead Time,Q4 2026
PRJ-000543-SP02,PRJ-000543,MAT-1007,2027-07-01,76,58,21,14500,1102000,Partial,Within Lead Time,Q3 2027
PRJ-000543-SP03,PRJ-000543,MAT-1011,2028-04-01,54,15,9,130,7020,Partial,Within Lead Time,Q2 2028
PRJ-000543-SP04,PRJ-000543,MAT-1003,2028-12-01,6662,5350,3632,12,79944,Partial,Within Lead Time,Q4 2028
PRJ-000543-SP05,PRJ-000543,MAT-1005,2026-11-01,68,21,1,26000,1768000,Partial,At Risk,Q4 2026
PRJ-000543-SP06,PRJ-000543,MAT-1009,2026-12-01,3,2,0,145,435,Partial,Within Lead Time,Q4 2026
PRJ-000543-SP07,PRJ-000543,MAT-1007,2028-07-01,37,11,3,14500,536500,Partial,Within Lead Time,Q3 2028
PRJ-000544-SP01,PRJ-000544,MAT-1012,2027-03-01,25,22,20,68,1700,Partial,Within Lead Time,Q1 2027
PRJ-000544-SP02,PRJ-000544,MAT-1009,2028-01-01,34,18,16,145,4930,Partial,Within Lead Time,Q1 2028
PRJ-000544-SP03,PRJ-000544,MAT-1004,2026-11-01,3213,1451,112,27,86751,Partial,At Risk,Q4 2026
PRJ-000545-SP01,PRJ-000545,MAT-1009,2026-10-01,19,13,7,145,2755,Partial,Within Lead Time,Q4 2026
PRJ-000545-SP02,PRJ-000545,MAT-1006,2027-02-01,43,10,10,6200,266600,Partial,Within Lead Time,Q1 2027
PRJ-000546-SP01,PRJ-000546,MAT-1009,2028-07-01,73,11,9,145,10585,Partial,Within Lead Time,Q3 2028
PRJ-000546-SP02,PRJ-000546,MAT-1003,2026-03-01,1293,798,764,12,15516,Partial,At Risk,Q1 2026
PRJ-000546-SP03,PRJ-000546,MAT-1003,2028-09-01,6532,4512,4332,12,78384,Partial,Within Lead Time,Q3 2028
PRJ-000546-SP04,PRJ-000546,MAT-1003,2026-08-01,6264,6099,6070,12,75168,Partial,At Risk,Q3 2026
PRJ-000546-SP05,PRJ-000546,MAT-1002,2027-10-01,4,2,1,420,1680,Partial,Within Lead Time,Q4 2027
PRJ-000547-SP01,PRJ-000547,MAT-1007,2026-07-01,25,5,1,14500,362500,Partial,At Risk,Q3 2026
PRJ-000547-SP02,PRJ-000547,MAT-1005,2028-03-01,7,4,2,26000,182000,Partial,Within Lead Time,Q1 2028
PRJ-000547-SP03,PRJ-000547,MAT-1006,2027-10-01,22,21,21,6200,136400,Partial,Within Lead Time,Q4 2027
PRJ-000548-SP01,PRJ-000548,MAT-1004,2026-11-01,6790,2987,1024,27,183330,Partial,At Risk,Q4 2026
PRJ-000548-SP02,PRJ-000548,MAT-1004,2028-08-01,1938,788,27,27,52326,Partial,Within Lead Time,Q3 2028
PRJ-000548-SP03,PRJ-000548,MAT-1010,2026-05-01,48,22,15,980,47040,Partial,At Risk,Q2 2026
PRJ-000548-SP04,PRJ-000548,MAT-1008,2026-09-01,80,66,40,19000,1520000,Partial,At Risk,Q3 2026
PRJ-000548-SP05,PRJ-000548,MAT-1005,2026-07-01,49,2,0,26000,1274000,Partial,At Risk,Q3 2026
PRJ-000548-SP06,PRJ-000548,MAT-1009,2028-12-01,21,17,17,145,3045,Partial,Within Lead Time,Q4 2028
PRJ-000548-SP07,PRJ-000548,MAT-1011,2027-01-01,46,10,3,130,5980,Partial,Within Lead Time,Q1 2027
PRJ-000548-SP08,PRJ-000548,MAT-1002,2026-01-01,75,48,37,420,31500,Partial,At Risk,Q1 2026
PRJ-000549-SP01,PRJ-000549,MAT-1002,2027-11-01,34,33,5,420,14280,Partial,Within Lead Time,Q4 2027
PRJ-000549-SP02,PRJ-000549,MAT-1010,2028-11-01,41,34,26,980,40180,Partial,Within Lead Time,Q4 2028
PRJ-000549-SP03,PRJ-000549,MAT-1001,2028-05-01,49,28,3,2100,102900,Partial,Within Lead Time,Q2 2028
PRJ-000549-SP04,PRJ-000549,MAT-1003,2027-09-01,5807,560,522,12,69684,Partial,Within Lead Time,Q3 2027
PRJ-000549-SP05,PRJ-000549,MAT-1005,2027-09-01,35,17,10,26000,910000,Partial,Within Lead Time,Q3 2027
PRJ-000549-SP06,PRJ-000549,MAT-1007,2026-08-01,27,24,20,14500,391500,Partial,At Risk,Q3 2026
PRJ-000549-SP07,PRJ-000549,MAT-1004,2026-10-01,1115,12,5,27,30105,Partial,At Risk,Q4 2026
PRJ-000549-SP08,PRJ-000549,MAT-1012,2027-04-01,63,38,23,68,4284,Partial,Within Lead Time,Q2 2027
PRJ-000550-SP01,PRJ-000550,MAT-1012,2028-10-01,29,15,3,68,1972,Partial,Within Lead Time,Q4 2028
PRJ-000550-SP02,PRJ-000550,MAT-1002,2026-07-01,15,2,2,420,6300,Partial,At Risk,Q3 2026
PRJ-000550-SP03,PRJ-000550,MAT-1006,2026-07-01,72,32,15,6200,446400,Partial,At Risk,Q3 2026
PRJ-000550-SP04,PRJ-000550,MAT-1006,2028-10-01,40,20,3,6200,248000,Partial,Within Lead Time,Q4 2028
PRJ-000551-SP01,PRJ-000551,MAT-1010,2027-04-01,65,17,7,980,63700,Partial,Within Lead Time,Q2 2027
PRJ-000551-SP02,PRJ-000551,MAT-1009,2028-04-01,13,13,9,145,1885,Partial,Within Lead Time,Q2 2028
PRJ-000551-SP03,PRJ-000551,MAT-1006,2026-04-01,61,50,46,6200,378200,Partial,At Risk,Q2 2026
PRJ-000551-SP04,PRJ-000551,MAT-1003,2027-09-01,9244,6794,3315,12,110928,Partial,Within Lead Time,Q3 2027
PRJ-000552-SP01,PRJ-000552,MAT-1005,2026-01-01,25,17,14,26000,650000,Partial,At Risk,Q1 2026
PRJ-000552-SP02,PRJ-000552,MAT-1007,2027-08-01,6,4,1,14500,87000,Partial,Within Lead Time,Q3 2027
PRJ-000552-SP03,PRJ-000552,MAT-1006,2027-11-01,3,0,0,6200,18600,Not Reserved,Within Lead Time,Q4 2027
PRJ-000552-SP04,PRJ-000552,MAT-1002,2026-05-01,36,25,14,420,15120,Partial,At Risk,Q2 2026
PRJ-000552-SP05,PRJ-000552,MAT-1009,2028-09-01,39,34,11,145,5655,Partial,Within Lead Time,Q3 2028
PRJ-000552-SP06,PRJ-000552,MAT-1002,2026-09-01,22,13,7,420,9240,Partial,At Risk,Q3 2026
PRJ-000553-SP01,PRJ-000553,MAT-1002,2026-02-01,68,50,45,420,28560,Partial,At Risk,Q1 2026
PRJ-000553-SP02,PRJ-000553,MAT-1004,2028-10-01,9750,9131,10,27,263250,Partial,Within Lead Time,Q4 2028
PRJ-000553-SP03,PRJ-000553,MAT-1002,2026-05-01,13,2,2,420,5460,Partial,At Risk,Q2 2026
PRJ-000553-SP04,PRJ-000553,MAT-1005,2027-09-01,4,3,3,26000,104000,Partial,Within Lead Time,Q3 2027
PRJ-000553-SP05,PRJ-000553,MAT-1012,2026-11-01,60,0,0,68,4080,Not Reserved,Within Lead Time,Q4 2026
PRJ-000554-SP01,PRJ-000554,MAT-1003,2026-09-01,1441,1329,60,12,17292,Partial,At Risk,Q3 2026
PRJ-000554-SP02,PRJ-000554,MAT-1001,2027-12-01,52,38,22,2100,109200,Partial,Within Lead Time,Q4 2027
PRJ-000555-SP01,PRJ-000555,MAT-1011,2026-02-01,52,51,33,130,6760,Partial,At Risk,Q1 2026
PRJ-000555-SP02,PRJ-000555,MAT-1008,2026-06-01,52,30,16,19000,988000,Partial,At Risk,Q2 2026
PRJ-000555-SP03,PRJ-000555,MAT-1009,2027-04-01,30,11,8,145,4350,Partial,Within Lead Time,Q2 2027
PRJ-000555-SP04,PRJ-000555,MAT-1010,2027-11-01,21,12,6,980,20580,Partial,Within Lead Time,Q4 2027
PRJ-000555-SP05,PRJ-000555,MAT-1004,2028-07-01,3145,734,13,27,84915,Partial,Within Lead Time,Q3 2028
PRJ-000555-SP06,PRJ-000555,MAT-1003,2026-04-01,2689,2543,143,12,32268,Partial,At Risk,Q2 2026
PRJ-000556-SP01,PRJ-000556,MAT-1010,2027-10-01,18,12,9,980,17640,Partial,Within Lead Time,Q4 2027
PRJ-000556-SP02,PRJ-000556,MAT-1003,2026-01-01,9703,4501,2742,12,116436,Partial,At Risk,Q1 2026
PRJ-000556-SP03,PRJ-000556,MAT-1001,2027-12-01,22,13,6,2100,46200,Partial,Within Lead Time,Q4 2027
PRJ-000556-SP04,PRJ-000556,MAT-1004,2028-07-01,2326,2136,1965,27,62802,Partial,Within Lead Time,Q3 2028
PRJ-000556-SP05,PRJ-000556,MAT-1002,2027-03-01,79,26,17,420,33180,Partial,Within Lead Time,Q1 2027
PRJ-000556-SP06,PRJ-000556,MAT-1002,2026-12-01,63,10,4,420,26460,Partial,Within Lead Time,Q4 2026
PRJ-000556-SP07,PRJ-000556,MAT-1002,2026-09-01,78,9,6,420,32760,Partial,At Risk,Q3 2026
PRJ-000557-SP01,PRJ-000557,MAT-1012,2028-02-01,47,7,3,68,3196,Partial,Within Lead Time,Q1 2028
PRJ-000557-SP02,PRJ-000557,MAT-1011,2026-05-01,80,62,11,130,10400,Partial,At Risk,Q2 2026
PRJ-000558-SP01,PRJ-000558,MAT-1006,2027-02-01,6,5,4,6200,37200,Partial,Within Lead Time,Q1 2027
PRJ-000558-SP02,PRJ-000558,MAT-1010,2028-06-01,54,39,27,980,52920,Partial,Within Lead Time,Q2 2028
PRJ-000558-SP03,PRJ-000558,MAT-1008,2026-10-01,38,2,1,19000,722000,Partial,At Risk,Q4 2026
PRJ-000558-SP04,PRJ-000558,MAT-1011,2027-09-01,59,53,13,130,7670,Partial,Within Lead Time,Q3 2027
PRJ-000558-SP05,PRJ-000558,MAT-1009,2026-01-01,73,41,41,145,10585,Partial,At Risk,Q1 2026
PRJ-000558-SP06,PRJ-000558,MAT-1007,2027-06-01,16,10,9,14500,232000,Partial,Within Lead Time,Q2 2027
PRJ-000558-SP07,PRJ-000558,MAT-1001,2026-12-01,19,15,11,2100,39900,Partial,Within Lead Time,Q4 2026
PRJ-000559-SP01,PRJ-000559,MAT-1012,2029-01-01,12,3,2,68,816,Partial,Within Lead Time,Q1 2029
PRJ-000559-SP02,PRJ-000559,MAT-1007,2027-07-01,74,71,16,14500,1073000,Partial,Within Lead Time,Q3 2027
PRJ-000559-SP03,PRJ-000559,MAT-1012,2027-11-01,12,5,4,68,816,Partial,Within Lead Time,Q4 2027
PRJ-000559-SP04,PRJ-000559,MAT-1012,2028-08-01,2,1,0,68,136,Partial,Within Lead Time,Q3 2028
PRJ-000559-SP05,PRJ-000559,MAT-1007,2027-05-01,26,16,0,14500,377000,Partial,Within Lead Time,Q2 2027
PRJ-000560-SP01,PRJ-000560,MAT-1006,2028-02-01,8,1,0,6200,49600,Partial,Within Lead Time,Q1 2028
PRJ-000560-SP02,PRJ-000560,MAT-1002,2026-02-01,3,0,0,420,1260,Not Reserved,At Risk,Q1 2026
PRJ-000560-SP03,PRJ-000560,MAT-1002,2026-07-01,30,23,17,420,12600,Partial,At Risk,Q3 2026
PRJ-000560-SP04,PRJ-000560,MAT-1007,2027-04-01,5,3,0,14500,72500,Partial,Within Lead Time,Q2 2027
PRJ-000560-SP05,PRJ-000560,MAT-1001,2027-07-01,13,2,1,2100,27300,Partial,Within Lead Time,Q3 2027
PRJ-000560-SP06,PRJ-000560,MAT-1009,2027-01-01,44,3,1,145,6380,Partial,Within Lead Time,Q1 2027
PRJ-000560-SP07,PRJ-000560,MAT-1005,2026-06-01,72,21,1,26000,1872000,Partial,At Risk,Q2 2026
PRJ-000561-SP01,PRJ-000561,MAT-1007,2028-02-01,4,1,1,14500,58000,Partial,Within Lead Time,Q1 2028
PRJ-000561-SP02,PRJ-000561,MAT-1003,2026-04-01,9592,750,331,12,115104,Partial,At Risk,Q2 2026
PRJ-000561-SP03,PRJ-000561,MAT-1009,2028-04-01,62,30,1,145,8990,Partial,Within Lead Time,Q2 2028
PRJ-000561-SP04,PRJ-000561,MAT-1011,2027-08-01,46,40,9,130,5980,Partial,Within Lead Time,Q3 2027
PRJ-000561-SP05,PRJ-000561,MAT-1006,2026-04-01,20,6,4,6200,124000,Partial,At Risk,Q2 2026
PRJ-000561-SP06,PRJ-000561,MAT-1010,2026-10-01,78,67,47,980,76440,Partial,At Risk,Q4 2026
PRJ-000561-SP07,PRJ-000561,MAT-1008,2028-02-01,15,0,0,19000,285000,Not Reserved,Within Lead Time,Q1 2028
PRJ-000562-SP01,PRJ-000562,MAT-1008,2028-06-01,26,15,14,19000,494000,Partial,Within Lead Time,Q2 2028
PRJ-000562-SP02,PRJ-000562,MAT-1001,2026-02-01,66,59,44,2100,138600,Partial,At Risk,Q1 2026
PRJ-000562-SP03,PRJ-000562,MAT-1006,2027-03-01,31,25,19,6200,192200,Partial,Within Lead Time,Q1 2027
PRJ-000562-SP04,PRJ-000562,MAT-1004,2026-01-01,659,630,445,27,17793,Partial,At Risk,Q1 2026
PRJ-000562-SP05,PRJ-000562,MAT-1011,2026-01-01,27,18,13,130,3510,Partial,At Risk,Q1 2026
PRJ-000562-SP06,PRJ-000562,MAT-1007,2026-03-01,45,15,1,14500,652500,Partial,At Risk,Q1 2026
PRJ-000563-SP01,PRJ-000563,MAT-1007,2027-08-01,73,40,18,14500,1058500,Partial,Within Lead Time,Q3 2027
PRJ-000563-SP02,PRJ-000563,MAT-1006,2026-11-01,8,3,0,6200,49600,Partial,At Risk,Q4 2026
PRJ-000563-SP03,PRJ-000563,MAT-1004,2026-04-01,4270,2401,1529,27,115290,Partial,At Risk,Q2 2026
PRJ-000563-SP04,PRJ-000563,MAT-1001,2026-12-01,36,9,5,2100,75600,Partial,Within Lead Time,Q4 2026
PRJ-000564-SP01,PRJ-000564,MAT-1002,2028-09-01,21,15,12,420,8820,Partial,Within Lead Time,Q3 2028
PRJ-000564-SP02,PRJ-000564,MAT-1006,2028-09-01,6,1,0,6200,37200,Partial,Within Lead Time,Q3 2028
PRJ-000564-SP03,PRJ-000564,MAT-1012,2027-06-01,24,3,2,68,1632,Partial,Within Lead Time,Q2 2027
PRJ-000564-SP04,PRJ-000564,MAT-1004,2028-04-01,2390,624,451,27,64530,Partial,Within Lead Time,Q2 2028
PRJ-000565-SP01,PRJ-000565,MAT-1012,2026-01-01,61,30,20,68,4148,Partial,At Risk,Q1 2026
PRJ-000565-SP02,PRJ-000565,MAT-1006,2028-05-01,3,3,2,6200,18600,Partial,Within Lead Time,Q2 2028
PRJ-000565-SP03,PRJ-000565,MAT-1010,2028-11-01,52,39,34,980,50960,Partial,Within Lead Time,Q4 2028
PRJ-000565-SP04,PRJ-000565,MAT-1011,2027-04-01,42,36,17,130,5460,Partial,Within Lead Time,Q2 2027
PRJ-000565-SP05,PRJ-000565,MAT-1010,2028-12-01,13,10,4,980,12740,Partial,Within Lead Time,Q4 2028
PRJ-000565-SP06,PRJ-000565,MAT-1011,2027-04-01,79,66,15,130,10270,Partial,Within Lead Time,Q2 2027
PRJ-000565-SP07,PRJ-000565,MAT-1012,2028-05-01,46,22,5,68,3128,Partial,Within Lead Time,Q2 2028
PRJ-000566-SP01,PRJ-000566,MAT-1012,2028-12-01,27,19,3,68,1836,Partial,Within Lead Time,Q4 2028
PRJ-000566-SP02,PRJ-000566,MAT-1002,2028-01-01,77,24,23,420,32340,Partial,Within Lead Time,Q1 2028
PRJ-000567-SP01,PRJ-000567,MAT-1001,2027-07-01,66,40,28,2100,138600,Partial,Within Lead Time,Q3 2027
PRJ-000567-SP02,PRJ-000567,MAT-1011,2027-09-01,30,19,10,130,3900,Partial,Within Lead Time,Q3 2027
PRJ-000567-SP03,PRJ-000567,MAT-1010,2026-11-01,5,4,3,980,4900,Partial,Within Lead Time,Q4 2026
PRJ-000568-SP01,PRJ-000568,MAT-1002,2028-09-01,71,29,15,420,29820,Partial,Within Lead Time,Q3 2028
PRJ-000568-SP02,PRJ-000568,MAT-1004,2028-04-01,5976,9,8,27,161352,Partial,Within Lead Time,Q2 2028
PRJ-000568-SP03,PRJ-000568,MAT-1011,2028-02-01,65,51,23,130,8450,Partial,Within Lead Time,Q1 2028
PRJ-000568-SP04,PRJ-000568,MAT-1008,2026-05-01,46,18,6,19000,874000,Partial,At Risk,Q2 2026
PRJ-000568-SP05,PRJ-000568,MAT-1002,2027-04-01,52,13,9,420,21840,Partial,Within Lead Time,Q2 2027
PRJ-000569-SP01,PRJ-000569,MAT-1012,2026-05-01,11,6,6,68,748,Partial,At Risk,Q2 2026
PRJ-000569-SP02,PRJ-000569,MAT-1007,2028-12-01,60,2,0,14500,870000,Partial,Within Lead Time,Q4 2028
PRJ-000569-SP03,PRJ-000569,MAT-1007,2026-08-01,2,2,2,14500,29000,Fulfilled,At Risk,Q3 2026
PRJ-000569-SP04,PRJ-000569,MAT-1002,2028-12-01,79,52,14,420,33180,Partial,Within Lead Time,Q4 2028
PRJ-000569-SP05,PRJ-000569,MAT-1007,2028-03-01,44,15,12,14500,638000,Partial,Within Lead Time,Q1 2028
PRJ-000569-SP06,PRJ-000569,MAT-1011,2027-04-01,32,16,2,130,4160,Partial,Within Lead Time,Q2 2027
PRJ-000569-SP07,PRJ-000569,MAT-1011,2028-06-01,38,26,12,130,4940,Partial,Within Lead Time,Q2 2028
PRJ-000569-SP08,PRJ-000569,MAT-1008,2028-05-01,39,29,28,19000,741000,Partial,Within Lead Time,Q2 2028
PRJ-000570-SP01,PRJ-000570,MAT-1007,2028-02-01,6,1,1,14500,87000,Partial,Within Lead Time,Q1 2028
PRJ-000570-SP02,PRJ-000570,MAT-1005,2027-02-01,77,37,37,26000,2002000,Partial,Within Lead Time,Q1 2027
PRJ-000570-SP03,PRJ-000570,MAT-1007,2027-10-01,58,55,9,14500,841000,Partial,Within Lead Time,Q4 2027
PRJ-000570-SP04,PRJ-000570,MAT-1002,2026-10-01,74,55,17,420,31080,Partial,Within Lead Time,Q4 2026
PRJ-000570-SP05,PRJ-000570,MAT-1006,2026-08-01,7,6,2,6200,43400,Partial,At Risk,Q3 2026
PRJ-000570-SP06,PRJ-000570,MAT-1009,2029-01-01,25,17,6,145,3625,Partial,Within Lead Time,Q1 2029
PRJ-000570-SP07,PRJ-000570,MAT-1008,2028-01-01,10,0,0,19000,190000,Not Reserved,Within Lead Time,Q1 2028
PRJ-000571-SP01,PRJ-000571,MAT-1006,2027-09-01,23,21,16,6200,142600,Partial,Within Lead Time,Q3 2027
PRJ-000571-SP02,PRJ-000571,MAT-1010,2026-11-01,32,11,7,980,31360,Partial,Within Lead Time,Q4 2026
PRJ-000571-SP03,PRJ-000571,MAT-1011,2026-04-01,50,41,17,130,6500,Partial,At Risk,Q2 2026
PRJ-000571-SP04,PRJ-000571,MAT-1009,2026-04-01,20,5,4,145,2900,Partial,At Risk,Q2 2026
PRJ-000571-SP05,PRJ-000571,MAT-1012,2026-10-01,14,2,2,68,952,Partial,Within Lead Time,Q4 2026
PRJ-000571-SP06,PRJ-000571,MAT-1006,2027-04-01,22,14,7,6200,136400,Partial,Within Lead Time,Q2 2027
PRJ-000571-SP07,PRJ-000571,MAT-1002,2028-05-01,4,3,0,420,1680,Partial,Within Lead Time,Q2 2028
PRJ-000572-SP01,PRJ-000572,MAT-1002,2026-07-01,11,8,3,420,4620,Partial,At Risk,Q3 2026
PRJ-000572-SP02,PRJ-000572,MAT-1002,2028-08-01,36,17,16,420,15120,Partial,Within Lead Time,Q3 2028
PRJ-000572-SP03,PRJ-000572,MAT-1004,2026-02-01,3385,3333,1454,27,91395,Partial,At Risk,Q1 2026
PRJ-000573-SP01,PRJ-000573,MAT-1005,2027-04-01,75,74,42,26000,1950000,Partial,Within Lead Time,Q2 2027
PRJ-000573-SP02,PRJ-000573,MAT-1012,2027-08-01,38,14,4,68,2584,Partial,Within Lead Time,Q3 2027
PRJ-000573-SP03,PRJ-000573,MAT-1008,2028-09-01,40,30,14,19000,760000,Partial,Within Lead Time,Q3 2028
PRJ-000574-SP01,PRJ-000574,MAT-1004,2027-06-01,4932,534,316,27,133164,Partial,Within Lead Time,Q2 2027
PRJ-000574-SP02,PRJ-000574,MAT-1001,2026-01-01,20,19,6,2100,42000,Partial,At Risk,Q1 2026
PRJ-000574-SP03,PRJ-000574,MAT-1009,2027-11-01,33,6,2,145,4785,Partial,Within Lead Time,Q4 2027
PRJ-000575-SP01,PRJ-000575,MAT-1007,2028-10-01,79,39,21,14500,1145500,Partial,Within Lead Time,Q4 2028
PRJ-000575-SP02,PRJ-000575,MAT-1004,2028-09-01,612,337,328,27,16524,Partial,Within Lead Time,Q3 2028
PRJ-000575-SP03,PRJ-000575,MAT-1001,2028-11-01,17,7,2,2100,35700,Partial,Within Lead Time,Q4 2028
PRJ-000575-SP04,PRJ-000575,MAT-1009,2028-06-01,58,15,7,145,8410,Partial,Within Lead Time,Q2 2028
PRJ-000575-SP05,PRJ-000575,MAT-1009,2028-05-01,77,35,15,145,11165,Partial,Within Lead Time,Q2 2028
PRJ-000575-SP06,PRJ-000575,MAT-1012,2026-05-01,12,2,2,68,816,Partial,At Risk,Q2 2026
PRJ-000575-SP07,PRJ-000575,MAT-1004,2027-10-01,2256,2243,1251,27,60912,Partial,Within Lead Time,Q4 2027
PRJ-000576-SP01,PRJ-000576,MAT-1005,2026-12-01,12,8,2,26000,312000,Partial,At Risk,Q4 2026
PRJ-000576-SP02,PRJ-000576,MAT-1003,2027-04-01,3475,3032,2711,12,41700,Partial,Within Lead Time,Q2 2027
PRJ-000576-SP03,PRJ-000576,MAT-1006,2026-06-01,26,21,4,6200,161200,Partial,At Risk,Q2 2026
PRJ-000576-SP04,PRJ-000576,MAT-1004,2028-06-01,1974,1396,612,27,53298,Partial,Within Lead Time,Q2 2028
PRJ-000576-SP05,PRJ-000576,MAT-1004,2026-03-01,1757,652,638,27,47439,Partial,At Risk,Q1 2026
PRJ-000577-SP01,PRJ-000577,MAT-1004,2027-11-01,5024,1152,912,27,135648,Partial,Within Lead Time,Q4 2027
PRJ-000577-SP02,PRJ-000577,MAT-1004,2028-03-01,6283,382,141,27,169641,Partial,Within Lead Time,Q1 2028
PRJ-000577-SP03,PRJ-000577,MAT-1012,2027-02-01,20,17,17,68,1360,Partial,Within Lead Time,Q1 2027
PRJ-000578-SP01,PRJ-000578,MAT-1005,2026-12-01,19,7,2,26000,494000,Partial,At Risk,Q4 2026
PRJ-000578-SP02,PRJ-000578,MAT-1007,2028-01-01,45,0,0,14500,652500,Not Reserved,Within Lead Time,Q1 2028
PRJ-000578-SP03,PRJ-000578,MAT-1004,2027-06-01,6479,422,326,27,174933,Partial,Within Lead Time,Q2 2027
PRJ-000578-SP04,PRJ-000578,MAT-1004,2028-05-01,4474,3118,1672,27,120798,Partial,Within Lead Time,Q2 2028
PRJ-000578-SP05,PRJ-000578,MAT-1005,2028-04-01,66,26,3,26000,1716000,Partial,Within Lead Time,Q2 2028
PRJ-000578-SP06,PRJ-000578,MAT-1011,2026-08-01,58,46,26,130,7540,Partial,At Risk,Q3 2026
PRJ-000578-SP07,PRJ-000578,MAT-1005,2028-04-01,63,5,5,26000,1638000,Partial,Within Lead Time,Q2 2028
PRJ-000579-SP01,PRJ-000579,MAT-1007,2027-08-01,77,61,25,14500,1116500,Partial,Within Lead Time,Q3 2027
PRJ-000579-SP02,PRJ-000579,MAT-1003,2027-10-01,5882,4021,3156,12,70584,Partial,Within Lead Time,Q4 2027
PRJ-000579-SP03,PRJ-000579,MAT-1009,2026-05-01,8,7,6,145,1160,Partial,At Risk,Q2 2026
PRJ-000579-SP04,PRJ-000579,MAT-1006,2028-04-01,59,44,37,6200,365800,Partial,Within Lead Time,Q2 2028
PRJ-000579-SP05,PRJ-000579,MAT-1009,2028-08-01,55,15,14,145,7975,Partial,Within Lead Time,Q3 2028
PRJ-000579-SP06,PRJ-000579,MAT-1003,2026-04-01,3902,1727,905,12,46824,Partial,At Risk,Q2 2026
PRJ-000580-SP01,PRJ-000580,MAT-1009,2027-07-01,26,18,6,145,3770,Partial,Within Lead Time,Q3 2027
PRJ-000580-SP02,PRJ-000580,MAT-1008,2028-09-01,28,15,5,19000,532000,Partial,Within Lead Time,Q3 2028
PRJ-000580-SP03,PRJ-000580,MAT-1010,2027-07-01,51,23,14,980,49980,Partial,Within Lead Time,Q3 2027
PRJ-000580-SP04,PRJ-000580,MAT-1001,2028-05-01,49,19,16,2100,102900,Partial,Within Lead Time,Q2 2028
PRJ-000580-SP05,PRJ-000580,MAT-1002,2028-02-01,31,12,0,420,13020,Partial,Within Lead Time,Q1 2028
PRJ-000580-SP06,PRJ-000580,MAT-1004,2026-03-01,2618,2219,932,27,70686,Partial,At Risk,Q1 2026
PRJ-000580-SP07,PRJ-000580,MAT-1002,2026-11-01,74,27,26,420,31080,Partial,Within Lead Time,Q4 2026
PRJ-000580-SP08,PRJ-000580,MAT-1003,2028-08-01,6986,702,580,12,83832,Partial,Within Lead Time,Q3 2028
PRJ-000581-SP01,PRJ-000581,MAT-1001,2029-01-01,3,1,1,2100,6300,Partial,Within Lead Time,Q1 2029
PRJ-000581-SP02,PRJ-000581,MAT-1005,2028-12-01,26,25,18,26000,676000,Partial,Within Lead Time,Q4 2028
PRJ-000581-SP03,PRJ-000581,MAT-1006,2027-01-01,67,9,7,6200,415400,Partial,Within Lead Time,Q1 2027
PRJ-000581-SP04,PRJ-000581,MAT-1012,2026-12-01,74,37,14,68,5032,Partial,Within Lead Time,Q4 2026
PRJ-000581-SP05,PRJ-000581,MAT-1010,2026-09-01,50,33,20,980,49000,Partial,At Risk,Q3 2026
PRJ-000582-SP01,PRJ-000582,MAT-1011,2028-12-01,76,51,39,130,9880,Partial,Within Lead Time,Q4 2028
PRJ-000582-SP02,PRJ-000582,MAT-1004,2028-09-01,2468,143,25,27,66636,Partial,Within Lead Time,Q3 2028
PRJ-000583-SP01,PRJ-000583,MAT-1004,2026-07-01,1022,477,223,27,27594,Partial,At Risk,Q3 2026
PRJ-000583-SP02,PRJ-000583,MAT-1008,2027-07-01,10,2,1,19000,190000,Partial,Within Lead Time,Q3 2027
PRJ-000583-SP03,PRJ-000583,MAT-1004,2028-10-01,7752,971,29,27,209304,Partial,Within Lead Time,Q4 2028
PRJ-000583-SP04,PRJ-000583,MAT-1012,2026-06-01,20,5,4,68,1360,Partial,At Risk,Q2 2026
PRJ-000583-SP05,PRJ-000583,MAT-1010,2028-09-01,53,7,3,980,51940,Partial,Within Lead Time,Q3 2028
PRJ-000583-SP06,PRJ-000583,MAT-1010,2028-10-01,54,50,30,980,52920,Partial,Within Lead Time,Q4 2028
PRJ-000583-SP07,PRJ-000583,MAT-1005,2026-07-01,71,68,46,26000,1846000,Partial,At Risk,Q3 2026
PRJ-000583-SP08,PRJ-000583,MAT-1002,2026-08-01,53,45,36,420,22260,Partial,At Risk,Q3 2026
PRJ-000584-SP01,PRJ-000584,MAT-1003,2028-04-01,665,89,73,12,7980,Partial,Within Lead Time,Q2 2028
PRJ-000584-SP02,PRJ-000584,MAT-1003,2026-11-01,2312,119,40,12,27744,Partial,Within Lead Time,Q4 2026
PRJ-000584-SP03,PRJ-000584,MAT-1005,2026-11-01,33,23,9,26000,858000,Partial,At Risk,Q4 2026
PRJ-000585-SP01,PRJ-000585,MAT-1004,2027-05-01,1338,14,4,27,36126,Partial,Within Lead Time,Q2 2027
PRJ-000585-SP02,PRJ-000585,MAT-1011,2026-02-01,27,14,2,130,3510,Partial,At Risk,Q1 2026
PRJ-000586-SP01,PRJ-000586,MAT-1005,2026-05-01,38,6,5,26000,988000,Partial,At Risk,Q2 2026
PRJ-000586-SP02,PRJ-000586,MAT-1011,2026-07-01,17,14,9,130,2210,Partial,At Risk,Q3 2026
PRJ-000586-SP03,PRJ-000586,MAT-1006,2027-07-01,25,3,0,6200,155000,Partial,Within Lead Time,Q3 2027
PRJ-000586-SP04,PRJ-000586,MAT-1002,2028-04-01,4,4,2,420,1680,Partial,Within Lead Time,Q2 2028
PRJ-000586-SP05,PRJ-000586,MAT-1007,2027-12-01,57,30,18,14500,826500,Partial,Within Lead Time,Q4 2027
PRJ-000586-SP06,PRJ-000586,MAT-1006,2026-10-01,44,4,3,6200,272800,Partial,At Risk,Q4 2026
PRJ-000586-SP07,PRJ-000586,MAT-1011,2026-01-01,41,37,22,130,5330,Partial,At Risk,Q1 2026
PRJ-000587-SP01,PRJ-000587,MAT-1004,2028-02-01,8836,6007,5821,27,238572,Partial,Within Lead Time,Q1 2028
PRJ-000587-SP02,PRJ-000587,MAT-1009,2026-10-01,29,27,13,145,4205,Partial,Within Lead Time,Q4 2026
PRJ-000587-SP03,PRJ-000587,MAT-1010,2027-07-01,42,3,1,980,41160,Partial,Within Lead Time,Q3 2027
PRJ-000587-SP04,PRJ-000587,MAT-1009,2027-04-01,11,5,4,145,1595,Partial,Within Lead Time,Q2 2027
PRJ-000587-SP05,PRJ-000587,MAT-1010,2026-08-01,27,2,1,980,26460,Partial,At Risk,Q3 2026
PRJ-000588-SP01,PRJ-000588,MAT-1003,2028-12-01,8381,3983,3269,12,100572,Partial,Within Lead Time,Q4 2028
PRJ-000588-SP02,PRJ-000588,MAT-1004,2028-04-01,8288,3293,2275,27,223776,Partial,Within Lead Time,Q2 2028
PRJ-000588-SP03,PRJ-000588,MAT-1011,2028-02-01,29,21,13,130,3770,Partial,Within Lead Time,Q1 2028
PRJ-000588-SP04,PRJ-000588,MAT-1002,2028-03-01,26,23,12,420,10920,Partial,Within Lead Time,Q1 2028
PRJ-000588-SP05,PRJ-000588,MAT-1008,2028-10-01,23,5,2,19000,437000,Partial,Within Lead Time,Q4 2028
PRJ-000588-SP06,PRJ-000588,MAT-1002,2027-05-01,66,21,8,420,27720,Partial,Within Lead Time,Q2 2027
PRJ-000589-SP01,PRJ-000589,MAT-1007,2027-04-01,26,20,14,14500,377000,Partial,Within Lead Time,Q2 2027
PRJ-000589-SP02,PRJ-000589,MAT-1005,2028-03-01,39,12,6,26000,1014000,Partial,Within Lead Time,Q1 2028
PRJ-000590-SP01,PRJ-000590,MAT-1005,2028-02-01,72,20,4,26000,1872000,Partial,Within Lead Time,Q1 2028
PRJ-000590-SP02,PRJ-000590,MAT-1004,2026-04-01,3983,788,359,27,107541,Partial,At Risk,Q2 2026
PRJ-000590-SP03,PRJ-000590,MAT-1008,2027-04-01,39,11,4,19000,741000,Partial,Within Lead Time,Q2 2027
PRJ-000590-SP04,PRJ-000590,MAT-1006,2027-12-01,19,10,0,6200,117800,Partial,Within Lead Time,Q4 2027
PRJ-000590-SP05,PRJ-000590,MAT-1007,2027-01-01,66,43,28,14500,957000,Partial,Within Lead Time,Q1 2027
PRJ-000590-SP06,PRJ-000590,MAT-1005,2027-06-01,73,13,6,26000,1898000,Partial,Within Lead Time,Q2 2027
PRJ-000590-SP07,PRJ-000590,MAT-1009,2028-01-01,33,24,22,145,4785,Partial,Within Lead Time,Q1 2028
PRJ-000591-SP01,PRJ-000591,MAT-1010,2028-02-01,53,51,26,980,51940,Partial,Within Lead Time,Q1 2028
PRJ-000591-SP02,PRJ-000591,MAT-1007,2026-10-01,63,17,11,14500,913500,Partial,At Risk,Q4 2026
PRJ-000591-SP03,PRJ-000591,MAT-1008,2027-03-01,70,27,14,19000,1330000,Partial,Within Lead Time,Q1 2027
PRJ-000591-SP04,PRJ-000591,MAT-1009,2026-03-01,47,0,0,145,6815,Not Reserved,At Risk,Q1 2026
PRJ-000592-SP01,PRJ-000592,MAT-1004,2028-04-01,2607,196,112,27,70389,Partial,Within Lead Time,Q2 2028
PRJ-000592-SP02,PRJ-000592,MAT-1006,2027-02-01,19,2,1,6200,117800,Partial,Within Lead Time,Q1 2027
PRJ-000592-SP03,PRJ-000592,MAT-1010,2027-09-01,31,22,18,980,30380,Partial,Within Lead Time,Q3 2027
PRJ-000592-SP04,PRJ-000592,MAT-1003,2028-07-01,8225,3053,2250,12,98700,Partial,Within Lead Time,Q3 2028
PRJ-000592-SP05,PRJ-000592,MAT-1010,2026-07-01,4,3,3,980,3920,Partial,At Risk,Q3 2026
PRJ-000592-SP06,PRJ-000592,MAT-1008,2026-05-01,50,3,1,19000,950000,Partial,At Risk,Q2 2026
PRJ-000592-SP07,PRJ-000592,MAT-1003,2027-03-01,856,59,17,12,10272,Partial,Within Lead Time,Q1 2027
PRJ-000592-SP08,PRJ-000592,MAT-1005,2028-09-01,71,64,28,26000,1846000,Partial,Within Lead Time,Q3 2028
PRJ-000593-SP01,PRJ-000593,MAT-1002,2026-09-01,20,2,0,420,8400,Partial,At Risk,Q3 2026
PRJ-000593-SP02,PRJ-000593,MAT-1001,2026-07-01,46,42,27,2100,96600,Partial,At Risk,Q3 2026
PRJ-000593-SP03,PRJ-000593,MAT-1009,2027-12-01,15,10,7,145,2175,Partial,Within Lead Time,Q4 2027
PRJ-000593-SP04,PRJ-000593,MAT-1002,2026-04-01,77,58,32,420,32340,Partial,At Risk,Q2 2026
PRJ-000593-SP05,PRJ-000593,MAT-1009,2027-04-01,72,40,19,145,10440,Partial,Within Lead Time,Q2 2027
PRJ-000593-SP06,PRJ-000593,MAT-1010,2028-12-01,30,18,6,980,29400,Partial,Within Lead Time,Q4 2028
PRJ-000594-SP01,PRJ-000594,MAT-1010,2026-11-01,23,6,1,980,22540,Partial,Within Lead Time,Q4 2026
PRJ-000594-SP02,PRJ-000594,MAT-1007,2027-06-01,67,35,1,14500,971500,Partial,Within Lead Time,Q2 2027
PRJ-000594-SP03,PRJ-000594,MAT-1007,2026-12-01,52,32,19,14500,754000,Partial,At Risk,Q4 2026
PRJ-000594-SP04,PRJ-000594,MAT-1010,2028-03-01,70,28,22,980,68600,Partial,Within Lead Time,Q1 2028
PRJ-000594-SP05,PRJ-000594,MAT-1008,2026-07-01,79,63,21,19000,1501000,Partial,At Risk,Q3 2026
PRJ-000594-SP06,PRJ-000594,MAT-1007,2026-03-01,72,67,19,14500,1044000,Partial,At Risk,Q1 2026
PRJ-000594-SP07,PRJ-000594,MAT-1010,2026-06-01,13,5,4,980,12740,Partial,At Risk,Q2 2026
PRJ-000594-SP08,PRJ-000594,MAT-1005,2027-11-01,8,3,3,26000,208000,Partial,Within Lead Time,Q4 2027
PRJ-000595-SP01,PRJ-000595,MAT-1005,2027-07-01,26,14,12,26000,676000,Partial,Within Lead Time,Q3 2027
PRJ-000595-SP02,PRJ-000595,MAT-1007,2026-02-01,51,25,2,14500,739500,Partial,At Risk,Q1 2026
PRJ-000595-SP03,PRJ-000595,MAT-1005,2027-09-01,25,2,2,26000,650000,Partial,Within Lead Time,Q3 2027
PRJ-000595-SP04,PRJ-000595,MAT-1001,2027-06-01,72,44,41,2100,151200,Partial,Within Lead Time,Q2 2027
PRJ-000595-SP05,PRJ-000595,MAT-1004,2028-06-01,2997,2490,242,27,80919,Partial,Within Lead Time,Q2 2028
PRJ-000595-SP06,PRJ-000595,MAT-1010,2028-02-01,61,46,13,980,59780,Partial,Within Lead Time,Q1 2028
PRJ-000595-SP07,PRJ-000595,MAT-1008,2026-02-01,53,40,7,19000,1007000,Partial,At Risk,Q1 2026
PRJ-000596-SP01,PRJ-000596,MAT-1004,2028-06-01,4769,4679,2216,27,128763,Partial,Within Lead Time,Q2 2028
PRJ-000596-SP02,PRJ-000596,MAT-1001,2026-11-01,26,14,7,2100,54600,Partial,Within Lead Time,Q4 2026
PRJ-000596-SP03,PRJ-000596,MAT-1006,2026-06-01,59,30,18,6200,365800,Partial,At Risk,Q2 2026
PRJ-000596-SP04,PRJ-000596,MAT-1001,2027-12-01,45,10,9,2100,94500,Partial,Within Lead Time,Q4 2027
PRJ-000596-SP05,PRJ-000596,MAT-1012,2028-08-01,35,4,1,68,2380,Partial,Within Lead Time,Q3 2028
PRJ-000596-SP06,PRJ-000596,MAT-1006,2026-02-01,66,62,49,6200,409200,Partial,At Risk,Q1 2026
PRJ-000596-SP07,PRJ-000596,MAT-1011,2027-06-01,25,18,10,130,3250,Partial,Within Lead Time,Q2 2027
PRJ-000597-SP01,PRJ-000597,MAT-1008,2027-10-01,56,13,0,19000,1064000,Partial,Within Lead Time,Q4 2027
PRJ-000597-SP02,PRJ-000597,MAT-1009,2026-05-01,8,6,0,145,1160,Partial,At Risk,Q2 2026
PRJ-000598-SP01,PRJ-000598,MAT-1008,2028-05-01,6,4,1,19000,114000,Partial,Within Lead Time,Q2 2028
PRJ-000598-SP02,PRJ-000598,MAT-1002,2029-01-01,68,67,13,420,28560,Partial,Within Lead Time,Q1 2029
PRJ-000598-SP03,PRJ-000598,MAT-1008,2027-08-01,4,1,1,19000,76000,Partial,Within Lead Time,Q3 2027
PRJ-000598-SP04,PRJ-000598,MAT-1010,2027-07-01,61,4,2,980,59780,Partial,Within Lead Time,Q3 2027
PRJ-000598-SP05,PRJ-000598,MAT-1001,2026-09-01,11,7,7,2100,23100,Partial,At Risk,Q3 2026
PRJ-000598-SP06,PRJ-000598,MAT-1002,2026-08-01,41,28,14,420,17220,Partial,At Risk,Q3 2026
PRJ-000598-SP07,PRJ-000598,MAT-1010,2027-10-01,17,0,0,980,16660,Not Reserved,Within Lead Time,Q4 2027
PRJ-000599-SP01,PRJ-000599,MAT-1006,2027-12-01,47,14,2,6200,291400,Partial,Within Lead Time,Q4 2027
PRJ-000599-SP02,PRJ-000599,MAT-1001,2026-02-01,42,3,3,2100,88200,Partial,At Risk,Q1 2026
PRJ-000599-SP03,PRJ-000599,MAT-1010,2026-12-01,4,1,0,980,3920,Partial,Within Lead Time,Q4 2026
PRJ-000599-SP04,PRJ-000599,MAT-1012,2027-12-01,15,15,4,68,1020,Partial,Within Lead Time,Q4 2027
PRJ-000599-SP05,PRJ-000599,MAT-1007,2026-10-01,2,1,1,14500,29000,Partial,At Risk,Q4 2026
PRJ-000599-SP06,PRJ-000599,MAT-1001,2028-12-01,74,41,0,2100,155400,Partial,Within Lead Time,Q4 2028
PRJ-000600-SP01,PRJ-000600,MAT-1008,2027-06-01,28,7,6,19000,532000,Partial,Within Lead Time,Q2 2027
PRJ-000600-SP02,PRJ-000600,MAT-1003,2027-12-01,7605,6442,6067,12,91260,Partial,Within Lead Time,Q4 2027
PRJ-000600-SP03,PRJ-000600,MAT-1008,2028-05-01,2,0,0,19000,38000,Not Reserved,Within Lead Time,Q2 2028
PRJ-000600-SP04,PRJ-000600,MAT-1007,2026-02-01,40,20,17,14500,580000,Partial,At Risk,Q1 2026
PRJ-000601-SP01,PRJ-000601,MAT-1002,2028-05-01,13,9,8,420,5460,Partial,Within Lead Time,Q2 2028
PRJ-000601-SP02,PRJ-000601,MAT-1002,2026-01-01,51,40,3,420,21420,Partial,At Risk,Q1 2026
PRJ-000601-SP03,PRJ-000601,MAT-1011,2028-08-01,72,72,23,130,9360,Partial,Within Lead Time,Q3 2028
PRJ-000601-SP04,PRJ-000601,MAT-1005,2027-10-01,31,26,1,26000,806000,Partial,Within Lead Time,Q4 2027
PRJ-000602-SP01,PRJ-000602,MAT-1003,2027-05-01,7903,203,192,12,94836,Partial,Within Lead Time,Q2 2027
PRJ-000602-SP02,PRJ-000602,MAT-1011,2028-11-01,18,8,8,130,2340,Partial,Within Lead Time,Q4 2028
PRJ-000602-SP03,PRJ-000602,MAT-1005,2026-03-01,48,23,14,26000,1248000,Partial,At Risk,Q1 2026
PRJ-000602-SP04,PRJ-000602,MAT-1006,2026-02-01,75,54,7,6200,465000,Partial,At Risk,Q1 2026
PRJ-000602-SP05,PRJ-000602,MAT-1011,2026-02-01,11,10,9,130,1430,Partial,At Risk,Q1 2026
PRJ-000602-SP06,PRJ-000602,MAT-1006,2026-07-01,25,6,5,6200,155000,Partial,At Risk,Q3 2026
PRJ-000603-SP01,PRJ-000603,MAT-1005,2026-04-01,57,53,4,26000,1482000,Partial,At Risk,Q2 2026
PRJ-000603-SP02,PRJ-000603,MAT-1006,2026-08-01,63,37,1,6200,390600,Partial,At Risk,Q3 2026
PRJ-000603-SP03,PRJ-000603,MAT-1009,2028-06-01,44,4,3,145,6380,Partial,Within Lead Time,Q2 2028
PRJ-000604-SP01,PRJ-000604,MAT-1001,2026-02-01,65,47,24,2100,136500,Partial,At Risk,Q1 2026
PRJ-000604-SP02,PRJ-000604,MAT-1011,2028-03-01,27,10,6,130,3510,Partial,Within Lead Time,Q1 2028
PRJ-000604-SP03,PRJ-000604,MAT-1005,2026-01-01,63,11,1,26000,1638000,Partial,At Risk,Q1 2026
PRJ-000605-SP01,PRJ-000605,MAT-1007,2029-01-01,29,4,1,14500,420500,Partial,Within Lead Time,Q1 2029
PRJ-000605-SP02,PRJ-000605,MAT-1008,2027-10-01,12,2,1,19000,228000,Partial,Within Lead Time,Q4 2027
PRJ-000605-SP03,PRJ-000605,MAT-1010,2026-12-01,30,19,7,980,29400,Partial,Within Lead Time,Q4 2026
PRJ-000605-SP04,PRJ-000605,MAT-1002,2029-01-01,53,33,29,420,22260,Partial,Within Lead Time,Q1 2029
PRJ-000605-SP05,PRJ-000605,MAT-1001,2026-02-01,38,22,14,2100,79800,Partial,At Risk,Q1 2026
PRJ-000605-SP06,PRJ-000605,MAT-1001,2028-12-01,59,54,46,2100,123900,Partial,Within Lead Time,Q4 2028
PRJ-000605-SP07,PRJ-000605,MAT-1007,2026-08-01,69,59,41,14500,1000500,Partial,At Risk,Q3 2026
PRJ-000605-SP08,PRJ-000605,MAT-1006,2028-03-01,27,10,4,6200,167400,Partial,Within Lead Time,Q1 2028
PRJ-000606-SP01,PRJ-000606,MAT-1010,2028-09-01,20,5,5,980,19600,Partial,Within Lead Time,Q3 2028
PRJ-000606-SP02,PRJ-000606,MAT-1007,2028-08-01,38,26,8,14500,551000,Partial,Within Lead Time,Q3 2028
PRJ-000606-SP03,PRJ-000606,MAT-1004,2026-03-01,2139,1708,406,27,57753,Partial,At Risk,Q1 2026
PRJ-000606-SP04,PRJ-000606,MAT-1001,2026-03-01,44,16,14,2100,92400,Partial,At Risk,Q1 2026
PRJ-000606-SP05,PRJ-000606,MAT-1007,2028-06-01,19,13,9,14500,275500,Partial,Within Lead Time,Q2 2028
PRJ-000606-SP06,PRJ-000606,MAT-1009,2029-01-01,69,43,16,145,10005,Partial,Within Lead Time,Q1 2029
PRJ-000606-SP07,PRJ-000606,MAT-1004,2028-12-01,8491,6226,5578,27,229257,Partial,Within Lead Time,Q4 2028
PRJ-000607-SP01,PRJ-000607,MAT-1004,2028-01-01,5420,4339,3514,27,146340,Partial,Within Lead Time,Q1 2028
PRJ-000607-SP02,PRJ-000607,MAT-1006,2026-12-01,6,1,1,6200,37200,Partial,Within Lead Time,Q4 2026
PRJ-000607-SP03,PRJ-000607,MAT-1007,2028-03-01,50,49,8,14500,725000,Partial,Within Lead Time,Q1 2028
PRJ-000607-SP04,PRJ-000607,MAT-1010,2027-02-01,72,55,28,980,70560,Partial,Within Lead Time,Q1 2027
PRJ-000607-SP05,PRJ-000607,MAT-1007,2026-02-01,41,34,2,14500,594500,Partial,At Risk,Q1 2026
PRJ-000607-SP06,PRJ-000607,MAT-1009,2027-12-01,79,38,12,145,11455,Partial,Within Lead Time,Q4 2027
PRJ-000608-SP01,PRJ-000608,MAT-1011,2028-09-01,44,8,4,130,5720,Partial,Within Lead Time,Q3 2028
PRJ-000608-SP02,PRJ-000608,MAT-1002,2027-02-01,47,10,4,420,19740,Partial,Within Lead Time,Q1 2027
PRJ-000608-SP03,PRJ-000608,MAT-1012,2026-12-01,17,4,3,68,1156,Partial,Within Lead Time,Q4 2026
PRJ-000608-SP04,PRJ-000608,MAT-1011,2028-07-01,38,30,10,130,4940,Partial,Within Lead Time,Q3 2028
PRJ-000608-SP05,PRJ-000608,MAT-1009,2027-08-01,57,32,20,145,8265,Partial,Within Lead Time,Q3 2027
PRJ-000608-SP06,PRJ-000608,MAT-1005,2027-01-01,23,13,5,26000,598000,Partial,Within Lead Time,Q1 2027
PRJ-000608-SP07,PRJ-000608,MAT-1009,2026-02-01,79,71,23,145,11455,Partial,At Risk,Q1 2026
PRJ-000609-SP01,PRJ-000609,MAT-1010,2028-03-01,46,28,4,980,45080,Partial,Within Lead Time,Q1 2028
PRJ-000609-SP02,PRJ-000609,MAT-1002,2026-02-01,14,4,1,420,5880,Partial,At Risk,Q1 2026
PRJ-000609-SP03,PRJ-000609,MAT-1012,2027-03-01,17,4,4,68,1156,Partial,Within Lead Time,Q1 2027
PRJ-000609-SP04,PRJ-000609,MAT-1002,2027-10-01,80,54,45,420,33600,Partial,Within Lead Time,Q4 2027
PRJ-000610-SP01,PRJ-000610,MAT-1009,2028-06-01,18,2,2,145,2610,Partial,Within Lead Time,Q2 2028
PRJ-000610-SP02,PRJ-000610,MAT-1010,2028-07-01,73,52,0,980,71540,Partial,Within Lead Time,Q3 2028
PRJ-000610-SP03,PRJ-000610,MAT-1004,2027-04-01,2418,2317,1200,27,65286,Partial,Within Lead Time,Q2 2027
PRJ-000610-SP04,PRJ-000610,MAT-1008,2026-08-01,44,21,19,19000,836000,Partial,At Risk,Q3 2026
PRJ-000610-SP05,PRJ-000610,MAT-1007,2027-12-01,16,16,0,14500,232000,Partial,Within Lead Time,Q4 2027
PRJ-000610-SP06,PRJ-000610,MAT-1011,2028-09-01,37,18,11,130,4810,Partial,Within Lead Time,Q3 2028
PRJ-000610-SP07,PRJ-000610,MAT-1011,2028-04-01,11,10,2,130,1430,Partial,Within Lead Time,Q2 2028
PRJ-000611-SP01,PRJ-000611,MAT-1001,2028-01-01,73,21,10,2100,153300,Partial,Within Lead Time,Q1 2028
PRJ-000611-SP02,PRJ-000611,MAT-1012,2028-06-01,38,25,23,68,2584,Partial,Within Lead Time,Q2 2028
PRJ-000611-SP03,PRJ-000611,MAT-1001,2027-08-01,51,13,0,2100,107100,Partial,Within Lead Time,Q3 2027
PRJ-000612-SP01,PRJ-000612,MAT-1009,2027-08-01,65,18,4,145,9425,Partial,Within Lead Time,Q3 2027
PRJ-000612-SP02,PRJ-000612,MAT-1010,2026-03-01,30,10,10,980,29400,Partial,At Risk,Q1 2026
PRJ-000612-SP03,PRJ-000612,MAT-1007,2026-10-01,74,51,39,14500,1073000,Partial,At Risk,Q4 2026
PRJ-000612-SP04,PRJ-000612,MAT-1008,2028-04-01,13,2,1,19000,247000,Partial,Within Lead Time,Q2 2028
PRJ-000612-SP05,PRJ-000612,MAT-1008,2026-07-01,22,0,0,19000,418000,Not Reserved,At Risk,Q3 2026
PRJ-000613-SP01,PRJ-000613,MAT-1005,2028-08-01,63,6,6,26000,1638000,Partial,Within Lead Time,Q3 2028
PRJ-000613-SP02,PRJ-000613,MAT-1007,2028-07-01,3,2,1,14500,43500,Partial,Within Lead Time,Q3 2028
PRJ-000613-SP03,PRJ-000613,MAT-1010,2029-01-01,17,3,2,980,16660,Partial,Within Lead Time,Q1 2029
PRJ-000614-SP01,PRJ-000614,MAT-1012,2026-10-01,53,3,0,68,3604,Partial,Within Lead Time,Q4 2026
PRJ-000614-SP02,PRJ-000614,MAT-1008,2028-04-01,9,3,2,19000,171000,Partial,Within Lead Time,Q2 2028
PRJ-000614-SP03,PRJ-000614,MAT-1001,2026-09-01,8,6,4,2100,16800,Partial,At Risk,Q3 2026
PRJ-000614-SP04,PRJ-000614,MAT-1010,2026-11-01,2,1,1,980,1960,Partial,Within Lead Time,Q4 2026
PRJ-000615-SP01,PRJ-000615,MAT-1008,2027-03-01,3,1,1,19000,57000,Partial,Within Lead Time,Q1 2027
PRJ-000615-SP02,PRJ-000615,MAT-1010,2026-07-01,62,0,0,980,60760,Not Reserved,At Risk,Q3 2026
PRJ-000615-SP03,PRJ-000615,MAT-1002,2028-12-01,58,23,8,420,24360,Partial,Within Lead Time,Q4 2028
PRJ-000615-SP04,PRJ-000615,MAT-1009,2028-07-01,29,29,28,145,4205,Partial,Within Lead Time,Q3 2028
PRJ-000616-SP01,PRJ-000616,MAT-1004,2026-11-01,5088,536,418,27,137376,Partial,At Risk,Q4 2026
PRJ-000616-SP02,PRJ-000616,MAT-1004,2027-07-01,9927,4679,871,27,268029,Partial,Within Lead Time,Q3 2027
PRJ-000616-SP03,PRJ-000616,MAT-1003,2026-06-01,6288,2937,1352,12,75456,Partial,At Risk,Q2 2026
PRJ-000616-SP04,PRJ-000616,MAT-1004,2027-10-01,2354,2242,2197,27,63558,Partial,Within Lead Time,Q4 2027
PRJ-000617-SP01,PRJ-000617,MAT-1008,2028-02-01,40,28,1,19000,760000,Partial,Within Lead Time,Q1 2028
PRJ-000617-SP02,PRJ-000617,MAT-1012,2028-11-01,61,0,0,68,4148,Not Reserved,Within Lead Time,Q4 2028
PRJ-000617-SP03,PRJ-000617,MAT-1009,2026-03-01,43,7,4,145,6235,Partial,At Risk,Q1 2026
PRJ-000617-SP04,PRJ-000617,MAT-1004,2026-06-01,6823,1259,151,27,184221,Partial,At Risk,Q2 2026
PRJ-000617-SP05,PRJ-000617,MAT-1003,2028-09-01,4533,529,470,12,54396,Partial,Within Lead Time,Q3 2028
PRJ-000618-SP01,PRJ-000618,MAT-1005,2027-09-01,7,1,1,26000,182000,Partial,Within Lead Time,Q3 2027
PRJ-000618-SP02,PRJ-000618,MAT-1003,2027-02-01,3941,1065,323,12,47292,Partial,Within Lead Time,Q1 2027
PRJ-000619-SP01,PRJ-000619,MAT-1007,2027-05-01,64,23,13,14500,928000,Partial,Within Lead Time,Q2 2027
PRJ-000619-SP02,PRJ-000619,MAT-1008,2026-10-01,38,31,26,19000,722000,Partial,At Risk,Q4 2026
PRJ-000619-SP03,PRJ-000619,MAT-1011,2026-07-01,39,33,22,130,5070,Partial,At Risk,Q3 2026
PRJ-000619-SP04,PRJ-000619,MAT-1008,2028-09-01,33,23,8,19000,627000,Partial,Within Lead Time,Q3 2028
PRJ-000620-SP01,PRJ-000620,MAT-1006,2027-03-01,67,33,8,6200,415400,Partial,Within Lead Time,Q1 2027
PRJ-000620-SP02,PRJ-000620,MAT-1010,2027-07-01,59,53,13,980,57820,Partial,Within Lead Time,Q3 2027
PRJ-000620-SP03,PRJ-000620,MAT-1010,2027-10-01,25,22,6,980,24500,Partial,Within Lead Time,Q4 2027
PRJ-000620-SP04,PRJ-000620,MAT-1012,2027-01-01,43,32,10,68,2924,Partial,Within Lead Time,Q1 2027
PRJ-000620-SP05,PRJ-000620,MAT-1003,2027-12-01,4098,3257,989,12,49176,Partial,Within Lead Time,Q4 2027
PRJ-000620-SP06,PRJ-000620,MAT-1005,2026-01-01,46,35,18,26000,1196000,Partial,At Risk,Q1 2026
PRJ-000620-SP07,PRJ-000620,MAT-1003,2026-12-01,2191,1903,1553,12,26292,Partial,Within Lead Time,Q4 2026
PRJ-000621-SP01,PRJ-000621,MAT-1006,2026-11-01,43,14,2,6200,266600,Partial,At Risk,Q4 2026
PRJ-000621-SP02,PRJ-000621,MAT-1008,2026-11-01,64,14,8,19000,1216000,Partial,At Risk,Q4 2026
PRJ-000621-SP03,PRJ-000621,MAT-1010,2026-06-01,72,54,43,980,70560,Partial,At Risk,Q2 2026
PRJ-000621-SP04,PRJ-000621,MAT-1004,2028-08-01,9969,1242,767,27,269163,Partial,Within Lead Time,Q3 2028
PRJ-000621-SP05,PRJ-000621,MAT-1002,2026-03-01,27,26,3,420,11340,Partial,At Risk,Q1 2026
PRJ-000622-SP01,PRJ-000622,MAT-1009,2026-09-01,50,0,0,145,7250,Not Reserved,At Risk,Q3 2026
PRJ-000622-SP02,PRJ-000622,MAT-1003,2028-02-01,955,857,820,12,11460,Partial,Within Lead Time,Q1 2028
PRJ-000622-SP03,PRJ-000622,MAT-1011,2027-03-01,19,17,3,130,2470,Partial,Within Lead Time,Q1 2027
PRJ-000622-SP04,PRJ-000622,MAT-1002,2026-04-01,13,11,2,420,5460,Partial,At Risk,Q2 2026
PRJ-000622-SP05,PRJ-000622,MAT-1012,2028-04-01,31,14,3,68,2108,Partial,Within Lead Time,Q2 2028
PRJ-000623-SP01,PRJ-000623,MAT-1001,2028-11-01,71,21,5,2100,149100,Partial,Within Lead Time,Q4 2028
PRJ-000623-SP02,PRJ-000623,MAT-1009,2028-10-01,29,10,8,145,4205,Partial,Within Lead Time,Q4 2028
PRJ-000624-SP01,PRJ-000624,MAT-1009,2026-09-01,33,18,1,145,4785,Partial,At Risk,Q3 2026
PRJ-000624-SP02,PRJ-000624,MAT-1008,2026-08-01,30,23,9,19000,570000,Partial,At Risk,Q3 2026
PRJ-000624-SP03,PRJ-000624,MAT-1003,2026-10-01,6987,5370,781,12,83844,Partial,At Risk,Q4 2026
PRJ-000624-SP04,PRJ-000624,MAT-1011,2028-06-01,26,15,9,130,3380,Partial,Within Lead Time,Q2 2028
PRJ-000625-SP01,PRJ-000625,MAT-1003,2026-02-01,4523,1538,548,12,54276,Partial,At Risk,Q1 2026
PRJ-000625-SP02,PRJ-000625,MAT-1004,2027-06-01,5230,4941,1298,27,141210,Partial,Within Lead Time,Q2 2027
PRJ-000625-SP03,PRJ-000625,MAT-1004,2029-01-01,9486,939,837,27,256122,Partial,Within Lead Time,Q1 2029
PRJ-000625-SP04,PRJ-000625,MAT-1004,2027-04-01,1019,991,154,27,27513,Partial,Within Lead Time,Q2 2027
PRJ-000625-SP05,PRJ-000625,MAT-1012,2028-03-01,32,31,10,68,2176,Partial,Within Lead Time,Q1 2028
PRJ-000625-SP06,PRJ-000625,MAT-1010,2028-08-01,63,14,14,980,61740,Partial,Within Lead Time,Q3 2028
PRJ-000625-SP07,PRJ-000625,MAT-1005,2028-07-01,35,34,21,26000,910000,Partial,Within Lead Time,Q3 2028
PRJ-000625-SP08,PRJ-000625,MAT-1007,2028-03-01,7,7,3,14500,101500,Partial,Within Lead Time,Q1 2028
PRJ-000626-SP01,PRJ-000626,MAT-1003,2028-11-01,6432,2796,2412,12,77184,Partial,Within Lead Time,Q4 2028
PRJ-000626-SP02,PRJ-000626,MAT-1006,2026-08-01,4,2,1,6200,24800,Partial,At Risk,Q3 2026
PRJ-000626-SP03,PRJ-000626,MAT-1012,2028-05-01,21,14,8,68,1428,Partial,Within Lead Time,Q2 2028
PRJ-000626-SP04,PRJ-000626,MAT-1008,2027-05-01,43,43,10,19000,817000,Partial,Within Lead Time,Q2 2027
PRJ-000626-SP05,PRJ-000626,MAT-1006,2027-10-01,69,63,21,6200,427800,Partial,Within Lead Time,Q4 2027
PRJ-000627-SP01,PRJ-000627,MAT-1009,2026-07-01,28,9,1,145,4060,Partial,At Risk,Q3 2026
PRJ-000627-SP02,PRJ-000627,MAT-1007,2028-12-01,17,12,0,14500,246500,Partial,Within Lead Time,Q4 2028
PRJ-000628-SP01,PRJ-000628,MAT-1008,2026-02-01,44,12,7,19000,836000,Partial,At Risk,Q1 2026
PRJ-000628-SP02,PRJ-000628,MAT-1009,2026-06-01,49,31,26,145,7105,Partial,At Risk,Q2 2026
PRJ-000628-SP03,PRJ-000628,MAT-1006,2026-05-01,46,42,23,6200,285200,Partial,At Risk,Q2 2026
PRJ-000628-SP04,PRJ-000628,MAT-1002,2026-09-01,18,7,5,420,7560,Partial,At Risk,Q3 2026
PRJ-000628-SP05,PRJ-000628,MAT-1010,2028-01-01,57,2,1,980,55860,Partial,Within Lead Time,Q1 2028
PRJ-000628-SP06,PRJ-000628,MAT-1006,2026-08-01,66,25,3,6200,409200,Partial,At Risk,Q3 2026
PRJ-000628-SP07,PRJ-000628,MAT-1006,2028-05-01,31,21,0,6200,192200,Partial,Within Lead Time,Q2 2028
PRJ-000629-SP01,PRJ-000629,MAT-1001,2028-07-01,6,6,1,2100,12600,Partial,Within Lead Time,Q3 2028
PRJ-000629-SP02,PRJ-000629,MAT-1007,2028-08-01,28,15,10,14500,406000,Partial,Within Lead Time,Q3 2028
PRJ-000629-SP03,PRJ-000629,MAT-1011,2029-01-01,19,8,2,130,2470,Partial,Within Lead Time,Q1 2029
PRJ-000629-SP04,PRJ-000629,MAT-1005,2027-01-01,2,1,0,26000,52000,Partial,Within Lead Time,Q1 2027
PRJ-000629-SP05,PRJ-000629,MAT-1007,2028-05-01,33,7,4,14500,478500,Partial,Within Lead Time,Q2 2028
PRJ-000629-SP06,PRJ-000629,MAT-1002,2027-07-01,47,21,12,420,19740,Partial,Within Lead Time,Q3 2027
PRJ-000629-SP07,PRJ-000629,MAT-1011,2028-11-01,36,5,1,130,4680,Partial,Within Lead Time,Q4 2028
PRJ-000630-SP01,PRJ-000630,MAT-1003,2027-03-01,1949,1609,1163,12,23388,Partial,Within Lead Time,Q1 2027
PRJ-000630-SP02,PRJ-000630,MAT-1002,2028-07-01,16,4,2,420,6720,Partial,Within Lead Time,Q3 2028
PRJ-000630-SP03,PRJ-000630,MAT-1001,2028-03-01,36,23,9,2100,75600,Partial,Within Lead Time,Q1 2028
PRJ-000630-SP04,PRJ-000630,MAT-1005,2026-11-01,71,21,6,26000,1846000,Partial,At Risk,Q4 2026
PRJ-000631-SP01,PRJ-000631,MAT-1004,2026-08-01,4400,666,292,27,118800,Partial,At Risk,Q3 2026
PRJ-000631-SP02,PRJ-000631,MAT-1001,2027-07-01,30,29,21,2100,63000,Partial,Within Lead Time,Q3 2027
PRJ-000632-SP01,PRJ-000632,MAT-1010,2027-04-01,22,5,3,980,21560,Partial,Within Lead Time,Q2 2027
PRJ-000632-SP02,PRJ-000632,MAT-1003,2027-09-01,6754,5991,403,12,81048,Partial,Within Lead Time,Q3 2027
PRJ-000632-SP03,PRJ-000632,MAT-1012,2026-01-01,74,42,4,68,5032,Partial,At Risk,Q1 2026
PRJ-000632-SP04,PRJ-000632,MAT-1005,2028-08-01,12,4,0,26000,312000,Partial,Within Lead Time,Q3 2028
PRJ-000632-SP05,PRJ-000632,MAT-1010,2028-10-01,40,29,28,980,39200,Partial,Within Lead Time,Q4 2028
PRJ-000632-SP06,PRJ-000632,MAT-1003,2028-12-01,1211,903,440,12,14532,Partial,Within Lead Time,Q4 2028
PRJ-000632-SP07,PRJ-000632,MAT-1007,2026-07-01,46,38,7,14500,667000,Partial,At Risk,Q3 2026
PRJ-000633-SP01,PRJ-000633,MAT-1012,2026-11-01,2,1,0,68,136,Partial,Within Lead Time,Q4 2026
PRJ-000633-SP02,PRJ-000633,MAT-1011,2026-03-01,27,22,11,130,3510,Partial,At Risk,Q1 2026
PRJ-000633-SP03,PRJ-000633,MAT-1010,2028-09-01,13,13,5,980,12740,Partial,Within Lead Time,Q3 2028
PRJ-000634-SP01,PRJ-000634,MAT-1006,2028-08-01,64,51,42,6200,396800,Partial,Within Lead Time,Q3 2028
PRJ-000634-SP02,PRJ-000634,MAT-1008,2027-03-01,72,32,18,19000,1368000,Partial,Within Lead Time,Q1 2027
PRJ-000634-SP03,PRJ-000634,MAT-1003,2026-11-01,6877,6255,1885,12,82524,Partial,Within Lead Time,Q4 2026
PRJ-000634-SP04,PRJ-000634,MAT-1012,2028-03-01,59,47,39,68,4012,Partial,Within Lead Time,Q1 2028
PRJ-000634-SP05,PRJ-000634,MAT-1009,2028-01-01,37,15,11,145,5365,Partial,Within Lead Time,Q1 2028
PRJ-000634-SP06,PRJ-000634,MAT-1009,2026-09-01,64,10,5,145,9280,Partial,At Risk,Q3 2026
PRJ-000634-SP07,PRJ-000634,MAT-1006,2027-02-01,20,5,2,6200,124000,Partial,Within Lead Time,Q1 2027
PRJ-000634-SP08,PRJ-000634,MAT-1001,2027-04-01,55,6,1,2100,115500,Partial,Within Lead Time,Q2 2027
PRJ-000635-SP01,PRJ-000635,MAT-1006,2028-11-01,38,26,15,6200,235600,Partial,Within Lead Time,Q4 2028
PRJ-000635-SP02,PRJ-000635,MAT-1012,2026-04-01,39,28,12,68,2652,Partial,At Risk,Q2 2026
PRJ-000635-SP03,PRJ-000635,MAT-1005,2027-04-01,43,28,14,26000,1118000,Partial,Within Lead Time,Q2 2027
PRJ-000635-SP04,PRJ-000635,MAT-1010,2028-09-01,72,24,18,980,70560,Partial,Within Lead Time,Q3 2028
PRJ-000636-SP01,PRJ-000636,MAT-1005,2028-06-01,26,13,1,26000,676000,Partial,Within Lead Time,Q2 2028
PRJ-000636-SP02,PRJ-000636,MAT-1008,2026-10-01,68,10,3,19000,1292000,Partial,At Risk,Q4 2026
PRJ-000636-SP03,PRJ-000636,MAT-1006,2027-11-01,26,11,10,6200,161200,Partial,Within Lead Time,Q4 2027
PRJ-000636-SP04,PRJ-000636,MAT-1006,2028-06-01,45,23,18,6200,279000,Partial,Within Lead Time,Q2 2028
PRJ-000637-SP01,PRJ-000637,MAT-1009,2028-12-01,22,17,10,145,3190,Partial,Within Lead Time,Q4 2028
PRJ-000637-SP02,PRJ-000637,MAT-1009,2029-01-01,60,38,10,145,8700,Partial,Within Lead Time,Q1 2029
PRJ-000637-SP03,PRJ-000637,MAT-1005,2026-02-01,43,16,11,26000,1118000,Partial,At Risk,Q1 2026
PRJ-000637-SP04,PRJ-000637,MAT-1008,2026-12-01,71,34,18,19000,1349000,Partial,At Risk,Q4 2026
PRJ-000637-SP05,PRJ-000637,MAT-1006,2028-01-01,25,10,1,6200,155000,Partial,Within Lead Time,Q1 2028
PRJ-000637-SP06,PRJ-000637,MAT-1005,2026-04-01,41,40,31,26000,1066000,Partial,At Risk,Q2 2026
PRJ-000637-SP07,PRJ-000637,MAT-1003,2028-07-01,6757,3690,2567,12,81084,Partial,Within Lead Time,Q3 2028
PRJ-000638-SP01,PRJ-000638,MAT-1002,2028-05-01,35,8,5,420,14700,Partial,Within Lead Time,Q2 2028
PRJ-000638-SP02,PRJ-000638,MAT-1003,2026-06-01,2982,2662,2307,12,35784,Partial,At Risk,Q2 2026
PRJ-000639-SP01,PRJ-000639,MAT-1007,2026-06-01,66,54,18,14500,957000,Partial,At Risk,Q2 2026
PRJ-000639-SP02,PRJ-000639,MAT-1003,2028-04-01,568,279,233,12,6816,Partial,Within Lead Time,Q2 2028
PRJ-000640-SP01,PRJ-000640,MAT-1011,2029-01-01,80,9,9,130,10400,Partial,Within Lead Time,Q1 2029
PRJ-000640-SP02,PRJ-000640,MAT-1009,2026-04-01,52,44,23,145,7540,Partial,At Risk,Q2 2026
PRJ-000640-SP03,PRJ-000640,MAT-1012,2026-06-01,5,4,1,68,340,Partial,At Risk,Q2 2026
PRJ-000640-SP04,PRJ-000640,MAT-1008,2026-06-01,15,8,0,19000,285000,Partial,At Risk,Q2 2026
PRJ-000640-SP05,PRJ-000640,MAT-1007,2026-10-01,52,44,41,14500,754000,Partial,At Risk,Q4 2026
PRJ-000640-SP06,PRJ-000640,MAT-1003,2028-10-01,6742,1022,999,12,80904,Partial,Within Lead Time,Q4 2028
PRJ-000640-SP07,PRJ-000640,MAT-1008,2026-01-01,34,27,24,19000,646000,Partial,At Risk,Q1 2026
PRJ-000641-SP01,PRJ-000641,MAT-1001,2027-04-01,57,27,26,2100,119700,Partial,Within Lead Time,Q2 2027
PRJ-000641-SP02,PRJ-000641,MAT-1009,2028-01-01,48,48,3,145,6960,Partial,Within Lead Time,Q1 2028
PRJ-000641-SP03,PRJ-000641,MAT-1004,2028-03-01,7310,1736,323,27,197370,Partial,Within Lead Time,Q1 2028
PRJ-000641-SP04,PRJ-000641,MAT-1012,2027-01-01,23,14,8,68,1564,Partial,Within Lead Time,Q1 2027
PRJ-000641-SP05,PRJ-000641,MAT-1005,2027-06-01,77,57,52,26000,2002000,Partial,Within Lead Time,Q2 2027
PRJ-000641-SP06,PRJ-000641,MAT-1012,2028-06-01,50,35,29,68,3400,Partial,Within Lead Time,Q2 2028
PRJ-000641-SP07,PRJ-000641,MAT-1012,2027-10-01,35,25,5,68,2380,Partial,Within Lead Time,Q4 2027
PRJ-000641-SP08,PRJ-000641,MAT-1002,2026-03-01,31,13,6,420,13020,Partial,At Risk,Q1 2026
PRJ-000642-SP01,PRJ-000642,MAT-1009,2028-07-01,9,5,4,145,1305,Partial,Within Lead Time,Q3 2028
PRJ-000642-SP02,PRJ-000642,MAT-1011,2027-12-01,58,18,6,130,7540,Partial,Within Lead Time,Q4 2027
PRJ-000642-SP03,PRJ-000642,MAT-1006,2027-01-01,79,54,43,6200,489800,Partial,Within Lead Time,Q1 2027
PRJ-000642-SP04,PRJ-000642,MAT-1003,2027-07-01,2166,1395,290,12,25992,Partial,Within Lead Time,Q3 2027
PRJ-000642-SP05,PRJ-000642,MAT-1009,2028-02-01,11,11,11,145,1595,Fulfilled,Within Lead Time,Q1 2028
PRJ-000642-SP06,PRJ-000642,MAT-1011,2027-08-01,67,53,43,130,8710,Partial,Within Lead Time,Q3 2027
PRJ-000642-SP07,PRJ-000642,MAT-1001,2028-08-01,71,20,6,2100,149100,Partial,Within Lead Time,Q3 2028
PRJ-000642-SP08,PRJ-000642,MAT-1007,2026-01-01,16,16,14,14500,232000,Partial,At Risk,Q1 2026
PRJ-000643-SP01,PRJ-000643,MAT-1004,2027-01-01,2626,2038,1560,27,70902,Partial,Within Lead Time,Q1 2027
PRJ-000643-SP02,PRJ-000643,MAT-1001,2027-04-01,16,7,7,2100,33600,Partial,Within Lead Time,Q2 2027
PRJ-000644-SP01,PRJ-000644,MAT-1006,2028-01-01,41,34,12,6200,254200,Partial,Within Lead Time,Q1 2028
PRJ-000644-SP02,PRJ-000644,MAT-1002,2026-07-01,70,58,31,420,29400,Partial,At Risk,Q3 2026
PRJ-000644-SP03,PRJ-000644,MAT-1004,2026-12-01,1268,158,69,27,34236,Partial,Within Lead Time,Q4 2026
PRJ-000645-SP01,PRJ-000645,MAT-1010,2028-12-01,79,27,5,980,77420,Partial,Within Lead Time,Q4 2028
PRJ-000645-SP02,PRJ-000645,MAT-1011,2028-12-01,16,6,4,130,2080,Partial,Within Lead Time,Q4 2028
PRJ-000645-SP03,PRJ-000645,MAT-1012,2028-06-01,75,34,30,68,5100,Partial,Within Lead Time,Q2 2028
PRJ-000645-SP04,PRJ-000645,MAT-1003,2027-09-01,3499,547,59,12,41988,Partial,Within Lead Time,Q3 2027
PRJ-000646-SP01,PRJ-000646,MAT-1008,2028-04-01,70,63,59,19000,1330000,Partial,Within Lead Time,Q2 2028
PRJ-000646-SP02,PRJ-000646,MAT-1005,2027-08-01,54,8,2,26000,1404000,Partial,Within Lead Time,Q3 2027
PRJ-000646-SP03,PRJ-000646,MAT-1012,2028-09-01,8,6,5,68,544,Partial,Within Lead Time,Q3 2028
PRJ-000646-SP04,PRJ-000646,MAT-1010,2026-12-01,71,55,1,980,69580,Partial,Within Lead Time,Q4 2026
PRJ-000646-SP05,PRJ-000646,MAT-1006,2026-03-01,6,3,0,6200,37200,Partial,At Risk,Q1 2026
PRJ-000646-SP06,PRJ-000646,MAT-1012,2026-04-01,8,5,3,68,544,Partial,At Risk,Q2 2026
PRJ-000647-SP01,PRJ-000647,MAT-1004,2026-04-01,3165,343,13,27,85455,Partial,At Risk,Q2 2026
PRJ-000647-SP02,PRJ-000647,MAT-1011,2026-03-01,41,13,5,130,5330,Partial,At Risk,Q1 2026
PRJ-000647-SP03,PRJ-000647,MAT-1002,2026-01-01,17,6,5,420,7140,Partial,At Risk,Q1 2026
PRJ-000647-SP04,PRJ-000647,MAT-1007,2026-06-01,37,6,6,14500,536500,Partial,At Risk,Q2 2026
PRJ-000647-SP05,PRJ-000647,MAT-1003,2028-06-01,4515,1580,711,12,54180,Partial,Within Lead Time,Q2 2028
PRJ-000647-SP06,PRJ-000647,MAT-1011,2027-05-01,41,37,35,130,5330,Partial,Within Lead Time,Q2 2027
PRJ-000647-SP07,PRJ-000647,MAT-1002,2028-07-01,73,20,7,420,30660,Partial,Within Lead Time,Q3 2028
PRJ-000647-SP08,PRJ-000647,MAT-1010,2026-04-01,33,12,8,980,32340,Partial,At Risk,Q2 2026
PRJ-000648-SP01,PRJ-000648,MAT-1005,2028-05-01,21,2,0,26000,546000,Partial,Within Lead Time,Q2 2028
PRJ-000648-SP02,PRJ-000648,MAT-1008,2027-07-01,8,2,1,19000,152000,Partial,Within Lead Time,Q3 2027
PRJ-000648-SP03,PRJ-000648,MAT-1001,2026-01-01,24,20,2,2100,50400,Partial,At Risk,Q1 2026
PRJ-000648-SP04,PRJ-000648,MAT-1010,2027-11-01,25,8,4,980,24500,Partial,Within Lead Time,Q4 2027
PRJ-000648-SP05,PRJ-000648,MAT-1006,2027-03-01,58,6,3,6200,359600,Partial,Within Lead Time,Q1 2027
PRJ-000648-SP06,PRJ-000648,MAT-1007,2028-07-01,50,38,1,14500,725000,Partial,Within Lead Time,Q3 2028
PRJ-000648-SP07,PRJ-000648,MAT-1002,2028-06-01,64,44,32,420,26880,Partial,Within Lead Time,Q2 2028
PRJ-000649-SP01,PRJ-000649,MAT-1012,2026-02-01,69,20,2,68,4692,Partial,At Risk,Q1 2026
PRJ-000649-SP02,PRJ-000649,MAT-1006,2026-08-01,80,2,0,6200,496000,Partial,At Risk,Q3 2026
PRJ-000649-SP03,PRJ-000649,MAT-1008,2028-11-01,51,1,1,19000,969000,Partial,Within Lead Time,Q4 2028
PRJ-000649-SP04,PRJ-000649,MAT-1008,2027-12-01,48,3,2,19000,912000,Partial,Within Lead Time,Q4 2027
PRJ-000650-SP01,PRJ-000650,MAT-1010,2027-06-01,26,20,12,980,25480,Partial,Within Lead Time,Q2 2027
PRJ-000650-SP02,PRJ-000650,MAT-1005,2027-03-01,49,3,1,26000,1274000,Partial,Within Lead Time,Q1 2027
PRJ-000650-SP03,PRJ-000650,MAT-1011,2028-09-01,78,67,3,130,10140,Partial,Within Lead Time,Q3 2028
PRJ-000650-SP04,PRJ-000650,MAT-1002,2027-07-01,11,8,5,420,4620,Partial,Within Lead Time,Q3 2027
PRJ-000650-SP05,PRJ-000650,MAT-1011,2028-06-01,22,9,8,130,2860,Partial,Within Lead Time,Q2 2028
PRJ-000650-SP06,PRJ-000650,MAT-1005,2028-09-01,14,6,1,26000,364000,Partial,Within Lead Time,Q3 2028
PRJ-000650-SP07,PRJ-000650,MAT-1008,2026-09-01,19,18,5,19000,361000,Partial,At Risk,Q3 2026
PRJ-000650-SP08,PRJ-000650,MAT-1003,2026-11-01,2778,468,233,12,33336,Partial,Within Lead Time,Q4 2026
PRJ-000651-SP01,PRJ-000651,MAT-1004,2027-12-01,2507,1683,379,27,67689,Partial,Within Lead Time,Q4 2027
PRJ-000651-SP02,PRJ-000651,MAT-1011,2028-09-01,76,62,11,130,9880,Partial,Within Lead Time,Q3 2028
PRJ-000651-SP03,PRJ-000651,MAT-1008,2027-10-01,69,2,1,19000,1311000,Partial,Within Lead Time,Q4 2027
PRJ-000652-SP01,PRJ-000652,MAT-1004,2028-04-01,8061,1954,1075,27,217647,Partial,Within Lead Time,Q2 2028
PRJ-000652-SP02,PRJ-000652,MAT-1003,2027-10-01,8160,228,222,12,97920,Partial,Within Lead Time,Q4 2027
PRJ-000653-SP01,PRJ-000653,MAT-1004,2027-06-01,2812,1518,41,27,75924,Partial,Within Lead Time,Q2 2027
PRJ-000653-SP02,PRJ-000653,MAT-1005,2027-04-01,58,25,1,26000,1508000,Partial,Within Lead Time,Q2 2027
PRJ-000653-SP03,PRJ-000653,MAT-1011,2026-06-01,31,16,5,130,4030,Partial,At Risk,Q2 2026
PRJ-000653-SP04,PRJ-000653,MAT-1007,2027-02-01,61,49,31,14500,884500,Partial,Within Lead Time,Q1 2027
PRJ-000653-SP05,PRJ-000653,MAT-1006,2027-10-01,65,56,1,6200,403000,Partial,Within Lead Time,Q4 2027
PRJ-000654-SP01,PRJ-000654,MAT-1004,2028-06-01,2021,1993,1122,27,54567,Partial,Within Lead Time,Q2 2028
PRJ-000654-SP02,PRJ-000654,MAT-1011,2028-05-01,8,4,2,130,1040,Partial,Within Lead Time,Q2 2028
PRJ-000655-SP01,PRJ-000655,MAT-1007,2026-05-01,50,21,20,14500,725000,Partial,At Risk,Q2 2026
PRJ-000655-SP02,PRJ-000655,MAT-1007,2027-02-01,3,0,0,14500,43500,Not Reserved,Within Lead Time,Q1 2027
PRJ-000655-SP03,PRJ-000655,MAT-1011,2027-11-01,58,46,35,130,7540,Partial,Within Lead Time,Q4 2027
PRJ-000655-SP04,PRJ-000655,MAT-1009,2026-01-01,80,77,13,145,11600,Partial,At Risk,Q1 2026
PRJ-000655-SP05,PRJ-000655,MAT-1010,2027-06-01,53,35,17,980,51940,Partial,Within Lead Time,Q2 2027
PRJ-000655-SP06,PRJ-000655,MAT-1001,2027-07-01,54,21,0,2100,113400,Partial,Within Lead Time,Q3 2027
PRJ-000656-SP01,PRJ-000656,MAT-1009,2026-03-01,24,14,2,145,3480,Partial,At Risk,Q1 2026
PRJ-000656-SP02,PRJ-000656,MAT-1011,2027-03-01,38,9,2,130,4940,Partial,Within Lead Time,Q1 2027
PRJ-000656-SP03,PRJ-000656,MAT-1007,2027-01-01,50,17,6,14500,725000,Partial,Within Lead Time,Q1 2027
PRJ-000656-SP04,PRJ-000656,MAT-1001,2028-03-01,76,9,6,2100,159600,Partial,Within Lead Time,Q1 2028
PRJ-000656-SP05,PRJ-000656,MAT-1008,2028-08-01,3,1,0,19000,57000,Partial,Within Lead Time,Q3 2028
PRJ-000656-SP06,PRJ-000656,MAT-1003,2026-03-01,2103,899,305,12,25236,Partial,At Risk,Q1 2026
PRJ-000656-SP07,PRJ-000656,MAT-1005,2028-05-01,50,42,22,26000,1300000,Partial,Within Lead Time,Q2 2028
PRJ-000656-SP08,PRJ-000656,MAT-1003,2028-02-01,4297,4104,1739,12,51564,Partial,Within Lead Time,Q1 2028
PRJ-000657-SP01,PRJ-000657,MAT-1009,2027-11-01,28,4,1,145,4060,Partial,Within Lead Time,Q4 2027
PRJ-000657-SP02,PRJ-000657,MAT-1009,2028-09-01,26,1,0,145,3770,Partial,Within Lead Time,Q3 2028
PRJ-000658-SP01,PRJ-000658,MAT-1004,2027-01-01,9036,2254,1882,27,243972,Partial,Within Lead Time,Q1 2027
PRJ-000658-SP02,PRJ-000658,MAT-1005,2027-08-01,31,1,0,26000,806000,Partial,Within Lead Time,Q3 2027
PRJ-000659-SP01,PRJ-000659,MAT-1003,2028-04-01,5188,4249,1863,12,62256,Partial,Within Lead Time,Q2 2028
PRJ-000659-SP02,PRJ-000659,MAT-1007,2026-04-01,46,28,22,14500,667000,Partial,At Risk,Q2 2026
PRJ-000659-SP03,PRJ-000659,MAT-1010,2027-12-01,74,10,10,980,72520,Partial,Within Lead Time,Q4 2027
PRJ-000660-SP01,PRJ-000660,MAT-1004,2026-09-01,5440,2847,273,27,146880,Partial,At Risk,Q3 2026
PRJ-000660-SP02,PRJ-000660,MAT-1002,2027-01-01,71,59,18,420,29820,Partial,Within Lead Time,Q1 2027
PRJ-000660-SP03,PRJ-000660,MAT-1006,2028-04-01,65,46,6,6200,403000,Partial,Within Lead Time,Q2 2028
PRJ-000661-SP01,PRJ-000661,MAT-1001,2028-06-01,64,59,20,2100,134400,Partial,Within Lead Time,Q2 2028
PRJ-000661-SP02,PRJ-000661,MAT-1008,2027-01-01,74,29,16,19000,1406000,Partial,At Risk,Q1 2027
PRJ-000661-SP03,PRJ-000661,MAT-1003,2027-08-01,5734,4190,206,12,68808,Partial,Within Lead Time,Q3 2027
PRJ-000661-SP04,PRJ-000661,MAT-1009,2028-08-01,26,17,10,145,3770,Partial,Within Lead Time,Q3 2028
PRJ-000661-SP05,PRJ-000661,MAT-1007,2027-12-01,16,12,7,14500,232000,Partial,Within Lead Time,Q4 2027
PRJ-000662-SP01,PRJ-000662,MAT-1008,2027-12-01,45,45,40,19000,855000,Partial,Within Lead Time,Q4 2027
PRJ-000662-SP02,PRJ-000662,MAT-1001,2026-06-01,46,38,15,2100,96600,Partial,At Risk,Q2 2026
PRJ-000662-SP03,PRJ-000662,MAT-1008,2027-06-01,20,7,1,19000,380000,Partial,Within Lead Time,Q2 2027
PRJ-000662-SP04,PRJ-000662,MAT-1006,2027-04-01,28,22,13,6200,173600,Partial,Within Lead Time,Q2 2027
PRJ-000662-SP05,PRJ-000662,MAT-1008,2028-06-01,8,7,4,19000,152000,Partial,Within Lead Time,Q2 2028
PRJ-000662-SP06,PRJ-000662,MAT-1004,2026-04-01,9344,5346,2822,27,252288,Partial,At Risk,Q2 2026
PRJ-000663-SP01,PRJ-000663,MAT-1005,2027-02-01,14,2,2,26000,364000,Partial,Within Lead Time,Q1 2027
PRJ-000663-SP02,PRJ-000663,MAT-1003,2028-10-01,1056,440,296,12,12672,Partial,Within Lead Time,Q4 2028
PRJ-000663-SP03,PRJ-000663,MAT-1012,2028-06-01,59,0,0,68,4012,Not Reserved,Within Lead Time,Q2 2028
PRJ-000663-SP04,PRJ-000663,MAT-1012,2027-03-01,59,48,29,68,4012,Partial,Within Lead Time,Q1 2027
PRJ-000663-SP05,PRJ-000663,MAT-1009,2026-06-01,47,45,42,145,6815,Partial,At Risk,Q2 2026
PRJ-000663-SP06,PRJ-000663,MAT-1005,2027-11-01,76,44,16,26000,1976000,Partial,Within Lead Time,Q4 2027
PRJ-000663-SP07,PRJ-000663,MAT-1012,2028-03-01,68,55,38,68,4624,Partial,Within Lead Time,Q1 2028
PRJ-000663-SP08,PRJ-000663,MAT-1008,2026-01-01,48,31,18,19000,912000,Partial,At Risk,Q1 2026
PRJ-000664-SP01,PRJ-000664,MAT-1011,2028-06-01,59,41,38,130,7670,Partial,Within Lead Time,Q2 2028
PRJ-000664-SP02,PRJ-000664,MAT-1007,2027-06-01,70,17,12,14500,1015000,Partial,Within Lead Time,Q2 2027
PRJ-000664-SP03,PRJ-000664,MAT-1011,2027-08-01,74,29,7,130,9620,Partial,Within Lead Time,Q3 2027
PRJ-000664-SP04,PRJ-000664,MAT-1003,2026-06-01,5947,4091,3302,12,71364,Partial,At Risk,Q2 2026
PRJ-000664-SP05,PRJ-000664,MAT-1001,2027-03-01,63,5,2,2100,132300,Partial,Within Lead Time,Q1 2027
PRJ-000665-SP01,PRJ-000665,MAT-1006,2028-02-01,3,2,0,6200,18600,Partial,Within Lead Time,Q1 2028
PRJ-000665-SP02,PRJ-000665,MAT-1011,2027-09-01,4,2,2,130,520,Partial,Within Lead Time,Q3 2027
PRJ-000665-SP03,PRJ-000665,MAT-1011,2026-06-01,7,7,1,130,910,Partial,At Risk,Q2 2026
PRJ-000665-SP04,PRJ-000665,MAT-1009,2027-09-01,27,11,0,145,3915,Partial,Within Lead Time,Q3 2027
PRJ-000665-SP05,PRJ-000665,MAT-1004,2027-03-01,6236,4586,3308,27,168372,Partial,Within Lead Time,Q1 2027
PRJ-000665-SP06,PRJ-000665,MAT-1002,2026-11-01,72,33,6,420,30240,Partial,Within Lead Time,Q4 2026
PRJ-000665-SP07,PRJ-000665,MAT-1009,2026-06-01,76,76,3,145,11020,Partial,At Risk,Q2 2026
PRJ-000665-SP08,PRJ-000665,MAT-1009,2028-10-01,66,34,12,145,9570,Partial,Within Lead Time,Q4 2028
PRJ-000666-SP01,PRJ-000666,MAT-1004,2027-10-01,2815,319,241,27,76005,Partial,Within Lead Time,Q4 2027
PRJ-000666-SP02,PRJ-000666,MAT-1009,2028-12-01,48,17,8,145,6960,Partial,Within Lead Time,Q4 2028
PRJ-000666-SP03,PRJ-000666,MAT-1004,2026-04-01,3720,2361,1629,27,100440,Partial,At Risk,Q2 2026
PRJ-000666-SP04,PRJ-000666,MAT-1003,2026-05-01,9835,7297,533,12,118020,Partial,At Risk,Q2 2026
PRJ-000666-SP05,PRJ-000666,MAT-1011,2027-01-01,28,11,5,130,3640,Partial,Within Lead Time,Q1 2027
PRJ-000666-SP06,PRJ-000666,MAT-1007,2027-11-01,65,34,16,14500,942500,Partial,Within Lead Time,Q4 2027
PRJ-000666-SP07,PRJ-000666,MAT-1008,2027-10-01,5,4,1,19000,95000,Partial,Within Lead Time,Q4 2027
PRJ-000667-SP01,PRJ-000667,MAT-1007,2028-05-01,35,4,4,14500,507500,Partial,Within Lead Time,Q2 2028
PRJ-000667-SP02,PRJ-000667,MAT-1012,2026-05-01,65,62,46,68,4420,Partial,At Risk,Q2 2026
PRJ-000667-SP03,PRJ-000667,MAT-1012,2026-10-01,56,17,16,68,3808,Partial,Within Lead Time,Q4 2026
PRJ-000667-SP04,PRJ-000667,MAT-1009,2027-03-01,71,34,2,145,10295,Partial,Within Lead Time,Q1 2027
PRJ-000667-SP05,PRJ-000667,MAT-1002,2027-02-01,20,12,9,420,8400,Partial,Within Lead Time,Q1 2027
PRJ-000667-SP06,PRJ-000667,MAT-1006,2026-04-01,25,15,8,6200,155000,Partial,At Risk,Q2 2026
PRJ-000667-SP07,PRJ-000667,MAT-1012,2028-06-01,8,1,0,68,544,Partial,Within Lead Time,Q2 2028
PRJ-000668-SP01,PRJ-000668,MAT-1004,2027-08-01,6065,4330,2445,27,163755,Partial,Within Lead Time,Q3 2027
PRJ-000668-SP02,PRJ-000668,MAT-1008,2027-05-01,37,9,5,19000,703000,Partial,Within Lead Time,Q2 2027
PRJ-000668-SP03,PRJ-000668,MAT-1003,2026-05-01,6347,1232,917,12,76164,Partial,At Risk,Q2 2026
PRJ-000669-SP01,PRJ-000669,MAT-1008,2028-02-01,47,12,1,19000,893000,Partial,Within Lead Time,Q1 2028
PRJ-000669-SP02,PRJ-000669,MAT-1012,2027-09-01,8,3,3,68,544,Partial,Within Lead Time,Q3 2027
PRJ-000669-SP03,PRJ-000669,MAT-1012,2028-04-01,74,69,60,68,5032,Partial,Within Lead Time,Q2 2028
PRJ-000669-SP04,PRJ-000669,MAT-1007,2028-10-01,35,8,5,14500,507500,Partial,Within Lead Time,Q4 2028
PRJ-000669-SP05,PRJ-000669,MAT-1010,2028-04-01,79,49,9,980,77420,Partial,Within Lead Time,Q2 2028
PRJ-000670-SP01,PRJ-000670,MAT-1008,2026-05-01,72,14,14,19000,1368000,Partial,At Risk,Q2 2026
PRJ-000670-SP02,PRJ-000670,MAT-1002,2028-07-01,44,3,3,420,18480,Partial,Within Lead Time,Q3 2028
PRJ-000670-SP03,PRJ-000670,MAT-1009,2027-02-01,74,62,42,145,10730,Partial,Within Lead Time,Q1 2027
PRJ-000670-SP04,PRJ-000670,MAT-1005,2026-10-01,78,9,8,26000,2028000,Partial,At Risk,Q4 2026
PRJ-000670-SP05,PRJ-000670,MAT-1003,2027-07-01,3274,2039,1617,12,39288,Partial,Within Lead Time,Q3 2027
PRJ-000670-SP06,PRJ-000670,MAT-1002,2026-10-01,65,62,36,420,27300,Partial,Within Lead Time,Q4 2026
PRJ-000670-SP07,PRJ-000670,MAT-1010,2028-09-01,79,54,29,980,77420,Partial,Within Lead Time,Q3 2028
PRJ-000670-SP08,PRJ-000670,MAT-1001,2027-10-01,34,13,6,2100,71400,Partial,Within Lead Time,Q4 2027
PRJ-000671-SP01,PRJ-000671,MAT-1004,2026-06-01,3023,2552,1870,27,81621,Partial,At Risk,Q2 2026
PRJ-000671-SP02,PRJ-000671,MAT-1008,2026-02-01,18,14,2,19000,342000,Partial,At Risk,Q1 2026
PRJ-000671-SP03,PRJ-000671,MAT-1007,2026-03-01,43,36,23,14500,623500,Partial,At Risk,Q1 2026
PRJ-000671-SP04,PRJ-000671,MAT-1002,2027-08-01,25,24,16,420,10500,Partial,Within Lead Time,Q3 2027
PRJ-000671-SP05,PRJ-000671,MAT-1011,2027-10-01,16,15,14,130,2080,Partial,Within Lead Time,Q4 2027
PRJ-000671-SP06,PRJ-000671,MAT-1006,2027-10-01,49,17,3,6200,303800,Partial,Within Lead Time,Q4 2027
PRJ-000671-SP07,PRJ-000671,MAT-1004,2028-01-01,3963,2222,2036,27,107001,Partial,Within Lead Time,Q1 2028
PRJ-000672-SP01,PRJ-000672,MAT-1007,2027-10-01,7,2,0,14500,101500,Partial,Within Lead Time,Q4 2027
PRJ-000672-SP02,PRJ-000672,MAT-1005,2026-02-01,32,5,3,26000,832000,Partial,At Risk,Q1 2026
PRJ-000672-SP03,PRJ-000672,MAT-1009,2026-07-01,64,11,8,145,9280,Partial,At Risk,Q3 2026
PRJ-000673-SP01,PRJ-000673,MAT-1010,2027-05-01,44,34,4,980,43120,Partial,Within Lead Time,Q2 2027
PRJ-000673-SP02,PRJ-000673,MAT-1004,2028-02-01,4113,36,13,27,111051,Partial,Within Lead Time,Q1 2028
PRJ-000673-SP03,PRJ-000673,MAT-1009,2027-08-01,39,0,0,145,5655,Not Reserved,Within Lead Time,Q3 2027
PRJ-000673-SP04,PRJ-000673,MAT-1006,2028-10-01,41,26,7,6200,254200,Partial,Within Lead Time,Q4 2028
PRJ-000673-SP05,PRJ-000673,MAT-1009,2028-01-01,37,32,5,145,5365,Partial,Within Lead Time,Q1 2028
PRJ-000673-SP06,PRJ-000673,MAT-1008,2026-03-01,24,7,5,19000,456000,Partial,At Risk,Q1 2026
PRJ-000673-SP07,PRJ-000673,MAT-1001,2027-06-01,55,48,15,2100,115500,Partial,Within Lead Time,Q2 2027
PRJ-000674-SP01,PRJ-000674,MAT-1011,2027-09-01,15,15,2,130,1950,Partial,Within Lead Time,Q3 2027
PRJ-000674-SP02,PRJ-000674,MAT-1005,2027-08-01,27,26,22,26000,702000,Partial,Within Lead Time,Q3 2027
PRJ-000674-SP03,PRJ-000674,MAT-1012,2026-04-01,32,23,0,68,2176,Partial,At Risk,Q2 2026
PRJ-000674-SP04,PRJ-000674,MAT-1002,2028-09-01,15,5,4,420,6300,Partial,Within Lead Time,Q3 2028
PRJ-000674-SP05,PRJ-000674,MAT-1005,2027-01-01,80,56,44,26000,2080000,Partial,Within Lead Time,Q1 2027
PRJ-000674-SP06,PRJ-000674,MAT-1012,2027-12-01,74,25,12,68,5032,Partial,Within Lead Time,Q4 2027
PRJ-000674-SP07,PRJ-000674,MAT-1006,2028-01-01,34,3,1,6200,210800,Partial,Within Lead Time,Q1 2028
PRJ-000675-SP01,PRJ-000675,MAT-1005,2027-02-01,48,13,1,26000,1248000,Partial,Within Lead Time,Q1 2027
PRJ-000675-SP02,PRJ-000675,MAT-1010,2026-10-01,42,14,9,980,41160,Partial,At Risk,Q4 2026
PRJ-000675-SP03,PRJ-000675,MAT-1010,2028-01-01,21,12,3,980,20580,Partial,Within Lead Time,Q1 2028
PRJ-000676-SP01,PRJ-000676,MAT-1001,2028-02-01,75,44,12,2100,157500,Partial,Within Lead Time,Q1 2028
PRJ-000676-SP02,PRJ-000676,MAT-1006,2027-07-01,56,42,15,6200,347200,Partial,Within Lead Time,Q3 2027
PRJ-000677-SP01,PRJ-000677,MAT-1011,2028-10-01,9,5,3,130,1170,Partial,Within Lead Time,Q4 2028
PRJ-000677-SP02,PRJ-000677,MAT-1008,2026-07-01,36,16,3,19000,684000,Partial,At Risk,Q3 2026
PRJ-000677-SP03,PRJ-000677,MAT-1009,2028-11-01,25,12,5,145,3625,Partial,Within Lead Time,Q4 2028
PRJ-000678-SP01,PRJ-000678,MAT-1008,2026-01-01,80,68,10,19000,1520000,Partial,At Risk,Q1 2026
PRJ-000678-SP02,PRJ-000678,MAT-1009,2028-07-01,15,3,0,145,2175,Partial,Within Lead Time,Q3 2028
PRJ-000678-SP03,PRJ-000678,MAT-1002,2026-08-01,22,4,1,420,9240,Partial,At Risk,Q3 2026
PRJ-000678-SP04,PRJ-000678,MAT-1001,2027-06-01,12,4,3,2100,25200,Partial,Within Lead Time,Q2 2027
PRJ-000678-SP05,PRJ-000678,MAT-1002,2026-02-01,11,9,7,420,4620,Partial,At Risk,Q1 2026
PRJ-000679-SP01,PRJ-000679,MAT-1003,2027-05-01,8181,1939,610,12,98172,Partial,Within Lead Time,Q2 2027
PRJ-000679-SP02,PRJ-000679,MAT-1002,2029-01-01,14,12,5,420,5880,Partial,Within Lead Time,Q1 2029
PRJ-000679-SP03,PRJ-000679,MAT-1003,2028-03-01,8734,5377,1873,12,104808,Partial,Within Lead Time,Q1 2028
PRJ-000680-SP01,PRJ-000680,MAT-1001,2026-12-01,63,10,8,2100,132300,Partial,Within Lead Time,Q4 2026
PRJ-000680-SP02,PRJ-000680,MAT-1012,2026-05-01,72,46,17,68,4896,Partial,At Risk,Q2 2026
PRJ-000681-SP01,PRJ-000681,MAT-1001,2026-09-01,31,4,1,2100,65100,Partial,At Risk,Q3 2026
PRJ-000681-SP02,PRJ-000681,MAT-1012,2027-11-01,6,3,1,68,408,Partial,Within Lead Time,Q4 2027
PRJ-000682-SP01,PRJ-000682,MAT-1007,2026-05-01,9,7,0,14500,130500,Partial,At Risk,Q2 2026
PRJ-000682-SP02,PRJ-000682,MAT-1003,2026-05-01,8196,2515,2327,12,98352,Partial,At Risk,Q2 2026
PRJ-000682-SP03,PRJ-000682,MAT-1008,2027-10-01,25,8,6,19000,475000,Partial,Within Lead Time,Q4 2027
PRJ-000682-SP04,PRJ-000682,MAT-1006,2028-02-01,59,17,11,6200,365800,Partial,Within Lead Time,Q1 2028
PRJ-000683-SP01,PRJ-000683,MAT-1002,2028-03-01,63,33,20,420,26460,Partial,Within Lead Time,Q1 2028
PRJ-000683-SP02,PRJ-000683,MAT-1008,2028-08-01,63,31,6,19000,1197000,Partial,Within Lead Time,Q3 2028
PRJ-000683-SP03,PRJ-000683,MAT-1007,2028-02-01,33,9,4,14500,478500,Partial,Within Lead Time,Q1 2028
PRJ-000683-SP04,PRJ-000683,MAT-1004,2026-07-01,1314,896,580,27,35478,Partial,At Risk,Q3 2026
PRJ-000684-SP01,PRJ-000684,MAT-1012,2026-05-01,70,66,4,68,4760,Partial,At Risk,Q2 2026
PRJ-000684-SP02,PRJ-000684,MAT-1002,2027-09-01,68,27,26,420,28560,Partial,Within Lead Time,Q3 2027
PRJ-000684-SP03,PRJ-000684,MAT-1007,2028-11-01,35,17,2,14500,507500,Partial,Within Lead Time,Q4 2028
PRJ-000684-SP04,PRJ-000684,MAT-1001,2026-06-01,3,1,1,2100,6300,Partial,At Risk,Q2 2026
PRJ-000685-SP01,PRJ-000685,MAT-1005,2029-01-01,16,8,4,26000,416000,Partial,Within Lead Time,Q1 2029
PRJ-000685-SP02,PRJ-000685,MAT-1011,2026-08-01,41,11,1,130,5330,Partial,At Risk,Q3 2026
PRJ-000685-SP03,PRJ-000685,MAT-1011,2027-06-01,60,25,11,130,7800,Partial,Within Lead Time,Q2 2027
PRJ-000685-SP04,PRJ-000685,MAT-1001,2029-01-01,70,25,4,2100,147000,Partial,Within Lead Time,Q1 2029
PRJ-000685-SP05,PRJ-000685,MAT-1009,2029-01-01,57,37,17,145,8265,Partial,Within Lead Time,Q1 2029
PRJ-000686-SP01,PRJ-000686,MAT-1004,2028-05-01,1663,578,38,27,44901,Partial,Within Lead Time,Q2 2028
PRJ-000686-SP02,PRJ-000686,MAT-1009,2027-08-01,68,55,27,145,9860,Partial,Within Lead Time,Q3 2027
PRJ-000686-SP03,PRJ-000686,MAT-1005,2027-05-01,29,25,21,26000,754000,Partial,Within Lead Time,Q2 2027
PRJ-000686-SP04,PRJ-000686,MAT-1007,2026-11-01,40,17,17,14500,580000,Partial,At Risk,Q4 2026
PRJ-000686-SP05,PRJ-000686,MAT-1010,2026-05-01,36,7,6,980,35280,Partial,At Risk,Q2 2026
PRJ-000686-SP06,PRJ-000686,MAT-1003,2026-02-01,4410,2674,1760,12,52920,Partial,At Risk,Q1 2026
PRJ-000686-SP07,PRJ-000686,MAT-1010,2027-12-01,52,16,13,980,50960,Partial,Within Lead Time,Q4 2027
PRJ-000687-SP01,PRJ-000687,MAT-1004,2026-10-01,6614,6159,3968,27,178578,Partial,At Risk,Q4 2026
PRJ-000687-SP02,PRJ-000687,MAT-1007,2026-02-01,4,0,0,14500,58000,Not Reserved,At Risk,Q1 2026
PRJ-000687-SP03,PRJ-000687,MAT-1006,2026-08-01,77,39,2,6200,477400,Partial,At Risk,Q3 2026
PRJ-000688-SP01,PRJ-000688,MAT-1003,2026-12-01,2751,1850,1389,12,33012,Partial,Within Lead Time,Q4 2026
PRJ-000688-SP02,PRJ-000688,MAT-1008,2029-01-01,10,3,2,19000,190000,Partial,Within Lead Time,Q1 2029
PRJ-000688-SP03,PRJ-000688,MAT-1001,2028-08-01,59,14,13,2100,123900,Partial,Within Lead Time,Q3 2028
PRJ-000688-SP04,PRJ-000688,MAT-1007,2028-10-01,73,60,2,14500,1058500,Partial,Within Lead Time,Q4 2028
PRJ-000688-SP05,PRJ-000688,MAT-1004,2028-09-01,1826,890,442,27,49302,Partial,Within Lead Time,Q3 2028
PRJ-000689-SP01,PRJ-000689,MAT-1002,2028-05-01,9,6,0,420,3780,Partial,Within Lead Time,Q2 2028
PRJ-000689-SP02,PRJ-000689,MAT-1010,2027-04-01,19,14,13,980,18620,Partial,Within Lead Time,Q2 2027
PRJ-000689-SP03,PRJ-000689,MAT-1007,2027-01-01,60,18,2,14500,870000,Partial,Within Lead Time,Q1 2027
PRJ-000689-SP04,PRJ-000689,MAT-1004,2027-07-01,8162,1804,424,27,220374,Partial,Within Lead Time,Q3 2027
PRJ-000689-SP05,PRJ-000689,MAT-1004,2026-02-01,9345,5983,2223,27,252315,Partial,At Risk,Q1 2026
PRJ-000689-SP06,PRJ-000689,MAT-1007,2026-11-01,59,1,1,14500,855500,Partial,At Risk,Q4 2026
PRJ-000689-SP07,PRJ-000689,MAT-1005,2027-04-01,40,13,6,26000,1040000,Partial,Within Lead Time,Q2 2027
PRJ-000690-SP01,PRJ-000690,MAT-1009,2026-09-01,68,10,7,145,9860,Partial,At Risk,Q3 2026
PRJ-000690-SP02,PRJ-000690,MAT-1007,2028-07-01,10,9,2,14500,145000,Partial,Within Lead Time,Q3 2028
PRJ-000691-SP01,PRJ-000691,MAT-1002,2028-10-01,16,5,2,420,6720,Partial,Within Lead Time,Q4 2028
PRJ-000691-SP02,PRJ-000691,MAT-1005,2027-12-01,52,2,0,26000,1352000,Partial,Within Lead Time,Q4 2027
PRJ-000691-SP03,PRJ-000691,MAT-1004,2026-04-01,4845,1821,1205,27,130815,Partial,At Risk,Q2 2026
PRJ-000691-SP04,PRJ-000691,MAT-1009,2028-06-01,30,1,1,145,4350,Partial,Within Lead Time,Q2 2028
PRJ-000691-SP05,PRJ-000691,MAT-1010,2028-04-01,9,2,2,980,8820,Partial,Within Lead Time,Q2 2028
PRJ-000691-SP06,PRJ-000691,MAT-1008,2028-12-01,77,43,3,19000,1463000,Partial,Within Lead Time,Q4 2028
PRJ-000691-SP07,PRJ-000691,MAT-1003,2027-08-01,594,381,380,12,7128,Partial,Within Lead Time,Q3 2027
PRJ-000691-SP08,PRJ-000691,MAT-1002,2027-03-01,53,34,3,420,22260,Partial,Within Lead Time,Q1 2027
PRJ-000692-SP01,PRJ-000692,MAT-1001,2026-07-01,46,45,41,2100,96600,Partial,At Risk,Q3 2026
PRJ-000692-SP02,PRJ-000692,MAT-1006,2028-06-01,24,13,5,6200,148800,Partial,Within Lead Time,Q2 2028
PRJ-000692-SP03,PRJ-000692,MAT-1002,2026-02-01,15,8,6,420,6300,Partial,At Risk,Q1 2026
PRJ-000692-SP04,PRJ-000692,MAT-1010,2028-11-01,39,28,18,980,38220,Partial,Within Lead Time,Q4 2028
PRJ-000692-SP05,PRJ-000692,MAT-1002,2027-01-01,65,1,1,420,27300,Partial,Within Lead Time,Q1 2027
PRJ-000692-SP06,PRJ-000692,MAT-1001,2027-11-01,17,12,5,2100,35700,Partial,Within Lead Time,Q4 2027
PRJ-000692-SP07,PRJ-000692,MAT-1004,2027-10-01,4819,2905,2788,27,130113,Partial,Within Lead Time,Q4 2027
PRJ-000692-SP08,PRJ-000692,MAT-1007,2027-02-01,49,10,5,14500,710500,Partial,Within Lead Time,Q1 2027
PRJ-000693-SP01,PRJ-000693,MAT-1011,2026-05-01,30,24,3,130,3900,Partial,At Risk,Q2 2026
PRJ-000693-SP02,PRJ-000693,MAT-1011,2026-12-01,5,2,2,130,650,Partial,Within Lead Time,Q4 2026
PRJ-000693-SP03,PRJ-000693,MAT-1008,2027-01-01,21,16,10,19000,399000,Partial,At Risk,Q1 2027
PRJ-000693-SP04,PRJ-000693,MAT-1009,2029-01-01,68,62,57,145,9860,Partial,Within Lead Time,Q1 2029
PRJ-000694-SP01,PRJ-000694,MAT-1009,2028-04-01,25,1,1,145,3625,Partial,Within Lead Time,Q2 2028
PRJ-000694-SP02,PRJ-000694,MAT-1007,2026-04-01,69,64,63,14500,1000500,Partial,At Risk,Q2 2026
PRJ-000694-SP03,PRJ-000694,MAT-1004,2028-01-01,5732,933,914,27,154764,Partial,Within Lead Time,Q1 2028
PRJ-000694-SP04,PRJ-000694,MAT-1004,2027-04-01,1777,822,611,27,47979,Partial,Within Lead Time,Q2 2027
PRJ-000694-SP05,PRJ-000694,MAT-1011,2028-05-01,60,0,0,130,7800,Not Reserved,Within Lead Time,Q2 2028
PRJ-000694-SP06,PRJ-000694,MAT-1002,2026-12-01,13,6,5,420,5460,Partial,Within Lead Time,Q4 2026
PRJ-000694-SP07,PRJ-000694,MAT-1012,2028-03-01,32,27,3,68,2176,Partial,Within Lead Time,Q1 2028
PRJ-000694-SP08,PRJ-000694,MAT-1009,2028-07-01,78,13,11,145,11310,Partial,Within Lead Time,Q3 2028
PRJ-000695-SP01,PRJ-000695,MAT-1009,2028-06-01,33,11,1,145,4785,Partial,Within Lead Time,Q2 2028
PRJ-000695-SP02,PRJ-000695,MAT-1009,2026-08-01,2,0,0,145,290,Not Reserved,At Risk,Q3 2026
PRJ-000695-SP03,PRJ-000695,MAT-1011,2028-07-01,40,35,3,130,5200,Partial,Within Lead Time,Q3 2028
PRJ-000696-SP01,PRJ-000696,MAT-1011,2027-07-01,58,56,6,130,7540,Partial,Within Lead Time,Q3 2027
PRJ-000696-SP02,PRJ-000696,MAT-1012,2028-06-01,52,33,8,68,3536,Partial,Within Lead Time,Q2 2028
PRJ-000696-SP03,PRJ-000696,MAT-1010,2027-02-01,8,3,1,980,7840,Partial,Within Lead Time,Q1 2027
PRJ-000696-SP04,PRJ-000696,MAT-1005,2026-09-01,41,30,23,26000,1066000,Partial,At Risk,Q3 2026
PRJ-000696-SP05,PRJ-000696,MAT-1006,2026-09-01,61,47,19,6200,378200,Partial,At Risk,Q3 2026
PRJ-000696-SP06,PRJ-000696,MAT-1002,2026-11-01,36,28,1,420,15120,Partial,Within Lead Time,Q4 2026
PRJ-000696-SP07,PRJ-000696,MAT-1004,2027-11-01,2239,496,471,27,60453,Partial,Within Lead Time,Q4 2027
PRJ-000696-SP08,PRJ-000696,MAT-1006,2028-06-01,49,4,2,6200,303800,Partial,Within Lead Time,Q2 2028
PRJ-000697-SP01,PRJ-000697,MAT-1003,2026-05-01,9277,1716,1178,12,111324,Partial,At Risk,Q2 2026
PRJ-000697-SP02,PRJ-000697,MAT-1010,2026-07-01,25,1,1,980,24500,Partial,At Risk,Q3 2026
PRJ-000697-SP03,PRJ-000697,MAT-1003,2028-01-01,9851,587,360,12,118212,Partial,Within Lead Time,Q1 2028
PRJ-000697-SP04,PRJ-000697,MAT-1002,2028-04-01,63,52,26,420,26460,Partial,Within Lead Time,Q2 2028
PRJ-000697-SP05,PRJ-000697,MAT-1007,2026-10-01,72,71,55,14500,1044000,Partial,At Risk,Q4 2026
PRJ-000697-SP06,PRJ-000697,MAT-1007,2027-07-01,10,1,0,14500,145000,Partial,Within Lead Time,Q3 2027
PRJ-000698-SP01,PRJ-000698,MAT-1005,2028-04-01,27,13,0,26000,702000,Partial,Within Lead Time,Q2 2028
PRJ-000698-SP02,PRJ-000698,MAT-1001,2026-04-01,53,49,12,2100,111300,Partial,At Risk,Q2 2026
PRJ-000698-SP03,PRJ-000698,MAT-1004,2026-04-01,6674,4006,7,27,180198,Partial,At Risk,Q2 2026
PRJ-000699-SP01,PRJ-000699,MAT-1012,2026-01-01,35,35,28,68,2380,Partial,At Risk,Q1 2026
PRJ-000699-SP02,PRJ-000699,MAT-1005,2028-05-01,32,16,5,26000,832000,Partial,Within Lead Time,Q2 2028
PRJ-000700-SP01,PRJ-000700,MAT-1010,2028-07-01,27,20,11,980,26460,Partial,Within Lead Time,Q3 2028
PRJ-000700-SP02,PRJ-000700,MAT-1004,2026-11-01,3428,2216,1474,27,92556,Partial,At Risk,Q4 2026
PRJ-000700-SP03,PRJ-000700,MAT-1001,2028-07-01,10,3,2,2100,21000,Partial,Within Lead Time,Q3 2028
PRJ-000700-SP04,PRJ-000700,MAT-1005,2027-07-01,32,22,20,26000,832000,Partial,Within Lead Time,Q3 2027
PRJ-000701-SP01,PRJ-000701,MAT-1001,2026-06-01,10,2,0,2100,21000,Partial,At Risk,Q2 2026
PRJ-000701-SP02,PRJ-000701,MAT-1005,2027-02-01,49,44,39,26000,1274000,Partial,Within Lead Time,Q1 2027
PRJ-000701-SP03,PRJ-000701,MAT-1006,2029-01-01,18,1,0,6200,111600,Partial,Within Lead Time,Q1 2029
PRJ-000701-SP04,PRJ-000701,MAT-1012,2027-07-01,47,17,11,68,3196,Partial,Within Lead Time,Q3 2027
PRJ-000701-SP05,PRJ-000701,MAT-1006,2027-07-01,73,67,44,6200,452600,Partial,Within Lead Time,Q3 2027
PRJ-000701-SP06,PRJ-000701,MAT-1011,2028-11-01,2,1,1,130,260,Partial,Within Lead Time,Q4 2028
PRJ-000701-SP07,PRJ-000701,MAT-1012,2026-06-01,38,34,7,68,2584,Partial,At Risk,Q2 2026
PRJ-000702-SP01,PRJ-000702,MAT-1011,2027-05-01,28,13,9,130,3640,Partial,Within Lead Time,Q2 2027
PRJ-000702-SP02,PRJ-000702,MAT-1004,2026-02-01,6336,4482,1704,27,171072,Partial,At Risk,Q1 2026
PRJ-000702-SP03,PRJ-000702,MAT-1012,2028-10-01,65,31,11,68,4420,Partial,Within Lead Time,Q4 2028
PRJ-000703-SP01,PRJ-000703,MAT-1005,2026-02-01,40,24,20,26000,1040000,Partial,At Risk,Q1 2026
PRJ-000703-SP02,PRJ-000703,MAT-1002,2026-03-01,51,7,2,420,21420,Partial,At Risk,Q1 2026
PRJ-000703-SP03,PRJ-000703,MAT-1009,2028-12-01,42,28,8,145,6090,Partial,Within Lead Time,Q4 2028
PRJ-000703-SP04,PRJ-000703,MAT-1004,2027-08-01,7862,5222,2008,27,212274,Partial,Within Lead Time,Q3 2027
PRJ-000703-SP05,PRJ-000703,MAT-1009,2026-04-01,69,25,20,145,10005,Partial,At Risk,Q2 2026
PRJ-000704-SP01,PRJ-000704,MAT-1003,2027-12-01,1063,345,180,12,12756,Partial,Within Lead Time,Q4 2027
PRJ-000704-SP02,PRJ-000704,MAT-1006,2028-11-01,65,45,2,6200,403000,Partial,Within Lead Time,Q4 2028
PRJ-000705-SP01,PRJ-000705,MAT-1004,2028-08-01,1083,653,339,27,29241,Partial,Within Lead Time,Q3 2028
PRJ-000705-SP02,PRJ-000705,MAT-1007,2026-06-01,33,21,8,14500,478500,Partial,At Risk,Q2 2026
PRJ-000705-SP03,PRJ-000705,MAT-1006,2026-04-01,80,28,14,6200,496000,Partial,At Risk,Q2 2026
PRJ-000705-SP04,PRJ-000705,MAT-1007,2027-07-01,36,23,12,14500,522000,Partial,Within Lead Time,Q3 2027
PRJ-000706-SP01,PRJ-000706,MAT-1009,2026-12-01,17,2,1,145,2465,Partial,Within Lead Time,Q4 2026
PRJ-000706-SP02,PRJ-000706,MAT-1011,2027-06-01,49,2,1,130,6370,Partial,Within Lead Time,Q2 2027
PRJ-000707-SP01,PRJ-000707,MAT-1006,2026-09-01,4,3,1,6200,24800,Partial,At Risk,Q3 2026
PRJ-000707-SP02,PRJ-000707,MAT-1002,2026-11-01,15,6,3,420,6300,Partial,Within Lead Time,Q4 2026
PRJ-000707-SP03,PRJ-000707,MAT-1012,2027-01-01,76,52,37,68,5168,Partial,Within Lead Time,Q1 2027
PRJ-000707-SP04,PRJ-000707,MAT-1007,2028-10-01,18,17,14,14500,261000,Partial,Within Lead Time,Q4 2028
PRJ-000707-SP05,PRJ-000707,MAT-1012,2028-06-01,56,51,8,68,3808,Partial,Within Lead Time,Q2 2028
PRJ-000707-SP06,PRJ-000707,MAT-1007,2027-02-01,29,4,1,14500,420500,Partial,Within Lead Time,Q1 2027
PRJ-000707-SP07,PRJ-000707,MAT-1009,2028-10-01,13,7,5,145,1885,Partial,Within Lead Time,Q4 2028
PRJ-000707-SP08,PRJ-000707,MAT-1011,2027-10-01,31,25,13,130,4030,Partial,Within Lead Time,Q4 2027
PRJ-000708-SP01,PRJ-000708,MAT-1010,2026-08-01,72,2,1,980,70560,Partial,At Risk,Q3 2026
PRJ-000708-SP02,PRJ-000708,MAT-1007,2026-12-01,29,17,4,14500,420500,Partial,At Risk,Q4 2026
PRJ-000708-SP03,PRJ-000708,MAT-1006,2028-08-01,36,4,2,6200,223200,Partial,Within Lead Time,Q3 2028
PRJ-000708-SP04,PRJ-000708,MAT-1011,2028-10-01,68,18,18,130,8840,Partial,Within Lead Time,Q4 2028
PRJ-000708-SP05,PRJ-000708,MAT-1003,2027-04-01,9878,9484,1169,12,118536,Partial,Within Lead Time,Q2 2027
PRJ-000709-SP01,PRJ-000709,MAT-1007,2028-03-01,45,43,9,14500,652500,Partial,Within Lead Time,Q1 2028
PRJ-000709-SP02,PRJ-000709,MAT-1010,2028-08-01,22,10,2,980,21560,Partial,Within Lead Time,Q3 2028
PRJ-000709-SP03,PRJ-000709,MAT-1004,2029-01-01,1893,1101,583,27,51111,Partial,Within Lead Time,Q1 2029
PRJ-000709-SP04,PRJ-000709,MAT-1010,2026-04-01,60,57,8,980,58800,Partial,At Risk,Q2 2026
PRJ-000709-SP05,PRJ-000709,MAT-1010,2028-08-01,35,1,1,980,34300,Partial,Within Lead Time,Q3 2028
PRJ-000709-SP06,PRJ-000709,MAT-1007,2026-12-01,29,20,8,14500,420500,Partial,At Risk,Q4 2026
PRJ-000709-SP07,PRJ-000709,MAT-1001,2026-06-01,21,20,8,2100,44100,Partial,At Risk,Q2 2026
PRJ-000710-SP01,PRJ-000710,MAT-1012,2026-06-01,18,3,1,68,1224,Partial,At Risk,Q2 2026
PRJ-000710-SP02,PRJ-000710,MAT-1002,2028-09-01,3,0,0,420,1260,Not Reserved,Within Lead Time,Q3 2028
PRJ-000711-SP01,PRJ-000711,MAT-1006,2028-08-01,9,2,0,6200,55800,Partial,Within Lead Time,Q3 2028
PRJ-000711-SP02,PRJ-000711,MAT-1006,2028-12-01,46,26,14,6200,285200,Partial,Within Lead Time,Q4 2028
PRJ-000711-SP03,PRJ-000711,MAT-1003,2026-04-01,1789,1673,553,12,21468,Partial,At Risk,Q2 2026
PRJ-000712-SP01,PRJ-000712,MAT-1005,2028-08-01,44,18,3,26000,1144000,Partial,Within Lead Time,Q3 2028
PRJ-000712-SP02,PRJ-000712,MAT-1001,2027-09-01,28,21,16,2100,58800,Partial,Within Lead Time,Q3 2027
PRJ-000712-SP03,PRJ-000712,MAT-1005,2026-10-01,36,32,26,26000,936000,Partial,At Risk,Q4 2026
PRJ-000713-SP01,PRJ-000713,MAT-1005,2028-11-01,54,26,4,26000,1404000,Partial,Within Lead Time,Q4 2028
PRJ-000713-SP02,PRJ-000713,MAT-1008,2026-02-01,70,31,5,19000,1330000,Partial,At Risk,Q1 2026
PRJ-000713-SP03,PRJ-000713,MAT-1005,2026-03-01,35,23,12,26000,910000,Partial,At Risk,Q1 2026
PRJ-000713-SP04,PRJ-000713,MAT-1007,2027-06-01,27,22,5,14500,391500,Partial,Within Lead Time,Q2 2027
PRJ-000713-SP05,PRJ-000713,MAT-1002,2026-09-01,40,38,14,420,16800,Partial,At Risk,Q3 2026
PRJ-000714-SP01,PRJ-000714,MAT-1002,2026-03-01,76,51,21,420,31920,Partial,At Risk,Q1 2026
PRJ-000714-SP02,PRJ-000714,MAT-1002,2027-09-01,13,10,4,420,5460,Partial,Within Lead Time,Q3 2027
PRJ-000714-SP03,PRJ-000714,MAT-1011,2027-05-01,49,31,7,130,6370,Partial,Within Lead Time,Q2 2027
PRJ-000714-SP04,PRJ-000714,MAT-1002,2026-06-01,30,4,3,420,12600,Partial,At Risk,Q2 2026
PRJ-000714-SP05,PRJ-000714,MAT-1007,2026-09-01,53,44,12,14500,768500,Partial,At Risk,Q3 2026
PRJ-000714-SP06,PRJ-000714,MAT-1012,2027-02-01,61,3,1,68,4148,Partial,Within Lead Time,Q1 2027
PRJ-000714-SP07,PRJ-000714,MAT-1003,2026-07-01,2726,659,157,12,32712,Partial,At Risk,Q3 2026
PRJ-000714-SP08,PRJ-000714,MAT-1002,2026-11-01,33,1,1,420,13860,Partial,Within Lead Time,Q4 2026
PRJ-000715-SP01,PRJ-000715,MAT-1008,2028-04-01,62,26,1,19000,1178000,Partial,Within Lead Time,Q2 2028
PRJ-000715-SP02,PRJ-000715,MAT-1011,2026-10-01,78,35,5,130,10140,Partial,Within Lead Time,Q4 2026
PRJ-000715-SP03,PRJ-000715,MAT-1005,2028-03-01,59,29,19,26000,1534000,Partial,Within Lead Time,Q1 2028
PRJ-000715-SP04,PRJ-000715,MAT-1002,2026-03-01,21,2,1,420,8820,Partial,At Risk,Q1 2026
PRJ-000715-SP05,PRJ-000715,MAT-1010,2026-03-01,68,33,19,980,66640,Partial,At Risk,Q1 2026
PRJ-000715-SP06,PRJ-000715,MAT-1005,2028-07-01,44,43,15,26000,1144000,Partial,Within Lead Time,Q3 2028
PRJ-000716-SP01,PRJ-000716,MAT-1004,2028-06-01,1823,149,134,27,49221,Partial,Within Lead Time,Q2 2028
PRJ-000716-SP02,PRJ-000716,MAT-1009,2026-06-01,8,4,2,145,1160,Partial,At Risk,Q2 2026
PRJ-000716-SP03,PRJ-000716,MAT-1011,2026-01-01,71,42,15,130,9230,Partial,At Risk,Q1 2026
PRJ-000716-SP04,PRJ-000716,MAT-1008,2026-10-01,39,10,9,19000,741000,Partial,At Risk,Q4 2026
PRJ-000716-SP05,PRJ-000716,MAT-1011,2028-11-01,22,18,6,130,2860,Partial,Within Lead Time,Q4 2028
PRJ-000717-SP01,PRJ-000717,MAT-1007,2027-11-01,22,4,3,14500,319000,Partial,Within Lead Time,Q4 2027
PRJ-000717-SP02,PRJ-000717,MAT-1003,2026-06-01,5433,3888,150,12,65196,Partial,At Risk,Q2 2026
PRJ-000717-SP03,PRJ-000717,MAT-1003,2028-08-01,2863,1145,837,12,34356,Partial,Within Lead Time,Q3 2028
PRJ-000717-SP04,PRJ-000717,MAT-1003,2026-01-01,8898,2315,1364,12,106776,Partial,At Risk,Q1 2026
PRJ-000717-SP05,PRJ-000717,MAT-1007,2026-09-01,41,26,16,14500,594500,Partial,At Risk,Q3 2026
PRJ-000717-SP06,PRJ-000717,MAT-1012,2028-02-01,9,4,0,68,612,Partial,Within Lead Time,Q1 2028
PRJ-000717-SP07,PRJ-000717,MAT-1003,2026-07-01,5319,3537,1756,12,63828,Partial,At Risk,Q3 2026
PRJ-000717-SP08,PRJ-000717,MAT-1007,2027-09-01,39,9,0,14500,565500,Partial,Within Lead Time,Q3 2027
PRJ-000718-SP01,PRJ-000718,MAT-1011,2028-01-01,38,17,15,130,4940,Partial,Within Lead Time,Q1 2028
PRJ-000718-SP02,PRJ-000718,MAT-1003,2028-04-01,7645,602,155,12,91740,Partial,Within Lead Time,Q2 2028
PRJ-000718-SP03,PRJ-000718,MAT-1010,2026-04-01,65,0,0,980,63700,Not Reserved,At Risk,Q2 2026
PRJ-000719-SP01,PRJ-000719,MAT-1006,2028-12-01,58,28,22,6200,359600,Partial,Within Lead Time,Q4 2028
PRJ-000719-SP02,PRJ-000719,MAT-1007,2028-11-01,37,15,1,14500,536500,Partial,Within Lead Time,Q4 2028
PRJ-000719-SP03,PRJ-000719,MAT-1011,2028-05-01,2,1,1,130,260,Partial,Within Lead Time,Q2 2028
PRJ-000720-SP01,PRJ-000720,MAT-1008,2029-01-01,52,27,14,19000,988000,Partial,Within Lead Time,Q1 2029
PRJ-000720-SP02,PRJ-000720,MAT-1001,2027-06-01,78,28,14,2100,163800,Partial,Within Lead Time,Q2 2027
PRJ-000720-SP03,PRJ-000720,MAT-1012,2028-02-01,39,2,1,68,2652,Partial,Within Lead Time,Q1 2028
PRJ-000720-SP04,PRJ-000720,MAT-1009,2028-10-01,36,35,30,145,5220,Partial,Within Lead Time,Q4 2028
PRJ-000720-SP05,PRJ-000720,MAT-1009,2027-10-01,15,10,7,145,2175,Partial,Within Lead Time,Q4 2027
PRJ-000720-SP06,PRJ-000720,MAT-1005,2028-05-01,45,15,11,26000,1170000,Partial,Within Lead Time,Q2 2028
PRJ-000721-SP01,PRJ-000721,MAT-1012,2026-01-01,35,16,9,68,2380,Partial,At Risk,Q1 2026
PRJ-000721-SP02,PRJ-000721,MAT-1012,2027-10-01,21,19,9,68,1428,Partial,Within Lead Time,Q4 2027
PRJ-000721-SP03,PRJ-000721,MAT-1008,2026-08-01,54,42,19,19000,1026000,Partial,At Risk,Q3 2026
PRJ-000721-SP04,PRJ-000721,MAT-1003,2027-11-01,6087,1414,406,12,73044,Partial,Within Lead Time,Q4 2027
PRJ-000721-SP05,PRJ-000721,MAT-1004,2026-09-01,1604,1431,35,27,43308,Partial,At Risk,Q3 2026
PRJ-000721-SP06,PRJ-000721,MAT-1006,2026-04-01,35,9,5,6200,217000,Partial,At Risk,Q2 2026
PRJ-000721-SP07,PRJ-000721,MAT-1008,2027-03-01,67,51,51,19000,1273000,Partial,Within Lead Time,Q1 2027
PRJ-000722-SP01,PRJ-000722,MAT-1010,2028-04-01,11,4,3,980,10780,Partial,Within Lead Time,Q2 2028
PRJ-000722-SP02,PRJ-000722,MAT-1003,2028-04-01,9215,8053,57,12,110580,Partial,Within Lead Time,Q2 2028
PRJ-000722-SP03,PRJ-000722,MAT-1012,2027-03-01,16,4,4,68,1088,Partial,Within Lead Time,Q1 2027
PRJ-000723-SP01,PRJ-000723,MAT-1008,2027-01-01,2,2,1,19000,38000,Partial,At Risk,Q1 2027
PRJ-000723-SP02,PRJ-000723,MAT-1002,2027-08-01,48,30,15,420,20160,Partial,Within Lead Time,Q3 2027
PRJ-000723-SP03,PRJ-000723,MAT-1003,2026-02-01,5965,5769,1846,12,71580,Partial,At Risk,Q1 2026
PRJ-000724-SP01,PRJ-000724,MAT-1004,2026-08-01,1396,718,589,27,37692,Partial,At Risk,Q3 2026
PRJ-000724-SP02,PRJ-000724,MAT-1004,2027-07-01,8020,3899,3893,27,216540,Partial,Within Lead Time,Q3 2027
PRJ-000724-SP03,PRJ-000724,MAT-1007,2028-01-01,27,15,9,14500,391500,Partial,Within Lead Time,Q1 2028
PRJ-000724-SP04,PRJ-000724,MAT-1012,2027-05-01,70,32,6,68,4760,Partial,Within Lead Time,Q2 2027
PRJ-000724-SP05,PRJ-000724,MAT-1012,2028-11-01,79,2,0,68,5372,Partial,Within Lead Time,Q4 2028
PRJ-000725-SP01,PRJ-000725,MAT-1009,2026-09-01,67,17,11,145,9715,Partial,At Risk,Q3 2026
PRJ-000725-SP02,PRJ-000725,MAT-1012,2028-08-01,79,30,14,68,5372,Partial,Within Lead Time,Q3 2028
PRJ-000725-SP03,PRJ-000725,MAT-1009,2028-12-01,59,11,6,145,8555,Partial,Within Lead Time,Q4 2028
PRJ-000725-SP04,PRJ-000725,MAT-1008,2028-04-01,12,2,1,19000,228000,Partial,Within Lead Time,Q2 2028
PRJ-000725-SP05,PRJ-000725,MAT-1010,2028-11-01,30,5,4,980,29400,Partial,Within Lead Time,Q4 2028
PRJ-000725-SP06,PRJ-000725,MAT-1012,2027-09-01,77,64,15,68,5236,Partial,Within Lead Time,Q3 2027
PRJ-000725-SP07,PRJ-000725,MAT-1007,2028-04-01,58,19,15,14500,841000,Partial,Within Lead Time,Q2 2028
PRJ-000726-SP01,PRJ-000726,MAT-1012,2028-03-01,29,6,5,68,1972,Partial,Within Lead Time,Q1 2028
PRJ-000726-SP02,PRJ-000726,MAT-1012,2028-10-01,36,26,1,68,2448,Partial,Within Lead Time,Q4 2028
PRJ-000726-SP03,PRJ-000726,MAT-1011,2027-06-01,8,7,4,130,1040,Partial,Within Lead Time,Q2 2027
PRJ-000727-SP01,PRJ-000727,MAT-1005,2026-02-01,6,5,4,26000,156000,Partial,At Risk,Q1 2026
PRJ-000727-SP02,PRJ-000727,MAT-1007,2028-05-01,68,61,51,14500,986000,Partial,Within Lead Time,Q2 2028
PRJ-000727-SP03,PRJ-000727,MAT-1012,2027-09-01,14,12,7,68,952,Partial,Within Lead Time,Q3 2027
PRJ-000727-SP04,PRJ-000727,MAT-1003,2026-09-01,6122,4907,871,12,73464,Partial,At Risk,Q3 2026
PRJ-000727-SP05,PRJ-000727,MAT-1009,2027-09-01,2,1,1,145,290,Partial,Within Lead Time,Q3 2027
PRJ-000727-SP06,PRJ-000727,MAT-1010,2028-10-01,50,12,1,980,49000,Partial,Within Lead Time,Q4 2028
PRJ-000727-SP07,PRJ-000727,MAT-1003,2028-03-01,5121,559,343,12,61452,Partial,Within Lead Time,Q1 2028
PRJ-000728-SP01,PRJ-000728,MAT-1002,2028-08-01,41,18,9,420,17220,Partial,Within Lead Time,Q3 2028
PRJ-000728-SP02,PRJ-000728,MAT-1003,2027-08-01,4834,3121,1694,12,58008,Partial,Within Lead Time,Q3 2027
PRJ-000728-SP03,PRJ-000728,MAT-1011,2028-01-01,14,2,1,130,1820,Partial,Within Lead Time,Q1 2028
PRJ-000728-SP04,PRJ-000728,MAT-1003,2028-03-01,1250,829,367,12,15000,Partial,Within Lead Time,Q1 2028
PRJ-000728-SP05,PRJ-000728,MAT-1006,2028-01-01,63,37,1,6200,390600,Partial,Within Lead Time,Q1 2028
PRJ-000729-SP01,PRJ-000729,MAT-1009,2028-12-01,13,13,8,145,1885,Partial,Within Lead Time,Q4 2028
PRJ-000729-SP02,PRJ-000729,MAT-1006,2026-05-01,22,21,6,6200,136400,Partial,At Risk,Q2 2026
PRJ-000729-SP03,PRJ-000729,MAT-1009,2027-09-01,54,48,26,145,7830,Partial,Within Lead Time,Q3 2027
PRJ-000729-SP04,PRJ-000729,MAT-1011,2026-11-01,5,2,0,130,650,Partial,Within Lead Time,Q4 2026
PRJ-000729-SP05,PRJ-000729,MAT-1004,2027-06-01,8781,5361,442,27,237087,Partial,Within Lead Time,Q2 2027
PRJ-000729-SP06,PRJ-000729,MAT-1002,2028-08-01,34,10,10,420,14280,Partial,Within Lead Time,Q3 2028
PRJ-000730-SP01,PRJ-000730,MAT-1008,2027-11-01,73,26,21,19000,1387000,Partial,Within Lead Time,Q4 2027
PRJ-000730-SP02,PRJ-000730,MAT-1009,2026-01-01,14,9,1,145,2030,Partial,At Risk,Q1 2026
PRJ-000730-SP03,PRJ-000730,MAT-1009,2026-09-01,53,42,9,145,7685,Partial,At Risk,Q3 2026
PRJ-000730-SP04,PRJ-000730,MAT-1006,2028-04-01,45,41,28,6200,279000,Partial,Within Lead Time,Q2 2028
PRJ-000730-SP05,PRJ-000730,MAT-1009,2026-03-01,38,19,10,145,5510,Partial,At Risk,Q1 2026
PRJ-000730-SP06,PRJ-000730,MAT-1001,2026-08-01,45,41,36,2100,94500,Partial,At Risk,Q3 2026
PRJ-000731-SP01,PRJ-000731,MAT-1009,2028-08-01,57,56,3,145,8265,Partial,Within Lead Time,Q3 2028
PRJ-000731-SP02,PRJ-000731,MAT-1004,2028-04-01,4322,3840,1651,27,116694,Partial,Within Lead Time,Q2 2028
PRJ-000731-SP03,PRJ-000731,MAT-1010,2028-11-01,12,6,5,980,11760,Partial,Within Lead Time,Q4 2028
PRJ-000731-SP04,PRJ-000731,MAT-1009,2028-01-01,7,4,0,145,1015,Partial,Within Lead Time,Q1 2028
PRJ-000731-SP05,PRJ-000731,MAT-1008,2027-07-01,26,23,19,19000,494000,Partial,Within Lead Time,Q3 2027
PRJ-000732-SP01,PRJ-000732,MAT-1010,2027-04-01,23,7,5,980,22540,Partial,Within Lead Time,Q2 2027
PRJ-000732-SP02,PRJ-000732,MAT-1002,2026-01-01,57,13,8,420,23940,Partial,At Risk,Q1 2026
PRJ-000732-SP03,PRJ-000732,MAT-1007,2027-10-01,10,5,0,14500,145000,Partial,Within Lead Time,Q4 2027
PRJ-000732-SP04,PRJ-000732,MAT-1011,2026-11-01,48,18,4,130,6240,Partial,Within Lead Time,Q4 2026
PRJ-000732-SP05,PRJ-000732,MAT-1003,2027-09-01,3422,818,135,12,41064,Partial,Within Lead Time,Q3 2027
PRJ-000733-SP01,PRJ-000733,MAT-1010,2026-01-01,43,26,14,980,42140,Partial,At Risk,Q1 2026
PRJ-000733-SP02,PRJ-000733,MAT-1001,2027-04-01,67,10,3,2100,140700,Partial,Within Lead Time,Q2 2027
PRJ-000733-SP03,PRJ-000733,MAT-1008,2027-09-01,8,1,0,19000,152000,Partial,Within Lead Time,Q3 2027
PRJ-000733-SP04,PRJ-000733,MAT-1002,2027-10-01,4,4,4,420,1680,Fulfilled,Within Lead Time,Q4 2027
PRJ-000733-SP05,PRJ-000733,MAT-1008,2026-05-01,6,4,1,19000,114000,Partial,At Risk,Q2 2026
PRJ-000733-SP06,PRJ-000733,MAT-1002,2028-12-01,24,16,12,420,10080,Partial,Within Lead Time,Q4 2028
PRJ-000733-SP07,PRJ-000733,MAT-1001,2026-01-01,51,10,8,2100,107100,Partial,At Risk,Q1 2026
PRJ-000733-SP08,PRJ-000733,MAT-1007,2028-12-01,49,27,6,14500,710500,Partial,Within Lead Time,Q4 2028
PRJ-000734-SP01,PRJ-000734,MAT-1005,2027-12-01,50,4,4,26000,1300000,Partial,Within Lead Time,Q4 2027
PRJ-000734-SP02,PRJ-000734,MAT-1001,2028-03-01,3,2,0,2100,6300,Partial,Within Lead Time,Q1 2028
PRJ-000734-SP03,PRJ-000734,MAT-1002,2027-05-01,73,24,5,420,30660,Partial,Within Lead Time,Q2 2027
PRJ-000734-SP04,PRJ-000734,MAT-1012,2027-02-01,60,39,33,68,4080,Partial,Within Lead Time,Q1 2027
PRJ-000735-SP01,PRJ-000735,MAT-1005,2026-11-01,69,1,0,26000,1794000,Partial,At Risk,Q4 2026
PRJ-000735-SP02,PRJ-000735,MAT-1008,2026-12-01,29,1,1,19000,551000,Partial,At Risk,Q4 2026
PRJ-000735-SP03,PRJ-000735,MAT-1007,2027-07-01,31,22,15,14500,449500,Partial,Within Lead Time,Q3 2027
PRJ-000735-SP04,PRJ-000735,MAT-1010,2027-08-01,7,0,0,980,6860,Not Reserved,Within Lead Time,Q3 2027
PRJ-000735-SP05,PRJ-000735,MAT-1011,2027-08-01,22,15,4,130,2860,Partial,Within Lead Time,Q3 2027
PRJ-000735-SP06,PRJ-000735,MAT-1001,2028-12-01,58,17,14,2100,121800,Partial,Within Lead Time,Q4 2028
PRJ-000735-SP07,PRJ-000735,MAT-1010,2028-08-01,52,22,3,980,50960,Partial,Within Lead Time,Q3 2028
PRJ-000735-SP08,PRJ-000735,MAT-1004,2028-02-01,8307,1748,1387,27,224289,Partial,Within Lead Time,Q1 2028
PRJ-000736-SP01,PRJ-000736,MAT-1012,2027-12-01,55,38,14,68,3740,Partial,Within Lead Time,Q4 2027
PRJ-000736-SP02,PRJ-000736,MAT-1006,2028-09-01,12,10,9,6200,74400,Partial,Within Lead Time,Q3 2028
PRJ-000736-SP03,PRJ-000736,MAT-1009,2028-10-01,32,9,7,145,4640,Partial,Within Lead Time,Q4 2028
PRJ-000736-SP04,PRJ-000736,MAT-1008,2027-06-01,5,3,1,19000,95000,Partial,Within Lead Time,Q2 2027
PRJ-000736-SP05,PRJ-000736,MAT-1007,2026-08-01,33,4,3,14500,478500,Partial,At Risk,Q3 2026
PRJ-000736-SP06,PRJ-000736,MAT-1007,2028-05-01,64,11,5,14500,928000,Partial,Within Lead Time,Q2 2028
PRJ-000736-SP07,PRJ-000736,MAT-1002,2026-01-01,22,1,0,420,9240,Partial,At Risk,Q1 2026
PRJ-000737-SP01,PRJ-000737,MAT-1003,2027-08-01,3851,3152,760,12,46212,Partial,Within Lead Time,Q3 2027
PRJ-000737-SP02,PRJ-000737,MAT-1001,2026-01-01,72,39,32,2100,151200,Partial,At Risk,Q1 2026
PRJ-000737-SP03,PRJ-000737,MAT-1006,2027-07-01,41,4,2,6200,254200,Partial,Within Lead Time,Q3 2027
PRJ-000738-SP01,PRJ-000738,MAT-1004,2028-06-01,1551,742,426,27,41877,Partial,Within Lead Time,Q2 2028
PRJ-000738-SP02,PRJ-000738,MAT-1001,2026-08-01,78,14,2,2100,163800,Partial,At Risk,Q3 2026
PRJ-000738-SP03,PRJ-000738,MAT-1008,2028-06-01,26,5,3,19000,494000,Partial,Within Lead Time,Q2 2028
PRJ-000738-SP04,PRJ-000738,MAT-1005,2026-08-01,75,73,9,26000,1950000,Partial,At Risk,Q3 2026
PRJ-000738-SP05,PRJ-000738,MAT-1008,2026-07-01,11,3,1,19000,209000,Partial,At Risk,Q3 2026
PRJ-000738-SP06,PRJ-000738,MAT-1001,2027-05-01,14,3,1,2100,29400,Partial,Within Lead Time,Q2 2027
PRJ-000738-SP07,PRJ-000738,MAT-1011,2027-06-01,69,35,4,130,8970,Partial,Within Lead Time,Q2 2027
PRJ-000738-SP08,PRJ-000738,MAT-1008,2027-03-01,34,15,0,19000,646000,Partial,Within Lead Time,Q1 2027
PRJ-000739-SP01,PRJ-000739,MAT-1010,2026-02-01,38,9,1,980,37240,Partial,At Risk,Q1 2026
PRJ-000739-SP02,PRJ-000739,MAT-1002,2026-02-01,8,7,3,420,3360,Partial,At Risk,Q1 2026
PRJ-000739-SP03,PRJ-000739,MAT-1001,2027-08-01,35,8,2,2100,73500,Partial,Within Lead Time,Q3 2027
PRJ-000739-SP04,PRJ-000739,MAT-1003,2027-04-01,9012,1371,369,12,108144,Partial,Within Lead Time,Q2 2027
PRJ-000740-SP01,PRJ-000740,MAT-1001,2027-05-01,7,5,2,2100,14700,Partial,Within Lead Time,Q2 2027
PRJ-000740-SP02,PRJ-000740,MAT-1009,2026-10-01,15,0,0,145,2175,Not Reserved,Within Lead Time,Q4 2026
PRJ-000740-SP03,PRJ-000740,MAT-1003,2026-09-01,1759,145,91,12,21108,Partial,At Risk,Q3 2026
PRJ-000741-SP01,PRJ-000741,MAT-1003,2027-08-01,7644,5896,674,12,91728,Partial,Within Lead Time,Q3 2027
PRJ-000741-SP02,PRJ-000741,MAT-1010,2027-07-01,8,8,8,980,7840,Fulfilled,Within Lead Time,Q3 2027
PRJ-000741-SP03,PRJ-000741,MAT-1009,2026-08-01,10,3,1,145,1450,Partial,At Risk,Q3 2026
PRJ-000742-SP01,PRJ-000742,MAT-1010,2028-02-01,53,47,37,980,51940,Partial,Within Lead Time,Q1 2028
PRJ-000742-SP02,PRJ-000742,MAT-1006,2028-01-01,62,5,2,6200,384400,Partial,Within Lead Time,Q1 2028
PRJ-000743-SP01,PRJ-000743,MAT-1006,2026-04-01,30,9,9,6200,186000,Partial,At Risk,Q2 2026
PRJ-000743-SP02,PRJ-000743,MAT-1010,2026-07-01,6,6,1,980,5880,Partial,At Risk,Q3 2026
PRJ-000743-SP03,PRJ-000743,MAT-1009,2026-03-01,47,10,7,145,6815,Partial,At Risk,Q1 2026
PRJ-000743-SP04,PRJ-000743,MAT-1001,2027-07-01,66,43,31,2100,138600,Partial,Within Lead Time,Q3 2027
PRJ-000744-SP01,PRJ-000744,MAT-1006,2026-02-01,57,55,25,6200,353400,Partial,At Risk,Q1 2026
PRJ-000744-SP02,PRJ-000744,MAT-1003,2028-02-01,9655,8075,6897,12,115860,Partial,Within Lead Time,Q1 2028
PRJ-000745-SP01,PRJ-000745,MAT-1002,2028-07-01,52,9,2,420,21840,Partial,Within Lead Time,Q3 2028
PRJ-000745-SP02,PRJ-000745,MAT-1011,2026-06-01,25,23,13,130,3250,Partial,At Risk,Q2 2026
PRJ-000745-SP03,PRJ-000745,MAT-1004,2028-12-01,1793,1588,284,27,48411,Partial,Within Lead Time,Q4 2028
PRJ-000745-SP04,PRJ-000745,MAT-1002,2026-08-01,60,58,29,420,25200,Partial,At Risk,Q3 2026
PRJ-000745-SP05,PRJ-000745,MAT-1003,2026-06-01,9857,6204,2066,12,118284,Partial,At Risk,Q2 2026
PRJ-000746-SP01,PRJ-000746,MAT-1010,2027-05-01,5,3,3,980,4900,Partial,Within Lead Time,Q2 2027
PRJ-000746-SP02,PRJ-000746,MAT-1007,2028-01-01,62,58,8,14500,899000,Partial,Within Lead Time,Q1 2028
PRJ-000746-SP03,PRJ-000746,MAT-1002,2027-09-01,49,6,3,420,20580,Partial,Within Lead Time,Q3 2027
PRJ-000746-SP04,PRJ-000746,MAT-1012,2026-07-01,49,31,13,68,3332,Partial,At Risk,Q3 2026
PRJ-000746-SP05,PRJ-000746,MAT-1009,2026-12-01,22,19,18,145,3190,Partial,Within Lead Time,Q4 2026
PRJ-000746-SP06,PRJ-000746,MAT-1006,2027-09-01,76,37,29,6200,471200,Partial,Within Lead Time,Q3 2027
PRJ-000746-SP07,PRJ-000746,MAT-1009,2026-09-01,10,5,2,145,1450,Partial,At Risk,Q3 2026
PRJ-000746-SP08,PRJ-000746,MAT-1001,2027-05-01,71,41,31,2100,149100,Partial,Within Lead Time,Q2 2027
PRJ-000747-SP01,PRJ-000747,MAT-1003,2026-10-01,1097,993,176,12,13164,Partial,At Risk,Q4 2026
PRJ-000747-SP02,PRJ-000747,MAT-1008,2026-03-01,38,14,5,19000,722000,Partial,At Risk,Q1 2026
PRJ-000747-SP03,PRJ-000747,MAT-1006,2026-02-01,37,4,3,6200,229400,Partial,At Risk,Q1 2026
PRJ-000747-SP04,PRJ-000747,MAT-1003,2026-11-01,7496,2515,947,12,89952,Partial,Within Lead Time,Q4 2026
PRJ-000747-SP05,PRJ-000747,MAT-1008,2027-05-01,61,7,6,19000,1159000,Partial,Within Lead Time,Q2 2027
PRJ-000747-SP06,PRJ-000747,MAT-1011,2027-01-01,76,53,18,130,9880,Partial,Within Lead Time,Q1 2027
PRJ-000747-SP07,PRJ-000747,MAT-1007,2026-02-01,27,0,0,14500,391500,Not Reserved,At Risk,Q1 2026
PRJ-000747-SP08,PRJ-000747,MAT-1005,2027-04-01,34,30,7,26000,884000,Partial,Within Lead Time,Q2 2027
PRJ-000748-SP01,PRJ-000748,MAT-1008,2027-12-01,14,11,9,19000,266000,Partial,Within Lead Time,Q4 2027
PRJ-000748-SP02,PRJ-000748,MAT-1009,2026-06-01,36,29,23,145,5220,Partial,At Risk,Q2 2026
PRJ-000748-SP03,PRJ-000748,MAT-1009,2026-12-01,59,34,16,145,8555,Partial,Within Lead Time,Q4 2026
PRJ-000748-SP04,PRJ-000748,MAT-1007,2028-05-01,46,43,14,14500,667000,Partial,Within Lead Time,Q2 2028
PRJ-000748-SP05,PRJ-000748,MAT-1012,2027-05-01,52,25,21,68,3536,Partial,Within Lead Time,Q2 2027
PRJ-000748-SP06,PRJ-000748,MAT-1006,2027-06-01,52,13,0,6200,322400,Partial,Within Lead Time,Q2 2027
PRJ-000748-SP07,PRJ-000748,MAT-1007,2026-05-01,54,49,28,14500,783000,Partial,At Risk,Q2 2026
PRJ-000748-SP08,PRJ-000748,MAT-1008,2027-11-01,69,65,58,19000,1311000,Partial,Within Lead Time,Q4 2027
PRJ-000749-SP01,PRJ-000749,MAT-1011,2027-04-01,3,2,2,130,390,Partial,Within Lead Time,Q2 2027
PRJ-000749-SP02,PRJ-000749,MAT-1007,2027-09-01,24,19,14,14500,348000,Partial,Within Lead Time,Q3 2027
PRJ-000749-SP03,PRJ-000749,MAT-1006,2026-06-01,58,50,18,6200,359600,Partial,At Risk,Q2 2026
PRJ-000750-SP01,PRJ-000750,MAT-1001,2026-03-01,74,56,34,2100,155400,Partial,At Risk,Q1 2026
PRJ-000750-SP02,PRJ-000750,MAT-1008,2027-02-01,17,14,2,19000,323000,Partial,Within Lead Time,Q1 2027
PRJ-000750-SP03,PRJ-000750,MAT-1009,2026-07-01,39,19,12,145,5655,Partial,At Risk,Q3 2026
PRJ-000751-SP01,PRJ-000751,MAT-1008,2028-09-01,47,34,8,19000,893000,Partial,Within Lead Time,Q3 2028
PRJ-000751-SP02,PRJ-000751,MAT-1007,2027-05-01,71,59,16,14500,1029500,Partial,Within Lead Time,Q2 2027
PRJ-000751-SP03,PRJ-000751,MAT-1010,2028-02-01,3,0,0,980,2940,Not Reserved,Within Lead Time,Q1 2028
PRJ-000751-SP04,PRJ-000751,MAT-1005,2027-08-01,47,44,4,26000,1222000,Partial,Within Lead Time,Q3 2027
PRJ-000751-SP05,PRJ-000751,MAT-1012,2027-02-01,68,16,6,68,4624,Partial,Within Lead Time,Q1 2027
PRJ-000751-SP06,PRJ-000751,MAT-1005,2028-02-01,19,13,13,26000,494000,Partial,Within Lead Time,Q1 2028
PRJ-000752-SP01,PRJ-000752,MAT-1011,2028-07-01,56,18,16,130,7280,Partial,Within Lead Time,Q3 2028
PRJ-000752-SP02,PRJ-000752,MAT-1009,2026-01-01,58,5,1,145,8410,Partial,At Risk,Q1 2026
PRJ-000752-SP03,PRJ-000752,MAT-1008,2027-07-01,39,16,6,19000,741000,Partial,Within Lead Time,Q3 2027
PRJ-000752-SP04,PRJ-000752,MAT-1005,2026-04-01,53,33,9,26000,1378000,Partial,At Risk,Q2 2026
PRJ-000752-SP05,PRJ-000752,MAT-1007,2026-08-01,3,3,1,14500,43500,Partial,At Risk,Q3 2026
PRJ-000752-SP06,PRJ-000752,MAT-1002,2027-03-01,3,1,0,420,1260,Partial,Within Lead Time,Q1 2027
PRJ-000752-SP07,PRJ-000752,MAT-1004,2027-01-01,5065,2854,1508,27,136755,Partial,Within Lead Time,Q1 2027
PRJ-000752-SP08,PRJ-000752,MAT-1007,2027-04-01,12,6,2,14500,174000,Partial,Within Lead Time,Q2 2027
PRJ-000753-SP01,PRJ-000753,MAT-1006,2027-03-01,63,46,19,6200,390600,Partial,Within Lead Time,Q1 2027
PRJ-000753-SP02,PRJ-000753,MAT-1003,2026-08-01,4747,2583,1833,12,56964,Partial,At Risk,Q3 2026
PRJ-000753-SP03,PRJ-000753,MAT-1002,2027-09-01,41,40,36,420,17220,Partial,Within Lead Time,Q3 2027
PRJ-000753-SP04,PRJ-000753,MAT-1008,2028-03-01,43,39,6,19000,817000,Partial,Within Lead Time,Q1 2028
PRJ-000753-SP05,PRJ-000753,MAT-1003,2026-03-01,8439,3175,1473,12,101268,Partial,At Risk,Q1 2026
PRJ-000753-SP06,PRJ-000753,MAT-1009,2028-03-01,16,4,0,145,2320,Partial,Within Lead Time,Q1 2028
PRJ-000753-SP07,PRJ-000753,MAT-1003,2028-08-01,7803,6951,2718,12,93636,Partial,Within Lead Time,Q3 2028
PRJ-000754-SP01,PRJ-000754,MAT-1007,2026-10-01,29,18,16,14500,420500,Partial,At Risk,Q4 2026
PRJ-000754-SP02,PRJ-000754,MAT-1003,2028-06-01,8858,7334,2955,12,106296,Partial,Within Lead Time,Q2 2028
PRJ-000754-SP03,PRJ-000754,MAT-1009,2026-03-01,4,1,0,145,580,Partial,At Risk,Q1 2026
PRJ-000755-SP01,PRJ-000755,MAT-1001,2028-03-01,56,33,23,2100,117600,Partial,Within Lead Time,Q1 2028
PRJ-000755-SP02,PRJ-000755,MAT-1006,2027-09-01,62,18,13,6200,384400,Partial,Within Lead Time,Q3 2027
PRJ-000755-SP03,PRJ-000755,MAT-1001,2027-04-01,9,1,1,2100,18900,Partial,Within Lead Time,Q2 2027
PRJ-000755-SP04,PRJ-000755,MAT-1003,2026-06-01,4079,3794,1630,12,48948,Partial,At Risk,Q2 2026
PRJ-000755-SP05,PRJ-000755,MAT-1011,2028-11-01,45,20,19,130,5850,Partial,Within Lead Time,Q4 2028
PRJ-000755-SP06,PRJ-000755,MAT-1011,2027-09-01,57,57,17,130,7410,Partial,Within Lead Time,Q3 2027
PRJ-000755-SP07,PRJ-000755,MAT-1012,2027-12-01,7,4,3,68,476,Partial,Within Lead Time,Q4 2027
PRJ-000756-SP01,PRJ-000756,MAT-1003,2028-07-01,8747,3255,377,12,104964,Partial,Within Lead Time,Q3 2028
PRJ-000756-SP02,PRJ-000756,MAT-1003,2026-10-01,3317,703,448,12,39804,Partial,At Risk,Q4 2026
PRJ-000756-SP03,PRJ-000756,MAT-1012,2027-07-01,73,9,2,68,4964,Partial,Within Lead Time,Q3 2027
PRJ-000756-SP04,PRJ-000756,MAT-1004,2028-06-01,1509,1178,850,27,40743,Partial,Within Lead Time,Q2 2028
PRJ-000756-SP05,PRJ-000756,MAT-1002,2027-08-01,65,12,2,420,27300,Partial,Within Lead Time,Q3 2027
PRJ-000757-SP01,PRJ-000757,MAT-1004,2027-09-01,4667,3510,3341,27,126009,Partial,Within Lead Time,Q3 2027
PRJ-000757-SP02,PRJ-000757,MAT-1008,2028-04-01,73,44,20,19000,1387000,Partial,Within Lead Time,Q2 2028
PRJ-000757-SP03,PRJ-000757,MAT-1009,2028-04-01,68,59,34,145,9860,Partial,Within Lead Time,Q2 2028
PRJ-000757-SP04,PRJ-000757,MAT-1009,2026-11-01,51,15,14,145,7395,Partial,Within Lead Time,Q4 2026
PRJ-000757-SP05,PRJ-000757,MAT-1009,2028-01-01,34,26,4,145,4930,Partial,Within Lead Time,Q1 2028
PRJ-000758-SP01,PRJ-000758,MAT-1004,2027-12-01,7467,598,498,27,201609,Partial,Within Lead Time,Q4 2027
PRJ-000758-SP02,PRJ-000758,MAT-1008,2028-10-01,22,8,5,19000,418000,Partial,Within Lead Time,Q4 2028
PRJ-000758-SP03,PRJ-000758,MAT-1010,2026-04-01,47,20,18,980,46060,Partial,At Risk,Q2 2026
PRJ-000758-SP04,PRJ-000758,MAT-1005,2026-10-01,9,5,4,26000,234000,Partial,At Risk,Q4 2026
PRJ-000758-SP05,PRJ-000758,MAT-1009,2027-02-01,65,65,56,145,9425,Partial,Within Lead Time,Q1 2027
PRJ-000759-SP01,PRJ-000759,MAT-1003,2026-02-01,1317,725,169,12,15804,Partial,At Risk,Q1 2026
PRJ-000759-SP02,PRJ-000759,MAT-1001,2027-12-01,40,15,7,2100,84000,Partial,Within Lead Time,Q4 2027
PRJ-000759-SP03,PRJ-000759,MAT-1004,2026-02-01,3104,2141,614,27,83808,Partial,At Risk,Q1 2026
PRJ-000759-SP04,PRJ-000759,MAT-1006,2026-08-01,65,59,41,6200,403000,Partial,At Risk,Q3 2026
PRJ-000759-SP05,PRJ-000759,MAT-1006,2027-10-01,5,4,2,6200,31000,Partial,Within Lead Time,Q4 2027
PRJ-000760-SP01,PRJ-000760,MAT-1003,2028-10-01,1664,1486,619,12,19968,Partial,Within Lead Time,Q4 2028
PRJ-000760-SP02,PRJ-000760,MAT-1008,2028-04-01,4,2,0,19000,76000,Partial,Within Lead Time,Q2 2028
PRJ-000760-SP03,PRJ-000760,MAT-1001,2026-07-01,14,4,4,2100,29400,Partial,At Risk,Q3 2026
PRJ-000760-SP04,PRJ-000760,MAT-1003,2026-05-01,7220,6207,556,12,86640,Partial,At Risk,Q2 2026
PRJ-000760-SP05,PRJ-000760,MAT-1002,2028-08-01,16,14,3,420,6720,Partial,Within Lead Time,Q3 2028
PRJ-000760-SP06,PRJ-000760,MAT-1011,2026-01-01,46,17,6,130,5980,Partial,At Risk,Q1 2026
PRJ-000760-SP07,PRJ-000760,MAT-1010,2026-10-01,25,19,17,980,24500,Partial,At Risk,Q4 2026
PRJ-000760-SP08,PRJ-000760,MAT-1007,2026-01-01,38,13,8,14500,551000,Partial,At Risk,Q1 2026
PRJ-000761-SP01,PRJ-000761,MAT-1007,2027-08-01,50,32,31,14500,725000,Partial,Within Lead Time,Q3 2027
PRJ-000761-SP02,PRJ-000761,MAT-1002,2028-08-01,75,20,2,420,31500,Partial,Within Lead Time,Q3 2028
PRJ-000761-SP03,PRJ-000761,MAT-1005,2027-10-01,78,78,4,26000,2028000,Partial,Within Lead Time,Q4 2027
PRJ-000761-SP04,PRJ-000761,MAT-1008,2026-06-01,59,16,15,19000,1121000,Partial,At Risk,Q2 2026
PRJ-000761-SP05,PRJ-000761,MAT-1011,2027-01-01,22,2,2,130,2860,Partial,Within Lead Time,Q1 2027
PRJ-000761-SP06,PRJ-000761,MAT-1008,2028-03-01,43,27,16,19000,817000,Partial,Within Lead Time,Q1 2028
PRJ-000761-SP07,PRJ-000761,MAT-1012,2027-11-01,23,13,5,68,1564,Partial,Within Lead Time,Q4 2027
PRJ-000762-SP01,PRJ-000762,MAT-1012,2028-11-01,59,21,13,68,4012,Partial,Within Lead Time,Q4 2028
PRJ-000762-SP02,PRJ-000762,MAT-1004,2026-04-01,3053,2117,1197,27,82431,Partial,At Risk,Q2 2026
PRJ-000763-SP01,PRJ-000763,MAT-1010,2028-12-01,52,6,5,980,50960,Partial,Within Lead Time,Q4 2028
PRJ-000763-SP02,PRJ-000763,MAT-1004,2028-02-01,3555,431,27,27,95985,Partial,Within Lead Time,Q1 2028
PRJ-000763-SP03,PRJ-000763,MAT-1001,2027-03-01,25,23,1,2100,52500,Partial,Within Lead Time,Q1 2027
PRJ-000763-SP04,PRJ-000763,MAT-1009,2027-11-01,51,18,8,145,7395,Partial,Within Lead Time,Q4 2027
PRJ-000763-SP05,PRJ-000763,MAT-1004,2028-03-01,5696,1334,832,27,153792,Partial,Within Lead Time,Q1 2028
PRJ-000763-SP06,PRJ-000763,MAT-1007,2027-05-01,13,3,1,14500,188500,Partial,Within Lead Time,Q2 2027
PRJ-000763-SP07,PRJ-000763,MAT-1009,2028-03-01,36,27,15,145,5220,Partial,Within Lead Time,Q1 2028
PRJ-000764-SP01,PRJ-000764,MAT-1003,2026-05-01,7393,1589,822,12,88716,Partial,At Risk,Q2 2026
PRJ-000764-SP02,PRJ-000764,MAT-1010,2026-05-01,76,54,51,980,74480,Partial,At Risk,Q2 2026
PRJ-000764-SP03,PRJ-000764,MAT-1003,2026-12-01,710,343,236,12,8520,Partial,Within Lead Time,Q4 2026
PRJ-000764-SP04,PRJ-000764,MAT-1001,2028-11-01,36,7,2,2100,75600,Partial,Within Lead Time,Q4 2028
PRJ-000765-SP01,PRJ-000765,MAT-1010,2026-03-01,21,15,14,980,20580,Partial,At Risk,Q1 2026
PRJ-000765-SP02,PRJ-000765,MAT-1001,2028-02-01,55,17,15,2100,115500,Partial,Within Lead Time,Q1 2028
PRJ-000765-SP03,PRJ-000765,MAT-1009,2028-04-01,76,56,23,145,11020,Partial,Within Lead Time,Q2 2028
PRJ-000765-SP04,PRJ-000765,MAT-1007,2028-01-01,39,7,3,14500,565500,Partial,Within Lead Time,Q1 2028
PRJ-000766-SP01,PRJ-000766,MAT-1003,2026-01-01,6415,5760,4146,12,76980,Partial,At Risk,Q1 2026
PRJ-000766-SP02,PRJ-000766,MAT-1005,2026-07-01,80,33,24,26000,2080000,Partial,At Risk,Q3 2026
PRJ-000766-SP03,PRJ-000766,MAT-1005,2028-05-01,54,17,8,26000,1404000,Partial,Within Lead Time,Q2 2028
PRJ-000766-SP04,PRJ-000766,MAT-1006,2028-09-01,18,13,13,6200,111600,Partial,Within Lead Time,Q3 2028
PRJ-000766-SP05,PRJ-000766,MAT-1010,2028-08-01,66,55,42,980,64680,Partial,Within Lead Time,Q3 2028
PRJ-000766-SP06,PRJ-000766,MAT-1009,2028-04-01,13,9,3,145,1885,Partial,Within Lead Time,Q2 2028
PRJ-000767-SP01,PRJ-000767,MAT-1007,2028-12-01,37,7,4,14500,536500,Partial,Within Lead Time,Q4 2028
PRJ-000767-SP02,PRJ-000767,MAT-1004,2027-07-01,9355,2407,1589,27,252585,Partial,Within Lead Time,Q3 2027
PRJ-000767-SP03,PRJ-000767,MAT-1006,2028-08-01,41,18,12,6200,254200,Partial,Within Lead Time,Q3 2028
PRJ-000767-SP04,PRJ-000767,MAT-1002,2026-01-01,46,6,5,420,19320,Partial,At Risk,Q1 2026
PRJ-000767-SP05,PRJ-000767,MAT-1004,2026-02-01,9422,6262,4847,27,254394,Partial,At Risk,Q1 2026
PRJ-000767-SP06,PRJ-000767,MAT-1001,2026-10-01,51,17,14,2100,107100,Partial,At Risk,Q4 2026
PRJ-000767-SP07,PRJ-000767,MAT-1006,2026-04-01,64,61,50,6200,396800,Partial,At Risk,Q2 2026
PRJ-000767-SP08,PRJ-000767,MAT-1005,2026-05-01,50,10,7,26000,1300000,Partial,At Risk,Q2 2026
PRJ-000768-SP01,PRJ-000768,MAT-1010,2026-12-01,74,21,17,980,72520,Partial,Within Lead Time,Q4 2026
PRJ-000768-SP02,PRJ-000768,MAT-1001,2028-03-01,30,8,6,2100,63000,Partial,Within Lead Time,Q1 2028
PRJ-000769-SP01,PRJ-000769,MAT-1006,2027-05-01,38,24,0,6200,235600,Partial,Within Lead Time,Q2 2027
PRJ-000769-SP02,PRJ-000769,MAT-1010,2029-01-01,36,3,2,980,35280,Partial,Within Lead Time,Q1 2029
PRJ-000769-SP03,PRJ-000769,MAT-1010,2026-09-01,27,5,5,980,26460,Partial,At Risk,Q3 2026
PRJ-000769-SP04,PRJ-000769,MAT-1002,2026-10-01,76,75,27,420,31920,Partial,Within Lead Time,Q4 2026
PRJ-000769-SP05,PRJ-000769,MAT-1010,2028-08-01,45,1,1,980,44100,Partial,Within Lead Time,Q3 2028
PRJ-000770-SP01,PRJ-000770,MAT-1004,2028-01-01,6448,5316,2563,27,174096,Partial,Within Lead Time,Q1 2028
PRJ-000770-SP02,PRJ-000770,MAT-1010,2027-06-01,37,37,10,980,36260,Partial,Within Lead Time,Q2 2027
PRJ-000770-SP03,PRJ-000770,MAT-1006,2027-12-01,40,30,13,6200,248000,Partial,Within Lead Time,Q4 2027
PRJ-000771-SP01,PRJ-000771,MAT-1010,2026-07-01,22,10,2,980,21560,Partial,At Risk,Q3 2026
PRJ-000771-SP02,PRJ-000771,MAT-1004,2026-07-01,7038,4341,1880,27,190026,Partial,At Risk,Q3 2026
PRJ-000771-SP03,PRJ-000771,MAT-1012,2026-10-01,19,2,0,68,1292,Partial,Within Lead Time,Q4 2026
PRJ-000771-SP04,PRJ-000771,MAT-1010,2026-11-01,6,5,1,980,5880,Partial,Within Lead Time,Q4 2026
PRJ-000771-SP05,PRJ-000771,MAT-1010,2028-06-01,60,5,3,980,58800,Partial,Within Lead Time,Q2 2028
PRJ-000771-SP06,PRJ-000771,MAT-1003,2028-05-01,5488,1508,458,12,65856,Partial,Within Lead Time,Q2 2028
PRJ-000771-SP07,PRJ-000771,MAT-1004,2026-04-01,2830,2602,1331,27,76410,Partial,At Risk,Q2 2026
PRJ-000771-SP08,PRJ-000771,MAT-1006,2027-09-01,14,11,1,6200,86800,Partial,Within Lead Time,Q3 2027
PRJ-000772-SP01,PRJ-000772,MAT-1011,2026-03-01,47,35,13,130,6110,Partial,At Risk,Q1 2026
PRJ-000772-SP02,PRJ-000772,MAT-1008,2027-08-01,44,20,10,19000,836000,Partial,Within Lead Time,Q3 2027
PRJ-000772-SP03,PRJ-000772,MAT-1006,2027-08-01,51,26,3,6200,316200,Partial,Within Lead Time,Q3 2027
PRJ-000772-SP04,PRJ-000772,MAT-1002,2027-07-01,24,5,2,420,10080,Partial,Within Lead Time,Q3 2027
PRJ-000772-SP05,PRJ-000772,MAT-1012,2026-01-01,25,24,7,68,1700,Partial,At Risk,Q1 2026
PRJ-000773-SP01,PRJ-000773,MAT-1003,2028-02-01,5301,4925,3807,12,63612,Partial,Within Lead Time,Q1 2028
PRJ-000773-SP02,PRJ-000773,MAT-1012,2027-10-01,80,10,1,68,5440,Partial,Within Lead Time,Q4 2027
PRJ-000773-SP03,PRJ-000773,MAT-1005,2027-05-01,28,15,4,26000,728000,Partial,Within Lead Time,Q2 2027
PRJ-000773-SP04,PRJ-000773,MAT-1010,2028-01-01,32,24,17,980,31360,Partial,Within Lead Time,Q1 2028
PRJ-000773-SP05,PRJ-000773,MAT-1007,2028-05-01,54,49,5,14500,783000,Partial,Within Lead Time,Q2 2028
PRJ-000773-SP06,PRJ-000773,MAT-1007,2028-06-01,19,2,2,14500,275500,Partial,Within Lead Time,Q2 2028
PRJ-000773-SP07,PRJ-000773,MAT-1006,2026-02-01,13,10,9,6200,80600,Partial,At Risk,Q1 2026
PRJ-000774-SP01,PRJ-000774,MAT-1001,2027-02-01,66,45,28,2100,138600,Partial,Within Lead Time,Q1 2027
PRJ-000774-SP02,PRJ-000774,MAT-1005,2026-02-01,21,15,0,26000,546000,Partial,At Risk,Q1 2026
PRJ-000774-SP03,PRJ-000774,MAT-1006,2027-11-01,50,43,40,6200,310000,Partial,Within Lead Time,Q4 2027
PRJ-000774-SP04,PRJ-000774,MAT-1001,2026-03-01,26,14,1,2100,54600,Partial,At Risk,Q1 2026
PRJ-000774-SP05,PRJ-000774,MAT-1006,2026-03-01,64,48,13,6200,396800,Partial,At Risk,Q1 2026
PRJ-000774-SP06,PRJ-000774,MAT-1004,2028-01-01,8504,7119,549,27,229608,Partial,Within Lead Time,Q1 2028
PRJ-000774-SP07,PRJ-000774,MAT-1001,2027-03-01,31,26,21,2100,65100,Partial,Within Lead Time,Q1 2027
PRJ-000774-SP08,PRJ-000774,MAT-1010,2028-10-01,52,27,14,980,50960,Partial,Within Lead Time,Q4 2028
PRJ-000775-SP01,PRJ-000775,MAT-1005,2026-10-01,30,29,17,26000,780000,Partial,At Risk,Q4 2026
PRJ-000775-SP02,PRJ-000775,MAT-1004,2026-03-01,6830,3828,1596,27,184410,Partial,At Risk,Q1 2026
PRJ-000776-SP01,PRJ-000776,MAT-1002,2027-05-01,35,2,1,420,14700,Partial,Within Lead Time,Q2 2027
PRJ-000776-SP02,PRJ-000776,MAT-1008,2027-06-01,5,3,1,19000,95000,Partial,Within Lead Time,Q2 2027
PRJ-000776-SP03,PRJ-000776,MAT-1003,2028-09-01,8904,3322,3033,12,106848,Partial,Within Lead Time,Q3 2028
PRJ-000776-SP04,PRJ-000776,MAT-1010,2028-05-01,46,4,2,980,45080,Partial,Within Lead Time,Q2 2028
PRJ-000776-SP05,PRJ-000776,MAT-1007,2027-01-01,15,2,1,14500,217500,Partial,Within Lead Time,Q1 2027
PRJ-000776-SP06,PRJ-000776,MAT-1001,2028-11-01,2,0,0,2100,4200,Not Reserved,Within Lead Time,Q4 2028
PRJ-000776-SP07,PRJ-000776,MAT-1003,2027-09-01,8571,6450,5218,12,102852,Partial,Within Lead Time,Q3 2027
PRJ-000777-SP01,PRJ-000777,MAT-1012,2028-02-01,53,19,19,68,3604,Partial,Within Lead Time,Q1 2028
PRJ-000777-SP02,PRJ-000777,MAT-1005,2026-01-01,79,72,37,26000,2054000,Partial,At Risk,Q1 2026
PRJ-000777-SP03,PRJ-000777,MAT-1002,2027-12-01,23,18,3,420,9660,Partial,Within Lead Time,Q4 2027
PRJ-000777-SP04,PRJ-000777,MAT-1001,2028-12-01,58,7,4,2100,121800,Partial,Within Lead Time,Q4 2028
PRJ-000777-SP05,PRJ-000777,MAT-1004,2028-08-01,7111,5770,1833,27,191997,Partial,Within Lead Time,Q3 2028
PRJ-000777-SP06,PRJ-000777,MAT-1004,2027-06-01,2783,448,45,27,75141,Partial,Within Lead Time,Q2 2027
PRJ-000777-SP07,PRJ-000777,MAT-1012,2027-08-01,43,22,17,68,2924,Partial,Within Lead Time,Q3 2027
PRJ-000778-SP01,PRJ-000778,MAT-1005,2028-03-01,27,23,7,26000,702000,Partial,Within Lead Time,Q1 2028
PRJ-000778-SP02,PRJ-000778,MAT-1007,2026-11-01,56,4,3,14500,812000,Partial,At Risk,Q4 2026
PRJ-000778-SP03,PRJ-000778,MAT-1008,2027-12-01,27,6,1,19000,513000,Partial,Within Lead Time,Q4 2027
PRJ-000778-SP04,PRJ-000778,MAT-1002,2028-11-01,54,41,19,420,22680,Partial,Within Lead Time,Q4 2028
PRJ-000778-SP05,PRJ-000778,MAT-1004,2028-04-01,2266,1230,808,27,61182,Partial,Within Lead Time,Q2 2028
PRJ-000778-SP06,PRJ-000778,MAT-1001,2026-12-01,11,9,5,2100,23100,Partial,Within Lead Time,Q4 2026
PRJ-000778-SP07,PRJ-000778,MAT-1003,2028-02-01,3120,1183,215,12,37440,Partial,Within Lead Time,Q1 2028
PRJ-000779-SP01,PRJ-000779,MAT-1001,2027-01-01,29,3,2,2100,60900,Partial,Within Lead Time,Q1 2027
PRJ-000779-SP02,PRJ-000779,MAT-1003,2028-12-01,7897,1345,719,12,94764,Partial,Within Lead Time,Q4 2028
PRJ-000779-SP03,PRJ-000779,MAT-1004,2026-09-01,9324,6916,5001,27,251748,Partial,At Risk,Q3 2026
PRJ-000779-SP04,PRJ-000779,MAT-1006,2027-05-01,32,9,2,6200,198400,Partial,Within Lead Time,Q2 2027
PRJ-000779-SP05,PRJ-000779,MAT-1011,2027-09-01,43,20,16,130,5590,Partial,Within Lead Time,Q3 2027
PRJ-000779-SP06,PRJ-000779,MAT-1003,2026-09-01,8259,4847,4459,12,99108,Partial,At Risk,Q3 2026
PRJ-000779-SP07,PRJ-000779,MAT-1010,2028-08-01,60,9,8,980,58800,Partial,Within Lead Time,Q3 2028
PRJ-000779-SP08,PRJ-000779,MAT-1003,2027-05-01,3878,712,698,12,46536,Partial,Within Lead Time,Q2 2027
PRJ-000780-SP01,PRJ-000780,MAT-1005,2028-09-01,73,38,1,26000,1898000,Partial,Within Lead Time,Q3 2028
PRJ-000780-SP02,PRJ-000780,MAT-1002,2026-09-01,42,35,21,420,17640,Partial,At Risk,Q3 2026
PRJ-000780-SP03,PRJ-000780,MAT-1004,2028-08-01,3636,137,22,27,98172,Partial,Within Lead Time,Q3 2028
PRJ-000780-SP04,PRJ-000780,MAT-1003,2028-07-01,6547,696,264,12,78564,Partial,Within Lead Time,Q3 2028
PRJ-000780-SP05,PRJ-000780,MAT-1010,2027-07-01,12,1,1,980,11760,Partial,Within Lead Time,Q3 2027
PRJ-000780-SP06,PRJ-000780,MAT-1012,2028-03-01,5,2,0,68,340,Partial,Within Lead Time,Q1 2028
PRJ-000780-SP07,PRJ-000780,MAT-1008,2027-06-01,14,3,0,19000,266000,Partial,Within Lead Time,Q2 2027
PRJ-000781-SP01,PRJ-000781,MAT-1003,2026-04-01,6189,1025,140,12,74268,Partial,At Risk,Q2 2026
PRJ-000781-SP02,PRJ-000781,MAT-1006,2028-03-01,50,34,20,6200,310000,Partial,Within Lead Time,Q1 2028
PRJ-000781-SP03,PRJ-000781,MAT-1001,2027-06-01,74,42,2,2100,155400,Partial,Within Lead Time,Q2 2027
PRJ-000781-SP04,PRJ-000781,MAT-1004,2028-11-01,9842,1265,908,27,265734,Partial,Within Lead Time,Q4 2028
PRJ-000781-SP05,PRJ-000781,MAT-1012,2026-06-01,70,16,13,68,4760,Partial,At Risk,Q2 2026
PRJ-000781-SP06,PRJ-000781,MAT-1002,2026-01-01,70,54,31,420,29400,Partial,At Risk,Q1 2026
PRJ-000781-SP07,PRJ-000781,MAT-1008,2028-07-01,80,42,14,19000,1520000,Partial,Within Lead Time,Q3 2028
PRJ-000782-SP01,PRJ-000782,MAT-1010,2026-10-01,29,26,9,980,28420,Partial,At Risk,Q4 2026
PRJ-000782-SP02,PRJ-000782,MAT-1010,2028-06-01,25,24,6,980,24500,Partial,Within Lead Time,Q2 2028
PRJ-000782-SP03,PRJ-000782,MAT-1004,2027-08-01,8438,6628,3111,27,227826,Partial,Within Lead Time,Q3 2027
PRJ-000782-SP04,PRJ-000782,MAT-1005,2026-10-01,12,6,2,26000,312000,Partial,At Risk,Q4 2026
PRJ-000782-SP05,PRJ-000782,MAT-1002,2027-10-01,10,7,3,420,4200,Partial,Within Lead Time,Q4 2027
PRJ-000782-SP06,PRJ-000782,MAT-1004,2026-01-01,8083,489,346,27,218241,Partial,At Risk,Q1 2026
PRJ-000783-SP01,PRJ-000783,MAT-1006,2026-03-01,6,6,3,6200,37200,Partial,At Risk,Q1 2026
PRJ-000783-SP02,PRJ-000783,MAT-1005,2027-11-01,29,22,4,26000,754000,Partial,Within Lead Time,Q4 2027
PRJ-000783-SP03,PRJ-000783,MAT-1012,2027-04-01,76,63,32,68,5168,Partial,Within Lead Time,Q2 2027
PRJ-000783-SP04,PRJ-000783,MAT-1011,2028-01-01,31,4,2,130,4030,Partial,Within Lead Time,Q1 2028
PRJ-000784-SP01,PRJ-000784,MAT-1006,2027-10-01,68,3,2,6200,421600,Partial,Within Lead Time,Q4 2027
PRJ-000784-SP02,PRJ-000784,MAT-1002,2028-11-01,37,21,8,420,15540,Partial,Within Lead Time,Q4 2028
PRJ-000784-SP03,PRJ-000784,MAT-1002,2026-11-01,73,34,21,420,30660,Partial,Within Lead Time,Q4 2026
PRJ-000784-SP04,PRJ-000784,MAT-1005,2028-10-01,77,58,7,26000,2002000,Partial,Within Lead Time,Q4 2028
PRJ-000784-SP05,PRJ-000784,MAT-1010,2026-11-01,36,27,1,980,35280,Partial,Within Lead Time,Q4 2026
PRJ-000784-SP06,PRJ-000784,MAT-1001,2028-01-01,34,14,5,2100,71400,Partial,Within Lead Time,Q1 2028
PRJ-000784-SP07,PRJ-000784,MAT-1001,2026-09-01,2,1,0,2100,4200,Partial,At Risk,Q3 2026
PRJ-000785-SP01,PRJ-000785,MAT-1009,2026-02-01,71,51,43,145,10295,Partial,At Risk,Q1 2026
PRJ-000785-SP02,PRJ-000785,MAT-1002,2026-07-01,35,24,6,420,14700,Partial,At Risk,Q3 2026
PRJ-000785-SP03,PRJ-000785,MAT-1003,2026-07-01,8475,2234,1439,12,101700,Partial,At Risk,Q3 2026
PRJ-000785-SP04,PRJ-000785,MAT-1008,2028-12-01,19,1,1,19000,361000,Partial,Within Lead Time,Q4 2028
PRJ-000785-SP05,PRJ-000785,MAT-1012,2028-08-01,47,44,23,68,3196,Partial,Within Lead Time,Q3 2028
PRJ-000785-SP06,PRJ-000785,MAT-1012,2028-09-01,6,4,1,68,408,Partial,Within Lead Time,Q3 2028
PRJ-000786-SP01,PRJ-000786,MAT-1001,2026-06-01,77,29,10,2100,161700,Partial,At Risk,Q2 2026
PRJ-000786-SP02,PRJ-000786,MAT-1011,2028-07-01,65,50,28,130,8450,Partial,Within Lead Time,Q3 2028
PRJ-000786-SP03,PRJ-000786,MAT-1002,2028-10-01,20,14,7,420,8400,Partial,Within Lead Time,Q4 2028
PRJ-000786-SP04,PRJ-000786,MAT-1006,2026-04-01,20,16,15,6200,124000,Partial,At Risk,Q2 2026
PRJ-000786-SP05,PRJ-000786,MAT-1012,2027-07-01,28,0,0,68,1904,Not Reserved,Within Lead Time,Q3 2027
PRJ-000786-SP06,PRJ-000786,MAT-1006,2026-01-01,33,12,10,6200,204600,Partial,At Risk,Q1 2026
PRJ-000787-SP01,PRJ-000787,MAT-1002,2028-09-01,42,41,39,420,17640,Partial,Within Lead Time,Q3 2028
PRJ-000787-SP02,PRJ-000787,MAT-1012,2027-01-01,71,69,45,68,4828,Partial,Within Lead Time,Q1 2027
PRJ-000787-SP03,PRJ-000787,MAT-1003,2027-12-01,3849,1110,42,12,46188,Partial,Within Lead Time,Q4 2027
PRJ-000787-SP04,PRJ-000787,MAT-1008,2026-07-01,58,43,8,19000,1102000,Partial,At Risk,Q3 2026
PRJ-000787-SP05,PRJ-000787,MAT-1002,2028-12-01,58,40,38,420,24360,Partial,Within Lead Time,Q4 2028
PRJ-000787-SP06,PRJ-000787,MAT-1011,2028-05-01,47,4,4,130,6110,Partial,Within Lead Time,Q2 2028
PRJ-000787-SP07,PRJ-000787,MAT-1011,2028-07-01,61,27,10,130,7930,Partial,Within Lead Time,Q3 2028
PRJ-000787-SP08,PRJ-000787,MAT-1008,2027-08-01,45,4,3,19000,855000,Partial,Within Lead Time,Q3 2027
PRJ-000788-SP01,PRJ-000788,MAT-1008,2029-01-01,27,10,4,19000,513000,Partial,Within Lead Time,Q1 2029
PRJ-000788-SP02,PRJ-000788,MAT-1011,2026-03-01,14,3,0,130,1820,Partial,At Risk,Q1 2026
PRJ-000788-SP03,PRJ-000788,MAT-1005,2028-09-01,16,2,2,26000,416000,Partial,Within Lead Time,Q3 2028
PRJ-000788-SP04,PRJ-000788,MAT-1003,2027-10-01,4867,2597,1751,12,58404,Partial,Within Lead Time,Q4 2027
PRJ-000788-SP05,PRJ-000788,MAT-1004,2027-06-01,6690,5303,4817,27,180630,Partial,Within Lead Time,Q2 2027
PRJ-000788-SP06,PRJ-000788,MAT-1009,2028-04-01,47,4,2,145,6815,Partial,Within Lead Time,Q2 2028
PRJ-000788-SP07,PRJ-000788,MAT-1006,2027-07-01,60,17,2,6200,372000,Partial,Within Lead Time,Q3 2027
PRJ-000789-SP01,PRJ-000789,MAT-1007,2026-04-01,6,5,2,14500,87000,Partial,At Risk,Q2 2026
PRJ-000789-SP02,PRJ-000789,MAT-1010,2027-10-01,35,16,14,980,34300,Partial,Within Lead Time,Q4 2027
PRJ-000789-SP03,PRJ-000789,MAT-1002,2026-02-01,70,65,62,420,29400,Partial,At Risk,Q1 2026
PRJ-000789-SP04,PRJ-000789,MAT-1006,2027-11-01,24,20,14,6200,148800,Partial,Within Lead Time,Q4 2027
PRJ-000790-SP01,PRJ-000790,MAT-1009,2028-11-01,54,19,17,145,7830,Partial,Within Lead Time,Q4 2028
PRJ-000790-SP02,PRJ-000790,MAT-1001,2028-11-01,27,15,12,2100,56700,Partial,Within Lead Time,Q4 2028
PRJ-000790-SP03,PRJ-000790,MAT-1007,2027-01-01,78,18,17,14500,1131000,Partial,Within Lead Time,Q1 2027
PRJ-000790-SP04,PRJ-000790,MAT-1005,2027-03-01,2,2,2,26000,52000,Fulfilled,Within Lead Time,Q1 2027
PRJ-000791-SP01,PRJ-000791,MAT-1008,2028-05-01,79,18,10,19000,1501000,Partial,Within Lead Time,Q2 2028
PRJ-000791-SP02,PRJ-000791,MAT-1005,2028-06-01,71,11,1,26000,1846000,Partial,Within Lead Time,Q2 2028
PRJ-000791-SP03,PRJ-000791,MAT-1009,2026-07-01,77,35,32,145,11165,Partial,At Risk,Q3 2026
PRJ-000791-SP04,PRJ-000791,MAT-1011,2028-01-01,69,31,3,130,8970,Partial,Within Lead Time,Q1 2028
PRJ-000792-SP01,PRJ-000792,MAT-1003,2027-04-01,2738,2496,1905,12,32856,Partial,Within Lead Time,Q2 2027
PRJ-000792-SP02,PRJ-000792,MAT-1008,2026-05-01,34,33,29,19000,646000,Partial,At Risk,Q2 2026
PRJ-000792-SP03,PRJ-000792,MAT-1006,2027-11-01,38,3,2,6200,235600,Partial,Within Lead Time,Q4 2027
PRJ-000793-SP01,PRJ-000793,MAT-1011,2027-05-01,5,5,2,130,650,Partial,Within Lead Time,Q2 2027
PRJ-000793-SP02,PRJ-000793,MAT-1003,2026-04-01,6190,633,548,12,74280,Partial,At Risk,Q2 2026
PRJ-000794-SP01,PRJ-000794,MAT-1012,2028-01-01,8,7,1,68,544,Partial,Within Lead Time,Q1 2028
PRJ-000794-SP02,PRJ-000794,MAT-1006,2027-04-01,59,46,6,6200,365800,Partial,Within Lead Time,Q2 2027
PRJ-000794-SP03,PRJ-000794,MAT-1010,2026-08-01,23,14,5,980,22540,Partial,At Risk,Q3 2026
PRJ-000794-SP04,PRJ-000794,MAT-1005,2027-07-01,49,0,0,26000,1274000,Not Reserved,Within Lead Time,Q3 2027
PRJ-000794-SP05,PRJ-000794,MAT-1012,2026-10-01,23,0,0,68,1564,Not Reserved,Within Lead Time,Q4 2026
PRJ-000794-SP06,PRJ-000794,MAT-1007,2028-12-01,17,8,2,14500,246500,Partial,Within Lead Time,Q4 2028
PRJ-000794-SP07,PRJ-000794,MAT-1009,2029-01-01,31,20,4,145,4495,Partial,Within Lead Time,Q1 2029
PRJ-000795-SP01,PRJ-000795,MAT-1009,2026-01-01,14,9,6,145,2030,Partial,At Risk,Q1 2026
PRJ-000795-SP02,PRJ-000795,MAT-1012,2028-04-01,49,49,6,68,3332,Partial,Within Lead Time,Q2 2028
PRJ-000795-SP03,PRJ-000795,MAT-1009,2026-01-01,43,11,2,145,6235,Partial,At Risk,Q1 2026
PRJ-000795-SP04,PRJ-000795,MAT-1008,2027-05-01,11,8,0,19000,209000,Partial,Within Lead Time,Q2 2027
PRJ-000795-SP05,PRJ-000795,MAT-1009,2026-12-01,61,52,35,145,8845,Partial,Within Lead Time,Q4 2026
PRJ-000795-SP06,PRJ-000795,MAT-1012,2027-08-01,70,18,10,68,4760,Partial,Within Lead Time,Q3 2027
PRJ-000795-SP07,PRJ-000795,MAT-1010,2027-01-01,10,8,4,980,9800,Partial,Within Lead Time,Q1 2027
PRJ-000796-SP01,PRJ-000796,MAT-1006,2027-01-01,22,4,3,6200,136400,Partial,Within Lead Time,Q1 2027
PRJ-000796-SP02,PRJ-000796,MAT-1011,2028-12-01,40,1,0,130,5200,Partial,Within Lead Time,Q4 2028
PRJ-000796-SP03,PRJ-000796,MAT-1011,2027-12-01,13,5,4,130,1690,Partial,Within Lead Time,Q4 2027
PRJ-000797-SP01,PRJ-000797,MAT-1002,2028-12-01,11,1,1,420,4620,Partial,Within Lead Time,Q4 2028
PRJ-000797-SP02,PRJ-000797,MAT-1002,2026-02-01,42,11,10,420,17640,Partial,At Risk,Q1 2026
PRJ-000797-SP03,PRJ-000797,MAT-1012,2027-10-01,14,12,1,68,952,Partial,Within Lead Time,Q4 2027
PRJ-000797-SP04,PRJ-000797,MAT-1001,2027-07-01,35,29,27,2100,73500,Partial,Within Lead Time,Q3 2027
PRJ-000798-SP01,PRJ-000798,MAT-1010,2026-05-01,70,2,1,980,68600,Partial,At Risk,Q2 2026
PRJ-000798-SP02,PRJ-000798,MAT-1007,2028-11-01,45,11,3,14500,652500,Partial,Within Lead Time,Q4 2028
PRJ-000798-SP03,PRJ-000798,MAT-1004,2028-11-01,9339,6928,1752,27,252153,Partial,Within Lead Time,Q4 2028
PRJ-000798-SP04,PRJ-000798,MAT-1002,2026-06-01,45,1,1,420,18900,Partial,At Risk,Q2 2026
PRJ-000798-SP05,PRJ-000798,MAT-1007,2027-07-01,14,1,0,14500,203000,Partial,Within Lead Time,Q3 2027
PRJ-000798-SP06,PRJ-000798,MAT-1008,2027-08-01,78,46,44,19000,1482000,Partial,Within Lead Time,Q3 2027
PRJ-000798-SP07,PRJ-000798,MAT-1001,2027-05-01,70,58,22,2100,147000,Partial,Within Lead Time,Q2 2027
PRJ-000798-SP08,PRJ-000798,MAT-1011,2026-05-01,3,2,2,130,390,Partial,At Risk,Q2 2026
PRJ-000799-SP01,PRJ-000799,MAT-1010,2027-01-01,56,39,34,980,54880,Partial,Within Lead Time,Q1 2027
PRJ-000799-SP02,PRJ-000799,MAT-1006,2027-02-01,35,13,7,6200,217000,Partial,Within Lead Time,Q1 2027
PRJ-000799-SP03,PRJ-000799,MAT-1007,2027-01-01,44,2,1,14500,638000,Partial,Within Lead Time,Q1 2027
PRJ-000799-SP04,PRJ-000799,MAT-1009,2027-08-01,76,20,20,145,11020,Partial,Within Lead Time,Q3 2027
PRJ-000799-SP05,PRJ-000799,MAT-1008,2028-09-01,50,7,4,19000,950000,Partial,Within Lead Time,Q3 2028
PRJ-000799-SP06,PRJ-000799,MAT-1001,2026-08-01,13,9,3,2100,27300,Partial,At Risk,Q3 2026
PRJ-000799-SP07,PRJ-000799,MAT-1005,2028-07-01,26,7,6,26000,676000,Partial,Within Lead Time,Q3 2028
PRJ-000800-SP01,PRJ-000800,MAT-1003,2027-02-01,6040,695,512,12,72480,Partial,Within Lead Time,Q1 2027
PRJ-000800-SP02,PRJ-000800,MAT-1007,2029-01-01,27,11,10,14500,391500,Partial,Within Lead Time,Q1 2029
PRJ-000800-SP03,PRJ-000800,MAT-1004,2026-11-01,7827,111,71,27,211329,Partial,At Risk,Q4 2026
PRJ-000800-SP04,PRJ-000800,MAT-1002,2027-09-01,4,1,0,420,1680,Partial,Within Lead Time,Q3 2027
PRJ-000800-SP05,PRJ-000800,MAT-1005,2026-11-01,73,19,9,26000,1898000,Partial,At Risk,Q4 2026
PRJ-000800-SP06,PRJ-000800,MAT-1009,2027-05-01,49,22,11,145,7105,Partial,Within Lead Time,Q2 2027
PRJ-000801-SP01,PRJ-000801,MAT-1004,2028-11-01,9354,228,112,27,252558,Partial,Within Lead Time,Q4 2028
PRJ-000801-SP02,PRJ-000801,MAT-1005,2026-08-01,5,4,2,26000,130000,Partial,At Risk,Q3 2026
PRJ-000801-SP03,PRJ-000801,MAT-1011,2027-12-01,61,20,2,130,7930,Partial,Within Lead Time,Q4 2027
PRJ-000801-SP04,PRJ-000801,MAT-1011,2028-08-01,32,28,2,130,4160,Partial,Within Lead Time,Q3 2028
PRJ-000801-SP05,PRJ-000801,MAT-1002,2028-05-01,17,17,9,420,7140,Partial,Within Lead Time,Q2 2028
PRJ-000801-SP06,PRJ-000801,MAT-1008,2028-01-01,22,16,1,19000,418000,Partial,Within Lead Time,Q1 2028
PRJ-000801-SP07,PRJ-000801,MAT-1002,2026-04-01,66,35,9,420,27720,Partial,At Risk,Q2 2026
PRJ-000801-SP08,PRJ-000801,MAT-1011,2026-08-01,30,2,1,130,3900,Partial,At Risk,Q3 2026
PRJ-000802-SP01,PRJ-000802,MAT-1008,2027-08-01,35,30,30,19000,665000,Partial,Within Lead Time,Q3 2027
PRJ-000802-SP02,PRJ-000802,MAT-1006,2027-04-01,3,1,1,6200,18600,Partial,Within Lead Time,Q2 2027
PRJ-000802-SP03,PRJ-000802,MAT-1003,2026-04-01,1323,503,111,12,15876,Partial,At Risk,Q2 2026
PRJ-000802-SP04,PRJ-000802,MAT-1008,2026-03-01,14,9,4,19000,266000,Partial,At Risk,Q1 2026
PRJ-000803-SP01,PRJ-000803,MAT-1010,2026-01-01,33,27,0,980,32340,Partial,At Risk,Q1 2026
PRJ-000803-SP02,PRJ-000803,MAT-1004,2028-03-01,8809,7793,6365,27,237843,Partial,Within Lead Time,Q1 2028
PRJ-000803-SP03,PRJ-000803,MAT-1003,2026-09-01,5530,5471,1006,12,66360,Partial,At Risk,Q3 2026
PRJ-000803-SP04,PRJ-000803,MAT-1006,2026-09-01,39,38,35,6200,241800,Partial,At Risk,Q3 2026
PRJ-000803-SP05,PRJ-000803,MAT-1012,2026-01-01,46,43,21,68,3128,Partial,At Risk,Q1 2026
PRJ-000803-SP06,PRJ-000803,MAT-1008,2027-11-01,35,25,21,19000,665000,Partial,Within Lead Time,Q4 2027
PRJ-000803-SP07,PRJ-000803,MAT-1011,2027-03-01,2,1,1,130,260,Partial,Within Lead Time,Q1 2027
PRJ-000804-SP01,PRJ-000804,MAT-1011,2028-12-01,64,52,46,130,8320,Partial,Within Lead Time,Q4 2028
PRJ-000804-SP02,PRJ-000804,MAT-1010,2026-06-01,50,47,45,980,49000,Partial,At Risk,Q2 2026
PRJ-000804-SP03,PRJ-000804,MAT-1002,2027-01-01,52,29,0,420,21840,Partial,Within Lead Time,Q1 2027
PRJ-000804-SP04,PRJ-000804,MAT-1007,2027-05-01,3,2,1,14500,43500,Partial,Within Lead Time,Q2 2027
PRJ-000804-SP05,PRJ-000804,MAT-1011,2028-07-01,41,7,2,130,5330,Partial,Within Lead Time,Q3 2028
PRJ-000804-SP06,PRJ-000804,MAT-1010,2028-09-01,53,9,3,980,51940,Partial,Within Lead Time,Q3 2028
PRJ-000804-SP07,PRJ-000804,MAT-1005,2027-10-01,61,26,22,26000,1586000,Partial,Within Lead Time,Q4 2027
PRJ-000804-SP08,PRJ-000804,MAT-1012,2028-05-01,14,3,2,68,952,Partial,Within Lead Time,Q2 2028
PRJ-000805-SP01,PRJ-000805,MAT-1004,2026-12-01,5731,1346,379,27,154737,Partial,Within Lead Time,Q4 2026
PRJ-000805-SP02,PRJ-000805,MAT-1001,2026-05-01,24,14,3,2100,50400,Partial,At Risk,Q2 2026
PRJ-000805-SP03,PRJ-000805,MAT-1012,2027-06-01,77,9,6,68,5236,Partial,Within Lead Time,Q2 2027
PRJ-000805-SP04,PRJ-000805,MAT-1008,2028-11-01,20,3,0,19000,380000,Partial,Within Lead Time,Q4 2028
PRJ-000805-SP05,PRJ-000805,MAT-1009,2027-07-01,73,45,6,145,10585,Partial,Within Lead Time,Q3 2027
PRJ-000805-SP06,PRJ-000805,MAT-1009,2028-02-01,68,3,0,145,9860,Partial,Within Lead Time,Q1 2028
PRJ-000806-SP01,PRJ-000806,MAT-1006,2026-08-01,32,12,3,6200,198400,Partial,At Risk,Q3 2026
PRJ-000806-SP02,PRJ-000806,MAT-1001,2026-10-01,75,46,23,2100,157500,Partial,At Risk,Q4 2026
PRJ-000806-SP03,PRJ-000806,MAT-1011,2026-11-01,56,40,5,130,7280,Partial,Within Lead Time,Q4 2026
PRJ-000807-SP01,PRJ-000807,MAT-1009,2026-06-01,12,5,2,145,1740,Partial,At Risk,Q2 2026
PRJ-000807-SP02,PRJ-000807,MAT-1005,2026-08-01,20,20,18,26000,520000,Partial,At Risk,Q3 2026
PRJ-000807-SP03,PRJ-000807,MAT-1010,2026-07-01,61,56,45,980,59780,Partial,At Risk,Q3 2026
PRJ-000807-SP04,PRJ-000807,MAT-1005,2026-02-01,8,7,6,26000,208000,Partial,At Risk,Q1 2026
PRJ-000808-SP01,PRJ-000808,MAT-1005,2027-02-01,70,20,15,26000,1820000,Partial,Within Lead Time,Q1 2027
PRJ-000808-SP02,PRJ-000808,MAT-1007,2026-08-01,67,48,11,14500,971500,Partial,At Risk,Q3 2026
PRJ-000808-SP03,PRJ-000808,MAT-1004,2028-08-01,8714,940,233,27,235278,Partial,Within Lead Time,Q3 2028
PRJ-000808-SP04,PRJ-000808,MAT-1003,2028-10-01,8916,980,3,12,106992,Partial,Within Lead Time,Q4 2028
PRJ-000808-SP05,PRJ-000808,MAT-1007,2026-05-01,48,2,1,14500,696000,Partial,At Risk,Q2 2026
PRJ-000809-SP01,PRJ-000809,MAT-1012,2028-01-01,24,15,9,68,1632,Partial,Within Lead Time,Q1 2028
PRJ-000809-SP02,PRJ-000809,MAT-1007,2028-10-01,46,42,38,14500,667000,Partial,Within Lead Time,Q4 2028
PRJ-000809-SP03,PRJ-000809,MAT-1001,2026-07-01,29,12,5,2100,60900,Partial,At Risk,Q3 2026
PRJ-000810-SP01,PRJ-000810,MAT-1006,2028-03-01,2,0,0,6200,12400,Not Reserved,Within Lead Time,Q1 2028
PRJ-000810-SP02,PRJ-000810,MAT-1010,2026-09-01,41,38,16,980,40180,Partial,At Risk,Q3 2026
PRJ-000811-SP01,PRJ-000811,MAT-1002,2026-10-01,6,4,3,420,2520,Partial,Within Lead Time,Q4 2026
PRJ-000811-SP02,PRJ-000811,MAT-1003,2027-01-01,5921,1539,344,12,71052,Partial,Within Lead Time,Q1 2027
PRJ-000811-SP03,PRJ-000811,MAT-1004,2027-10-01,6284,4683,1626,27,169668,Partial,Within Lead Time,Q4 2027
PRJ-000812-SP01,PRJ-000812,MAT-1011,2028-04-01,3,1,0,130,390,Partial,Within Lead Time,Q2 2028
PRJ-000812-SP02,PRJ-000812,MAT-1001,2028-07-01,61,44,38,2100,128100,Partial,Within Lead Time,Q3 2028
PRJ-000812-SP03,PRJ-000812,MAT-1006,2026-09-01,23,20,20,6200,142600,Partial,At Risk,Q3 2026
PRJ-000812-SP04,PRJ-000812,MAT-1011,2026-11-01,49,9,4,130,6370,Partial,Within Lead Time,Q4 2026
PRJ-000812-SP05,PRJ-000812,MAT-1006,2028-03-01,67,22,8,6200,415400,Partial,Within Lead Time,Q1 2028
PRJ-000812-SP06,PRJ-000812,MAT-1008,2026-11-01,20,2,1,19000,380000,Partial,At Risk,Q4 2026
PRJ-000812-SP07,PRJ-000812,MAT-1011,2027-10-01,9,2,2,130,1170,Partial,Within Lead Time,Q4 2027
PRJ-000812-SP08,PRJ-000812,MAT-1003,2028-09-01,8624,7252,5585,12,103488,Partial,Within Lead Time,Q3 2028
PRJ-000813-SP01,PRJ-000813,MAT-1004,2028-12-01,8380,251,45,27,226260,Partial,Within Lead Time,Q4 2028
PRJ-000813-SP02,PRJ-000813,MAT-1001,2027-05-01,16,7,2,2100,33600,Partial,Within Lead Time,Q2 2027
PRJ-000813-SP03,PRJ-000813,MAT-1005,2026-08-01,25,16,5,26000,650000,Partial,At Risk,Q3 2026
PRJ-000813-SP04,PRJ-000813,MAT-1003,2027-04-01,1486,436,252,12,17832,Partial,Within Lead Time,Q2 2027
PRJ-000814-SP01,PRJ-000814,MAT-1001,2026-03-01,21,3,3,2100,44100,Partial,At Risk,Q1 2026
PRJ-000814-SP02,PRJ-000814,MAT-1002,2026-06-01,43,21,5,420,18060,Partial,At Risk,Q2 2026
PRJ-000814-SP03,PRJ-000814,MAT-1009,2027-02-01,74,4,1,145,10730,Partial,Within Lead Time,Q1 2027
PRJ-000814-SP04,PRJ-000814,MAT-1010,2028-09-01,35,19,18,980,34300,Partial,Within Lead Time,Q3 2028
PRJ-000814-SP05,PRJ-000814,MAT-1003,2027-02-01,3776,2328,2131,12,45312,Partial,Within Lead Time,Q1 2027
PRJ-000814-SP06,PRJ-000814,MAT-1001,2028-05-01,17,15,7,2100,35700,Partial,Within Lead Time,Q2 2028
PRJ-000815-SP01,PRJ-000815,MAT-1002,2027-12-01,76,19,11,420,31920,Partial,Within Lead Time,Q4 2027
PRJ-000815-SP02,PRJ-000815,MAT-1001,2028-08-01,7,6,6,2100,14700,Partial,Within Lead Time,Q3 2028
PRJ-000815-SP03,PRJ-000815,MAT-1001,2028-08-01,71,67,27,2100,149100,Partial,Within Lead Time,Q3 2028
PRJ-000815-SP04,PRJ-000815,MAT-1007,2028-10-01,32,6,5,14500,464000,Partial,Within Lead Time,Q4 2028
PRJ-000815-SP05,PRJ-000815,MAT-1009,2026-03-01,30,27,21,145,4350,Partial,At Risk,Q1 2026
PRJ-000816-SP01,PRJ-000816,MAT-1012,2028-10-01,64,27,11,68,4352,Partial,Within Lead Time,Q4 2028
PRJ-000816-SP02,PRJ-000816,MAT-1007,2028-01-01,54,34,12,14500,783000,Partial,Within Lead Time,Q1 2028
PRJ-000816-SP03,PRJ-000816,MAT-1009,2027-12-01,59,21,10,145,8555,Partial,Within Lead Time,Q4 2027
PRJ-000816-SP04,PRJ-000816,MAT-1009,2027-09-01,38,9,7,145,5510,Partial,Within Lead Time,Q3 2027
PRJ-000816-SP05,PRJ-000816,MAT-1003,2027-09-01,5478,1194,31,12,65736,Partial,Within Lead Time,Q3 2027
PRJ-000816-SP06,PRJ-000816,MAT-1003,2027-07-01,6063,5280,833,12,72756,Partial,Within Lead Time,Q3 2027
PRJ-000816-SP07,PRJ-000816,MAT-1012,2027-10-01,39,6,4,68,2652,Partial,Within Lead Time,Q4 2027
PRJ-000817-SP01,PRJ-000817,MAT-1001,2026-11-01,39,5,1,2100,81900,Partial,Within Lead Time,Q4 2026
PRJ-000817-SP02,PRJ-000817,MAT-1007,2028-10-01,30,13,10,14500,435000,Partial,Within Lead Time,Q4 2028
PRJ-000818-SP01,PRJ-000818,MAT-1005,2026-06-01,60,2,1,26000,1560000,Partial,At Risk,Q2 2026
PRJ-000818-SP02,PRJ-000818,MAT-1002,2027-06-01,18,0,0,420,7560,Not Reserved,Within Lead Time,Q2 2027
PRJ-000818-SP03,PRJ-000818,MAT-1003,2026-10-01,4163,909,629,12,49956,Partial,At Risk,Q4 2026
PRJ-000819-SP01,PRJ-000819,MAT-1010,2026-05-01,24,22,5,980,23520,Partial,At Risk,Q2 2026
PRJ-000819-SP02,PRJ-000819,MAT-1010,2028-08-01,68,26,20,980,66640,Partial,Within Lead Time,Q3 2028
PRJ-000819-SP03,PRJ-000819,MAT-1007,2026-01-01,74,29,8,14500,1073000,Partial,At Risk,Q1 2026
PRJ-000819-SP04,PRJ-000819,MAT-1006,2026-06-01,11,8,7,6200,68200,Partial,At Risk,Q2 2026
PRJ-000819-SP05,PRJ-000819,MAT-1005,2026-02-01,7,2,1,26000,182000,Partial,At Risk,Q1 2026
PRJ-000819-SP06,PRJ-000819,MAT-1012,2027-12-01,69,6,1,68,4692,Partial,Within Lead Time,Q4 2027
PRJ-000820-SP01,PRJ-000820,MAT-1007,2027-04-01,60,24,2,14500,870000,Partial,Within Lead Time,Q2 2027
PRJ-000820-SP02,PRJ-000820,MAT-1005,2028-04-01,63,1,0,26000,1638000,Partial,Within Lead Time,Q2 2028
PRJ-000820-SP03,PRJ-000820,MAT-1010,2028-10-01,29,3,3,980,28420,Partial,Within Lead Time,Q4 2028
PRJ-000820-SP04,PRJ-000820,MAT-1009,2027-02-01,46,31,6,145,6670,Partial,Within Lead Time,Q1 2027
PRJ-000820-SP05,PRJ-000820,MAT-1004,2027-02-01,9446,7435,1208,27,255042,Partial,Within Lead Time,Q1 2027
PRJ-000820-SP06,PRJ-000820,MAT-1002,2026-11-01,31,22,19,420,13020,Partial,Within Lead Time,Q4 2026
PRJ-000820-SP07,PRJ-000820,MAT-1006,2027-02-01,8,3,0,6200,49600,Partial,Within Lead Time,Q1 2027
PRJ-000821-SP01,PRJ-000821,MAT-1005,2028-09-01,32,5,4,26000,832000,Partial,Within Lead Time,Q3 2028
PRJ-000821-SP02,PRJ-000821,MAT-1004,2026-11-01,656,223,187,27,17712,Partial,At Risk,Q4 2026
PRJ-000821-SP03,PRJ-000821,MAT-1003,2028-03-01,2176,1555,617,12,26112,Partial,Within Lead Time,Q1 2028
PRJ-000821-SP04,PRJ-000821,MAT-1008,2026-02-01,67,40,28,19000,1273000,Partial,At Risk,Q1 2026
PRJ-000821-SP05,PRJ-000821,MAT-1009,2028-06-01,72,20,0,145,10440,Partial,Within Lead Time,Q2 2028
PRJ-000822-SP01,PRJ-000822,MAT-1006,2028-09-01,51,35,34,6200,316200,Partial,Within Lead Time,Q3 2028
PRJ-000822-SP02,PRJ-000822,MAT-1003,2027-10-01,2835,2257,937,12,34020,Partial,Within Lead Time,Q4 2027
PRJ-000822-SP03,PRJ-000822,MAT-1001,2026-11-01,6,2,0,2100,12600,Partial,Within Lead Time,Q4 2026
PRJ-000822-SP04,PRJ-000822,MAT-1005,2026-08-01,16,0,0,26000,416000,Not Reserved,At Risk,Q3 2026
PRJ-000822-SP05,PRJ-000822,MAT-1012,2028-07-01,26,13,5,68,1768,Partial,Within Lead Time,Q3 2028
PRJ-000822-SP06,PRJ-000822,MAT-1010,2027-11-01,7,0,0,980,6860,Not Reserved,Within Lead Time,Q4 2027
PRJ-000823-SP01,PRJ-000823,MAT-1007,2027-01-01,29,23,21,14500,420500,Partial,Within Lead Time,Q1 2027
PRJ-000823-SP02,PRJ-000823,MAT-1009,2026-04-01,28,8,0,145,4060,Partial,At Risk,Q2 2026
PRJ-000823-SP03,PRJ-000823,MAT-1004,2028-05-01,3422,554,458,27,92394,Partial,Within Lead Time,Q2 2028
PRJ-000823-SP04,PRJ-000823,MAT-1001,2027-09-01,42,36,3,2100,88200,Partial,Within Lead Time,Q3 2027
PRJ-000823-SP05,PRJ-000823,MAT-1011,2027-06-01,36,5,3,130,4680,Partial,Within Lead Time,Q2 2027
PRJ-000823-SP06,PRJ-000823,MAT-1005,2026-12-01,24,22,6,26000,624000,Partial,At Risk,Q4 2026
PRJ-000823-SP07,PRJ-000823,MAT-1003,2028-01-01,7741,5598,4005,12,92892,Partial,Within Lead Time,Q1 2028
PRJ-000824-SP01,PRJ-000824,MAT-1005,2026-05-01,54,29,8,26000,1404000,Partial,At Risk,Q2 2026
PRJ-000824-SP02,PRJ-000824,MAT-1002,2027-05-01,16,4,1,420,6720,Partial,Within Lead Time,Q2 2027
PRJ-000824-SP03,PRJ-000824,MAT-1006,2028-07-01,26,17,15,6200,161200,Partial,Within Lead Time,Q3 2028
PRJ-000824-SP04,PRJ-000824,MAT-1012,2026-03-01,67,43,19,68,4556,Partial,At Risk,Q1 2026
PRJ-000824-SP05,PRJ-000824,MAT-1008,2028-12-01,39,32,22,19000,741000,Partial,Within Lead Time,Q4 2028
PRJ-000824-SP06,PRJ-000824,MAT-1004,2027-06-01,8520,4244,1628,27,230040,Partial,Within Lead Time,Q2 2027
PRJ-000825-SP01,PRJ-000825,MAT-1001,2026-08-01,80,20,5,2100,168000,Partial,At Risk,Q3 2026
PRJ-000825-SP02,PRJ-000825,MAT-1011,2026-06-01,65,56,5,130,8450,Partial,At Risk,Q2 2026
PRJ-000825-SP03,PRJ-000825,MAT-1002,2026-06-01,36,11,9,420,15120,Partial,At Risk,Q2 2026
PRJ-000825-SP04,PRJ-000825,MAT-1002,2026-11-01,75,32,23,420,31500,Partial,Within Lead Time,Q4 2026
PRJ-000825-SP05,PRJ-000825,MAT-1001,2028-06-01,59,24,3,2100,123900,Partial,Within Lead Time,Q2 2028
PRJ-000825-SP06,PRJ-000825,MAT-1008,2027-08-01,31,9,8,19000,589000,Partial,Within Lead Time,Q3 2027
PRJ-000825-SP07,PRJ-000825,MAT-1005,2028-01-01,20,17,13,26000,520000,Partial,Within Lead Time,Q1 2028
PRJ-000826-SP01,PRJ-000826,MAT-1006,2026-10-01,11,11,8,6200,68200,Partial,At Risk,Q4 2026
PRJ-000826-SP02,PRJ-000826,MAT-1010,2026-07-01,25,21,21,980,24500,Partial,At Risk,Q3 2026
PRJ-000826-SP03,PRJ-000826,MAT-1002,2027-07-01,62,46,8,420,26040,Partial,Within Lead Time,Q3 2027
PRJ-000826-SP04,PRJ-000826,MAT-1008,2026-12-01,55,52,42,19000,1045000,Partial,At Risk,Q4 2026
PRJ-000826-SP05,PRJ-000826,MAT-1012,2027-05-01,70,4,2,68,4760,Partial,Within Lead Time,Q2 2027
PRJ-000826-SP06,PRJ-000826,MAT-1012,2027-08-01,10,3,0,68,680,Partial,Within Lead Time,Q3 2027
PRJ-000826-SP07,PRJ-000826,MAT-1012,2027-08-01,77,35,21,68,5236,Partial,Within Lead Time,Q3 2027
PRJ-000826-SP08,PRJ-000826,MAT-1009,2026-09-01,12,7,6,145,1740,Partial,At Risk,Q3 2026
PRJ-000827-SP01,PRJ-000827,MAT-1001,2028-02-01,47,25,22,2100,98700,Partial,Within Lead Time,Q1 2028
PRJ-000827-SP02,PRJ-000827,MAT-1012,2027-04-01,33,26,16,68,2244,Partial,Within Lead Time,Q2 2027
PRJ-000827-SP03,PRJ-000827,MAT-1005,2026-11-01,4,0,0,26000,104000,Not Reserved,At Risk,Q4 2026
PRJ-000828-SP01,PRJ-000828,MAT-1012,2027-11-01,53,40,25,68,3604,Partial,Within Lead Time,Q4 2027
PRJ-000828-SP02,PRJ-000828,MAT-1004,2026-09-01,7716,6979,1965,27,208332,Partial,At Risk,Q3 2026
PRJ-000828-SP03,PRJ-000828,MAT-1005,2028-07-01,30,22,5,26000,780000,Partial,Within Lead Time,Q3 2028
PRJ-000828-SP04,PRJ-000828,MAT-1010,2026-08-01,30,6,3,980,29400,Partial,At Risk,Q3 2026
PRJ-000828-SP05,PRJ-000828,MAT-1009,2027-01-01,20,13,10,145,2900,Partial,Within Lead Time,Q1 2027
PRJ-000829-SP01,PRJ-000829,MAT-1009,2027-04-01,72,51,18,145,10440,Partial,Within Lead Time,Q2 2027
PRJ-000829-SP02,PRJ-000829,MAT-1002,2027-02-01,27,23,4,420,11340,Partial,Within Lead Time,Q1 2027
PRJ-000829-SP03,PRJ-000829,MAT-1004,2028-07-01,692,356,315,27,18684,Partial,Within Lead Time,Q3 2028
PRJ-000830-SP01,PRJ-000830,MAT-1004,2027-10-01,6937,3810,480,27,187299,Partial,Within Lead Time,Q4 2027
PRJ-000830-SP02,PRJ-000830,MAT-1005,2028-04-01,54,4,4,26000,1404000,Partial,Within Lead Time,Q2 2028
PRJ-000830-SP03,PRJ-000830,MAT-1001,2028-02-01,9,4,4,2100,18900,Partial,Within Lead Time,Q1 2028
PRJ-000830-SP04,PRJ-000830,MAT-1008,2028-01-01,47,18,3,19000,893000,Partial,Within Lead Time,Q1 2028
PRJ-000831-SP01,PRJ-000831,MAT-1005,2026-08-01,28,16,9,26000,728000,Partial,At Risk,Q3 2026
PRJ-000831-SP02,PRJ-000831,MAT-1001,2026-03-01,23,11,10,2100,48300,Partial,At Risk,Q1 2026
PRJ-000832-SP01,PRJ-000832,MAT-1012,2026-03-01,38,38,33,68,2584,Partial,At Risk,Q1 2026
PRJ-000832-SP02,PRJ-000832,MAT-1001,2027-08-01,73,46,34,2100,153300,Partial,Within Lead Time,Q3 2027
PRJ-000832-SP03,PRJ-000832,MAT-1004,2026-02-01,7705,3017,2292,27,208035,Partial,At Risk,Q1 2026
PRJ-000832-SP04,PRJ-000832,MAT-1006,2028-12-01,66,7,6,6200,409200,Partial,Within Lead Time,Q4 2028
PRJ-000832-SP05,PRJ-000832,MAT-1004,2028-06-01,7792,1801,1378,27,210384,Partial,Within Lead Time,Q2 2028
PRJ-000832-SP06,PRJ-000832,MAT-1011,2026-01-01,41,2,2,130,5330,Partial,At Risk,Q1 2026
PRJ-000833-SP01,PRJ-000833,MAT-1003,2026-02-01,6501,2279,332,12,78012,Partial,At Risk,Q1 2026
PRJ-000833-SP02,PRJ-000833,MAT-1005,2028-09-01,19,15,11,26000,494000,Partial,Within Lead Time,Q3 2028
PRJ-000833-SP03,PRJ-000833,MAT-1005,2028-01-01,16,16,13,26000,416000,Partial,Within Lead Time,Q1 2028
PRJ-000834-SP01,PRJ-000834,MAT-1009,2026-08-01,23,14,4,145,3335,Partial,At Risk,Q3 2026
PRJ-000834-SP02,PRJ-000834,MAT-1012,2026-11-01,3,1,1,68,204,Partial,Within Lead Time,Q4 2026
PRJ-000834-SP03,PRJ-000834,MAT-1007,2026-07-01,61,23,4,14500,884500,Partial,At Risk,Q3 2026
PRJ-000834-SP04,PRJ-000834,MAT-1003,2027-01-01,6026,812,710,12,72312,Partial,Within Lead Time,Q1 2027
PRJ-000834-SP05,PRJ-000834,MAT-1012,2029-01-01,6,2,1,68,408,Partial,Within Lead Time,Q1 2029
PRJ-000834-SP06,PRJ-000834,MAT-1001,2026-03-01,25,20,4,2100,52500,Partial,At Risk,Q1 2026
PRJ-000834-SP07,PRJ-000834,MAT-1008,2026-02-01,61,44,39,19000,1159000,Partial,At Risk,Q1 2026
PRJ-000835-SP01,PRJ-000835,MAT-1010,2027-02-01,78,1,1,980,76440,Partial,Within Lead Time,Q1 2027
PRJ-000835-SP02,PRJ-000835,MAT-1001,2027-05-01,33,25,7,2100,69300,Partial,Within Lead Time,Q2 2027
PRJ-000835-SP03,PRJ-000835,MAT-1003,2027-03-01,9148,776,128,12,109776,Partial,Within Lead Time,Q1 2027
PRJ-000835-SP04,PRJ-000835,MAT-1009,2027-08-01,35,31,15,145,5075,Partial,Within Lead Time,Q3 2027
PRJ-000835-SP05,PRJ-000835,MAT-1002,2028-09-01,48,8,4,420,20160,Partial,Within Lead Time,Q3 2028
PRJ-000835-SP06,PRJ-000835,MAT-1004,2027-11-01,7225,3705,2164,27,195075,Partial,Within Lead Time,Q4 2027
PRJ-000835-SP07,PRJ-000835,MAT-1007,2028-08-01,6,2,0,14500,87000,Partial,Within Lead Time,Q3 2028
PRJ-000836-SP01,PRJ-000836,MAT-1005,2027-05-01,70,39,20,26000,1820000,Partial,Within Lead Time,Q2 2027
PRJ-000836-SP02,PRJ-000836,MAT-1011,2027-03-01,44,1,0,130,5720,Partial,Within Lead Time,Q1 2027
PRJ-000836-SP03,PRJ-000836,MAT-1001,2027-03-01,80,54,40,2100,168000,Partial,Within Lead Time,Q1 2027
PRJ-000836-SP04,PRJ-000836,MAT-1012,2028-03-01,18,13,2,68,1224,Partial,Within Lead Time,Q1 2028
PRJ-000837-SP01,PRJ-000837,MAT-1009,2026-01-01,23,21,14,145,3335,Partial,At Risk,Q1 2026
PRJ-000837-SP02,PRJ-000837,MAT-1010,2028-03-01,16,2,2,980,15680,Partial,Within Lead Time,Q1 2028
PRJ-000837-SP03,PRJ-000837,MAT-1011,2027-04-01,46,34,20,130,5980,Partial,Within Lead Time,Q2 2027
PRJ-000837-SP04,PRJ-000837,MAT-1011,2026-09-01,41,2,2,130,5330,Partial,At Risk,Q3 2026
PRJ-000837-SP05,PRJ-000837,MAT-1007,2028-01-01,68,13,8,14500,986000,Partial,Within Lead Time,Q1 2028
PRJ-000838-SP01,PRJ-000838,MAT-1001,2028-07-01,57,8,1,2100,119700,Partial,Within Lead Time,Q3 2028
PRJ-000838-SP02,PRJ-000838,MAT-1004,2028-06-01,8149,1341,1208,27,220023,Partial,Within Lead Time,Q2 2028
PRJ-000838-SP03,PRJ-000838,MAT-1001,2027-01-01,66,23,22,2100,138600,Partial,Within Lead Time,Q1 2027
PRJ-000838-SP04,PRJ-000838,MAT-1004,2028-08-01,5924,4562,2583,27,159948,Partial,Within Lead Time,Q3 2028
PRJ-000838-SP05,PRJ-000838,MAT-1009,2027-07-01,4,2,1,145,580,Partial,Within Lead Time,Q3 2027
PRJ-000838-SP06,PRJ-000838,MAT-1004,2026-06-01,8161,63,56,27,220347,Partial,At Risk,Q2 2026
PRJ-000839-SP01,PRJ-000839,MAT-1003,2026-06-01,3336,1413,617,12,40032,Partial,At Risk,Q2 2026
PRJ-000839-SP02,PRJ-000839,MAT-1012,2028-01-01,69,1,0,68,4692,Partial,Within Lead Time,Q1 2028
PRJ-000839-SP03,PRJ-000839,MAT-1007,2028-02-01,19,0,0,14500,275500,Not Reserved,Within Lead Time,Q1 2028
PRJ-000839-SP04,PRJ-000839,MAT-1001,2028-07-01,34,0,0,2100,71400,Not Reserved,Within Lead Time,Q3 2028
PRJ-000840-SP01,PRJ-000840,MAT-1008,2029-01-01,43,43,32,19000,817000,Partial,Within Lead Time,Q1 2029
PRJ-000840-SP02,PRJ-000840,MAT-1004,2026-12-01,5127,4545,4324,27,138429,Partial,Within Lead Time,Q4 2026
PRJ-000840-SP03,PRJ-000840,MAT-1009,2027-01-01,35,31,29,145,5075,Partial,Within Lead Time,Q1 2027
PRJ-000841-SP01,PRJ-000841,MAT-1002,2028-07-01,65,41,19,420,27300,Partial,Within Lead Time,Q3 2028
PRJ-000841-SP02,PRJ-000841,MAT-1006,2026-01-01,62,13,7,6200,384400,Partial,At Risk,Q1 2026
PRJ-000842-SP01,PRJ-000842,MAT-1006,2027-09-01,72,8,4,6200,446400,Partial,Within Lead Time,Q3 2027
PRJ-000842-SP02,PRJ-000842,MAT-1010,2027-01-01,55,16,5,980,53900,Partial,Within Lead Time,Q1 2027
PRJ-000842-SP03,PRJ-000842,MAT-1003,2026-03-01,8982,7751,648,12,107784,Partial,At Risk,Q1 2026
PRJ-000842-SP04,PRJ-000842,MAT-1004,2026-12-01,5856,2556,2224,27,158112,Partial,Within Lead Time,Q4 2026
PRJ-000842-SP05,PRJ-000842,MAT-1011,2026-05-01,74,35,14,130,9620,Partial,At Risk,Q2 2026
PRJ-000843-SP01,PRJ-000843,MAT-1007,2027-08-01,80,23,14,14500,1160000,Partial,Within Lead Time,Q3 2027
PRJ-000843-SP02,PRJ-000843,MAT-1004,2028-09-01,9653,7268,5873,27,260631,Partial,Within Lead Time,Q3 2028
PRJ-000843-SP03,PRJ-000843,MAT-1008,2027-03-01,55,30,13,19000,1045000,Partial,Within Lead Time,Q1 2027
PRJ-000843-SP04,PRJ-000843,MAT-1006,2028-04-01,33,28,10,6200,204600,Partial,Within Lead Time,Q2 2028
PRJ-000843-SP05,PRJ-000843,MAT-1011,2027-04-01,48,44,31,130,6240,Partial,Within Lead Time,Q2 2027
PRJ-000844-SP01,PRJ-000844,MAT-1001,2026-04-01,13,12,8,2100,27300,Partial,At Risk,Q2 2026
PRJ-000844-SP02,PRJ-000844,MAT-1012,2027-12-01,16,10,3,68,1088,Partial,Within Lead Time,Q4 2027
PRJ-000844-SP03,PRJ-000844,MAT-1006,2026-08-01,38,30,18,6200,235600,Partial,At Risk,Q3 2026
PRJ-000844-SP04,PRJ-000844,MAT-1012,2028-07-01,20,17,7,68,1360,Partial,Within Lead Time,Q3 2028
PRJ-000844-SP05,PRJ-000844,MAT-1003,2028-03-01,6402,4751,728,12,76824,Partial,Within Lead Time,Q1 2028
PRJ-000844-SP06,PRJ-000844,MAT-1006,2027-03-01,7,1,1,6200,43400,Partial,Within Lead Time,Q1 2027
PRJ-000844-SP07,PRJ-000844,MAT-1008,2028-03-01,3,1,0,19000,57000,Partial,Within Lead Time,Q1 2028
PRJ-000845-SP01,PRJ-000845,MAT-1001,2027-03-01,73,51,30,2100,153300,Partial,Within Lead Time,Q1 2027
PRJ-000845-SP02,PRJ-000845,MAT-1011,2028-10-01,64,41,4,130,8320,Partial,Within Lead Time,Q4 2028
PRJ-000846-SP01,PRJ-000846,MAT-1001,2027-02-01,33,25,7,2100,69300,Partial,Within Lead Time,Q1 2027
PRJ-000846-SP02,PRJ-000846,MAT-1003,2027-05-01,6674,2280,1345,12,80088,Partial,Within Lead Time,Q2 2027
PRJ-000847-SP01,PRJ-000847,MAT-1004,2026-03-01,2732,110,50,27,73764,Partial,At Risk,Q1 2026
PRJ-000847-SP02,PRJ-000847,MAT-1004,2027-07-01,4807,3795,1107,27,129789,Partial,Within Lead Time,Q3 2027
PRJ-000847-SP03,PRJ-000847,MAT-1008,2026-01-01,27,3,0,19000,513000,Partial,At Risk,Q1 2026
PRJ-000847-SP04,PRJ-000847,MAT-1010,2026-01-01,37,5,4,980,36260,Partial,At Risk,Q1 2026
PRJ-000847-SP05,PRJ-000847,MAT-1010,2027-04-01,4,1,1,980,3920,Partial,Within Lead Time,Q2 2027
PRJ-000847-SP06,PRJ-000847,MAT-1002,2028-03-01,80,1,0,420,33600,Partial,Within Lead Time,Q1 2028
PRJ-000847-SP07,PRJ-000847,MAT-1002,2029-01-01,77,16,4,420,32340,Partial,Within Lead Time,Q1 2029
PRJ-000848-SP01,PRJ-000848,MAT-1002,2028-07-01,61,4,3,420,25620,Partial,Within Lead Time,Q3 2028
PRJ-000848-SP02,PRJ-000848,MAT-1003,2027-03-01,982,718,564,12,11784,Partial,Within Lead Time,Q1 2027
PRJ-000848-SP03,PRJ-000848,MAT-1004,2026-07-01,1647,484,42,27,44469,Partial,At Risk,Q3 2026
PRJ-000848-SP04,PRJ-000848,MAT-1002,2029-01-01,27,13,12,420,11340,Partial,Within Lead Time,Q1 2029
PRJ-000848-SP05,PRJ-000848,MAT-1010,2027-05-01,37,9,2,980,36260,Partial,Within Lead Time,Q2 2027
PRJ-000848-SP06,PRJ-000848,MAT-1012,2026-12-01,66,18,5,68,4488,Partial,Within Lead Time,Q4 2026
PRJ-000848-SP07,PRJ-000848,MAT-1003,2027-01-01,4465,3998,1342,12,53580,Partial,Within Lead Time,Q1 2027
PRJ-000849-SP01,PRJ-000849,MAT-1008,2026-02-01,15,10,8,19000,285000,Partial,At Risk,Q1 2026
PRJ-000849-SP02,PRJ-000849,MAT-1008,2026-12-01,70,49,34,19000,1330000,Partial,At Risk,Q4 2026
PRJ-000849-SP03,PRJ-000849,MAT-1001,2028-06-01,60,4,2,2100,126000,Partial,Within Lead Time,Q2 2028
PRJ-000849-SP04,PRJ-000849,MAT-1003,2028-06-01,4658,2176,1124,12,55896,Partial,Within Lead Time,Q2 2028
PRJ-000849-SP05,PRJ-000849,MAT-1009,2027-06-01,58,40,17,145,8410,Partial,Within Lead Time,Q2 2027
PRJ-000849-SP06,PRJ-000849,MAT-1003,2027-12-01,4002,307,101,12,48024,Partial,Within Lead Time,Q4 2027
PRJ-000849-SP07,PRJ-000849,MAT-1012,2026-11-01,10,5,5,68,680,Partial,Within Lead Time,Q4 2026
PRJ-000850-SP01,PRJ-000850,MAT-1001,2027-11-01,38,38,20,2100,79800,Partial,Within Lead Time,Q4 2027
PRJ-000850-SP02,PRJ-000850,MAT-1010,2028-08-01,5,1,0,980,4900,Partial,Within Lead Time,Q3 2028
PRJ-000851-SP01,PRJ-000851,MAT-1006,2028-06-01,24,18,12,6200,148800,Partial,Within Lead Time,Q2 2028
PRJ-000851-SP02,PRJ-000851,MAT-1001,2028-05-01,21,6,3,2100,44100,Partial,Within Lead Time,Q2 2028
PRJ-000851-SP03,PRJ-000851,MAT-1012,2027-02-01,70,43,12,68,4760,Partial,Within Lead Time,Q1 2027
PRJ-000851-SP04,PRJ-000851,MAT-1006,2026-07-01,58,48,19,6200,359600,Partial,At Risk,Q3 2026
PRJ-000851-SP05,PRJ-000851,MAT-1012,2026-06-01,22,20,20,68,1496,Partial,At Risk,Q2 2026
PRJ-000851-SP06,PRJ-000851,MAT-1011,2026-07-01,59,33,11,130,7670,Partial,At Risk,Q3 2026
PRJ-000852-SP01,PRJ-000852,MAT-1010,2027-12-01,61,16,6,980,59780,Partial,Within Lead Time,Q4 2027
PRJ-000852-SP02,PRJ-000852,MAT-1006,2026-02-01,56,42,34,6200,347200,Partial,At Risk,Q1 2026
PRJ-000852-SP03,PRJ-000852,MAT-1002,2026-08-01,39,11,8,420,16380,Partial,At Risk,Q3 2026
PRJ-000852-SP04,PRJ-000852,MAT-1003,2028-09-01,9471,8236,2188,12,113652,Partial,Within Lead Time,Q3 2028
PRJ-000852-SP05,PRJ-000852,MAT-1012,2027-03-01,10,8,8,68,680,Partial,Within Lead Time,Q1 2027
PRJ-000852-SP06,PRJ-000852,MAT-1010,2027-02-01,71,18,9,980,69580,Partial,Within Lead Time,Q1 2027
PRJ-000852-SP07,PRJ-000852,MAT-1012,2028-07-01,68,53,7,68,4624,Partial,Within Lead Time,Q3 2028
PRJ-000852-SP08,PRJ-000852,MAT-1010,2026-06-01,50,31,17,980,49000,Partial,At Risk,Q2 2026
PRJ-000853-SP01,PRJ-000853,MAT-1001,2027-10-01,62,29,17,2100,130200,Partial,Within Lead Time,Q4 2027
PRJ-000853-SP02,PRJ-000853,MAT-1007,2028-05-01,38,2,1,14500,551000,Partial,Within Lead Time,Q2 2028
PRJ-000853-SP03,PRJ-000853,MAT-1006,2028-12-01,12,2,1,6200,74400,Partial,Within Lead Time,Q4 2028
PRJ-000853-SP04,PRJ-000853,MAT-1012,2027-05-01,21,15,0,68,1428,Partial,Within Lead Time,Q2 2027
PRJ-000853-SP05,PRJ-000853,MAT-1001,2028-10-01,46,17,15,2100,96600,Partial,Within Lead Time,Q4 2028
PRJ-000853-SP06,PRJ-000853,MAT-1005,2028-01-01,15,14,2,26000,390000,Partial,Within Lead Time,Q1 2028
PRJ-000853-SP07,PRJ-000853,MAT-1010,2028-10-01,75,60,49,980,73500,Partial,Within Lead Time,Q4 2028
PRJ-000854-SP01,PRJ-000854,MAT-1003,2028-11-01,9724,1890,902,12,116688,Partial,Within Lead Time,Q4 2028
PRJ-000854-SP02,PRJ-000854,MAT-1009,2027-08-01,80,74,16,145,11600,Partial,Within Lead Time,Q3 2027
PRJ-000854-SP03,PRJ-000854,MAT-1012,2026-07-01,28,1,1,68,1904,Partial,At Risk,Q3 2026
PRJ-000854-SP04,PRJ-000854,MAT-1010,2026-02-01,67,61,49,980,65660,Partial,At Risk,Q1 2026
PRJ-000854-SP05,PRJ-000854,MAT-1010,2027-01-01,9,8,1,980,8820,Partial,Within Lead Time,Q1 2027
PRJ-000855-SP01,PRJ-000855,MAT-1008,2027-09-01,34,30,17,19000,646000,Partial,Within Lead Time,Q3 2027
PRJ-000855-SP02,PRJ-000855,MAT-1012,2028-12-01,15,6,3,68,1020,Partial,Within Lead Time,Q4 2028
PRJ-000855-SP03,PRJ-000855,MAT-1004,2028-04-01,3638,3191,1805,27,98226,Partial,Within Lead Time,Q2 2028
PRJ-000855-SP04,PRJ-000855,MAT-1010,2026-05-01,66,27,24,980,64680,Partial,At Risk,Q2 2026
PRJ-000855-SP05,PRJ-000855,MAT-1009,2026-10-01,61,20,8,145,8845,Partial,Within Lead Time,Q4 2026
PRJ-000856-SP01,PRJ-000856,MAT-1004,2026-05-01,7507,2329,530,27,202689,Partial,At Risk,Q2 2026
PRJ-000856-SP02,PRJ-000856,MAT-1004,2027-01-01,4483,1613,226,27,121041,Partial,Within Lead Time,Q1 2027
PRJ-000856-SP03,PRJ-000856,MAT-1009,2026-03-01,8,1,1,145,1160,Partial,At Risk,Q1 2026
PRJ-000856-SP04,PRJ-000856,MAT-1007,2027-09-01,68,32,9,14500,986000,Partial,Within Lead Time,Q3 2027
PRJ-000857-SP01,PRJ-000857,MAT-1002,2026-10-01,29,6,6,420,12180,Partial,Within Lead Time,Q4 2026
PRJ-000857-SP02,PRJ-000857,MAT-1006,2028-12-01,56,49,14,6200,347200,Partial,Within Lead Time,Q4 2028
PRJ-000858-SP01,PRJ-000858,MAT-1006,2028-03-01,8,7,3,6200,49600,Partial,Within Lead Time,Q1 2028
PRJ-000858-SP02,PRJ-000858,MAT-1001,2026-12-01,9,6,4,2100,18900,Partial,Within Lead Time,Q4 2026
PRJ-000858-SP03,PRJ-000858,MAT-1008,2027-06-01,64,61,37,19000,1216000,Partial,Within Lead Time,Q2 2027
PRJ-000858-SP04,PRJ-000858,MAT-1011,2027-05-01,79,40,5,130,10270,Partial,Within Lead Time,Q2 2027
PRJ-000858-SP05,PRJ-000858,MAT-1005,2028-10-01,38,32,26,26000,988000,Partial,Within Lead Time,Q4 2028
PRJ-000858-SP06,PRJ-000858,MAT-1009,2028-10-01,65,8,3,145,9425,Partial,Within Lead Time,Q4 2028
PRJ-000858-SP07,PRJ-000858,MAT-1009,2026-02-01,17,15,15,145,2465,Partial,At Risk,Q1 2026
PRJ-000859-SP01,PRJ-000859,MAT-1010,2028-02-01,49,39,31,980,48020,Partial,Within Lead Time,Q1 2028
PRJ-000859-SP02,PRJ-000859,MAT-1004,2027-07-01,3388,1445,477,27,91476,Partial,Within Lead Time,Q3 2027
PRJ-000859-SP03,PRJ-000859,MAT-1012,2027-09-01,61,54,30,68,4148,Partial,Within Lead Time,Q3 2027
PRJ-000859-SP04,PRJ-000859,MAT-1010,2026-04-01,42,14,4,980,41160,Partial,At Risk,Q2 2026
PRJ-000859-SP05,PRJ-000859,MAT-1012,2027-09-01,19,18,15,68,1292,Partial,Within Lead Time,Q3 2027
PRJ-000860-SP01,PRJ-000860,MAT-1011,2027-01-01,25,9,3,130,3250,Partial,Within Lead Time,Q1 2027
PRJ-000860-SP02,PRJ-000860,MAT-1008,2028-09-01,7,6,2,19000,133000,Partial,Within Lead Time,Q3 2028
PRJ-000860-SP03,PRJ-000860,MAT-1008,2027-05-01,78,18,0,19000,1482000,Partial,Within Lead Time,Q2 2027
PRJ-000860-SP04,PRJ-000860,MAT-1002,2028-08-01,56,21,13,420,23520,Partial,Within Lead Time,Q3 2028
PRJ-000860-SP05,PRJ-000860,MAT-1008,2027-12-01,16,7,5,19000,304000,Partial,Within Lead Time,Q4 2027
PRJ-000861-SP01,PRJ-000861,MAT-1007,2026-06-01,15,5,5,14500,217500,Partial,At Risk,Q2 2026
PRJ-000861-SP02,PRJ-000861,MAT-1009,2026-10-01,44,36,29,145,6380,Partial,Within Lead Time,Q4 2026
PRJ-000861-SP03,PRJ-000861,MAT-1009,2027-10-01,36,21,8,145,5220,Partial,Within Lead Time,Q4 2027
PRJ-000861-SP04,PRJ-000861,MAT-1008,2026-04-01,11,8,5,19000,209000,Partial,At Risk,Q2 2026
PRJ-000861-SP05,PRJ-000861,MAT-1009,2026-08-01,78,50,14,145,11310,Partial,At Risk,Q3 2026
PRJ-000861-SP06,PRJ-000861,MAT-1011,2027-07-01,17,9,2,130,2210,Partial,Within Lead Time,Q3 2027
PRJ-000861-SP07,PRJ-000861,MAT-1003,2026-12-01,6674,3500,67,12,80088,Partial,Within Lead Time,Q4 2026
PRJ-000861-SP08,PRJ-000861,MAT-1006,2028-02-01,9,0,0,6200,55800,Not Reserved,Within Lead Time,Q1 2028
PRJ-000862-SP01,PRJ-000862,MAT-1008,2026-10-01,52,25,18,19000,988000,Partial,At Risk,Q4 2026
PRJ-000862-SP02,PRJ-000862,MAT-1007,2027-09-01,77,66,15,14500,1116500,Partial,Within Lead Time,Q3 2027
PRJ-000862-SP03,PRJ-000862,MAT-1008,2026-10-01,76,9,0,19000,1444000,Partial,At Risk,Q4 2026
PRJ-000862-SP04,PRJ-000862,MAT-1007,2028-04-01,13,11,4,14500,188500,Partial,Within Lead Time,Q2 2028
PRJ-000862-SP05,PRJ-000862,MAT-1012,2026-04-01,22,2,1,68,1496,Partial,At Risk,Q2 2026
PRJ-000862-SP06,PRJ-000862,MAT-1010,2028-09-01,76,43,8,980,74480,Partial,Within Lead Time,Q3 2028
PRJ-000862-SP07,PRJ-000862,MAT-1003,2026-12-01,3701,1475,855,12,44412,Partial,Within Lead Time,Q4 2026
PRJ-000863-SP01,PRJ-000863,MAT-1007,2027-12-01,7,7,7,14500,101500,Fulfilled,Within Lead Time,Q4 2027
PRJ-000863-SP02,PRJ-000863,MAT-1007,2026-07-01,30,21,8,14500,435000,Partial,At Risk,Q3 2026
PRJ-000863-SP03,PRJ-000863,MAT-1010,2027-03-01,34,18,11,980,33320,Partial,Within Lead Time,Q1 2027
PRJ-000863-SP04,PRJ-000863,MAT-1006,2026-10-01,27,15,12,6200,167400,Partial,At Risk,Q4 2026
PRJ-000863-SP05,PRJ-000863,MAT-1011,2027-04-01,43,25,2,130,5590,Partial,Within Lead Time,Q2 2027
PRJ-000863-SP06,PRJ-000863,MAT-1004,2026-04-01,2472,745,481,27,66744,Partial,At Risk,Q2 2026
PRJ-000863-SP07,PRJ-000863,MAT-1007,2026-08-01,56,44,11,14500,812000,Partial,At Risk,Q3 2026
PRJ-000863-SP08,PRJ-000863,MAT-1003,2027-01-01,2770,634,192,12,33240,Partial,Within Lead Time,Q1 2027
PRJ-000864-SP01,PRJ-000864,MAT-1005,2029-01-01,32,27,25,26000,832000,Partial,Within Lead Time,Q1 2029
PRJ-000864-SP02,PRJ-000864,MAT-1002,2027-11-01,29,21,13,420,12180,Partial,Within Lead Time,Q4 2027
PRJ-000865-SP01,PRJ-000865,MAT-1005,2028-01-01,76,3,2,26000,1976000,Partial,Within Lead Time,Q1 2028
PRJ-000865-SP02,PRJ-000865,MAT-1008,2028-05-01,21,1,1,19000,399000,Partial,Within Lead Time,Q2 2028
PRJ-000865-SP03,PRJ-000865,MAT-1011,2027-02-01,66,21,17,130,8580,Partial,Within Lead Time,Q1 2027
PRJ-000865-SP04,PRJ-000865,MAT-1006,2028-11-01,22,19,14,6200,136400,Partial,Within Lead Time,Q4 2028
PRJ-000865-SP05,PRJ-000865,MAT-1003,2027-09-01,1016,972,592,12,12192,Partial,Within Lead Time,Q3 2027
PRJ-000865-SP06,PRJ-000865,MAT-1003,2028-11-01,5169,2139,230,12,62028,Partial,Within Lead Time,Q4 2028
PRJ-000865-SP07,PRJ-000865,MAT-1004,2027-10-01,2447,701,391,27,66069,Partial,Within Lead Time,Q4 2027
PRJ-000865-SP08,PRJ-000865,MAT-1005,2026-05-01,43,34,17,26000,1118000,Partial,At Risk,Q2 2026
PRJ-000866-SP01,PRJ-000866,MAT-1003,2027-11-01,6454,940,779,12,77448,Partial,Within Lead Time,Q4 2027
PRJ-000866-SP02,PRJ-000866,MAT-1009,2027-12-01,64,29,25,145,9280,Partial,Within Lead Time,Q4 2027
PRJ-000866-SP03,PRJ-000866,MAT-1009,2027-05-01,69,66,33,145,10005,Partial,Within Lead Time,Q2 2027
PRJ-000866-SP04,PRJ-000866,MAT-1007,2026-04-01,55,15,12,14500,797500,Partial,At Risk,Q2 2026
PRJ-000866-SP05,PRJ-000866,MAT-1007,2028-07-01,72,2,1,14500,1044000,Partial,Within Lead Time,Q3 2028
PRJ-000867-SP01,PRJ-000867,MAT-1004,2026-03-01,640,600,283,27,17280,Partial,At Risk,Q1 2026
PRJ-000867-SP02,PRJ-000867,MAT-1012,2028-01-01,47,11,9,68,3196,Partial,Within Lead Time,Q1 2028
PRJ-000867-SP03,PRJ-000867,MAT-1007,2026-02-01,63,25,10,14500,913500,Partial,At Risk,Q1 2026
PRJ-000867-SP04,PRJ-000867,MAT-1001,2026-05-01,16,9,6,2100,33600,Partial,At Risk,Q2 2026
PRJ-000868-SP01,PRJ-000868,MAT-1002,2028-09-01,48,7,5,420,20160,Partial,Within Lead Time,Q3 2028
PRJ-000868-SP02,PRJ-000868,MAT-1006,2026-01-01,32,27,8,6200,198400,Partial,At Risk,Q1 2026
PRJ-000868-SP03,PRJ-000868,MAT-1007,2027-06-01,59,30,15,14500,855500,Partial,Within Lead Time,Q2 2027
PRJ-000868-SP04,PRJ-000868,MAT-1012,2028-04-01,48,38,6,68,3264,Partial,Within Lead Time,Q2 2028
PRJ-000868-SP05,PRJ-000868,MAT-1010,2026-04-01,14,5,4,980,13720,Partial,At Risk,Q2 2026
PRJ-000869-SP01,PRJ-000869,MAT-1003,2028-04-01,4992,3564,91,12,59904,Partial,Within Lead Time,Q2 2028
PRJ-000869-SP02,PRJ-000869,MAT-1002,2027-07-01,38,7,3,420,15960,Partial,Within Lead Time,Q3 2027
PRJ-000870-SP01,PRJ-000870,MAT-1005,2028-12-01,12,10,3,26000,312000,Partial,Within Lead Time,Q4 2028
PRJ-000870-SP02,PRJ-000870,MAT-1002,2027-12-01,22,15,13,420,9240,Partial,Within Lead Time,Q4 2027
PRJ-000870-SP03,PRJ-000870,MAT-1012,2028-12-01,71,55,43,68,4828,Partial,Within Lead Time,Q4 2028
PRJ-000870-SP04,PRJ-000870,MAT-1001,2026-01-01,77,33,24,2100,161700,Partial,At Risk,Q1 2026
PRJ-000870-SP05,PRJ-000870,MAT-1007,2028-03-01,23,20,12,14500,333500,Partial,Within Lead Time,Q1 2028
PRJ-000870-SP06,PRJ-000870,MAT-1003,2026-04-01,2853,850,9,12,34236,Partial,At Risk,Q2 2026
PRJ-000870-SP07,PRJ-000870,MAT-1007,2028-05-01,44,24,2,14500,638000,Partial,Within Lead Time,Q2 2028
PRJ-000870-SP08,PRJ-000870,MAT-1010,2028-11-01,48,26,10,980,47040,Partial,Within Lead Time,Q4 2028
PRJ-000871-SP01,PRJ-000871,MAT-1007,2026-12-01,14,13,10,14500,203000,Partial,At Risk,Q4 2026
PRJ-000871-SP02,PRJ-000871,MAT-1009,2026-08-01,70,56,13,145,10150,Partial,At Risk,Q3 2026
PRJ-000871-SP03,PRJ-000871,MAT-1008,2026-06-01,34,18,5,19000,646000,Partial,At Risk,Q2 2026
PRJ-000871-SP04,PRJ-000871,MAT-1008,2026-01-01,41,6,4,19000,779000,Partial,At Risk,Q1 2026
PRJ-000871-SP05,PRJ-000871,MAT-1001,2027-04-01,18,16,8,2100,37800,Partial,Within Lead Time,Q2 2027
PRJ-000871-SP06,PRJ-000871,MAT-1006,2027-06-01,44,30,11,6200,272800,Partial,Within Lead Time,Q2 2027
PRJ-000872-SP01,PRJ-000872,MAT-1006,2028-08-01,69,35,33,6200,427800,Partial,Within Lead Time,Q3 2028
PRJ-000872-SP02,PRJ-000872,MAT-1012,2026-10-01,45,36,20,68,3060,Partial,Within Lead Time,Q4 2026
PRJ-000873-SP01,PRJ-000873,MAT-1009,2027-03-01,26,4,2,145,3770,Partial,Within Lead Time,Q1 2027
PRJ-000873-SP02,PRJ-000873,MAT-1001,2026-10-01,52,16,15,2100,109200,Partial,At Risk,Q4 2026
PRJ-000873-SP03,PRJ-000873,MAT-1009,2028-06-01,37,36,35,145,5365,Partial,Within Lead Time,Q2 2028
PRJ-000873-SP04,PRJ-000873,MAT-1009,2026-03-01,75,68,2,145,10875,Partial,At Risk,Q1 2026
PRJ-000873-SP05,PRJ-000873,MAT-1006,2026-09-01,43,3,1,6200,266600,Partial,At Risk,Q3 2026
PRJ-000873-SP06,PRJ-000873,MAT-1004,2028-04-01,5102,2114,1202,27,137754,Partial,Within Lead Time,Q2 2028
PRJ-000873-SP07,PRJ-000873,MAT-1007,2026-10-01,9,1,0,14500,130500,Partial,At Risk,Q4 2026
PRJ-000873-SP08,PRJ-000873,MAT-1003,2028-03-01,6419,4386,143,12,77028,Partial,Within Lead Time,Q1 2028
PRJ-000874-SP01,PRJ-000874,MAT-1012,2028-03-01,22,7,0,68,1496,Partial,Within Lead Time,Q1 2028
PRJ-000874-SP02,PRJ-000874,MAT-1003,2027-12-01,1624,138,40,12,19488,Partial,Within Lead Time,Q4 2027
PRJ-000874-SP03,PRJ-000874,MAT-1006,2029-01-01,14,14,12,6200,86800,Partial,Within Lead Time,Q1 2029
PRJ-000874-SP04,PRJ-000874,MAT-1009,2028-10-01,32,0,0,145,4640,Not Reserved,Within Lead Time,Q4 2028
PRJ-000874-SP05,PRJ-000874,MAT-1010,2026-01-01,66,66,30,980,64680,Partial,At Risk,Q1 2026
PRJ-000875-SP01,PRJ-000875,MAT-1007,2026-06-01,40,20,14,14500,580000,Partial,At Risk,Q2 2026
PRJ-000875-SP02,PRJ-000875,MAT-1010,2026-10-01,29,22,14,980,28420,Partial,At Risk,Q4 2026
PRJ-000876-SP01,PRJ-000876,MAT-1002,2027-09-01,56,35,32,420,23520,Partial,Within Lead Time,Q3 2027
PRJ-000876-SP02,PRJ-000876,MAT-1009,2026-11-01,21,18,1,145,3045,Partial,Within Lead Time,Q4 2026
PRJ-000876-SP03,PRJ-000876,MAT-1006,2029-01-01,62,17,13,6200,384400,Partial,Within Lead Time,Q1 2029
PRJ-000876-SP04,PRJ-000876,MAT-1009,2026-03-01,30,22,5,145,4350,Partial,At Risk,Q1 2026
PRJ-000876-SP05,PRJ-000876,MAT-1008,2027-12-01,30,7,3,19000,570000,Partial,Within Lead Time,Q4 2027
PRJ-000876-SP06,PRJ-000876,MAT-1007,2028-11-01,38,20,13,14500,551000,Partial,Within Lead Time,Q4 2028
PRJ-000877-SP01,PRJ-000877,MAT-1002,2026-07-01,33,32,4,420,13860,Partial,At Risk,Q3 2026
PRJ-000877-SP02,PRJ-000877,MAT-1010,2028-03-01,9,3,3,980,8820,Partial,Within Lead Time,Q1 2028
PRJ-000878-SP01,PRJ-000878,MAT-1006,2028-02-01,36,23,19,6200,223200,Partial,Within Lead Time,Q1 2028
PRJ-000878-SP02,PRJ-000878,MAT-1002,2029-01-01,8,3,1,420,3360,Partial,Within Lead Time,Q1 2029
PRJ-000878-SP03,PRJ-000878,MAT-1008,2027-10-01,49,6,1,19000,931000,Partial,Within Lead Time,Q4 2027
PRJ-000878-SP04,PRJ-000878,MAT-1004,2026-01-01,1010,598,89,27,27270,Partial,At Risk,Q1 2026
PRJ-000878-SP05,PRJ-000878,MAT-1008,2027-06-01,11,1,1,19000,209000,Partial,Within Lead Time,Q2 2027
PRJ-000879-SP01,PRJ-000879,MAT-1010,2028-02-01,50,31,10,980,49000,Partial,Within Lead Time,Q1 2028
PRJ-000879-SP02,PRJ-000879,MAT-1002,2026-09-01,72,10,4,420,30240,Partial,At Risk,Q3 2026
PRJ-000879-SP03,PRJ-000879,MAT-1003,2027-09-01,5039,2471,860,12,60468,Partial,Within Lead Time,Q3 2027
PRJ-000879-SP04,PRJ-000879,MAT-1012,2027-10-01,8,6,2,68,544,Partial,Within Lead Time,Q4 2027
PRJ-000879-SP05,PRJ-000879,MAT-1009,2027-12-01,24,21,21,145,3480,Partial,Within Lead Time,Q4 2027
PRJ-000879-SP06,PRJ-000879,MAT-1009,2026-12-01,57,35,12,145,8265,Partial,Within Lead Time,Q4 2026
PRJ-000879-SP07,PRJ-000879,MAT-1007,2029-01-01,14,11,10,14500,203000,Partial,Within Lead Time,Q1 2029
PRJ-000880-SP01,PRJ-000880,MAT-1011,2029-01-01,29,14,3,130,3770,Partial,Within Lead Time,Q1 2029
PRJ-000880-SP02,PRJ-000880,MAT-1004,2028-10-01,4913,4829,3918,27,132651,Partial,Within Lead Time,Q4 2028
PRJ-000881-SP01,PRJ-000881,MAT-1004,2027-04-01,6519,2900,307,27,176013,Partial,Within Lead Time,Q2 2027
PRJ-000881-SP02,PRJ-000881,MAT-1004,2027-12-01,7490,4810,2342,27,202230,Partial,Within Lead Time,Q4 2027
PRJ-000881-SP03,PRJ-000881,MAT-1011,2028-01-01,60,36,1,130,7800,Partial,Within Lead Time,Q1 2028
PRJ-000881-SP04,PRJ-000881,MAT-1003,2028-07-01,6903,6666,1545,12,82836,Partial,Within Lead Time,Q3 2028
PRJ-000881-SP05,PRJ-000881,MAT-1001,2027-06-01,55,39,8,2100,115500,Partial,Within Lead Time,Q2 2027
PRJ-000881-SP06,PRJ-000881,MAT-1004,2027-12-01,2855,738,390,27,77085,Partial,Within Lead Time,Q4 2027
PRJ-000881-SP07,PRJ-000881,MAT-1006,2026-06-01,14,4,4,6200,86800,Partial,At Risk,Q2 2026
PRJ-000882-SP01,PRJ-000882,MAT-1003,2028-09-01,2215,1495,539,12,26580,Partial,Within Lead Time,Q3 2028
PRJ-000882-SP02,PRJ-000882,MAT-1008,2028-06-01,31,15,6,19000,589000,Partial,Within Lead Time,Q2 2028
PRJ-000882-SP03,PRJ-000882,MAT-1003,2027-11-01,3680,259,38,12,44160,Partial,Within Lead Time,Q4 2027
PRJ-000882-SP04,PRJ-000882,MAT-1006,2028-04-01,3,3,3,6200,18600,Fulfilled,Within Lead Time,Q2 2028
PRJ-000882-SP05,PRJ-000882,MAT-1012,2026-05-01,68,33,1,68,4624,Partial,At Risk,Q2 2026
PRJ-000882-SP06,PRJ-000882,MAT-1008,2027-09-01,32,22,13,19000,608000,Partial,Within Lead Time,Q3 2027
PRJ-000883-SP01,PRJ-000883,MAT-1003,2026-01-01,6828,5882,1390,12,81936,Partial,At Risk,Q1 2026
PRJ-000883-SP02,PRJ-000883,MAT-1009,2028-12-01,19,7,7,145,2755,Partial,Within Lead Time,Q4 2028
PRJ-000883-SP03,PRJ-000883,MAT-1004,2029-01-01,6192,1726,1256,27,167184,Partial,Within Lead Time,Q1 2029
PRJ-000883-SP04,PRJ-000883,MAT-1002,2026-03-01,41,31,30,420,17220,Partial,At Risk,Q1 2026
PRJ-000884-SP01,PRJ-000884,MAT-1007,2026-10-01,32,19,19,14500,464000,Partial,At Risk,Q4 2026
PRJ-000884-SP02,PRJ-000884,MAT-1009,2026-06-01,80,39,7,145,11600,Partial,At Risk,Q2 2026
PRJ-000884-SP03,PRJ-000884,MAT-1009,2028-12-01,58,25,4,145,8410,Partial,Within Lead Time,Q4 2028
PRJ-000885-SP01,PRJ-000885,MAT-1006,2026-03-01,14,1,1,6200,86800,Partial,At Risk,Q1 2026
PRJ-000885-SP02,PRJ-000885,MAT-1011,2029-01-01,26,10,3,130,3380,Partial,Within Lead Time,Q1 2029
PRJ-000886-SP01,PRJ-000886,MAT-1004,2026-01-01,5563,2748,38,27,150201,Partial,At Risk,Q1 2026
PRJ-000886-SP02,PRJ-000886,MAT-1007,2026-09-01,41,8,2,14500,594500,Partial,At Risk,Q3 2026
PRJ-000886-SP03,PRJ-000886,MAT-1004,2028-02-01,7101,5371,895,27,191727,Partial,Within Lead Time,Q1 2028
PRJ-000887-SP01,PRJ-000887,MAT-1009,2026-03-01,9,9,4,145,1305,Partial,At Risk,Q1 2026
PRJ-000887-SP02,PRJ-000887,MAT-1005,2027-10-01,29,1,0,26000,754000,Partial,Within Lead Time,Q4 2027
PRJ-000887-SP03,PRJ-000887,MAT-1008,2027-08-01,79,22,21,19000,1501000,Partial,Within Lead Time,Q3 2027
PRJ-000888-SP01,PRJ-000888,MAT-1007,2028-11-01,71,31,7,14500,1029500,Partial,Within Lead Time,Q4 2028
PRJ-000888-SP02,PRJ-000888,MAT-1009,2026-01-01,67,46,21,145,9715,Partial,At Risk,Q1 2026
PRJ-000888-SP03,PRJ-000888,MAT-1004,2026-07-01,8090,1802,1501,27,218430,Partial,At Risk,Q3 2026
PRJ-000888-SP04,PRJ-000888,MAT-1006,2027-08-01,20,10,8,6200,124000,Partial,Within Lead Time,Q3 2027
PRJ-000888-SP05,PRJ-000888,MAT-1009,2027-01-01,73,18,16,145,10585,Partial,Within Lead Time,Q1 2027
PRJ-000888-SP06,PRJ-000888,MAT-1001,2026-02-01,32,27,21,2100,67200,Partial,At Risk,Q1 2026
PRJ-000888-SP07,PRJ-000888,MAT-1007,2027-04-01,56,4,3,14500,812000,Partial,Within Lead Time,Q2 2027
PRJ-000888-SP08,PRJ-000888,MAT-1008,2026-10-01,27,21,8,19000,513000,Partial,At Risk,Q4 2026
PRJ-000889-SP01,PRJ-000889,MAT-1002,2026-05-01,12,2,2,420,5040,Partial,At Risk,Q2 2026
PRJ-000889-SP02,PRJ-000889,MAT-1003,2028-08-01,7921,4305,2645,12,95052,Partial,Within Lead Time,Q3 2028
PRJ-000889-SP03,PRJ-000889,MAT-1001,2026-05-01,18,15,2,2100,37800,Partial,At Risk,Q2 2026
PRJ-000889-SP04,PRJ-000889,MAT-1003,2026-11-01,6933,3613,325,12,83196,Partial,Within Lead Time,Q4 2026
PRJ-000889-SP05,PRJ-000889,MAT-1003,2028-07-01,9454,2672,277,12,113448,Partial,Within Lead Time,Q3 2028
PRJ-000890-SP01,PRJ-000890,MAT-1001,2028-02-01,24,12,4,2100,50400,Partial,Within Lead Time,Q1 2028
PRJ-000890-SP02,PRJ-000890,MAT-1007,2026-07-01,25,2,2,14500,362500,Partial,At Risk,Q3 2026
PRJ-000890-SP03,PRJ-000890,MAT-1008,2029-01-01,68,61,47,19000,1292000,Partial,Within Lead Time,Q1 2029
PRJ-000891-SP01,PRJ-000891,MAT-1005,2026-11-01,10,5,5,26000,260000,Partial,At Risk,Q4 2026
PRJ-000891-SP02,PRJ-000891,MAT-1001,2027-06-01,74,42,36,2100,155400,Partial,Within Lead Time,Q2 2027
PRJ-000891-SP03,PRJ-000891,MAT-1011,2026-04-01,36,33,24,130,4680,Partial,At Risk,Q2 2026
PRJ-000891-SP04,PRJ-000891,MAT-1007,2028-08-01,68,23,13,14500,986000,Partial,Within Lead Time,Q3 2028
PRJ-000891-SP05,PRJ-000891,MAT-1005,2027-05-01,42,22,12,26000,1092000,Partial,Within Lead Time,Q2 2027
PRJ-000891-SP06,PRJ-000891,MAT-1002,2027-04-01,50,20,15,420,21000,Partial,Within Lead Time,Q2 2027
PRJ-000891-SP07,PRJ-000891,MAT-1011,2028-08-01,36,17,6,130,4680,Partial,Within Lead Time,Q3 2028
PRJ-000892-SP01,PRJ-000892,MAT-1002,2026-10-01,79,51,16,420,33180,Partial,Within Lead Time,Q4 2026
PRJ-000892-SP02,PRJ-000892,MAT-1006,2026-06-01,8,5,0,6200,49600,Partial,At Risk,Q2 2026
PRJ-000892-SP03,PRJ-000892,MAT-1006,2026-03-01,14,6,4,6200,86800,Partial,At Risk,Q1 2026
PRJ-000892-SP04,PRJ-000892,MAT-1011,2026-08-01,45,35,9,130,5850,Partial,At Risk,Q3 2026
PRJ-000892-SP05,PRJ-000892,MAT-1003,2026-04-01,2336,174,60,12,28032,Partial,At Risk,Q2 2026
PRJ-000893-SP01,PRJ-000893,MAT-1005,2028-12-01,11,3,2,26000,286000,Partial,Within Lead Time,Q4 2028
PRJ-000893-SP02,PRJ-000893,MAT-1004,2028-02-01,6816,3870,454,27,184032,Partial,Within Lead Time,Q1 2028
PRJ-000893-SP03,PRJ-000893,MAT-1001,2028-05-01,57,8,3,2100,119700,Partial,Within Lead Time,Q2 2028
PRJ-000893-SP04,PRJ-000893,MAT-1007,2027-06-01,77,64,45,14500,1116500,Partial,Within Lead Time,Q2 2027
PRJ-000893-SP05,PRJ-000893,MAT-1001,2026-05-01,41,16,5,2100,86100,Partial,At Risk,Q2 2026
PRJ-000893-SP06,PRJ-000893,MAT-1002,2026-03-01,36,18,15,420,15120,Partial,At Risk,Q1 2026
PRJ-000893-SP07,PRJ-000893,MAT-1007,2026-06-01,19,3,0,14500,275500,Partial,At Risk,Q2 2026
PRJ-000894-SP01,PRJ-000894,MAT-1005,2027-08-01,62,21,8,26000,1612000,Partial,Within Lead Time,Q3 2027
PRJ-000894-SP02,PRJ-000894,MAT-1005,2027-03-01,38,34,7,26000,988000,Partial,Within Lead Time,Q1 2027
PRJ-000894-SP03,PRJ-000894,MAT-1001,2029-01-01,28,14,5,2100,58800,Partial,Within Lead Time,Q1 2029
PRJ-000894-SP04,PRJ-000894,MAT-1009,2027-04-01,12,8,7,145,1740,Partial,Within Lead Time,Q2 2027
PRJ-000894-SP05,PRJ-000894,MAT-1008,2028-12-01,64,4,1,19000,1216000,Partial,Within Lead Time,Q4 2028
PRJ-000894-SP06,PRJ-000894,MAT-1010,2028-05-01,63,62,51,980,61740,Partial,Within Lead Time,Q2 2028
PRJ-000894-SP07,PRJ-000894,MAT-1011,2029-01-01,6,4,3,130,780,Partial,Within Lead Time,Q1 2029
PRJ-000895-SP01,PRJ-000895,MAT-1007,2027-06-01,16,5,1,14500,232000,Partial,Within Lead Time,Q2 2027
PRJ-000895-SP02,PRJ-000895,MAT-1006,2027-02-01,68,48,42,6200,421600,Partial,Within Lead Time,Q1 2027
PRJ-000895-SP03,PRJ-000895,MAT-1005,2026-10-01,74,35,21,26000,1924000,Partial,At Risk,Q4 2026
PRJ-000895-SP04,PRJ-000895,MAT-1009,2027-09-01,72,31,19,145,10440,Partial,Within Lead Time,Q3 2027
PRJ-000895-SP05,PRJ-000895,MAT-1005,2027-09-01,11,10,7,26000,286000,Partial,Within Lead Time,Q3 2027
PRJ-000895-SP06,PRJ-000895,MAT-1011,2026-01-01,51,0,0,130,6630,Not Reserved,At Risk,Q1 2026
PRJ-000895-SP07,PRJ-000895,MAT-1010,2026-09-01,30,6,4,980,29400,Partial,At Risk,Q3 2026
PRJ-000895-SP08,PRJ-000895,MAT-1002,2028-10-01,18,5,1,420,7560,Partial,Within Lead Time,Q4 2028
PRJ-000896-SP01,PRJ-000896,MAT-1004,2028-05-01,2420,2181,1754,27,65340,Partial,Within Lead Time,Q2 2028
PRJ-000896-SP02,PRJ-000896,MAT-1006,2027-06-01,45,21,11,6200,279000,Partial,Within Lead Time,Q2 2027
PRJ-000896-SP03,PRJ-000896,MAT-1003,2027-04-01,9691,7937,5669,12,116292,Partial,Within Lead Time,Q2 2027
PRJ-000896-SP04,PRJ-000896,MAT-1008,2027-01-01,69,54,49,19000,1311000,Partial,At Risk,Q1 2027
PRJ-000896-SP05,PRJ-000896,MAT-1004,2028-10-01,542,411,16,27,14634,Partial,Within Lead Time,Q4 2028
PRJ-000896-SP06,PRJ-000896,MAT-1010,2026-09-01,4,1,1,980,3920,Partial,At Risk,Q3 2026
PRJ-000897-SP01,PRJ-000897,MAT-1004,2027-08-01,4417,2035,473,27,119259,Partial,Within Lead Time,Q3 2027
PRJ-000897-SP02,PRJ-000897,MAT-1012,2027-11-01,34,26,9,68,2312,Partial,Within Lead Time,Q4 2027
PRJ-000898-SP01,PRJ-000898,MAT-1009,2027-12-01,65,64,32,145,9425,Partial,Within Lead Time,Q4 2027
PRJ-000898-SP02,PRJ-000898,MAT-1001,2026-05-01,24,21,10,2100,50400,Partial,At Risk,Q2 2026
PRJ-000898-SP03,PRJ-000898,MAT-1003,2027-06-01,1451,710,384,12,17412,Partial,Within Lead Time,Q2 2027
PRJ-000898-SP04,PRJ-000898,MAT-1010,2026-04-01,40,36,28,980,39200,Partial,At Risk,Q2 2026
PRJ-000898-SP05,PRJ-000898,MAT-1001,2026-11-01,65,11,9,2100,136500,Partial,Within Lead Time,Q4 2026
PRJ-000899-SP01,PRJ-000899,MAT-1009,2026-07-01,72,50,12,145,10440,Partial,At Risk,Q3 2026
PRJ-000899-SP02,PRJ-000899,MAT-1009,2028-06-01,31,31,18,145,4495,Partial,Within Lead Time,Q2 2028
PRJ-000899-SP03,PRJ-000899,MAT-1009,2028-12-01,8,3,2,145,1160,Partial,Within Lead Time,Q4 2028
PRJ-000899-SP04,PRJ-000899,MAT-1006,2029-01-01,24,14,14,6200,148800,Partial,Within Lead Time,Q1 2029
PRJ-000900-SP01,PRJ-000900,MAT-1008,2026-02-01,7,5,3,19000,133000,Partial,At Risk,Q1 2026
PRJ-000900-SP02,PRJ-000900,MAT-1008,2028-08-01,71,60,56,19000,1349000,Partial,Within Lead Time,Q3 2028
PRJ-000900-SP03,PRJ-000900,MAT-1008,2028-12-01,60,56,35,19000,1140000,Partial,Within Lead Time,Q4 2028
PRJ-000900-SP04,PRJ-000900,MAT-1001,2026-08-01,37,35,33,2100,77700,Partial,At Risk,Q3 2026
PRJ-000900-SP05,PRJ-000900,MAT-1005,2026-11-01,32,29,9,26000,832000,Partial,At Risk,Q4 2026
PRJ-000900-SP06,PRJ-000900,MAT-1011,2027-08-01,4,1,1,130,520,Partial,Within Lead Time,Q3 2027
PRJ-000900-SP07,PRJ-000900,MAT-1003,2027-08-01,3581,736,683,12,42972,Partial,Within Lead Time,Q3 2027
PRJ-000901-SP01,PRJ-000901,MAT-1007,2028-09-01,42,39,38,14500,609000,Partial,Within Lead Time,Q3 2028
PRJ-000901-SP02,PRJ-000901,MAT-1005,2026-07-01,47,32,24,26000,1222000,Partial,At Risk,Q3 2026
PRJ-000901-SP03,PRJ-000901,MAT-1008,2027-12-01,40,34,6,19000,760000,Partial,Within Lead Time,Q4 2027
PRJ-000902-SP01,PRJ-000902,MAT-1011,2027-02-01,72,18,10,130,9360,Partial,Within Lead Time,Q1 2027
PRJ-000902-SP02,PRJ-000902,MAT-1008,2026-12-01,28,3,1,19000,532000,Partial,At Risk,Q4 2026
PRJ-000902-SP03,PRJ-000902,MAT-1004,2028-04-01,3134,1489,11,27,84618,Partial,Within Lead Time,Q2 2028
PRJ-000902-SP04,PRJ-000902,MAT-1011,2026-02-01,51,1,1,130,6630,Partial,At Risk,Q1 2026
PRJ-000902-SP05,PRJ-000902,MAT-1010,2027-03-01,2,1,1,980,1960,Partial,Within Lead Time,Q1 2027
PRJ-000903-SP01,PRJ-000903,MAT-1005,2028-02-01,10,6,1,26000,260000,Partial,Within Lead Time,Q1 2028
PRJ-000903-SP02,PRJ-000903,MAT-1009,2026-11-01,17,4,3,145,2465,Partial,Within Lead Time,Q4 2026
PRJ-000903-SP03,PRJ-000903,MAT-1008,2026-07-01,70,30,19,19000,1330000,Partial,At Risk,Q3 2026
PRJ-000903-SP04,PRJ-000903,MAT-1007,2028-03-01,25,11,5,14500,362500,Partial,Within Lead Time,Q1 2028
PRJ-000903-SP05,PRJ-000903,MAT-1006,2026-03-01,13,2,1,6200,80600,Partial,At Risk,Q1 2026
PRJ-000903-SP06,PRJ-000903,MAT-1002,2027-07-01,8,8,0,420,3360,Partial,Within Lead Time,Q3 2027
PRJ-000903-SP07,PRJ-000903,MAT-1008,2026-12-01,75,53,50,19000,1425000,Partial,At Risk,Q4 2026
PRJ-000904-SP01,PRJ-000904,MAT-1011,2026-02-01,36,3,2,130,4680,Partial,At Risk,Q1 2026
PRJ-000904-SP02,PRJ-000904,MAT-1009,2027-11-01,6,1,1,145,870,Partial,Within Lead Time,Q4 2027
PRJ-000904-SP03,PRJ-000904,MAT-1005,2028-12-01,31,7,1,26000,806000,Partial,Within Lead Time,Q4 2028
PRJ-000904-SP04,PRJ-000904,MAT-1004,2027-11-01,3398,3339,1183,27,91746,Partial,Within Lead Time,Q4 2027
PRJ-000904-SP05,PRJ-000904,MAT-1010,2026-10-01,59,26,14,980,57820,Partial,At Risk,Q4 2026
PRJ-000904-SP06,PRJ-000904,MAT-1005,2028-05-01,24,0,0,26000,624000,Not Reserved,Within Lead Time,Q2 2028
PRJ-000905-SP01,PRJ-000905,MAT-1004,2028-07-01,9851,8582,7655,27,265977,Partial,Within Lead Time,Q3 2028
PRJ-000905-SP02,PRJ-000905,MAT-1003,2028-07-01,7357,6514,1771,12,88284,Partial,Within Lead Time,Q3 2028
PRJ-000906-SP01,PRJ-000906,MAT-1009,2028-08-01,17,6,1,145,2465,Partial,Within Lead Time,Q3 2028
PRJ-000906-SP02,PRJ-000906,MAT-1008,2026-08-01,4,3,0,19000,76000,Partial,At Risk,Q3 2026
PRJ-000906-SP03,PRJ-000906,MAT-1001,2027-11-01,4,2,1,2100,8400,Partial,Within Lead Time,Q4 2027
PRJ-000906-SP04,PRJ-000906,MAT-1009,2026-12-01,36,14,4,145,5220,Partial,Within Lead Time,Q4 2026
PRJ-000906-SP05,PRJ-000906,MAT-1006,2026-03-01,71,55,10,6200,440200,Partial,At Risk,Q1 2026
PRJ-000906-SP06,PRJ-000906,MAT-1007,2027-04-01,12,5,4,14500,174000,Partial,Within Lead Time,Q2 2027
PRJ-000906-SP07,PRJ-000906,MAT-1003,2027-04-01,7287,3606,2549,12,87444,Partial,Within Lead Time,Q2 2027
PRJ-000907-SP01,PRJ-000907,MAT-1011,2028-03-01,49,13,6,130,6370,Partial,Within Lead Time,Q1 2028
PRJ-000907-SP02,PRJ-000907,MAT-1007,2026-11-01,44,8,6,14500,638000,Partial,At Risk,Q4 2026
PRJ-000907-SP03,PRJ-000907,MAT-1001,2026-06-01,21,11,9,2100,44100,Partial,At Risk,Q2 2026
PRJ-000907-SP04,PRJ-000907,MAT-1007,2028-01-01,50,48,47,14500,725000,Partial,Within Lead Time,Q1 2028
PRJ-000908-SP01,PRJ-000908,MAT-1011,2026-07-01,59,8,5,130,7670,Partial,At Risk,Q3 2026
PRJ-000908-SP02,PRJ-000908,MAT-1005,2026-06-01,41,19,12,26000,1066000,Partial,At Risk,Q2 2026
PRJ-000908-SP03,PRJ-000908,MAT-1001,2027-12-01,46,9,1,2100,96600,Partial,Within Lead Time,Q4 2027
PRJ-000908-SP04,PRJ-000908,MAT-1009,2026-07-01,9,2,1,145,1305,Partial,At Risk,Q3 2026
PRJ-000908-SP05,PRJ-000908,MAT-1005,2027-11-01,10,6,2,26000,260000,Partial,Within Lead Time,Q4 2027
PRJ-000908-SP06,PRJ-000908,MAT-1006,2028-04-01,50,25,25,6200,310000,Partial,Within Lead Time,Q2 2028
PRJ-000909-SP01,PRJ-000909,MAT-1010,2026-05-01,47,21,5,980,46060,Partial,At Risk,Q2 2026
PRJ-000909-SP02,PRJ-000909,MAT-1006,2027-02-01,59,9,2,6200,365800,Partial,Within Lead Time,Q1 2027
PRJ-000909-SP03,PRJ-000909,MAT-1012,2027-02-01,36,15,1,68,2448,Partial,Within Lead Time,Q1 2027
PRJ-000909-SP04,PRJ-000909,MAT-1009,2028-09-01,22,21,16,145,3190,Partial,Within Lead Time,Q3 2028
PRJ-000909-SP05,PRJ-000909,MAT-1005,2026-04-01,69,27,21,26000,1794000,Partial,At Risk,Q2 2026
PRJ-000909-SP06,PRJ-000909,MAT-1007,2026-10-01,24,21,8,14500,348000,Partial,At Risk,Q4 2026
PRJ-000910-SP01,PRJ-000910,MAT-1007,2026-12-01,31,30,21,14500,449500,Partial,At Risk,Q4 2026
PRJ-000910-SP02,PRJ-000910,MAT-1010,2026-09-01,20,2,1,980,19600,Partial,At Risk,Q3 2026
PRJ-000910-SP03,PRJ-000910,MAT-1008,2027-06-01,41,35,26,19000,779000,Partial,Within Lead Time,Q2 2027
PRJ-000910-SP04,PRJ-000910,MAT-1004,2027-07-01,3973,2849,891,27,107271,Partial,Within Lead Time,Q3 2027
PRJ-000910-SP05,PRJ-000910,MAT-1003,2029-01-01,5121,1898,1719,12,61452,Partial,Within Lead Time,Q1 2029
PRJ-000910-SP06,PRJ-000910,MAT-1005,2028-02-01,69,14,9,26000,1794000,Partial,Within Lead Time,Q1 2028
PRJ-000911-SP01,PRJ-000911,MAT-1012,2029-01-01,75,12,8,68,5100,Partial,Within Lead Time,Q1 2029
PRJ-000911-SP02,PRJ-000911,MAT-1010,2026-08-01,35,4,2,980,34300,Partial,At Risk,Q3 2026
PRJ-000911-SP03,PRJ-000911,MAT-1012,2027-08-01,77,76,46,68,5236,Partial,Within Lead Time,Q3 2027
PRJ-000911-SP04,PRJ-000911,MAT-1003,2027-01-01,7468,1735,92,12,89616,Partial,Within Lead Time,Q1 2027
PRJ-000912-SP01,PRJ-000912,MAT-1008,2026-11-01,64,51,44,19000,1216000,Partial,At Risk,Q4 2026
PRJ-000912-SP02,PRJ-000912,MAT-1008,2026-01-01,43,1,0,19000,817000,Partial,At Risk,Q1 2026
PRJ-000912-SP03,PRJ-000912,MAT-1005,2028-07-01,29,13,1,26000,754000,Partial,Within Lead Time,Q3 2028
PRJ-000912-SP04,PRJ-000912,MAT-1001,2028-07-01,10,8,7,2100,21000,Partial,Within Lead Time,Q3 2028
PRJ-000913-SP01,PRJ-000913,MAT-1009,2028-07-01,52,29,18,145,7540,Partial,Within Lead Time,Q3 2028
PRJ-000913-SP02,PRJ-000913,MAT-1008,2027-09-01,53,47,42,19000,1007000,Partial,Within Lead Time,Q3 2027
PRJ-000914-SP01,PRJ-000914,MAT-1005,2028-05-01,10,5,1,26000,260000,Partial,Within Lead Time,Q2 2028
PRJ-000914-SP02,PRJ-000914,MAT-1007,2028-11-01,21,18,12,14500,304500,Partial,Within Lead Time,Q4 2028
PRJ-000914-SP03,PRJ-000914,MAT-1009,2027-03-01,12,4,3,145,1740,Partial,Within Lead Time,Q1 2027
PRJ-000914-SP04,PRJ-000914,MAT-1003,2028-12-01,2955,504,153,12,35460,Partial,Within Lead Time,Q4 2028
PRJ-000914-SP05,PRJ-000914,MAT-1009,2027-01-01,53,15,13,145,7685,Partial,Within Lead Time,Q1 2027
PRJ-000915-SP01,PRJ-000915,MAT-1002,2028-04-01,70,18,8,420,29400,Partial,Within Lead Time,Q2 2028
PRJ-000915-SP02,PRJ-000915,MAT-1003,2026-02-01,2594,2247,705,12,31128,Partial,At Risk,Q1 2026
PRJ-000915-SP03,PRJ-000915,MAT-1009,2028-10-01,57,20,17,145,8265,Partial,Within Lead Time,Q4 2028
PRJ-000915-SP04,PRJ-000915,MAT-1007,2027-02-01,48,12,4,14500,696000,Partial,Within Lead Time,Q1 2027
PRJ-000916-SP01,PRJ-000916,MAT-1011,2027-10-01,4,2,1,130,520,Partial,Within Lead Time,Q4 2027
PRJ-000916-SP02,PRJ-000916,MAT-1007,2028-09-01,4,2,1,14500,58000,Partial,Within Lead Time,Q3 2028
PRJ-000916-SP03,PRJ-000916,MAT-1003,2027-12-01,1820,935,20,12,21840,Partial,Within Lead Time,Q4 2027
PRJ-000916-SP04,PRJ-000916,MAT-1006,2026-07-01,27,25,15,6200,167400,Partial,At Risk,Q3 2026
PRJ-000917-SP01,PRJ-000917,MAT-1002,2027-01-01,63,51,41,420,26460,Partial,Within Lead Time,Q1 2027
PRJ-000917-SP02,PRJ-000917,MAT-1012,2028-11-01,68,44,22,68,4624,Partial,Within Lead Time,Q4 2028
PRJ-000917-SP03,PRJ-000917,MAT-1011,2027-01-01,36,12,7,130,4680,Partial,Within Lead Time,Q1 2027
PRJ-000918-SP01,PRJ-000918,MAT-1004,2026-09-01,4017,3781,203,27,108459,Partial,At Risk,Q3 2026
PRJ-000918-SP02,PRJ-000918,MAT-1007,2027-06-01,15,5,5,14500,217500,Partial,Within Lead Time,Q2 2027
PRJ-000918-SP03,PRJ-000918,MAT-1007,2026-07-01,46,14,10,14500,667000,Partial,At Risk,Q3 2026
PRJ-000918-SP04,PRJ-000918,MAT-1004,2026-10-01,7325,2696,1239,27,197775,Partial,At Risk,Q4 2026
PRJ-000918-SP05,PRJ-000918,MAT-1007,2028-11-01,68,5,1,14500,986000,Partial,Within Lead Time,Q4 2028
PRJ-000918-SP06,PRJ-000918,MAT-1002,2029-01-01,75,61,3,420,31500,Partial,Within Lead Time,Q1 2029
PRJ-000918-SP07,PRJ-000918,MAT-1005,2028-09-01,44,43,4,26000,1144000,Partial,Within Lead Time,Q3 2028
PRJ-000919-SP01,PRJ-000919,MAT-1001,2026-06-01,29,19,18,2100,60900,Partial,At Risk,Q2 2026
PRJ-000919-SP02,PRJ-000919,MAT-1006,2026-04-01,78,37,36,6200,483600,Partial,At Risk,Q2 2026
PRJ-000919-SP03,PRJ-000919,MAT-1002,2026-07-01,55,8,2,420,23100,Partial,At Risk,Q3 2026
PRJ-000919-SP04,PRJ-000919,MAT-1004,2027-09-01,5570,2088,703,27,150390,Partial,Within Lead Time,Q3 2027
PRJ-000919-SP05,PRJ-000919,MAT-1001,2026-02-01,35,2,1,2100,73500,Partial,At Risk,Q1 2026
PRJ-000919-SP06,PRJ-000919,MAT-1012,2026-10-01,74,9,3,68,5032,Partial,Within Lead Time,Q4 2026
PRJ-000919-SP07,PRJ-000919,MAT-1012,2028-06-01,12,5,2,68,816,Partial,Within Lead Time,Q2 2028
PRJ-000919-SP08,PRJ-000919,MAT-1012,2028-07-01,70,31,4,68,4760,Partial,Within Lead Time,Q3 2028
PRJ-000920-SP01,PRJ-000920,MAT-1012,2027-10-01,27,3,0,68,1836,Partial,Within Lead Time,Q4 2027
PRJ-000920-SP02,PRJ-000920,MAT-1012,2028-02-01,8,4,3,68,544,Partial,Within Lead Time,Q1 2028
PRJ-000920-SP03,PRJ-000920,MAT-1001,2028-01-01,77,69,39,2100,161700,Partial,Within Lead Time,Q1 2028
PRJ-000920-SP04,PRJ-000920,MAT-1006,2027-06-01,80,9,1,6200,496000,Partial,Within Lead Time,Q2 2027
PRJ-000921-SP01,PRJ-000921,MAT-1010,2026-06-01,80,30,26,980,78400,Partial,At Risk,Q2 2026
PRJ-000921-SP02,PRJ-000921,MAT-1005,2027-07-01,45,2,2,26000,1170000,Partial,Within Lead Time,Q3 2027
PRJ-000921-SP03,PRJ-000921,MAT-1011,2027-02-01,54,27,13,130,7020,Partial,Within Lead Time,Q1 2027
PRJ-000921-SP04,PRJ-000921,MAT-1006,2028-05-01,23,1,0,6200,142600,Partial,Within Lead Time,Q2 2028
PRJ-000922-SP01,PRJ-000922,MAT-1011,2026-03-01,31,25,23,130,4030,Partial,At Risk,Q1 2026
PRJ-000922-SP02,PRJ-000922,MAT-1003,2026-02-01,3666,1602,410,12,43992,Partial,At Risk,Q1 2026
PRJ-000922-SP03,PRJ-000922,MAT-1012,2028-10-01,65,59,14,68,4420,Partial,Within Lead Time,Q4 2028
PRJ-000922-SP04,PRJ-000922,MAT-1003,2027-10-01,6579,5006,1779,12,78948,Partial,Within Lead Time,Q4 2027
PRJ-000922-SP05,PRJ-000922,MAT-1007,2026-01-01,55,10,0,14500,797500,Partial,At Risk,Q1 2026
PRJ-000923-SP01,PRJ-000923,MAT-1006,2028-07-01,26,23,22,6200,161200,Partial,Within Lead Time,Q3 2028
PRJ-000923-SP02,PRJ-000923,MAT-1010,2026-05-01,58,3,2,980,56840,Partial,At Risk,Q2 2026
PRJ-000924-SP01,PRJ-000924,MAT-1008,2028-01-01,52,1,1,19000,988000,Partial,Within Lead Time,Q1 2028
PRJ-000924-SP02,PRJ-000924,MAT-1009,2028-09-01,64,10,2,145,9280,Partial,Within Lead Time,Q3 2028
PRJ-000924-SP03,PRJ-000924,MAT-1007,2027-12-01,64,3,1,14500,928000,Partial,Within Lead Time,Q4 2027
PRJ-000924-SP04,PRJ-000924,MAT-1009,2026-08-01,36,23,18,145,5220,Partial,At Risk,Q3 2026
PRJ-000924-SP05,PRJ-000924,MAT-1005,2028-09-01,72,27,9,26000,1872000,Partial,Within Lead Time,Q3 2028
PRJ-000924-SP06,PRJ-000924,MAT-1007,2028-05-01,29,11,5,14500,420500,Partial,Within Lead Time,Q2 2028
PRJ-000924-SP07,PRJ-000924,MAT-1006,2028-06-01,4,3,2,6200,24800,Partial,Within Lead Time,Q2 2028
PRJ-000925-SP01,PRJ-000925,MAT-1006,2027-03-01,47,25,1,6200,291400,Partial,Within Lead Time,Q1 2027
PRJ-000925-SP02,PRJ-000925,MAT-1012,2027-01-01,31,30,5,68,2108,Partial,Within Lead Time,Q1 2027
PRJ-000925-SP03,PRJ-000925,MAT-1009,2028-01-01,40,23,19,145,5800,Partial,Within Lead Time,Q1 2028
PRJ-000925-SP04,PRJ-000925,MAT-1010,2026-08-01,3,1,0,980,2940,Partial,At Risk,Q3 2026
PRJ-000925-SP05,PRJ-000925,MAT-1004,2026-05-01,3328,1899,884,27,89856,Partial,At Risk,Q2 2026
PRJ-000925-SP06,PRJ-000925,MAT-1008,2026-10-01,6,5,5,19000,114000,Partial,At Risk,Q4 2026
PRJ-000925-SP07,PRJ-000925,MAT-1005,2026-03-01,73,18,9,26000,1898000,Partial,At Risk,Q1 2026
PRJ-000925-SP08,PRJ-000925,MAT-1009,2026-03-01,47,46,25,145,6815,Partial,At Risk,Q1 2026
PRJ-000926-SP01,PRJ-000926,MAT-1001,2027-08-01,66,40,37,2100,138600,Partial,Within Lead Time,Q3 2027
PRJ-000926-SP02,PRJ-000926,MAT-1008,2027-07-01,5,3,3,19000,95000,Partial,Within Lead Time,Q3 2027
PRJ-000926-SP03,PRJ-000926,MAT-1004,2028-12-01,4388,282,47,27,118476,Partial,Within Lead Time,Q4 2028
PRJ-000926-SP04,PRJ-000926,MAT-1012,2028-12-01,80,38,26,68,5440,Partial,Within Lead Time,Q4 2028
PRJ-000926-SP05,PRJ-000926,MAT-1003,2028-10-01,4233,3551,197,12,50796,Partial,Within Lead Time,Q4 2028
PRJ-000927-SP01,PRJ-000927,MAT-1002,2026-03-01,35,25,7,420,14700,Partial,At Risk,Q1 2026
PRJ-000927-SP02,PRJ-000927,MAT-1008,2027-02-01,68,47,4,19000,1292000,Partial,Within Lead Time,Q1 2027
PRJ-000928-SP01,PRJ-000928,MAT-1004,2028-02-01,3664,2085,1597,27,98928,Partial,Within Lead Time,Q1 2028
PRJ-000928-SP02,PRJ-000928,MAT-1008,2027-01-01,38,13,10,19000,722000,Partial,At Risk,Q1 2027
PRJ-000928-SP03,PRJ-000928,MAT-1003,2026-02-01,2366,1683,173,12,28392,Partial,At Risk,Q1 2026
PRJ-000928-SP04,PRJ-000928,MAT-1010,2028-11-01,67,10,3,980,65660,Partial,Within Lead Time,Q4 2028
PRJ-000929-SP01,PRJ-000929,MAT-1008,2026-08-01,60,1,0,19000,1140000,Partial,At Risk,Q3 2026
PRJ-000929-SP02,PRJ-000929,MAT-1003,2027-08-01,5057,1056,368,12,60684,Partial,Within Lead Time,Q3 2027
PRJ-000929-SP03,PRJ-000929,MAT-1003,2028-05-01,5860,5394,728,12,70320,Partial,Within Lead Time,Q2 2028
PRJ-000930-SP01,PRJ-000930,MAT-1012,2027-02-01,32,19,12,68,2176,Partial,Within Lead Time,Q1 2027
PRJ-000930-SP02,PRJ-000930,MAT-1011,2028-11-01,13,2,1,130,1690,Partial,Within Lead Time,Q4 2028
PRJ-000930-SP03,PRJ-000930,MAT-1003,2026-07-01,8276,311,76,12,99312,Partial,At Risk,Q3 2026
PRJ-000930-SP04,PRJ-000930,MAT-1008,2028-05-01,15,3,1,19000,285000,Partial,Within Lead Time,Q2 2028
PRJ-000930-SP05,PRJ-000930,MAT-1003,2026-04-01,3814,3578,2326,12,45768,Partial,At Risk,Q2 2026
PRJ-000930-SP06,PRJ-000930,MAT-1007,2028-02-01,38,18,2,14500,551000,Partial,Within Lead Time,Q1 2028
PRJ-000930-SP07,PRJ-000930,MAT-1008,2028-03-01,34,14,11,19000,646000,Partial,Within Lead Time,Q1 2028
PRJ-000931-SP01,PRJ-000931,MAT-1010,2028-03-01,7,3,1,980,6860,Partial,Within Lead Time,Q1 2028
PRJ-000931-SP02,PRJ-000931,MAT-1008,2027-04-01,26,23,13,19000,494000,Partial,Within Lead Time,Q2 2027
PRJ-000931-SP03,PRJ-000931,MAT-1004,2029-01-01,1688,208,24,27,45576,Partial,Within Lead Time,Q1 2029
PRJ-000931-SP04,PRJ-000931,MAT-1007,2028-10-01,57,38,29,14500,826500,Partial,Within Lead Time,Q4 2028
PRJ-000931-SP05,PRJ-000931,MAT-1012,2029-01-01,43,23,18,68,2924,Partial,Within Lead Time,Q1 2029
PRJ-000931-SP06,PRJ-000931,MAT-1010,2028-01-01,72,22,5,980,70560,Partial,Within Lead Time,Q1 2028
PRJ-000931-SP07,PRJ-000931,MAT-1012,2026-03-01,18,3,1,68,1224,Partial,At Risk,Q1 2026
PRJ-000932-SP01,PRJ-000932,MAT-1011,2026-10-01,7,0,0,130,910,Not Reserved,Within Lead Time,Q4 2026
PRJ-000932-SP02,PRJ-000932,MAT-1008,2028-09-01,46,9,6,19000,874000,Partial,Within Lead Time,Q3 2028
PRJ-000932-SP03,PRJ-000932,MAT-1003,2026-02-01,8099,1973,1204,12,97188,Partial,At Risk,Q1 2026
PRJ-000932-SP04,PRJ-000932,MAT-1002,2026-01-01,8,2,1,420,3360,Partial,At Risk,Q1 2026
PRJ-000933-SP01,PRJ-000933,MAT-1008,2028-03-01,5,0,0,19000,95000,Not Reserved,Within Lead Time,Q1 2028
PRJ-000933-SP02,PRJ-000933,MAT-1002,2028-09-01,6,4,0,420,2520,Partial,Within Lead Time,Q3 2028
PRJ-000933-SP03,PRJ-000933,MAT-1001,2027-09-01,45,42,24,2100,94500,Partial,Within Lead Time,Q3 2027
PRJ-000933-SP04,PRJ-000933,MAT-1004,2026-02-01,8498,3172,1323,27,229446,Partial,At Risk,Q1 2026
PRJ-000934-SP01,PRJ-000934,MAT-1010,2029-01-01,37,32,3,980,36260,Partial,Within Lead Time,Q1 2029
PRJ-000934-SP02,PRJ-000934,MAT-1011,2027-06-01,33,20,7,130,4290,Partial,Within Lead Time,Q2 2027
PRJ-000934-SP03,PRJ-000934,MAT-1007,2028-02-01,29,5,1,14500,420500,Partial,Within Lead Time,Q1 2028
PRJ-000934-SP04,PRJ-000934,MAT-1008,2027-11-01,17,12,1,19000,323000,Partial,Within Lead Time,Q4 2027
PRJ-000934-SP05,PRJ-000934,MAT-1007,2027-04-01,38,5,2,14500,551000,Partial,Within Lead Time,Q2 2027
PRJ-000934-SP06,PRJ-000934,MAT-1006,2028-11-01,53,22,13,6200,328600,Partial,Within Lead Time,Q4 2028
PRJ-000934-SP07,PRJ-000934,MAT-1001,2026-03-01,67,20,13,2100,140700,Partial,At Risk,Q1 2026
PRJ-000935-SP01,PRJ-000935,MAT-1008,2027-06-01,67,15,7,19000,1273000,Partial,Within Lead Time,Q2 2027
PRJ-000935-SP02,PRJ-000935,MAT-1010,2026-06-01,48,45,41,980,47040,Partial,At Risk,Q2 2026
PRJ-000936-SP01,PRJ-000936,MAT-1001,2028-02-01,41,18,18,2100,86100,Partial,Within Lead Time,Q1 2028
PRJ-000936-SP02,PRJ-000936,MAT-1009,2028-10-01,2,2,2,145,290,Fulfilled,Within Lead Time,Q4 2028
PRJ-000936-SP03,PRJ-000936,MAT-1012,2028-03-01,52,32,27,68,3536,Partial,Within Lead Time,Q1 2028
PRJ-000936-SP04,PRJ-000936,MAT-1001,2027-08-01,50,27,2,2100,105000,Partial,Within Lead Time,Q3 2027
PRJ-000936-SP05,PRJ-000936,MAT-1010,2028-06-01,40,19,17,980,39200,Partial,Within Lead Time,Q2 2028
PRJ-000936-SP06,PRJ-000936,MAT-1010,2028-05-01,24,12,9,980,23520,Partial,Within Lead Time,Q2 2028
PRJ-000936-SP07,PRJ-000936,MAT-1002,2026-07-01,15,3,2,420,6300,Partial,At Risk,Q3 2026
PRJ-000937-SP01,PRJ-000937,MAT-1002,2028-06-01,14,9,3,420,5880,Partial,Within Lead Time,Q2 2028
PRJ-000937-SP02,PRJ-000937,MAT-1012,2027-02-01,68,10,8,68,4624,Partial,Within Lead Time,Q1 2027
PRJ-000937-SP03,PRJ-000937,MAT-1010,2026-09-01,18,7,3,980,17640,Partial,At Risk,Q3 2026
PRJ-000937-SP04,PRJ-000937,MAT-1010,2028-12-01,66,8,0,980,64680,Partial,Within Lead Time,Q4 2028
PRJ-000937-SP05,PRJ-000937,MAT-1004,2026-07-01,3505,2539,213,27,94635,Partial,At Risk,Q3 2026
PRJ-000937-SP06,PRJ-000937,MAT-1003,2026-03-01,4959,4923,78,12,59508,Partial,At Risk,Q1 2026
PRJ-000937-SP07,PRJ-000937,MAT-1002,2028-05-01,80,64,44,420,33600,Partial,Within Lead Time,Q2 2028
PRJ-000937-SP08,PRJ-000937,MAT-1008,2026-08-01,65,15,12,19000,1235000,Partial,At Risk,Q3 2026
PRJ-000938-SP01,PRJ-000938,MAT-1010,2026-06-01,47,40,5,980,46060,Partial,At Risk,Q2 2026
PRJ-000938-SP02,PRJ-000938,MAT-1005,2028-02-01,27,22,9,26000,702000,Partial,Within Lead Time,Q1 2028
PRJ-000938-SP03,PRJ-000938,MAT-1004,2027-04-01,3944,456,149,27,106488,Partial,Within Lead Time,Q2 2027
PRJ-000938-SP04,PRJ-000938,MAT-1012,2027-06-01,24,14,6,68,1632,Partial,Within Lead Time,Q2 2027
PRJ-000938-SP05,PRJ-000938,MAT-1007,2026-11-01,18,13,10,14500,261000,Partial,At Risk,Q4 2026
PRJ-000939-SP01,PRJ-000939,MAT-1006,2027-07-01,69,7,3,6200,427800,Partial,Within Lead Time,Q3 2027
PRJ-000939-SP02,PRJ-000939,MAT-1004,2028-07-01,1979,698,633,27,53433,Partial,Within Lead Time,Q3 2028
PRJ-000939-SP03,PRJ-000939,MAT-1003,2026-06-01,7394,6077,4057,12,88728,Partial,At Risk,Q2 2026
PRJ-000939-SP04,PRJ-000939,MAT-1008,2028-05-01,77,54,44,19000,1463000,Partial,Within Lead Time,Q2 2028
PRJ-000939-SP05,PRJ-000939,MAT-1005,2028-11-01,73,27,11,26000,1898000,Partial,Within Lead Time,Q4 2028
PRJ-000939-SP06,PRJ-000939,MAT-1011,2027-01-01,50,33,22,130,6500,Partial,Within Lead Time,Q1 2027
PRJ-000939-SP07,PRJ-000939,MAT-1012,2028-12-01,33,16,12,68,2244,Partial,Within Lead Time,Q4 2028
PRJ-000940-SP01,PRJ-000940,MAT-1002,2027-11-01,78,62,5,420,32760,Partial,Within Lead Time,Q4 2027
PRJ-000940-SP02,PRJ-000940,MAT-1012,2028-05-01,46,15,2,68,3128,Partial,Within Lead Time,Q2 2028
PRJ-000940-SP03,PRJ-000940,MAT-1009,2026-12-01,63,59,20,145,9135,Partial,Within Lead Time,Q4 2026
PRJ-000940-SP04,PRJ-000940,MAT-1006,2027-06-01,53,16,7,6200,328600,Partial,Within Lead Time,Q2 2027
PRJ-000940-SP05,PRJ-000940,MAT-1005,2026-08-01,34,14,11,26000,884000,Partial,At Risk,Q3 2026
PRJ-000940-SP06,PRJ-000940,MAT-1012,2026-11-01,18,3,0,68,1224,Partial,Within Lead Time,Q4 2026
PRJ-000941-SP01,PRJ-000941,MAT-1001,2027-07-01,43,43,17,2100,90300,Partial,Within Lead Time,Q3 2027
PRJ-000941-SP02,PRJ-000941,MAT-1008,2028-04-01,45,7,5,19000,855000,Partial,Within Lead Time,Q2 2028
PRJ-000941-SP03,PRJ-000941,MAT-1004,2026-01-01,9266,4527,2666,27,250182,Partial,At Risk,Q1 2026
PRJ-000941-SP04,PRJ-000941,MAT-1012,2027-02-01,36,24,4,68,2448,Partial,Within Lead Time,Q1 2027
PRJ-000941-SP05,PRJ-000941,MAT-1007,2027-12-01,35,32,30,14500,507500,Partial,Within Lead Time,Q4 2027
PRJ-000941-SP06,PRJ-000941,MAT-1007,2026-10-01,59,35,26,14500,855500,Partial,At Risk,Q4 2026
PRJ-000941-SP07,PRJ-000941,MAT-1001,2026-04-01,18,6,4,2100,37800,Partial,At Risk,Q2 2026
PRJ-000941-SP08,PRJ-000941,MAT-1008,2028-08-01,73,19,16,19000,1387000,Partial,Within Lead Time,Q3 2028
PRJ-000942-SP01,PRJ-000942,MAT-1003,2027-04-01,8498,4948,2489,12,101976,Partial,Within Lead Time,Q2 2027
PRJ-000942-SP02,PRJ-000942,MAT-1001,2026-02-01,22,4,4,2100,46200,Partial,At Risk,Q1 2026
PRJ-000943-SP01,PRJ-000943,MAT-1004,2026-09-01,6971,4253,841,27,188217,Partial,At Risk,Q3 2026
PRJ-000943-SP02,PRJ-000943,MAT-1007,2026-08-01,21,17,10,14500,304500,Partial,At Risk,Q3 2026
PRJ-000943-SP03,PRJ-000943,MAT-1009,2028-10-01,53,23,12,145,7685,Partial,Within Lead Time,Q4 2028
PRJ-000943-SP04,PRJ-000943,MAT-1010,2026-04-01,4,0,0,980,3920,Not Reserved,At Risk,Q2 2026
PRJ-000943-SP05,PRJ-000943,MAT-1006,2027-04-01,23,14,4,6200,142600,Partial,Within Lead Time,Q2 2027
PRJ-000943-SP06,PRJ-000943,MAT-1008,2026-03-01,30,28,1,19000,570000,Partial,At Risk,Q1 2026
PRJ-000944-SP01,PRJ-000944,MAT-1003,2026-12-01,3333,1940,1892,12,39996,Partial,Within Lead Time,Q4 2026
PRJ-000944-SP02,PRJ-000944,MAT-1003,2026-07-01,1290,899,471,12,15480,Partial,At Risk,Q3 2026
PRJ-000944-SP03,PRJ-000944,MAT-1012,2026-12-01,5,2,0,68,340,Partial,Within Lead Time,Q4 2026
PRJ-000944-SP04,PRJ-000944,MAT-1011,2026-05-01,73,8,1,130,9490,Partial,At Risk,Q2 2026
PRJ-000945-SP01,PRJ-000945,MAT-1010,2026-02-01,58,43,43,980,56840,Partial,At Risk,Q1 2026
PRJ-000945-SP02,PRJ-000945,MAT-1011,2027-05-01,48,39,23,130,6240,Partial,Within Lead Time,Q2 2027
PRJ-000945-SP03,PRJ-000945,MAT-1011,2027-01-01,44,22,11,130,5720,Partial,Within Lead Time,Q1 2027
PRJ-000945-SP04,PRJ-000945,MAT-1007,2027-09-01,69,57,10,14500,1000500,Partial,Within Lead Time,Q3 2027
PRJ-000945-SP05,PRJ-000945,MAT-1011,2028-02-01,16,10,8,130,2080,Partial,Within Lead Time,Q1 2028
PRJ-000945-SP06,PRJ-000945,MAT-1010,2027-05-01,61,9,7,980,59780,Partial,Within Lead Time,Q2 2027
PRJ-000945-SP07,PRJ-000945,MAT-1009,2026-12-01,14,2,2,145,2030,Partial,Within Lead Time,Q4 2026
PRJ-000945-SP08,PRJ-000945,MAT-1003,2027-08-01,1329,595,254,12,15948,Partial,Within Lead Time,Q3 2027
PRJ-000946-SP01,PRJ-000946,MAT-1010,2027-07-01,23,19,0,980,22540,Partial,Within Lead Time,Q3 2027
PRJ-000946-SP02,PRJ-000946,MAT-1008,2028-01-01,55,11,7,19000,1045000,Partial,Within Lead Time,Q1 2028
PRJ-000946-SP03,PRJ-000946,MAT-1005,2028-07-01,25,24,6,26000,650000,Partial,Within Lead Time,Q3 2028
PRJ-000946-SP04,PRJ-000946,MAT-1010,2027-09-01,45,16,16,980,44100,Partial,Within Lead Time,Q3 2027
PRJ-000946-SP05,PRJ-000946,MAT-1008,2026-11-01,79,33,25,19000,1501000,Partial,At Risk,Q4 2026
PRJ-000946-SP06,PRJ-000946,MAT-1003,2028-07-01,3580,1652,825,12,42960,Partial,Within Lead Time,Q3 2028
PRJ-000946-SP07,PRJ-000946,MAT-1001,2026-03-01,57,46,6,2100,119700,Partial,At Risk,Q1 2026
PRJ-000946-SP08,PRJ-000946,MAT-1006,2027-05-01,2,0,0,6200,12400,Not Reserved,Within Lead Time,Q2 2027
PRJ-000947-SP01,PRJ-000947,MAT-1003,2026-12-01,4409,578,567,12,52908,Partial,Within Lead Time,Q4 2026
PRJ-000947-SP02,PRJ-000947,MAT-1002,2028-04-01,18,18,12,420,7560,Partial,Within Lead Time,Q2 2028
PRJ-000947-SP03,PRJ-000947,MAT-1007,2026-04-01,59,21,11,14500,855500,Partial,At Risk,Q2 2026
PRJ-000947-SP04,PRJ-000947,MAT-1007,2028-09-01,68,25,11,14500,986000,Partial,Within Lead Time,Q3 2028
PRJ-000948-SP01,PRJ-000948,MAT-1004,2028-09-01,8274,333,37,27,223398,Partial,Within Lead Time,Q3 2028
PRJ-000948-SP02,PRJ-000948,MAT-1001,2027-06-01,61,53,33,2100,128100,Partial,Within Lead Time,Q2 2027
PRJ-000948-SP03,PRJ-000948,MAT-1001,2028-06-01,76,19,8,2100,159600,Partial,Within Lead Time,Q2 2028
PRJ-000948-SP04,PRJ-000948,MAT-1008,2027-01-01,49,29,6,19000,931000,Partial,At Risk,Q1 2027
PRJ-000948-SP05,PRJ-000948,MAT-1003,2026-10-01,3863,2674,429,12,46356,Partial,At Risk,Q4 2026
PRJ-000948-SP06,PRJ-000948,MAT-1010,2027-04-01,67,4,2,980,65660,Partial,Within Lead Time,Q2 2027
PRJ-000949-SP01,PRJ-000949,MAT-1008,2026-01-01,73,56,12,19000,1387000,Partial,At Risk,Q1 2026
PRJ-000949-SP02,PRJ-000949,MAT-1011,2027-03-01,67,32,23,130,8710,Partial,Within Lead Time,Q1 2027
PRJ-000949-SP03,PRJ-000949,MAT-1006,2026-02-01,65,55,53,6200,403000,Partial,At Risk,Q1 2026
PRJ-000949-SP04,PRJ-000949,MAT-1002,2026-03-01,62,12,11,420,26040,Partial,At Risk,Q1 2026
PRJ-000949-SP05,PRJ-000949,MAT-1006,2026-11-01,5,2,0,6200,31000,Partial,At Risk,Q4 2026
PRJ-000950-SP01,PRJ-000950,MAT-1012,2027-02-01,14,6,4,68,952,Partial,Within Lead Time,Q1 2027
PRJ-000950-SP02,PRJ-000950,MAT-1012,2026-04-01,59,14,5,68,4012,Partial,At Risk,Q2 2026
PRJ-000950-SP03,PRJ-000950,MAT-1012,2027-01-01,37,12,4,68,2516,Partial,Within Lead Time,Q1 2027
PRJ-000950-SP04,PRJ-000950,MAT-1002,2028-11-01,40,3,0,420,16800,Partial,Within Lead Time,Q4 2028
PRJ-000950-SP05,PRJ-000950,MAT-1004,2026-07-01,1596,884,608,27,43092,Partial,At Risk,Q3 2026
PRJ-000951-SP01,PRJ-000951,MAT-1007,2027-09-01,69,1,1,14500,1000500,Partial,Within Lead Time,Q3 2027
PRJ-000951-SP02,PRJ-000951,MAT-1012,2026-03-01,14,10,5,68,952,Partial,At Risk,Q1 2026
PRJ-000951-SP03,PRJ-000951,MAT-1001,2028-02-01,47,22,11,2100,98700,Partial,Within Lead Time,Q1 2028
PRJ-000951-SP04,PRJ-000951,MAT-1010,2028-10-01,32,14,6,980,31360,Partial,Within Lead Time,Q4 2028
PRJ-000951-SP05,PRJ-000951,MAT-1005,2028-04-01,17,14,8,26000,442000,Partial,Within Lead Time,Q2 2028
PRJ-000951-SP06,PRJ-000951,MAT-1012,2028-08-01,12,11,7,68,816,Partial,Within Lead Time,Q3 2028
PRJ-000951-SP07,PRJ-000951,MAT-1012,2029-01-01,44,29,12,68,2992,Partial,Within Lead Time,Q1 2029
PRJ-000952-SP01,PRJ-000952,MAT-1001,2026-08-01,40,22,6,2100,84000,Partial,At Risk,Q3 2026
PRJ-000952-SP02,PRJ-000952,MAT-1001,2027-09-01,34,27,24,2100,71400,Partial,Within Lead Time,Q3 2027
PRJ-000952-SP03,PRJ-000952,MAT-1011,2026-12-01,71,7,6,130,9230,Partial,Within Lead Time,Q4 2026
PRJ-000952-SP04,PRJ-000952,MAT-1001,2028-02-01,22,18,10,2100,46200,Partial,Within Lead Time,Q1 2028
PRJ-000952-SP05,PRJ-000952,MAT-1002,2026-05-01,73,38,35,420,30660,Partial,At Risk,Q2 2026
PRJ-000952-SP06,PRJ-000952,MAT-1011,2026-06-01,27,18,12,130,3510,Partial,At Risk,Q2 2026
PRJ-000953-SP01,PRJ-000953,MAT-1001,2028-01-01,36,30,14,2100,75600,Partial,Within Lead Time,Q1 2028
PRJ-000953-SP02,PRJ-000953,MAT-1003,2026-08-01,7544,3618,1775,12,90528,Partial,At Risk,Q3 2026
PRJ-000953-SP03,PRJ-000953,MAT-1002,2026-08-01,40,21,18,420,16800,Partial,At Risk,Q3 2026
PRJ-000953-SP04,PRJ-000953,MAT-1008,2027-09-01,55,48,40,19000,1045000,Partial,Within Lead Time,Q3 2027
PRJ-000953-SP05,PRJ-000953,MAT-1012,2028-07-01,46,7,5,68,3128,Partial,Within Lead Time,Q3 2028
PRJ-000953-SP06,PRJ-000953,MAT-1008,2027-10-01,41,13,11,19000,779000,Partial,Within Lead Time,Q4 2027
PRJ-000953-SP07,PRJ-000953,MAT-1006,2026-12-01,79,58,47,6200,489800,Partial,Within Lead Time,Q4 2026
PRJ-000954-SP01,PRJ-000954,MAT-1001,2028-08-01,63,44,12,2100,132300,Partial,Within Lead Time,Q3 2028
PRJ-000954-SP02,PRJ-000954,MAT-1003,2026-06-01,3976,3474,1821,12,47712,Partial,At Risk,Q2 2026
PRJ-000954-SP03,PRJ-000954,MAT-1011,2028-09-01,80,75,28,130,10400,Partial,Within Lead Time,Q3 2028
PRJ-000954-SP04,PRJ-000954,MAT-1010,2026-08-01,9,4,4,980,8820,Partial,At Risk,Q3 2026
PRJ-000954-SP05,PRJ-000954,MAT-1012,2027-07-01,30,7,1,68,2040,Partial,Within Lead Time,Q3 2027
PRJ-000954-SP06,PRJ-000954,MAT-1012,2028-01-01,30,12,6,68,2040,Partial,Within Lead Time,Q1 2028
PRJ-000955-SP01,PRJ-000955,MAT-1003,2027-08-01,8760,3522,2965,12,105120,Partial,Within Lead Time,Q3 2027
PRJ-000955-SP02,PRJ-000955,MAT-1006,2029-01-01,32,27,25,6200,198400,Partial,Within Lead Time,Q1 2029
PRJ-000955-SP03,PRJ-000955,MAT-1009,2028-03-01,38,12,4,145,5510,Partial,Within Lead Time,Q1 2028
PRJ-000956-SP01,PRJ-000956,MAT-1012,2027-04-01,41,30,29,68,2788,Partial,Within Lead Time,Q2 2027
PRJ-000956-SP02,PRJ-000956,MAT-1005,2027-01-01,80,73,43,26000,2080000,Partial,Within Lead Time,Q1 2027
PRJ-000956-SP03,PRJ-000956,MAT-1009,2027-04-01,6,4,3,145,870,Partial,Within Lead Time,Q2 2027
PRJ-000956-SP04,PRJ-000956,MAT-1011,2029-01-01,31,4,0,130,4030,Partial,Within Lead Time,Q1 2029
PRJ-000956-SP05,PRJ-000956,MAT-1009,2026-02-01,79,7,6,145,11455,Partial,At Risk,Q1 2026
PRJ-000956-SP06,PRJ-000956,MAT-1011,2028-03-01,31,15,2,130,4030,Partial,Within Lead Time,Q1 2028
PRJ-000957-SP01,PRJ-000957,MAT-1005,2027-06-01,63,26,4,26000,1638000,Partial,Within Lead Time,Q2 2027
PRJ-000957-SP02,PRJ-000957,MAT-1012,2028-09-01,43,5,4,68,2924,Partial,Within Lead Time,Q3 2028
PRJ-000957-SP03,PRJ-000957,MAT-1011,2026-08-01,10,1,1,130,1300,Partial,At Risk,Q3 2026
PRJ-000957-SP04,PRJ-000957,MAT-1005,2028-05-01,22,1,1,26000,572000,Partial,Within Lead Time,Q2 2028
PRJ-000958-SP01,PRJ-000958,MAT-1005,2028-11-01,80,2,2,26000,2080000,Partial,Within Lead Time,Q4 2028
PRJ-000958-SP02,PRJ-000958,MAT-1012,2028-05-01,45,3,1,68,3060,Partial,Within Lead Time,Q2 2028
PRJ-000958-SP03,PRJ-000958,MAT-1008,2028-10-01,21,9,4,19000,399000,Partial,Within Lead Time,Q4 2028
PRJ-000958-SP04,PRJ-000958,MAT-1011,2026-08-01,64,63,61,130,8320,Partial,At Risk,Q3 2026
PRJ-000959-SP01,PRJ-000959,MAT-1007,2026-08-01,55,4,4,14500,797500,Partial,At Risk,Q3 2026
PRJ-000959-SP02,PRJ-000959,MAT-1002,2028-03-01,13,3,2,420,5460,Partial,Within Lead Time,Q1 2028
PRJ-000960-SP01,PRJ-000960,MAT-1005,2028-03-01,62,1,0,26000,1612000,Partial,Within Lead Time,Q1 2028
PRJ-000960-SP02,PRJ-000960,MAT-1004,2027-02-01,2903,22,21,27,78381,Partial,Within Lead Time,Q1 2027
PRJ-000960-SP03,PRJ-000960,MAT-1006,2026-10-01,26,16,4,6200,161200,Partial,At Risk,Q4 2026
PRJ-000961-SP01,PRJ-000961,MAT-1010,2028-12-01,10,5,0,980,9800,Partial,Within Lead Time,Q4 2028
PRJ-000961-SP02,PRJ-000961,MAT-1004,2027-03-01,9038,4792,657,27,244026,Partial,Within Lead Time,Q1 2027
PRJ-000961-SP03,PRJ-000961,MAT-1001,2027-02-01,36,22,19,2100,75600,Partial,Within Lead Time,Q1 2027
PRJ-000961-SP04,PRJ-000961,MAT-1011,2028-06-01,4,3,2,130,520,Partial,Within Lead Time,Q2 2028
PRJ-000962-SP01,PRJ-000962,MAT-1008,2026-10-01,23,4,3,19000,437000,Partial,At Risk,Q4 2026
PRJ-000962-SP02,PRJ-000962,MAT-1003,2027-10-01,851,493,117,12,10212,Partial,Within Lead Time,Q4 2027
PRJ-000962-SP03,PRJ-000962,MAT-1001,2027-12-01,43,23,19,2100,90300,Partial,Within Lead Time,Q4 2027
PRJ-000962-SP04,PRJ-000962,MAT-1006,2027-02-01,43,10,2,6200,266600,Partial,Within Lead Time,Q1 2027
PRJ-000963-SP01,PRJ-000963,MAT-1006,2026-10-01,56,12,5,6200,347200,Partial,At Risk,Q4 2026
PRJ-000963-SP02,PRJ-000963,MAT-1009,2028-02-01,21,6,1,145,3045,Partial,Within Lead Time,Q1 2028
PRJ-000963-SP03,PRJ-000963,MAT-1006,2027-05-01,67,0,0,6200,415400,Not Reserved,Within Lead Time,Q2 2027
PRJ-000963-SP04,PRJ-000963,MAT-1001,2027-11-01,26,11,9,2100,54600,Partial,Within Lead Time,Q4 2027
PRJ-000963-SP05,PRJ-000963,MAT-1011,2028-02-01,49,20,2,130,6370,Partial,Within Lead Time,Q1 2028
PRJ-000963-SP06,PRJ-000963,MAT-1009,2028-03-01,6,4,1,145,870,Partial,Within Lead Time,Q1 2028
PRJ-000964-SP01,PRJ-000964,MAT-1008,2026-09-01,26,21,3,19000,494000,Partial,At Risk,Q3 2026
PRJ-000964-SP02,PRJ-000964,MAT-1009,2027-11-01,2,0,0,145,290,Not Reserved,Within Lead Time,Q4 2027
PRJ-000964-SP03,PRJ-000964,MAT-1009,2026-10-01,58,39,15,145,8410,Partial,Within Lead Time,Q4 2026
PRJ-000964-SP04,PRJ-000964,MAT-1004,2026-01-01,1053,901,790,27,28431,Partial,At Risk,Q1 2026
PRJ-000965-SP01,PRJ-000965,MAT-1001,2026-05-01,9,3,1,2100,18900,Partial,At Risk,Q2 2026
PRJ-000965-SP02,PRJ-000965,MAT-1001,2027-11-01,74,40,40,2100,155400,Partial,Within Lead Time,Q4 2027
PRJ-000965-SP03,PRJ-000965,MAT-1004,2026-04-01,8307,2370,788,27,224289,Partial,At Risk,Q2 2026
PRJ-000966-SP01,PRJ-000966,MAT-1011,2027-05-01,8,8,5,130,1040,Partial,Within Lead Time,Q2 2027
PRJ-000966-SP02,PRJ-000966,MAT-1004,2026-10-01,3020,2613,1527,27,81540,Partial,At Risk,Q4 2026
PRJ-000966-SP03,PRJ-000966,MAT-1011,2028-07-01,21,5,3,130,2730,Partial,Within Lead Time,Q3 2028
PRJ-000966-SP04,PRJ-000966,MAT-1007,2027-11-01,71,9,3,14500,1029500,Partial,Within Lead Time,Q4 2027
PRJ-000966-SP05,PRJ-000966,MAT-1011,2027-11-01,25,7,6,130,3250,Partial,Within Lead Time,Q4 2027
PRJ-000967-SP01,PRJ-000967,MAT-1001,2027-08-01,73,69,46,2100,153300,Partial,Within Lead Time,Q3 2027
PRJ-000967-SP02,PRJ-000967,MAT-1012,2026-01-01,71,20,15,68,4828,Partial,At Risk,Q1 2026
PRJ-000967-SP03,PRJ-000967,MAT-1004,2028-04-01,4693,1200,751,27,126711,Partial,Within Lead Time,Q2 2028
PRJ-000967-SP04,PRJ-000967,MAT-1002,2026-04-01,2,1,1,420,840,Partial,At Risk,Q2 2026
PRJ-000967-SP05,PRJ-000967,MAT-1005,2027-07-01,25,21,6,26000,650000,Partial,Within Lead Time,Q3 2027
PRJ-000968-SP01,PRJ-000968,MAT-1009,2026-07-01,8,0,0,145,1160,Not Reserved,At Risk,Q3 2026
PRJ-000968-SP02,PRJ-000968,MAT-1010,2028-08-01,67,50,12,980,65660,Partial,Within Lead Time,Q3 2028
PRJ-000968-SP03,PRJ-000968,MAT-1003,2026-03-01,6780,1906,1820,12,81360,Partial,At Risk,Q1 2026
PRJ-000968-SP04,PRJ-000968,MAT-1010,2028-10-01,42,4,2,980,41160,Partial,Within Lead Time,Q4 2028
PRJ-000968-SP05,PRJ-000968,MAT-1002,2027-03-01,14,11,5,420,5880,Partial,Within Lead Time,Q1 2027
PRJ-000968-SP06,PRJ-000968,MAT-1010,2028-04-01,51,15,13,980,49980,Partial,Within Lead Time,Q2 2028
PRJ-000968-SP07,PRJ-000968,MAT-1010,2026-05-01,60,4,0,980,58800,Partial,At Risk,Q2 2026
PRJ-000968-SP08,PRJ-000968,MAT-1005,2027-02-01,64,42,24,26000,1664000,Partial,Within Lead Time,Q1 2027
PRJ-000969-SP01,PRJ-000969,MAT-1002,2026-07-01,17,7,2,420,7140,Partial,At Risk,Q3 2026
PRJ-000969-SP02,PRJ-000969,MAT-1005,2028-02-01,38,7,5,26000,988000,Partial,Within Lead Time,Q1 2028
PRJ-000969-SP03,PRJ-000969,MAT-1006,2028-07-01,19,11,8,6200,117800,Partial,Within Lead Time,Q3 2028
PRJ-000969-SP04,PRJ-000969,MAT-1004,2028-07-01,5739,4216,1491,27,154953,Partial,Within Lead Time,Q3 2028
PRJ-000969-SP05,PRJ-000969,MAT-1001,2027-05-01,78,27,5,2100,163800,Partial,Within Lead Time,Q2 2027
PRJ-000970-SP01,PRJ-000970,MAT-1008,2028-09-01,19,2,1,19000,361000,Partial,Within Lead Time,Q3 2028
PRJ-000970-SP02,PRJ-000970,MAT-1008,2028-08-01,75,75,37,19000,1425000,Partial,Within Lead Time,Q3 2028
PRJ-000970-SP03,PRJ-000970,MAT-1008,2026-08-01,79,37,20,19000,1501000,Partial,At Risk,Q3 2026
PRJ-000970-SP04,PRJ-000970,MAT-1011,2027-10-01,75,5,2,130,9750,Partial,Within Lead Time,Q4 2027
PRJ-000971-SP01,PRJ-000971,MAT-1005,2027-05-01,26,2,1,26000,676000,Partial,Within Lead Time,Q2 2027
PRJ-000971-SP02,PRJ-000971,MAT-1008,2028-10-01,57,48,29,19000,1083000,Partial,Within Lead Time,Q4 2028
PRJ-000971-SP03,PRJ-000971,MAT-1005,2028-05-01,50,2,1,26000,1300000,Partial,Within Lead Time,Q2 2028
PRJ-000971-SP04,PRJ-000971,MAT-1009,2026-05-01,2,1,1,145,290,Partial,At Risk,Q2 2026
PRJ-000972-SP01,PRJ-000972,MAT-1008,2026-02-01,40,22,10,19000,760000,Partial,At Risk,Q1 2026
PRJ-000972-SP02,PRJ-000972,MAT-1008,2028-05-01,64,5,2,19000,1216000,Partial,Within Lead Time,Q2 2028
PRJ-000972-SP03,PRJ-000972,MAT-1012,2028-09-01,19,15,5,68,1292,Partial,Within Lead Time,Q3 2028
PRJ-000972-SP04,PRJ-000972,MAT-1008,2027-02-01,69,27,5,19000,1311000,Partial,Within Lead Time,Q1 2027
PRJ-000972-SP05,PRJ-000972,MAT-1003,2028-03-01,2024,1657,1402,12,24288,Partial,Within Lead Time,Q1 2028
PRJ-000973-SP01,PRJ-000973,MAT-1005,2028-07-01,29,13,3,26000,754000,Partial,Within Lead Time,Q3 2028
PRJ-000973-SP02,PRJ-000973,MAT-1004,2027-04-01,5110,3144,1819,27,137970,Partial,Within Lead Time,Q2 2027
PRJ-000973-SP03,PRJ-000973,MAT-1006,2026-09-01,5,1,0,6200,31000,Partial,At Risk,Q3 2026
PRJ-000973-SP04,PRJ-000973,MAT-1010,2028-11-01,77,10,2,980,75460,Partial,Within Lead Time,Q4 2028
PRJ-000973-SP05,PRJ-000973,MAT-1012,2028-08-01,17,12,3,68,1156,Partial,Within Lead Time,Q3 2028
PRJ-000973-SP06,PRJ-000973,MAT-1011,2028-06-01,53,7,5,130,6890,Partial,Within Lead Time,Q2 2028
PRJ-000973-SP07,PRJ-000973,MAT-1006,2028-01-01,78,24,15,6200,483600,Partial,Within Lead Time,Q1 2028
PRJ-000973-SP08,PRJ-000973,MAT-1004,2027-07-01,4086,3102,518,27,110322,Partial,Within Lead Time,Q3 2027
PRJ-000974-SP01,PRJ-000974,MAT-1004,2028-01-01,755,251,180,27,20385,Partial,Within Lead Time,Q1 2028
PRJ-000974-SP02,PRJ-000974,MAT-1002,2026-09-01,61,31,19,420,25620,Partial,At Risk,Q3 2026
PRJ-000974-SP03,PRJ-000974,MAT-1008,2027-09-01,70,29,7,19000,1330000,Partial,Within Lead Time,Q3 2027
PRJ-000974-SP04,PRJ-000974,MAT-1002,2028-03-01,46,6,2,420,19320,Partial,Within Lead Time,Q1 2028
PRJ-000975-SP01,PRJ-000975,MAT-1002,2028-05-01,72,59,14,420,30240,Partial,Within Lead Time,Q2 2028
PRJ-000975-SP02,PRJ-000975,MAT-1003,2026-07-01,1993,1481,202,12,23916,Partial,At Risk,Q3 2026
PRJ-000975-SP03,PRJ-000975,MAT-1009,2028-04-01,70,61,33,145,10150,Partial,Within Lead Time,Q2 2028
PRJ-000976-SP01,PRJ-000976,MAT-1009,2027-01-01,32,8,3,145,4640,Partial,Within Lead Time,Q1 2027
PRJ-000976-SP02,PRJ-000976,MAT-1005,2026-06-01,59,12,11,26000,1534000,Partial,At Risk,Q2 2026
PRJ-000976-SP03,PRJ-000976,MAT-1010,2026-09-01,31,1,1,980,30380,Partial,At Risk,Q3 2026
PRJ-000976-SP04,PRJ-000976,MAT-1005,2026-09-01,48,6,5,26000,1248000,Partial,At Risk,Q3 2026
PRJ-000976-SP05,PRJ-000976,MAT-1003,2028-12-01,3995,1513,1503,12,47940,Partial,Within Lead Time,Q4 2028
PRJ-000976-SP06,PRJ-000976,MAT-1004,2028-06-01,9682,6285,5702,27,261414,Partial,Within Lead Time,Q2 2028
PRJ-000977-SP01,PRJ-000977,MAT-1011,2026-11-01,46,34,31,130,5980,Partial,Within Lead Time,Q4 2026
PRJ-000977-SP02,PRJ-000977,MAT-1008,2027-01-01,79,59,4,19000,1501000,Partial,At Risk,Q1 2027
PRJ-000977-SP03,PRJ-000977,MAT-1004,2026-10-01,7141,4945,750,27,192807,Partial,At Risk,Q4 2026
PRJ-000977-SP04,PRJ-000977,MAT-1009,2028-12-01,7,3,2,145,1015,Partial,Within Lead Time,Q4 2028
PRJ-000977-SP05,PRJ-000977,MAT-1011,2028-11-01,42,30,23,130,5460,Partial,Within Lead Time,Q4 2028
PRJ-000977-SP06,PRJ-000977,MAT-1003,2026-11-01,1540,59,27,12,18480,Partial,Within Lead Time,Q4 2026
PRJ-000977-SP07,PRJ-000977,MAT-1009,2028-01-01,33,31,18,145,4785,Partial,Within Lead Time,Q1 2028
PRJ-000978-SP01,PRJ-000978,MAT-1010,2026-02-01,34,25,21,980,33320,Partial,At Risk,Q1 2026
PRJ-000978-SP02,PRJ-000978,MAT-1010,2027-03-01,15,14,4,980,14700,Partial,Within Lead Time,Q1 2027
PRJ-000978-SP03,PRJ-000978,MAT-1008,2027-06-01,27,13,12,19000,513000,Partial,Within Lead Time,Q2 2027
PRJ-000978-SP04,PRJ-000978,MAT-1001,2027-06-01,38,28,15,2100,79800,Partial,Within Lead Time,Q2 2027
PRJ-000978-SP05,PRJ-000978,MAT-1001,2027-06-01,49,33,6,2100,102900,Partial,Within Lead Time,Q2 2027
PRJ-000978-SP06,PRJ-000978,MAT-1008,2027-06-01,68,60,22,19000,1292000,Partial,Within Lead Time,Q2 2027
PRJ-000978-SP07,PRJ-000978,MAT-1001,2028-06-01,62,10,3,2100,130200,Partial,Within Lead Time,Q2 2028
PRJ-000978-SP08,PRJ-000978,MAT-1006,2027-08-01,44,15,2,6200,272800,Partial,Within Lead Time,Q3 2027
PRJ-000979-SP01,PRJ-000979,MAT-1010,2026-09-01,80,13,8,980,78400,Partial,At Risk,Q3 2026
PRJ-000979-SP02,PRJ-000979,MAT-1012,2027-03-01,54,18,13,68,3672,Partial,Within Lead Time,Q1 2027
PRJ-000979-SP03,PRJ-000979,MAT-1008,2028-07-01,78,44,5,19000,1482000,Partial,Within Lead Time,Q3 2028
PRJ-000980-SP01,PRJ-000980,MAT-1006,2027-09-01,36,1,0,6200,223200,Partial,Within Lead Time,Q3 2027
PRJ-000980-SP02,PRJ-000980,MAT-1006,2026-09-01,54,13,2,6200,334800,Partial,At Risk,Q3 2026
PRJ-000980-SP03,PRJ-000980,MAT-1012,2028-10-01,48,17,12,68,3264,Partial,Within Lead Time,Q4 2028
PRJ-000980-SP04,PRJ-000980,MAT-1001,2028-03-01,23,12,1,2100,48300,Partial,Within Lead Time,Q1 2028
PRJ-000980-SP05,PRJ-000980,MAT-1012,2026-10-01,42,7,6,68,2856,Partial,Within Lead Time,Q4 2026
PRJ-000980-SP06,PRJ-000980,MAT-1012,2026-12-01,49,24,1,68,3332,Partial,Within Lead Time,Q4 2026
PRJ-000980-SP07,PRJ-000980,MAT-1007,2028-04-01,19,16,5,14500,275500,Partial,Within Lead Time,Q2 2028
PRJ-000980-SP08,PRJ-000980,MAT-1004,2027-02-01,2710,1045,469,27,73170,Partial,Within Lead Time,Q1 2027
PRJ-000981-SP01,PRJ-000981,MAT-1012,2027-05-01,43,34,21,68,2924,Partial,Within Lead Time,Q2 2027
PRJ-000981-SP02,PRJ-000981,MAT-1009,2026-03-01,13,6,5,145,1885,Partial,At Risk,Q1 2026
PRJ-000981-SP03,PRJ-000981,MAT-1002,2026-04-01,12,0,0,420,5040,Not Reserved,At Risk,Q2 2026
PRJ-000981-SP04,PRJ-000981,MAT-1009,2027-10-01,57,4,0,145,8265,Partial,Within Lead Time,Q4 2027
PRJ-000981-SP05,PRJ-000981,MAT-1001,2028-07-01,60,15,6,2100,126000,Partial,Within Lead Time,Q3 2028
PRJ-000981-SP06,PRJ-000981,MAT-1011,2026-12-01,54,17,14,130,7020,Partial,Within Lead Time,Q4 2026
PRJ-000981-SP07,PRJ-000981,MAT-1012,2028-09-01,47,37,21,68,3196,Partial,Within Lead Time,Q3 2028
PRJ-000982-SP01,PRJ-000982,MAT-1001,2026-03-01,51,7,2,2100,107100,Partial,At Risk,Q1 2026
PRJ-000982-SP02,PRJ-000982,MAT-1007,2026-07-01,51,51,2,14500,739500,Partial,At Risk,Q3 2026
PRJ-000982-SP03,PRJ-000982,MAT-1003,2026-07-01,1258,697,320,12,15096,Partial,At Risk,Q3 2026
PRJ-000982-SP04,PRJ-000982,MAT-1001,2026-02-01,38,6,3,2100,79800,Partial,At Risk,Q1 2026
PRJ-000983-SP01,PRJ-000983,MAT-1003,2026-01-01,1404,185,160,12,16848,Partial,At Risk,Q1 2026
PRJ-000983-SP02,PRJ-000983,MAT-1005,2027-01-01,20,11,10,26000,520000,Partial,Within Lead Time,Q1 2027
PRJ-000983-SP03,PRJ-000983,MAT-1001,2027-03-01,34,20,15,2100,71400,Partial,Within Lead Time,Q1 2027
PRJ-000983-SP04,PRJ-000983,MAT-1001,2027-09-01,22,19,1,2100,46200,Partial,Within Lead Time,Q3 2027
PRJ-000984-SP01,PRJ-000984,MAT-1008,2028-05-01,23,4,2,19000,437000,Partial,Within Lead Time,Q2 2028
PRJ-000984-SP02,PRJ-000984,MAT-1007,2028-08-01,79,32,21,14500,1145500,Partial,Within Lead Time,Q3 2028
PRJ-000984-SP03,PRJ-000984,MAT-1006,2026-09-01,71,18,8,6200,440200,Partial,At Risk,Q3 2026
PRJ-000985-SP01,PRJ-000985,MAT-1011,2027-03-01,43,32,7,130,5590,Partial,Within Lead Time,Q1 2027
PRJ-000985-SP02,PRJ-000985,MAT-1006,2027-12-01,54,29,18,6200,334800,Partial,Within Lead Time,Q4 2027
PRJ-000985-SP03,PRJ-000985,MAT-1003,2026-03-01,9456,9129,5477,12,113472,Partial,At Risk,Q1 2026
PRJ-000985-SP04,PRJ-000985,MAT-1012,2026-11-01,72,10,0,68,4896,Partial,Within Lead Time,Q4 2026
PRJ-000986-SP01,PRJ-000986,MAT-1010,2027-07-01,79,45,18,980,77420,Partial,Within Lead Time,Q3 2027
PRJ-000986-SP02,PRJ-000986,MAT-1010,2026-11-01,35,13,9,980,34300,Partial,Within Lead Time,Q4 2026
PRJ-000986-SP03,PRJ-000986,MAT-1003,2028-03-01,7448,1093,372,12,89376,Partial,Within Lead Time,Q1 2028
PRJ-000986-SP04,PRJ-000986,MAT-1006,2028-10-01,71,24,14,6200,440200,Partial,Within Lead Time,Q4 2028
PRJ-000986-SP05,PRJ-000986,MAT-1010,2026-07-01,37,32,25,980,36260,Partial,At Risk,Q3 2026
PRJ-000986-SP06,PRJ-000986,MAT-1004,2026-12-01,1616,668,578,27,43632,Partial,Within Lead Time,Q4 2026
PRJ-000986-SP07,PRJ-000986,MAT-1003,2026-10-01,7688,5881,5080,12,92256,Partial,At Risk,Q4 2026
PRJ-000986-SP08,PRJ-000986,MAT-1011,2028-03-01,34,26,9,130,4420,Partial,Within Lead Time,Q1 2028
PRJ-000987-SP01,PRJ-000987,MAT-1009,2028-01-01,57,33,1,145,8265,Partial,Within Lead Time,Q1 2028
PRJ-000987-SP02,PRJ-000987,MAT-1003,2027-01-01,967,744,53,12,11604,Partial,Within Lead Time,Q1 2027
PRJ-000987-SP03,PRJ-000987,MAT-1003,2026-10-01,5129,3438,181,12,61548,Partial,At Risk,Q4 2026
PRJ-000987-SP04,PRJ-000987,MAT-1002,2028-11-01,45,42,20,420,18900,Partial,Within Lead Time,Q4 2028
PRJ-000988-SP01,PRJ-000988,MAT-1002,2026-02-01,26,16,15,420,10920,Partial,At Risk,Q1 2026
PRJ-000988-SP02,PRJ-000988,MAT-1006,2026-08-01,39,17,3,6200,241800,Partial,At Risk,Q3 2026
PRJ-000988-SP03,PRJ-000988,MAT-1010,2028-03-01,69,39,28,980,67620,Partial,Within Lead Time,Q1 2028
PRJ-000988-SP04,PRJ-000988,MAT-1005,2026-09-01,77,38,26,26000,2002000,Partial,At Risk,Q3 2026
PRJ-000988-SP05,PRJ-000988,MAT-1008,2029-01-01,26,16,3,19000,494000,Partial,Within Lead Time,Q1 2029
PRJ-000989-SP01,PRJ-000989,MAT-1006,2028-09-01,13,5,5,6200,80600,Partial,Within Lead Time,Q3 2028
PRJ-000989-SP02,PRJ-000989,MAT-1012,2029-01-01,14,10,2,68,952,Partial,Within Lead Time,Q1 2029
PRJ-000989-SP03,PRJ-000989,MAT-1011,2028-12-01,40,12,7,130,5200,Partial,Within Lead Time,Q4 2028
PRJ-000989-SP04,PRJ-000989,MAT-1003,2028-02-01,2652,1781,1176,12,31824,Partial,Within Lead Time,Q1 2028
PRJ-000989-SP05,PRJ-000989,MAT-1009,2026-02-01,22,14,4,145,3190,Partial,At Risk,Q1 2026
PRJ-000989-SP06,PRJ-000989,MAT-1009,2026-12-01,70,31,15,145,10150,Partial,Within Lead Time,Q4 2026
PRJ-000989-SP07,PRJ-000989,MAT-1012,2026-09-01,67,9,3,68,4556,Partial,At Risk,Q3 2026
PRJ-000989-SP08,PRJ-000989,MAT-1007,2026-06-01,76,51,12,14500,1102000,Partial,At Risk,Q2 2026
PRJ-000990-SP01,PRJ-000990,MAT-1002,2026-05-01,26,8,1,420,10920,Partial,At Risk,Q2 2026
PRJ-000990-SP02,PRJ-000990,MAT-1012,2027-09-01,37,14,0,68,2516,Partial,Within Lead Time,Q3 2027
PRJ-000990-SP03,PRJ-000990,MAT-1012,2026-05-01,39,33,17,68,2652,Partial,At Risk,Q2 2026
PRJ-000990-SP04,PRJ-000990,MAT-1001,2028-04-01,27,24,10,2100,56700,Partial,Within Lead Time,Q2 2028
PRJ-000990-SP05,PRJ-000990,MAT-1004,2028-08-01,7174,2379,1960,27,193698,Partial,Within Lead Time,Q3 2028
PRJ-000990-SP06,PRJ-000990,MAT-1003,2027-05-01,4655,491,38,12,55860,Partial,Within Lead Time,Q2 2027
PRJ-000991-SP01,PRJ-000991,MAT-1007,2028-12-01,10,7,5,14500,145000,Partial,Within Lead Time,Q4 2028
PRJ-000991-SP02,PRJ-000991,MAT-1007,2027-10-01,51,29,13,14500,739500,Partial,Within Lead Time,Q4 2027
PRJ-000992-SP01,PRJ-000992,MAT-1003,2026-11-01,9722,7578,2936,12,116664,Partial,Within Lead Time,Q4 2026
PRJ-000992-SP02,PRJ-000992,MAT-1001,2027-12-01,11,6,5,2100,23100,Partial,Within Lead Time,Q4 2027
PRJ-000993-SP01,PRJ-000993,MAT-1001,2028-08-01,2,1,1,2100,4200,Partial,Within Lead Time,Q3 2028
PRJ-000993-SP02,PRJ-000993,MAT-1012,2028-08-01,3,0,0,68,204,Not Reserved,Within Lead Time,Q3 2028
PRJ-000993-SP03,PRJ-000993,MAT-1010,2026-08-01,80,64,56,980,78400,Partial,At Risk,Q3 2026
PRJ-000994-SP01,PRJ-000994,MAT-1009,2028-10-01,32,12,10,145,4640,Partial,Within Lead Time,Q4 2028
PRJ-000994-SP02,PRJ-000994,MAT-1002,2028-01-01,17,0,0,420,7140,Not Reserved,Within Lead Time,Q1 2028
PRJ-000994-SP03,PRJ-000994,MAT-1002,2028-01-01,11,1,1,420,4620,Partial,Within Lead Time,Q1 2028
PRJ-000994-SP04,PRJ-000994,MAT-1002,2027-05-01,60,37,21,420,25200,Partial,Within Lead Time,Q2 2027
PRJ-000994-SP05,PRJ-000994,MAT-1010,2026-11-01,38,36,12,980,37240,Partial,Within Lead Time,Q4 2026
PRJ-000994-SP06,PRJ-000994,MAT-1003,2026-10-01,6781,5770,2406,12,81372,Partial,At Risk,Q4 2026
PRJ-000994-SP07,PRJ-000994,MAT-1007,2026-10-01,36,0,0,14500,522000,Not Reserved,At Risk,Q4 2026
PRJ-000994-SP08,PRJ-000994,MAT-1010,2027-07-01,39,4,3,980,38220,Partial,Within Lead Time,Q3 2027
PRJ-000995-SP01,PRJ-000995,MAT-1002,2026-08-01,27,25,9,420,11340,Partial,At Risk,Q3 2026
PRJ-000995-SP02,PRJ-000995,MAT-1010,2028-11-01,19,17,12,980,18620,Partial,Within Lead Time,Q4 2028
PRJ-000995-SP03,PRJ-000995,MAT-1007,2026-11-01,80,78,71,14500,1160000,Partial,At Risk,Q4 2026
PRJ-000996-SP01,PRJ-000996,MAT-1010,2027-12-01,65,46,21,980,63700,Partial,Within Lead Time,Q4 2027
PRJ-000996-SP02,PRJ-000996,MAT-1008,2028-04-01,9,2,1,19000,171000,Partial,Within Lead Time,Q2 2028
PRJ-000996-SP03,PRJ-000996,MAT-1012,2028-04-01,76,8,3,68,5168,Partial,Within Lead Time,Q2 2028
PRJ-000996-SP04,PRJ-000996,MAT-1005,2028-10-01,50,33,3,26000,1300000,Partial,Within Lead Time,Q4 2028
PRJ-000997-SP01,PRJ-000997,MAT-1009,2027-09-01,9,5,0,145,1305,Partial,Within Lead Time,Q3 2027
PRJ-000997-SP02,PRJ-000997,MAT-1012,2028-11-01,70,29,7,68,4760,Partial,Within Lead Time,Q4 2028
PRJ-000997-SP03,PRJ-000997,MAT-1009,2026-08-01,47,15,1,145,6815,Partial,At Risk,Q3 2026
PRJ-000997-SP04,PRJ-000997,MAT-1011,2026-06-01,66,20,9,130,8580,Partial,At Risk,Q2 2026
PRJ-000997-SP05,PRJ-000997,MAT-1002,2026-05-01,44,17,1,420,18480,Partial,At Risk,Q2 2026
PRJ-000998-SP01,PRJ-000998,MAT-1006,2027-09-01,64,6,2,6200,396800,Partial,Within Lead Time,Q3 2027
PRJ-000998-SP02,PRJ-000998,MAT-1004,2027-04-01,9689,6388,3740,27,261603,Partial,Within Lead Time,Q2 2027
PRJ-000998-SP03,PRJ-000998,MAT-1008,2028-12-01,68,55,48,19000,1292000,Partial,Within Lead Time,Q4 2028
PRJ-000998-SP04,PRJ-000998,MAT-1009,2027-08-01,43,8,1,145,6235,Partial,Within Lead Time,Q3 2027
PRJ-000998-SP05,PRJ-000998,MAT-1001,2028-04-01,37,36,27,2100,77700,Partial,Within Lead Time,Q2 2028
PRJ-000999-SP01,PRJ-000999,MAT-1001,2028-05-01,7,0,0,2100,14700,Not Reserved,Within Lead Time,Q2 2028
PRJ-000999-SP02,PRJ-000999,MAT-1006,2027-09-01,48,26,15,6200,297600,Partial,Within Lead Time,Q3 2027
PRJ-001000-SP01,PRJ-001000,MAT-1010,2026-02-01,64,59,7,980,62720,Partial,At Risk,Q1 2026
PRJ-001000-SP02,PRJ-001000,MAT-1009,2028-05-01,51,28,23,145,7395,Partial,Within Lead Time,Q2 2028
PRJ-001000-SP03,PRJ-001000,MAT-1003,2028-06-01,1306,386,381,12,15672,Partial,Within Lead Time,Q2 2028
PRJ-001001-SP01,PRJ-001001,MAT-1003,2027-06-01,2487,2005,1855,12,29844,Partial,Within Lead Time,Q2 2027
PRJ-001001-SP02,PRJ-001001,MAT-1005,2027-01-01,64,38,22,26000,1664000,Partial,Within Lead Time,Q1 2027
PRJ-001001-SP03,PRJ-001001,MAT-1001,2027-09-01,73,51,33,2100,153300,Partial,Within Lead Time,Q3 2027
PRJ-001001-SP04,PRJ-001001,MAT-1001,2027-04-01,31,16,13,2100,65100,Partial,Within Lead Time,Q2 2027
PRJ-001001-SP05,PRJ-001001,MAT-1003,2028-11-01,3945,1105,430,12,47340,Partial,Within Lead Time,Q4 2028
PRJ-001001-SP06,PRJ-001001,MAT-1009,2028-10-01,59,30,26,145,8555,Partial,Within Lead Time,Q4 2028
PRJ-001001-SP07,PRJ-001001,MAT-1010,2027-01-01,68,24,6,980,66640,Partial,Within Lead Time,Q1 2027
PRJ-001001-SP08,PRJ-001001,MAT-1002,2028-05-01,67,59,18,420,28140,Partial,Within Lead Time,Q2 2028
PRJ-001002-SP01,PRJ-001002,MAT-1009,2028-08-01,17,8,6,145,2465,Partial,Within Lead Time,Q3 2028
PRJ-001002-SP02,PRJ-001002,MAT-1007,2027-01-01,79,7,7,14500,1145500,Partial,Within Lead Time,Q1 2027
PRJ-001002-SP03,PRJ-001002,MAT-1011,2026-04-01,50,32,19,130,6500,Partial,At Risk,Q2 2026
PRJ-001002-SP04,PRJ-001002,MAT-1009,2028-05-01,46,3,1,145,6670,Partial,Within Lead Time,Q2 2028
PRJ-001003-SP01,PRJ-001003,MAT-1002,2028-07-01,13,10,2,420,5460,Partial,Within Lead Time,Q3 2028
PRJ-001003-SP02,PRJ-001003,MAT-1005,2027-01-01,15,11,6,26000,390000,Partial,Within Lead Time,Q1 2027
PRJ-001003-SP03,PRJ-001003,MAT-1004,2027-07-01,8987,4737,3130,27,242649,Partial,Within Lead Time,Q3 2027
PRJ-001004-SP01,PRJ-001004,MAT-1007,2028-10-01,77,65,57,14500,1116500,Partial,Within Lead Time,Q4 2028
PRJ-001004-SP02,PRJ-001004,MAT-1002,2027-06-01,31,25,13,420,13020,Partial,Within Lead Time,Q2 2027
PRJ-001004-SP03,PRJ-001004,MAT-1007,2026-08-01,52,8,1,14500,754000,Partial,At Risk,Q3 2026
PRJ-001004-SP04,PRJ-001004,MAT-1009,2027-08-01,64,62,50,145,9280,Partial,Within Lead Time,Q3 2027
PRJ-001004-SP05,PRJ-001004,MAT-1010,2029-01-01,38,28,19,980,37240,Partial,Within Lead Time,Q1 2029
PRJ-001004-SP06,PRJ-001004,MAT-1003,2027-10-01,3123,2557,791,12,37476,Partial,Within Lead Time,Q4 2027
PRJ-001004-SP07,PRJ-001004,MAT-1010,2027-12-01,9,3,0,980,8820,Partial,Within Lead Time,Q4 2027
PRJ-001005-SP01,PRJ-001005,MAT-1007,2027-01-01,36,35,6,14500,522000,Partial,Within Lead Time,Q1 2027
PRJ-001005-SP02,PRJ-001005,MAT-1010,2027-03-01,60,1,0,980,58800,Partial,Within Lead Time,Q1 2027
PRJ-001005-SP03,PRJ-001005,MAT-1010,2028-08-01,80,28,9,980,78400,Partial,Within Lead Time,Q3 2028
PRJ-001005-SP04,PRJ-001005,MAT-1003,2026-10-01,4060,294,283,12,48720,Partial,At Risk,Q4 2026
PRJ-001005-SP05,PRJ-001005,MAT-1011,2027-07-01,59,21,20,130,7670,Partial,Within Lead Time,Q3 2027
PRJ-001006-SP01,PRJ-001006,MAT-1012,2026-04-01,11,6,2,68,748,Partial,At Risk,Q2 2026
PRJ-001006-SP02,PRJ-001006,MAT-1003,2026-07-01,2700,712,400,12,32400,Partial,At Risk,Q3 2026
PRJ-001006-SP03,PRJ-001006,MAT-1005,2026-02-01,24,23,8,26000,624000,Partial,At Risk,Q1 2026
PRJ-001006-SP04,PRJ-001006,MAT-1007,2026-04-01,27,16,2,14500,391500,Partial,At Risk,Q2 2026
PRJ-001006-SP05,PRJ-001006,MAT-1003,2027-01-01,8015,7178,4708,12,96180,Partial,Within Lead Time,Q1 2027
PRJ-001006-SP06,PRJ-001006,MAT-1005,2027-05-01,68,51,17,26000,1768000,Partial,Within Lead Time,Q2 2027
PRJ-001006-SP07,PRJ-001006,MAT-1005,2028-11-01,54,3,2,26000,1404000,Partial,Within Lead Time,Q4 2028
PRJ-001007-SP01,PRJ-001007,MAT-1011,2028-02-01,34,29,23,130,4420,Partial,Within Lead Time,Q1 2028
PRJ-001007-SP02,PRJ-001007,MAT-1009,2027-09-01,58,23,20,145,8410,Partial,Within Lead Time,Q3 2027
PRJ-001007-SP03,PRJ-001007,MAT-1005,2026-10-01,28,18,15,26000,728000,Partial,At Risk,Q4 2026
PRJ-001008-SP01,PRJ-001008,MAT-1002,2028-06-01,47,42,30,420,19740,Partial,Within Lead Time,Q2 2028
PRJ-001008-SP02,PRJ-001008,MAT-1012,2028-02-01,32,7,7,68,2176,Partial,Within Lead Time,Q1 2028
PRJ-001008-SP03,PRJ-001008,MAT-1007,2028-11-01,33,22,13,14500,478500,Partial,Within Lead Time,Q4 2028
PRJ-001008-SP04,PRJ-001008,MAT-1004,2027-05-01,7827,2161,832,27,211329,Partial,Within Lead Time,Q2 2027
PRJ-001008-SP05,PRJ-001008,MAT-1008,2027-11-01,66,16,16,19000,1254000,Partial,Within Lead Time,Q4 2027
PRJ-001009-SP01,PRJ-001009,MAT-1010,2026-08-01,13,6,2,980,12740,Partial,At Risk,Q3 2026
PRJ-001009-SP02,PRJ-001009,MAT-1012,2028-07-01,22,8,3,68,1496,Partial,Within Lead Time,Q3 2028
PRJ-001009-SP03,PRJ-001009,MAT-1011,2028-10-01,74,30,1,130,9620,Partial,Within Lead Time,Q4 2028
PRJ-001009-SP04,PRJ-001009,MAT-1010,2027-12-01,31,11,6,980,30380,Partial,Within Lead Time,Q4 2027
PRJ-001009-SP05,PRJ-001009,MAT-1003,2027-06-01,7203,5990,4984,12,86436,Partial,Within Lead Time,Q2 2027
PRJ-001009-SP06,PRJ-001009,MAT-1004,2026-06-01,2121,1843,197,27,57267,Partial,At Risk,Q2 2026
PRJ-001009-SP07,PRJ-001009,MAT-1012,2028-04-01,25,17,6,68,1700,Partial,Within Lead Time,Q2 2028
PRJ-001010-SP01,PRJ-001010,MAT-1007,2028-01-01,49,46,3,14500,710500,Partial,Within Lead Time,Q1 2028
PRJ-001010-SP02,PRJ-001010,MAT-1007,2026-11-01,50,16,10,14500,725000,Partial,At Risk,Q4 2026
PRJ-001010-SP03,PRJ-001010,MAT-1003,2028-09-01,3846,161,73,12,46152,Partial,Within Lead Time,Q3 2028
PRJ-001010-SP04,PRJ-001010,MAT-1003,2026-02-01,7360,6923,1071,12,88320,Partial,At Risk,Q1 2026
PRJ-001010-SP05,PRJ-001010,MAT-1009,2029-01-01,29,29,27,145,4205,Partial,Within Lead Time,Q1 2029
PRJ-001010-SP06,PRJ-001010,MAT-1003,2028-01-01,5881,3733,498,12,70572,Partial,Within Lead Time,Q1 2028
PRJ-001010-SP07,PRJ-001010,MAT-1001,2027-01-01,4,2,1,2100,8400,Partial,Within Lead Time,Q1 2027
PRJ-001011-SP01,PRJ-001011,MAT-1001,2026-04-01,30,4,2,2100,63000,Partial,At Risk,Q2 2026
PRJ-001011-SP02,PRJ-001011,MAT-1006,2028-05-01,2,1,1,6200,12400,Partial,Within Lead Time,Q2 2028
PRJ-001011-SP03,PRJ-001011,MAT-1002,2028-12-01,25,3,3,420,10500,Partial,Within Lead Time,Q4 2028
PRJ-001011-SP04,PRJ-001011,MAT-1005,2028-05-01,70,7,6,26000,1820000,Partial,Within Lead Time,Q2 2028
PRJ-001011-SP05,PRJ-001011,MAT-1002,2028-08-01,22,14,5,420,9240,Partial,Within Lead Time,Q3 2028
PRJ-001011-SP06,PRJ-001011,MAT-1011,2029-01-01,68,18,5,130,8840,Partial,Within Lead Time,Q1 2029
PRJ-001012-SP01,PRJ-001012,MAT-1011,2027-08-01,3,0,0,130,390,Not Reserved,Within Lead Time,Q3 2027
PRJ-001012-SP02,PRJ-001012,MAT-1006,2026-02-01,10,9,2,6200,62000,Partial,At Risk,Q1 2026
PRJ-001012-SP03,PRJ-001012,MAT-1009,2026-04-01,4,3,2,145,580,Partial,At Risk,Q2 2026
PRJ-001012-SP04,PRJ-001012,MAT-1002,2028-08-01,25,7,1,420,10500,Partial,Within Lead Time,Q3 2028
PRJ-001012-SP05,PRJ-001012,MAT-1009,2027-05-01,24,14,13,145,3480,Partial,Within Lead Time,Q2 2027
PRJ-001013-SP01,PRJ-001013,MAT-1005,2027-11-01,11,0,0,26000,286000,Not Reserved,Within Lead Time,Q4 2027
PRJ-001013-SP02,PRJ-001013,MAT-1010,2027-08-01,7,2,0,980,6860,Partial,Within Lead Time,Q3 2027
PRJ-001013-SP03,PRJ-001013,MAT-1009,2026-08-01,17,13,0,145,2465,Partial,At Risk,Q3 2026
PRJ-001013-SP04,PRJ-001013,MAT-1009,2027-10-01,68,41,17,145,9860,Partial,Within Lead Time,Q4 2027
PRJ-001013-SP05,PRJ-001013,MAT-1002,2027-12-01,54,30,26,420,22680,Partial,Within Lead Time,Q4 2027
PRJ-001013-SP06,PRJ-001013,MAT-1011,2026-11-01,10,8,1,130,1300,Partial,Within Lead Time,Q4 2026
PRJ-001013-SP07,PRJ-001013,MAT-1008,2027-05-01,70,30,28,19000,1330000,Partial,Within Lead Time,Q2 2027
PRJ-001014-SP01,PRJ-001014,MAT-1009,2027-06-01,10,9,4,145,1450,Partial,Within Lead Time,Q2 2027
PRJ-001014-SP02,PRJ-001014,MAT-1012,2026-04-01,52,33,16,68,3536,Partial,At Risk,Q2 2026
PRJ-001014-SP03,PRJ-001014,MAT-1010,2027-11-01,17,2,2,980,16660,Partial,Within Lead Time,Q4 2027
PRJ-001014-SP04,PRJ-001014,MAT-1006,2027-05-01,25,0,0,6200,155000,Not Reserved,Within Lead Time,Q2 2027
PRJ-001015-SP01,PRJ-001015,MAT-1003,2026-02-01,4800,3908,3652,12,57600,Partial,At Risk,Q1 2026
PRJ-001015-SP02,PRJ-001015,MAT-1011,2028-09-01,68,22,17,130,8840,Partial,Within Lead Time,Q3 2028
PRJ-001015-SP03,PRJ-001015,MAT-1011,2028-04-01,47,21,3,130,6110,Partial,Within Lead Time,Q2 2028
PRJ-001015-SP04,PRJ-001015,MAT-1006,2027-12-01,60,1,1,6200,372000,Partial,Within Lead Time,Q4 2027
PRJ-001015-SP05,PRJ-001015,MAT-1005,2026-11-01,39,27,16,26000,1014000,Partial,At Risk,Q4 2026
PRJ-001015-SP06,PRJ-001015,MAT-1002,2027-09-01,27,18,9,420,11340,Partial,Within Lead Time,Q3 2027
PRJ-001016-SP01,PRJ-001016,MAT-1010,2026-09-01,53,4,4,980,51940,Partial,At Risk,Q3 2026
PRJ-001016-SP02,PRJ-001016,MAT-1011,2027-05-01,75,24,13,130,9750,Partial,Within Lead Time,Q2 2027
PRJ-001016-SP03,PRJ-001016,MAT-1004,2027-05-01,3957,1130,714,27,106839,Partial,Within Lead Time,Q2 2027
PRJ-001016-SP04,PRJ-001016,MAT-1001,2027-05-01,78,17,7,2100,163800,Partial,Within Lead Time,Q2 2027
PRJ-001016-SP05,PRJ-001016,MAT-1002,2029-01-01,73,39,13,420,30660,Partial,Within Lead Time,Q1 2029
PRJ-001017-SP01,PRJ-001017,MAT-1008,2026-03-01,26,22,19,19000,494000,Partial,At Risk,Q1 2026
PRJ-001017-SP02,PRJ-001017,MAT-1010,2026-08-01,73,69,2,980,71540,Partial,At Risk,Q3 2026
PRJ-001017-SP03,PRJ-001017,MAT-1006,2027-04-01,79,26,24,6200,489800,Partial,Within Lead Time,Q2 2027
PRJ-001017-SP04,PRJ-001017,MAT-1004,2027-09-01,7272,1995,1050,27,196344,Partial,Within Lead Time,Q3 2027
PRJ-001018-SP01,PRJ-001018,MAT-1011,2027-09-01,58,48,28,130,7540,Partial,Within Lead Time,Q3 2027
PRJ-001018-SP02,PRJ-001018,MAT-1008,2028-09-01,46,2,0,19000,874000,Partial,Within Lead Time,Q3 2028
PRJ-001018-SP03,PRJ-001018,MAT-1007,2026-07-01,17,10,7,14500,246500,Partial,At Risk,Q3 2026
PRJ-001019-SP01,PRJ-001019,MAT-1011,2028-09-01,74,20,4,130,9620,Partial,Within Lead Time,Q3 2028
PRJ-001019-SP02,PRJ-001019,MAT-1006,2028-10-01,57,46,40,6200,353400,Partial,Within Lead Time,Q4 2028
PRJ-001019-SP03,PRJ-001019,MAT-1002,2026-01-01,23,15,14,420,9660,Partial,At Risk,Q1 2026
PRJ-001019-SP04,PRJ-001019,MAT-1012,2026-03-01,16,13,9,68,1088,Partial,At Risk,Q1 2026
PRJ-001019-SP05,PRJ-001019,MAT-1010,2026-07-01,33,12,4,980,32340,Partial,At Risk,Q3 2026
PRJ-001020-SP01,PRJ-001020,MAT-1001,2028-11-01,47,11,10,2100,98700,Partial,Within Lead Time,Q4 2028
PRJ-001020-SP02,PRJ-001020,MAT-1006,2026-10-01,67,39,19,6200,415400,Partial,At Risk,Q4 2026
PRJ-001020-SP03,PRJ-001020,MAT-1003,2028-02-01,969,905,58,12,11628,Partial,Within Lead Time,Q1 2028
PRJ-001020-SP04,PRJ-001020,MAT-1009,2028-01-01,76,71,52,145,11020,Partial,Within Lead Time,Q1 2028
PRJ-001021-SP01,PRJ-001021,MAT-1011,2027-10-01,38,11,1,130,4940,Partial,Within Lead Time,Q4 2027
PRJ-001021-SP02,PRJ-001021,MAT-1010,2027-10-01,41,31,9,980,40180,Partial,Within Lead Time,Q4 2027
PRJ-001021-SP03,PRJ-001021,MAT-1003,2026-09-01,6929,4285,1378,12,83148,Partial,At Risk,Q3 2026
PRJ-001021-SP04,PRJ-001021,MAT-1005,2026-10-01,65,29,17,26000,1690000,Partial,At Risk,Q4 2026
PRJ-001021-SP05,PRJ-001021,MAT-1004,2027-12-01,2869,2495,601,27,77463,Partial,Within Lead Time,Q4 2027
PRJ-001022-SP01,PRJ-001022,MAT-1003,2026-07-01,2002,103,61,12,24024,Partial,At Risk,Q3 2026
PRJ-001022-SP02,PRJ-001022,MAT-1005,2027-11-01,27,3,3,26000,702000,Partial,Within Lead Time,Q4 2027
PRJ-001022-SP03,PRJ-001022,MAT-1009,2026-04-01,69,45,3,145,10005,Partial,At Risk,Q2 2026
PRJ-001022-SP04,PRJ-001022,MAT-1012,2026-04-01,59,32,19,68,4012,Partial,At Risk,Q2 2026
PRJ-001022-SP05,PRJ-001022,MAT-1009,2027-11-01,7,4,0,145,1015,Partial,Within Lead Time,Q4 2027
PRJ-001022-SP06,PRJ-001022,MAT-1005,2027-04-01,70,42,1,26000,1820000,Partial,Within Lead Time,Q2 2027
PRJ-001023-SP01,PRJ-001023,MAT-1005,2026-01-01,2,1,1,26000,52000,Partial,At Risk,Q1 2026
PRJ-001023-SP02,PRJ-001023,MAT-1010,2027-12-01,58,26,11,980,56840,Partial,Within Lead Time,Q4 2027
PRJ-001023-SP03,PRJ-001023,MAT-1007,2027-06-01,5,2,1,14500,72500,Partial,Within Lead Time,Q2 2027
PRJ-001023-SP04,PRJ-001023,MAT-1010,2028-05-01,32,21,5,980,31360,Partial,Within Lead Time,Q2 2028
PRJ-001023-SP05,PRJ-001023,MAT-1006,2028-10-01,72,35,16,6200,446400,Partial,Within Lead Time,Q4 2028
PRJ-001023-SP06,PRJ-001023,MAT-1005,2028-11-01,35,30,23,26000,910000,Partial,Within Lead Time,Q4 2028
PRJ-001023-SP07,PRJ-001023,MAT-1011,2026-02-01,36,35,24,130,4680,Partial,At Risk,Q1 2026
PRJ-001024-SP01,PRJ-001024,MAT-1010,2027-01-01,68,59,17,980,66640,Partial,Within Lead Time,Q1 2027
PRJ-001024-SP02,PRJ-001024,MAT-1012,2028-08-01,39,11,2,68,2652,Partial,Within Lead Time,Q3 2028
PRJ-001024-SP03,PRJ-001024,MAT-1012,2026-05-01,71,4,0,68,4828,Partial,At Risk,Q2 2026
PRJ-001024-SP04,PRJ-001024,MAT-1009,2027-12-01,25,9,6,145,3625,Partial,Within Lead Time,Q4 2027
PRJ-001024-SP05,PRJ-001024,MAT-1003,2027-12-01,8803,4712,2626,12,105636,Partial,Within Lead Time,Q4 2027
PRJ-001024-SP06,PRJ-001024,MAT-1004,2027-08-01,7817,6235,4030,27,211059,Partial,Within Lead Time,Q3 2027
PRJ-001024-SP07,PRJ-001024,MAT-1003,2027-11-01,9875,7071,2439,12,118500,Partial,Within Lead Time,Q4 2027
PRJ-001025-SP01,PRJ-001025,MAT-1009,2027-11-01,53,36,1,145,7685,Partial,Within Lead Time,Q4 2027
PRJ-001025-SP02,PRJ-001025,MAT-1010,2028-06-01,62,12,6,980,60760,Partial,Within Lead Time,Q2 2028
PRJ-001025-SP03,PRJ-001025,MAT-1011,2026-02-01,7,5,4,130,910,Partial,At Risk,Q1 2026
PRJ-001025-SP04,PRJ-001025,MAT-1001,2028-06-01,54,5,5,2100,113400,Partial,Within Lead Time,Q2 2028
PRJ-001025-SP05,PRJ-001025,MAT-1011,2027-03-01,79,22,12,130,10270,Partial,Within Lead Time,Q1 2027
PRJ-001026-SP01,PRJ-001026,MAT-1003,2027-07-01,1087,984,879,12,13044,Partial,Within Lead Time,Q3 2027
PRJ-001026-SP02,PRJ-001026,MAT-1009,2028-03-01,56,36,13,145,8120,Partial,Within Lead Time,Q1 2028
PRJ-001027-SP01,PRJ-001027,MAT-1003,2027-10-01,1728,1540,708,12,20736,Partial,Within Lead Time,Q4 2027
PRJ-001027-SP02,PRJ-001027,MAT-1005,2026-09-01,31,13,7,26000,806000,Partial,At Risk,Q3 2026
PRJ-001027-SP03,PRJ-001027,MAT-1003,2026-01-01,8130,5585,415,12,97560,Partial,At Risk,Q1 2026
PRJ-001028-SP01,PRJ-001028,MAT-1012,2027-09-01,22,21,5,68,1496,Partial,Within Lead Time,Q3 2027
PRJ-001028-SP02,PRJ-001028,MAT-1002,2027-05-01,66,40,33,420,27720,Partial,Within Lead Time,Q2 2027
PRJ-001028-SP03,PRJ-001028,MAT-1006,2026-09-01,65,8,3,6200,403000,Partial,At Risk,Q3 2026
PRJ-001028-SP04,PRJ-001028,MAT-1012,2027-08-01,57,13,5,68,3876,Partial,Within Lead Time,Q3 2027
PRJ-001028-SP05,PRJ-001028,MAT-1008,2028-10-01,15,9,1,19000,285000,Partial,Within Lead Time,Q4 2028
PRJ-001028-SP06,PRJ-001028,MAT-1003,2027-12-01,5799,5043,3681,12,69588,Partial,Within Lead Time,Q4 2027
PRJ-001028-SP07,PRJ-001028,MAT-1004,2027-09-01,869,28,27,27,23463,Partial,Within Lead Time,Q3 2027
PRJ-001029-SP01,PRJ-001029,MAT-1007,2027-12-01,17,16,15,14500,246500,Partial,Within Lead Time,Q4 2027
PRJ-001029-SP02,PRJ-001029,MAT-1007,2026-02-01,55,30,27,14500,797500,Partial,At Risk,Q1 2026
PRJ-001029-SP03,PRJ-001029,MAT-1005,2027-09-01,61,52,40,26000,1586000,Partial,Within Lead Time,Q3 2027
PRJ-001029-SP04,PRJ-001029,MAT-1005,2027-03-01,25,1,1,26000,650000,Partial,Within Lead Time,Q1 2027
PRJ-001029-SP05,PRJ-001029,MAT-1001,2028-04-01,47,25,9,2100,98700,Partial,Within Lead Time,Q2 2028
PRJ-001029-SP06,PRJ-001029,MAT-1012,2027-06-01,14,8,5,68,952,Partial,Within Lead Time,Q2 2027
PRJ-001030-SP01,PRJ-001030,MAT-1005,2027-01-01,77,25,21,26000,2002000,Partial,Within Lead Time,Q1 2027
PRJ-001030-SP02,PRJ-001030,MAT-1009,2028-10-01,46,24,22,145,6670,Partial,Within Lead Time,Q4 2028
PRJ-001030-SP03,PRJ-001030,MAT-1001,2027-11-01,65,32,31,2100,136500,Partial,Within Lead Time,Q4 2027
PRJ-001030-SP04,PRJ-001030,MAT-1001,2026-09-01,53,32,15,2100,111300,Partial,At Risk,Q3 2026
PRJ-001030-SP05,PRJ-001030,MAT-1011,2026-09-01,51,17,9,130,6630,Partial,At Risk,Q3 2026
PRJ-001030-SP06,PRJ-001030,MAT-1005,2028-07-01,28,27,16,26000,728000,Partial,Within Lead Time,Q3 2028
PRJ-001030-SP07,PRJ-001030,MAT-1009,2027-07-01,67,21,14,145,9715,Partial,Within Lead Time,Q3 2027
PRJ-001031-SP01,PRJ-001031,MAT-1001,2028-03-01,68,63,58,2100,142800,Partial,Within Lead Time,Q1 2028
PRJ-001031-SP02,PRJ-001031,MAT-1012,2028-12-01,20,14,1,68,1360,Partial,Within Lead Time,Q4 2028
PRJ-001031-SP03,PRJ-001031,MAT-1005,2026-02-01,79,74,48,26000,2054000,Partial,At Risk,Q1 2026
PRJ-001031-SP04,PRJ-001031,MAT-1002,2027-08-01,39,14,8,420,16380,Partial,Within Lead Time,Q3 2027
PRJ-001031-SP05,PRJ-001031,MAT-1011,2027-11-01,69,31,11,130,8970,Partial,Within Lead Time,Q4 2027
PRJ-001032-SP01,PRJ-001032,MAT-1009,2027-12-01,48,25,10,145,6960,Partial,Within Lead Time,Q4 2027
PRJ-001032-SP02,PRJ-001032,MAT-1005,2026-02-01,54,52,29,26000,1404000,Partial,At Risk,Q1 2026
PRJ-001032-SP03,PRJ-001032,MAT-1006,2026-09-01,58,33,29,6200,359600,Partial,At Risk,Q3 2026
PRJ-001032-SP04,PRJ-001032,MAT-1008,2028-02-01,54,39,32,19000,1026000,Partial,Within Lead Time,Q1 2028
PRJ-001032-SP05,PRJ-001032,MAT-1004,2026-04-01,9921,4009,3500,27,267867,Partial,At Risk,Q2 2026
PRJ-001033-SP01,PRJ-001033,MAT-1010,2028-01-01,7,3,2,980,6860,Partial,Within Lead Time,Q1 2028
PRJ-001033-SP02,PRJ-001033,MAT-1008,2029-01-01,30,27,11,19000,570000,Partial,Within Lead Time,Q1 2029
PRJ-001033-SP03,PRJ-001033,MAT-1006,2027-11-01,2,1,1,6200,12400,Partial,Within Lead Time,Q4 2027
PRJ-001034-SP01,PRJ-001034,MAT-1011,2028-04-01,4,2,1,130,520,Partial,Within Lead Time,Q2 2028
PRJ-001034-SP02,PRJ-001034,MAT-1012,2028-03-01,78,65,33,68,5304,Partial,Within Lead Time,Q1 2028
PRJ-001035-SP01,PRJ-001035,MAT-1010,2026-11-01,37,36,6,980,36260,Partial,Within Lead Time,Q4 2026
PRJ-001035-SP02,PRJ-001035,MAT-1009,2026-11-01,76,32,26,145,11020,Partial,Within Lead Time,Q4 2026
PRJ-001035-SP03,PRJ-001035,MAT-1011,2027-08-01,6,3,2,130,780,Partial,Within Lead Time,Q3 2027
PRJ-001036-SP01,PRJ-001036,MAT-1002,2027-01-01,17,6,1,420,7140,Partial,Within Lead Time,Q1 2027
PRJ-001036-SP02,PRJ-001036,MAT-1011,2026-02-01,7,0,0,130,910,Not Reserved,At Risk,Q1 2026
PRJ-001036-SP03,PRJ-001036,MAT-1011,2026-08-01,60,24,0,130,7800,Partial,At Risk,Q3 2026
PRJ-001036-SP04,PRJ-001036,MAT-1012,2026-10-01,61,58,25,68,4148,Partial,Within Lead Time,Q4 2026
PRJ-001036-SP05,PRJ-001036,MAT-1008,2026-03-01,72,40,21,19000,1368000,Partial,At Risk,Q1 2026
PRJ-001036-SP06,PRJ-001036,MAT-1002,2027-07-01,8,4,1,420,3360,Partial,Within Lead Time,Q3 2027
PRJ-001037-SP01,PRJ-001037,MAT-1004,2026-07-01,8789,1080,114,27,237303,Partial,At Risk,Q3 2026
PRJ-001037-SP02,PRJ-001037,MAT-1001,2027-11-01,53,34,4,2100,111300,Partial,Within Lead Time,Q4 2027
PRJ-001037-SP03,PRJ-001037,MAT-1009,2027-03-01,28,15,9,145,4060,Partial,Within Lead Time,Q1 2027
PRJ-001037-SP04,PRJ-001037,MAT-1012,2028-06-01,58,1,0,68,3944,Partial,Within Lead Time,Q2 2028
PRJ-001037-SP05,PRJ-001037,MAT-1001,2026-09-01,33,27,2,2100,69300,Partial,At Risk,Q3 2026
PRJ-001037-SP06,PRJ-001037,MAT-1004,2027-01-01,4392,2984,1678,27,118584,Partial,Within Lead Time,Q1 2027
PRJ-001038-SP01,PRJ-001038,MAT-1012,2026-12-01,37,4,3,68,2516,Partial,Within Lead Time,Q4 2026
PRJ-001038-SP02,PRJ-001038,MAT-1012,2028-06-01,48,40,24,68,3264,Partial,Within Lead Time,Q2 2028
PRJ-001038-SP03,PRJ-001038,MAT-1002,2028-04-01,65,43,18,420,27300,Partial,Within Lead Time,Q2 2028
PRJ-001039-SP01,PRJ-001039,MAT-1008,2028-09-01,67,39,25,19000,1273000,Partial,Within Lead Time,Q3 2028
PRJ-001039-SP02,PRJ-001039,MAT-1002,2028-11-01,30,10,1,420,12600,Partial,Within Lead Time,Q4 2028
PRJ-001039-SP03,PRJ-001039,MAT-1006,2027-12-01,78,1,1,6200,483600,Partial,Within Lead Time,Q4 2027
PRJ-001039-SP04,PRJ-001039,MAT-1003,2028-07-01,4843,2650,1044,12,58116,Partial,Within Lead Time,Q3 2028
PRJ-001040-SP01,PRJ-001040,MAT-1004,2027-09-01,5125,1772,738,27,138375,Partial,Within Lead Time,Q3 2027
PRJ-001040-SP02,PRJ-001040,MAT-1009,2027-11-01,70,31,13,145,10150,Partial,Within Lead Time,Q4 2027
PRJ-001040-SP03,PRJ-001040,MAT-1004,2027-11-01,2184,1391,682,27,58968,Partial,Within Lead Time,Q4 2027
PRJ-001040-SP04,PRJ-001040,MAT-1010,2027-01-01,58,22,7,980,56840,Partial,Within Lead Time,Q1 2027
PRJ-001040-SP05,PRJ-001040,MAT-1012,2026-07-01,5,1,0,68,340,Partial,At Risk,Q3 2026
PRJ-001040-SP06,PRJ-001040,MAT-1005,2026-08-01,48,24,18,26000,1248000,Partial,At Risk,Q3 2026
PRJ-001041-SP01,PRJ-001041,MAT-1012,2027-07-01,49,45,39,68,3332,Partial,Within Lead Time,Q3 2027
PRJ-001041-SP02,PRJ-001041,MAT-1012,2028-09-01,25,0,0,68,1700,Not Reserved,Within Lead Time,Q3 2028
PRJ-001041-SP03,PRJ-001041,MAT-1002,2027-01-01,75,8,5,420,31500,Partial,Within Lead Time,Q1 2027
PRJ-001041-SP04,PRJ-001041,MAT-1002,2027-02-01,53,12,11,420,22260,Partial,Within Lead Time,Q1 2027
PRJ-001042-SP01,PRJ-001042,MAT-1001,2026-11-01,67,16,8,2100,140700,Partial,Within Lead Time,Q4 2026
PRJ-001042-SP02,PRJ-001042,MAT-1008,2027-12-01,20,16,9,19000,380000,Partial,Within Lead Time,Q4 2027
PRJ-001042-SP03,PRJ-001042,MAT-1001,2026-08-01,26,4,2,2100,54600,Partial,At Risk,Q3 2026
PRJ-001042-SP04,PRJ-001042,MAT-1007,2027-04-01,25,2,1,14500,362500,Partial,Within Lead Time,Q2 2027
PRJ-001043-SP01,PRJ-001043,MAT-1004,2028-07-01,6046,1985,255,27,163242,Partial,Within Lead Time,Q3 2028
PRJ-001043-SP02,PRJ-001043,MAT-1006,2026-02-01,62,28,14,6200,384400,Partial,At Risk,Q1 2026
PRJ-001043-SP03,PRJ-001043,MAT-1007,2028-10-01,6,1,0,14500,87000,Partial,Within Lead Time,Q4 2028
PRJ-001044-SP01,PRJ-001044,MAT-1001,2028-11-01,65,27,22,2100,136500,Partial,Within Lead Time,Q4 2028
PRJ-001044-SP02,PRJ-001044,MAT-1008,2026-07-01,23,7,1,19000,437000,Partial,At Risk,Q3 2026
PRJ-001044-SP03,PRJ-001044,MAT-1008,2027-05-01,32,24,17,19000,608000,Partial,Within Lead Time,Q2 2027
PRJ-001044-SP04,PRJ-001044,MAT-1007,2028-09-01,32,26,21,14500,464000,Partial,Within Lead Time,Q3 2028
PRJ-001044-SP05,PRJ-001044,MAT-1011,2028-04-01,12,11,8,130,1560,Partial,Within Lead Time,Q2 2028
PRJ-001044-SP06,PRJ-001044,MAT-1009,2027-02-01,35,8,3,145,5075,Partial,Within Lead Time,Q1 2027
PRJ-001045-SP01,PRJ-001045,MAT-1009,2026-06-01,5,4,4,145,725,Partial,At Risk,Q2 2026
PRJ-001045-SP02,PRJ-001045,MAT-1006,2026-07-01,56,30,23,6200,347200,Partial,At Risk,Q3 2026
PRJ-001045-SP03,PRJ-001045,MAT-1002,2026-08-01,55,33,15,420,23100,Partial,At Risk,Q3 2026
PRJ-001045-SP04,PRJ-001045,MAT-1005,2027-03-01,24,20,2,26000,624000,Partial,Within Lead Time,Q1 2027
PRJ-001045-SP05,PRJ-001045,MAT-1011,2027-09-01,41,19,0,130,5330,Partial,Within Lead Time,Q3 2027
PRJ-001045-SP06,PRJ-001045,MAT-1010,2026-04-01,51,32,14,980,49980,Partial,At Risk,Q2 2026
PRJ-001045-SP07,PRJ-001045,MAT-1008,2027-01-01,38,12,6,19000,722000,Partial,At Risk,Q1 2027
PRJ-001045-SP08,PRJ-001045,MAT-1003,2026-11-01,2879,2706,17,12,34548,Partial,Within Lead Time,Q4 2026
PRJ-001046-SP01,PRJ-001046,MAT-1012,2027-06-01,80,38,23,68,5440,Partial,Within Lead Time,Q2 2027
PRJ-001046-SP02,PRJ-001046,MAT-1011,2028-09-01,52,7,3,130,6760,Partial,Within Lead Time,Q3 2028
PRJ-001046-SP03,PRJ-001046,MAT-1009,2028-10-01,13,11,3,145,1885,Partial,Within Lead Time,Q4 2028
PRJ-001047-SP01,PRJ-001047,MAT-1011,2027-09-01,43,17,9,130,5590,Partial,Within Lead Time,Q3 2027
PRJ-001047-SP02,PRJ-001047,MAT-1005,2028-11-01,45,21,15,26000,1170000,Partial,Within Lead Time,Q4 2028
PRJ-001047-SP03,PRJ-001047,MAT-1007,2026-06-01,38,16,1,14500,551000,Partial,At Risk,Q2 2026
PRJ-001047-SP04,PRJ-001047,MAT-1011,2026-01-01,16,13,3,130,2080,Partial,At Risk,Q1 2026
PRJ-001048-SP01,PRJ-001048,MAT-1007,2027-05-01,42,41,18,14500,609000,Partial,Within Lead Time,Q2 2027
PRJ-001048-SP02,PRJ-001048,MAT-1007,2026-08-01,30,12,6,14500,435000,Partial,At Risk,Q3 2026
PRJ-001048-SP03,PRJ-001048,MAT-1007,2027-08-01,19,6,6,14500,275500,Partial,Within Lead Time,Q3 2027
PRJ-001048-SP04,PRJ-001048,MAT-1012,2027-01-01,37,22,14,68,2516,Partial,Within Lead Time,Q1 2027
PRJ-001048-SP05,PRJ-001048,MAT-1008,2027-01-01,44,28,11,19000,836000,Partial,At Risk,Q1 2027
PRJ-001049-SP01,PRJ-001049,MAT-1010,2027-10-01,19,4,3,980,18620,Partial,Within Lead Time,Q4 2027
PRJ-001049-SP02,PRJ-001049,MAT-1012,2028-05-01,20,11,9,68,1360,Partial,Within Lead Time,Q2 2028
PRJ-001049-SP03,PRJ-001049,MAT-1002,2027-04-01,64,48,17,420,26880,Partial,Within Lead Time,Q2 2027
PRJ-001050-SP01,PRJ-001050,MAT-1012,2027-01-01,34,7,6,68,2312,Partial,Within Lead Time,Q1 2027
PRJ-001050-SP02,PRJ-001050,MAT-1009,2028-12-01,54,44,11,145,7830,Partial,Within Lead Time,Q4 2028
PRJ-001050-SP03,PRJ-001050,MAT-1009,2027-03-01,71,9,3,145,10295,Partial,Within Lead Time,Q1 2027
PRJ-001050-SP04,PRJ-001050,MAT-1012,2028-04-01,11,10,8,68,748,Partial,Within Lead Time,Q2 2028
PRJ-001050-SP05,PRJ-001050,MAT-1003,2027-06-01,8791,6927,4630,12,105492,Partial,Within Lead Time,Q2 2027
PRJ-001051-SP01,PRJ-001051,MAT-1001,2026-01-01,6,5,1,2100,12600,Partial,At Risk,Q1 2026
PRJ-001051-SP02,PRJ-001051,MAT-1008,2027-04-01,60,48,28,19000,1140000,Partial,Within Lead Time,Q2 2027
PRJ-001051-SP03,PRJ-001051,MAT-1011,2028-04-01,19,6,0,130,2470,Partial,Within Lead Time,Q2 2028
PRJ-001051-SP04,PRJ-001051,MAT-1009,2027-06-01,77,20,12,145,11165,Partial,Within Lead Time,Q2 2027
PRJ-001051-SP05,PRJ-001051,MAT-1010,2028-10-01,77,3,2,980,75460,Partial,Within Lead Time,Q4 2028
PRJ-001051-SP06,PRJ-001051,MAT-1010,2027-03-01,39,28,21,980,38220,Partial,Within Lead Time,Q1 2027
PRJ-001051-SP07,PRJ-001051,MAT-1010,2026-03-01,9,7,2,980,8820,Partial,At Risk,Q1 2026
PRJ-001051-SP08,PRJ-001051,MAT-1005,2028-09-01,30,14,6,26000,780000,Partial,Within Lead Time,Q3 2028
PRJ-001052-SP01,PRJ-001052,MAT-1009,2028-12-01,33,30,1,145,4785,Partial,Within Lead Time,Q4 2028
PRJ-001052-SP02,PRJ-001052,MAT-1002,2028-03-01,59,46,22,420,24780,Partial,Within Lead Time,Q1 2028
PRJ-001052-SP03,PRJ-001052,MAT-1001,2028-04-01,49,28,22,2100,102900,Partial,Within Lead Time,Q2 2028
PRJ-001052-SP04,PRJ-001052,MAT-1004,2027-03-01,7277,3896,1540,27,196479,Partial,Within Lead Time,Q1 2027
PRJ-001052-SP05,PRJ-001052,MAT-1006,2027-10-01,66,26,21,6200,409200,Partial,Within Lead Time,Q4 2027
PRJ-001052-SP06,PRJ-001052,MAT-1011,2028-11-01,2,1,1,130,260,Partial,Within Lead Time,Q4 2028
PRJ-001053-SP01,PRJ-001053,MAT-1002,2027-07-01,37,13,2,420,15540,Partial,Within Lead Time,Q3 2027
PRJ-001053-SP02,PRJ-001053,MAT-1012,2028-07-01,4,0,0,68,272,Not Reserved,Within Lead Time,Q3 2028
PRJ-001053-SP03,PRJ-001053,MAT-1009,2028-09-01,34,3,2,145,4930,Partial,Within Lead Time,Q3 2028
PRJ-001054-SP01,PRJ-001054,MAT-1006,2027-03-01,66,48,46,6200,409200,Partial,Within Lead Time,Q1 2027
PRJ-001054-SP02,PRJ-001054,MAT-1002,2027-05-01,6,6,1,420,2520,Partial,Within Lead Time,Q2 2027
PRJ-001054-SP03,PRJ-001054,MAT-1007,2026-01-01,33,29,18,14500,478500,Partial,At Risk,Q1 2026
PRJ-001055-SP01,PRJ-001055,MAT-1004,2028-02-01,7340,2872,1198,27,198180,Partial,Within Lead Time,Q1 2028
PRJ-001055-SP02,PRJ-001055,MAT-1001,2026-08-01,57,3,1,2100,119700,Partial,At Risk,Q3 2026
PRJ-001056-SP01,PRJ-001056,MAT-1005,2026-02-01,47,11,5,26000,1222000,Partial,At Risk,Q1 2026
PRJ-001056-SP02,PRJ-001056,MAT-1006,2028-11-01,75,29,19,6200,465000,Partial,Within Lead Time,Q4 2028
PRJ-001056-SP03,PRJ-001056,MAT-1010,2027-08-01,71,23,20,980,69580,Partial,Within Lead Time,Q3 2027
PRJ-001056-SP04,PRJ-001056,MAT-1001,2028-01-01,46,40,5,2100,96600,Partial,Within Lead Time,Q1 2028
PRJ-001056-SP05,PRJ-001056,MAT-1006,2026-06-01,10,2,1,6200,62000,Partial,At Risk,Q2 2026
PRJ-001056-SP06,PRJ-001056,MAT-1008,2027-04-01,57,16,9,19000,1083000,Partial,Within Lead Time,Q2 2027
PRJ-001056-SP07,PRJ-001056,MAT-1006,2027-01-01,40,29,28,6200,248000,Partial,Within Lead Time,Q1 2027
PRJ-001056-SP08,PRJ-001056,MAT-1004,2027-03-01,6005,991,164,27,162135,Partial,Within Lead Time,Q1 2027
PRJ-001057-SP01,PRJ-001057,MAT-1004,2028-07-01,2202,1440,983,27,59454,Partial,Within Lead Time,Q3 2028
PRJ-001057-SP02,PRJ-001057,MAT-1006,2026-02-01,65,52,5,6200,403000,Partial,At Risk,Q1 2026
PRJ-001057-SP03,PRJ-001057,MAT-1008,2026-07-01,23,20,16,19000,437000,Partial,At Risk,Q3 2026
PRJ-001057-SP04,PRJ-001057,MAT-1005,2026-08-01,65,17,2,26000,1690000,Partial,At Risk,Q3 2026
PRJ-001058-SP01,PRJ-001058,MAT-1002,2028-08-01,59,36,26,420,24780,Partial,Within Lead Time,Q3 2028
PRJ-001058-SP02,PRJ-001058,MAT-1001,2026-03-01,71,9,5,2100,149100,Partial,At Risk,Q1 2026
PRJ-001058-SP03,PRJ-001058,MAT-1005,2026-01-01,51,7,1,26000,1326000,Partial,At Risk,Q1 2026
PRJ-001058-SP04,PRJ-001058,MAT-1001,2026-02-01,40,15,1,2100,84000,Partial,At Risk,Q1 2026
PRJ-001059-SP01,PRJ-001059,MAT-1004,2028-04-01,6761,4223,2876,27,182547,Partial,Within Lead Time,Q2 2028
PRJ-001059-SP02,PRJ-001059,MAT-1011,2028-06-01,39,17,6,130,5070,Partial,Within Lead Time,Q2 2028
PRJ-001059-SP03,PRJ-001059,MAT-1008,2026-02-01,60,19,13,19000,1140000,Partial,At Risk,Q1 2026
PRJ-001059-SP04,PRJ-001059,MAT-1006,2027-11-01,22,20,15,6200,136400,Partial,Within Lead Time,Q4 2027
PRJ-001059-SP05,PRJ-001059,MAT-1004,2026-02-01,4648,4417,4083,27,125496,Partial,At Risk,Q1 2026
PRJ-001059-SP06,PRJ-001059,MAT-1002,2026-07-01,31,20,6,420,13020,Partial,At Risk,Q3 2026
PRJ-001059-SP07,PRJ-001059,MAT-1006,2028-12-01,25,11,3,6200,155000,Partial,Within Lead Time,Q4 2028
PRJ-001059-SP08,PRJ-001059,MAT-1005,2026-12-01,79,44,19,26000,2054000,Partial,At Risk,Q4 2026
PRJ-001060-SP01,PRJ-001060,MAT-1007,2028-02-01,79,13,13,14500,1145500,Partial,Within Lead Time,Q1 2028
PRJ-001060-SP02,PRJ-001060,MAT-1006,2027-05-01,5,0,0,6200,31000,Not Reserved,Within Lead Time,Q2 2027
PRJ-001060-SP03,PRJ-001060,MAT-1001,2027-09-01,39,35,25,2100,81900,Partial,Within Lead Time,Q3 2027
PRJ-001060-SP04,PRJ-001060,MAT-1009,2027-01-01,39,26,13,145,5655,Partial,Within Lead Time,Q1 2027
PRJ-001061-SP01,PRJ-001061,MAT-1009,2028-03-01,63,15,2,145,9135,Partial,Within Lead Time,Q1 2028
PRJ-001061-SP02,PRJ-001061,MAT-1002,2026-08-01,15,2,1,420,6300,Partial,At Risk,Q3 2026
PRJ-001061-SP03,PRJ-001061,MAT-1011,2028-02-01,31,14,3,130,4030,Partial,Within Lead Time,Q1 2028
PRJ-001062-SP01,PRJ-001062,MAT-1006,2027-02-01,38,31,22,6200,235600,Partial,Within Lead Time,Q1 2027
PRJ-001062-SP02,PRJ-001062,MAT-1012,2028-10-01,16,0,0,68,1088,Not Reserved,Within Lead Time,Q4 2028
PRJ-001062-SP03,PRJ-001062,MAT-1003,2026-05-01,4181,2600,379,12,50172,Partial,At Risk,Q2 2026
PRJ-001063-SP01,PRJ-001063,MAT-1010,2027-10-01,67,4,3,980,65660,Partial,Within Lead Time,Q4 2027
PRJ-001063-SP02,PRJ-001063,MAT-1008,2027-02-01,32,2,1,19000,608000,Partial,Within Lead Time,Q1 2027
PRJ-001063-SP03,PRJ-001063,MAT-1011,2026-01-01,32,23,19,130,4160,Partial,At Risk,Q1 2026
PRJ-001063-SP04,PRJ-001063,MAT-1002,2027-01-01,3,0,0,420,1260,Not Reserved,Within Lead Time,Q1 2027
PRJ-001064-SP01,PRJ-001064,MAT-1008,2026-11-01,61,38,35,19000,1159000,Partial,At Risk,Q4 2026
PRJ-001064-SP02,PRJ-001064,MAT-1007,2027-11-01,46,33,1,14500,667000,Partial,Within Lead Time,Q4 2027
PRJ-001065-SP01,PRJ-001065,MAT-1008,2026-06-01,55,23,15,19000,1045000,Partial,At Risk,Q2 2026
PRJ-001065-SP02,PRJ-001065,MAT-1003,2026-04-01,6677,978,630,12,80124,Partial,At Risk,Q2 2026
PRJ-001065-SP03,PRJ-001065,MAT-1010,2028-07-01,80,74,1,980,78400,Partial,Within Lead Time,Q3 2028
PRJ-001065-SP04,PRJ-001065,MAT-1007,2028-02-01,38,12,4,14500,551000,Partial,Within Lead Time,Q1 2028
PRJ-001065-SP05,PRJ-001065,MAT-1005,2027-11-01,73,18,8,26000,1898000,Partial,Within Lead Time,Q4 2027
PRJ-001065-SP06,PRJ-001065,MAT-1004,2027-05-01,782,608,188,27,21114,Partial,Within Lead Time,Q2 2027
PRJ-001066-SP01,PRJ-001066,MAT-1008,2027-04-01,79,17,15,19000,1501000,Partial,Within Lead Time,Q2 2027
PRJ-001066-SP02,PRJ-001066,MAT-1005,2027-03-01,34,13,2,26000,884000,Partial,Within Lead Time,Q1 2027
PRJ-001066-SP03,PRJ-001066,MAT-1009,2028-07-01,23,14,6,145,3335,Partial,Within Lead Time,Q3 2028
PRJ-001066-SP04,PRJ-001066,MAT-1011,2027-03-01,67,58,53,130,8710,Partial,Within Lead Time,Q1 2027
PRJ-001067-SP01,PRJ-001067,MAT-1009,2027-07-01,25,20,14,145,3625,Partial,Within Lead Time,Q3 2027
PRJ-001067-SP02,PRJ-001067,MAT-1006,2026-02-01,79,45,4,6200,489800,Partial,At Risk,Q1 2026
PRJ-001067-SP03,PRJ-001067,MAT-1009,2028-02-01,53,51,36,145,7685,Partial,Within Lead Time,Q1 2028
PRJ-001067-SP04,PRJ-001067,MAT-1008,2028-07-01,7,6,2,19000,133000,Partial,Within Lead Time,Q3 2028
PRJ-001067-SP05,PRJ-001067,MAT-1005,2028-01-01,11,0,0,26000,286000,Not Reserved,Within Lead Time,Q1 2028
PRJ-001067-SP06,PRJ-001067,MAT-1012,2026-11-01,29,21,3,68,1972,Partial,Within Lead Time,Q4 2026
PRJ-001067-SP07,PRJ-001067,MAT-1003,2026-09-01,680,489,229,12,8160,Partial,At Risk,Q3 2026
PRJ-001067-SP08,PRJ-001067,MAT-1004,2027-12-01,6323,5554,1045,27,170721,Partial,Within Lead Time,Q4 2027
PRJ-001068-SP01,PRJ-001068,MAT-1009,2027-01-01,71,58,5,145,10295,Partial,Within Lead Time,Q1 2027
PRJ-001068-SP02,PRJ-001068,MAT-1011,2026-11-01,14,3,1,130,1820,Partial,Within Lead Time,Q4 2026
PRJ-001068-SP03,PRJ-001068,MAT-1008,2027-01-01,15,11,10,19000,285000,Partial,At Risk,Q1 2027
PRJ-001068-SP04,PRJ-001068,MAT-1010,2028-11-01,5,5,5,980,4900,Fulfilled,Within Lead Time,Q4 2028
PRJ-001068-SP05,PRJ-001068,MAT-1009,2026-08-01,14,4,0,145,2030,Partial,At Risk,Q3 2026
PRJ-001068-SP06,PRJ-001068,MAT-1006,2026-12-01,38,23,2,6200,235600,Partial,Within Lead Time,Q4 2026
PRJ-001068-SP07,PRJ-001068,MAT-1007,2028-02-01,17,2,0,14500,246500,Partial,Within Lead Time,Q1 2028
PRJ-001069-SP01,PRJ-001069,MAT-1003,2027-05-01,4822,4661,2046,12,57864,Partial,Within Lead Time,Q2 2027
PRJ-001069-SP02,PRJ-001069,MAT-1004,2027-10-01,916,112,52,27,24732,Partial,Within Lead Time,Q4 2027
PRJ-001069-SP03,PRJ-001069,MAT-1012,2026-09-01,51,23,6,68,3468,Partial,At Risk,Q3 2026
PRJ-001069-SP04,PRJ-001069,MAT-1008,2027-10-01,55,49,31,19000,1045000,Partial,Within Lead Time,Q4 2027
PRJ-001070-SP01,PRJ-001070,MAT-1002,2028-12-01,59,7,2,420,24780,Partial,Within Lead Time,Q4 2028
PRJ-001070-SP02,PRJ-001070,MAT-1001,2028-02-01,17,5,1,2100,35700,Partial,Within Lead Time,Q1 2028
PRJ-001070-SP03,PRJ-001070,MAT-1006,2028-02-01,21,13,9,6200,130200,Partial,Within Lead Time,Q1 2028
PRJ-001070-SP04,PRJ-001070,MAT-1010,2028-12-01,68,41,7,980,66640,Partial,Within Lead Time,Q4 2028
PRJ-001070-SP05,PRJ-001070,MAT-1012,2026-07-01,7,6,4,68,476,Partial,At Risk,Q3 2026
PRJ-001070-SP06,PRJ-001070,MAT-1007,2028-05-01,22,9,2,14500,319000,Partial,Within Lead Time,Q2 2028
PRJ-001071-SP01,PRJ-001071,MAT-1011,2028-04-01,75,39,6,130,9750,Partial,Within Lead Time,Q2 2028
PRJ-001071-SP02,PRJ-001071,MAT-1012,2028-08-01,52,36,35,68,3536,Partial,Within Lead Time,Q3 2028
PRJ-001071-SP03,PRJ-001071,MAT-1004,2027-04-01,4288,2391,1301,27,115776,Partial,Within Lead Time,Q2 2027
PRJ-001071-SP04,PRJ-001071,MAT-1006,2027-05-01,8,1,1,6200,49600,Partial,Within Lead Time,Q2 2027
PRJ-001071-SP05,PRJ-001071,MAT-1004,2026-04-01,9639,3484,1865,27,260253,Partial,At Risk,Q2 2026
PRJ-001071-SP06,PRJ-001071,MAT-1003,2026-11-01,5558,2498,1854,12,66696,Partial,Within Lead Time,Q4 2026
PRJ-001071-SP07,PRJ-001071,MAT-1002,2028-02-01,3,2,1,420,1260,Partial,Within Lead Time,Q1 2028
PRJ-001072-SP01,PRJ-001072,MAT-1003,2027-04-01,5120,146,106,12,61440,Partial,Within Lead Time,Q2 2027
PRJ-001072-SP02,PRJ-001072,MAT-1010,2028-08-01,19,4,2,980,18620,Partial,Within Lead Time,Q3 2028
PRJ-001072-SP03,PRJ-001072,MAT-1005,2026-11-01,29,16,10,26000,754000,Partial,At Risk,Q4 2026
PRJ-001073-SP01,PRJ-001073,MAT-1012,2026-10-01,39,30,9,68,2652,Partial,Within Lead Time,Q4 2026
PRJ-001073-SP02,PRJ-001073,MAT-1005,2026-01-01,39,34,25,26000,1014000,Partial,At Risk,Q1 2026
PRJ-001073-SP03,PRJ-001073,MAT-1004,2026-04-01,6323,5837,1931,27,170721,Partial,At Risk,Q2 2026
PRJ-001074-SP01,PRJ-001074,MAT-1001,2028-11-01,38,1,0,2100,79800,Partial,Within Lead Time,Q4 2028
PRJ-001074-SP02,PRJ-001074,MAT-1002,2028-04-01,38,18,13,420,15960,Partial,Within Lead Time,Q2 2028
PRJ-001075-SP01,PRJ-001075,MAT-1004,2026-08-01,9669,8570,3247,27,261063,Partial,At Risk,Q3 2026
PRJ-001075-SP02,PRJ-001075,MAT-1007,2027-05-01,31,25,12,14500,449500,Partial,Within Lead Time,Q2 2027
PRJ-001076-SP01,PRJ-001076,MAT-1007,2026-01-01,64,25,15,14500,928000,Partial,At Risk,Q1 2026
PRJ-001076-SP02,PRJ-001076,MAT-1001,2028-04-01,34,31,14,2100,71400,Partial,Within Lead Time,Q2 2028
PRJ-001076-SP03,PRJ-001076,MAT-1001,2028-10-01,31,22,17,2100,65100,Partial,Within Lead Time,Q4 2028
PRJ-001076-SP04,PRJ-001076,MAT-1002,2027-02-01,55,2,1,420,23100,Partial,Within Lead Time,Q1 2027
PRJ-001077-SP01,PRJ-001077,MAT-1007,2026-06-01,41,15,8,14500,594500,Partial,At Risk,Q2 2026
PRJ-001077-SP02,PRJ-001077,MAT-1004,2027-06-01,3482,740,181,27,94014,Partial,Within Lead Time,Q2 2027
PRJ-001077-SP03,PRJ-001077,MAT-1004,2028-05-01,1346,1325,532,27,36342,Partial,Within Lead Time,Q2 2028
PRJ-001077-SP04,PRJ-001077,MAT-1003,2028-05-01,8940,6335,3199,12,107280,Partial,Within Lead Time,Q2 2028
PRJ-001077-SP05,PRJ-001077,MAT-1011,2027-03-01,51,30,12,130,6630,Partial,Within Lead Time,Q1 2027
PRJ-001077-SP06,PRJ-001077,MAT-1002,2028-12-01,7,6,2,420,2940,Partial,Within Lead Time,Q4 2028
PRJ-001077-SP07,PRJ-001077,MAT-1002,2027-06-01,30,7,0,420,12600,Partial,Within Lead Time,Q2 2027
PRJ-001078-SP01,PRJ-001078,MAT-1007,2027-09-01,46,32,23,14500,667000,Partial,Within Lead Time,Q3 2027
PRJ-001078-SP02,PRJ-001078,MAT-1005,2026-10-01,27,25,20,26000,702000,Partial,At Risk,Q4 2026
PRJ-001078-SP03,PRJ-001078,MAT-1006,2026-04-01,13,6,6,6200,80600,Partial,At Risk,Q2 2026
PRJ-001078-SP04,PRJ-001078,MAT-1002,2028-10-01,70,35,26,420,29400,Partial,Within Lead Time,Q4 2028
PRJ-001078-SP05,PRJ-001078,MAT-1009,2028-12-01,61,7,4,145,8845,Partial,Within Lead Time,Q4 2028
PRJ-001078-SP06,PRJ-001078,MAT-1002,2027-05-01,16,5,4,420,6720,Partial,Within Lead Time,Q2 2027
PRJ-001078-SP07,PRJ-001078,MAT-1009,2028-06-01,62,47,46,145,8990,Partial,Within Lead Time,Q2 2028
PRJ-001079-SP01,PRJ-001079,MAT-1006,2026-06-01,12,4,2,6200,74400,Partial,At Risk,Q2 2026
PRJ-001079-SP02,PRJ-001079,MAT-1001,2027-02-01,69,45,10,2100,144900,Partial,Within Lead Time,Q1 2027
PRJ-001079-SP03,PRJ-001079,MAT-1004,2028-01-01,7653,1245,99,27,206631,Partial,Within Lead Time,Q1 2028
PRJ-001079-SP04,PRJ-001079,MAT-1001,2026-04-01,65,16,3,2100,136500,Partial,At Risk,Q2 2026
PRJ-001080-SP01,PRJ-001080,MAT-1007,2026-04-01,57,44,29,14500,826500,Partial,At Risk,Q2 2026
PRJ-001080-SP02,PRJ-001080,MAT-1003,2027-04-01,4554,2041,1791,12,54648,Partial,Within Lead Time,Q2 2027
PRJ-001080-SP03,PRJ-001080,MAT-1011,2026-04-01,65,54,12,130,8450,Partial,At Risk,Q2 2026
PRJ-001080-SP04,PRJ-001080,MAT-1007,2026-07-01,51,31,16,14500,739500,Partial,At Risk,Q3 2026
PRJ-001080-SP05,PRJ-001080,MAT-1001,2028-05-01,64,4,3,2100,134400,Partial,Within Lead Time,Q2 2028
PRJ-001081-SP01,PRJ-001081,MAT-1005,2027-03-01,11,9,1,26000,286000,Partial,Within Lead Time,Q1 2027
PRJ-001081-SP02,PRJ-001081,MAT-1011,2027-07-01,5,2,1,130,650,Partial,Within Lead Time,Q3 2027
PRJ-001081-SP03,PRJ-001081,MAT-1006,2026-02-01,22,16,6,6200,136400,Partial,At Risk,Q1 2026
PRJ-001081-SP04,PRJ-001081,MAT-1007,2028-01-01,10,5,5,14500,145000,Partial,Within Lead Time,Q1 2028
PRJ-001081-SP05,PRJ-001081,MAT-1004,2028-10-01,9038,9022,5493,27,244026,Partial,Within Lead Time,Q4 2028
PRJ-001081-SP06,PRJ-001081,MAT-1002,2028-09-01,42,40,6,420,17640,Partial,Within Lead Time,Q3 2028
PRJ-001081-SP07,PRJ-001081,MAT-1011,2027-12-01,29,16,14,130,3770,Partial,Within Lead Time,Q4 2027
PRJ-001082-SP01,PRJ-001082,MAT-1005,2027-10-01,70,39,23,26000,1820000,Partial,Within Lead Time,Q4 2027
PRJ-001082-SP02,PRJ-001082,MAT-1009,2028-12-01,62,22,21,145,8990,Partial,Within Lead Time,Q4 2028
PRJ-001082-SP03,PRJ-001082,MAT-1012,2027-05-01,67,44,30,68,4556,Partial,Within Lead Time,Q2 2027
PRJ-001082-SP04,PRJ-001082,MAT-1008,2029-01-01,47,1,0,19000,893000,Partial,Within Lead Time,Q1 2029
PRJ-001082-SP05,PRJ-001082,MAT-1006,2027-02-01,29,23,20,6200,179800,Partial,Within Lead Time,Q1 2027
PRJ-001082-SP06,PRJ-001082,MAT-1007,2026-02-01,6,4,0,14500,87000,Partial,At Risk,Q1 2026
PRJ-001082-SP07,PRJ-001082,MAT-1003,2028-12-01,9352,4824,4595,12,112224,Partial,Within Lead Time,Q4 2028
PRJ-001082-SP08,PRJ-001082,MAT-1001,2027-06-01,78,3,1,2100,163800,Partial,Within Lead Time,Q2 2027
PRJ-001083-SP01,PRJ-001083,MAT-1011,2026-04-01,64,59,2,130,8320,Partial,At Risk,Q2 2026
PRJ-001083-SP02,PRJ-001083,MAT-1012,2026-10-01,55,39,21,68,3740,Partial,Within Lead Time,Q4 2026
PRJ-001083-SP03,PRJ-001083,MAT-1004,2028-05-01,3330,2661,1412,27,89910,Partial,Within Lead Time,Q2 2028
PRJ-001084-SP01,PRJ-001084,MAT-1006,2026-09-01,47,18,11,6200,291400,Partial,At Risk,Q3 2026
PRJ-001084-SP02,PRJ-001084,MAT-1008,2026-03-01,16,13,6,19000,304000,Partial,At Risk,Q1 2026
PRJ-001084-SP03,PRJ-001084,MAT-1012,2027-12-01,57,6,5,68,3876,Partial,Within Lead Time,Q4 2027
PRJ-001084-SP04,PRJ-001084,MAT-1008,2028-04-01,49,24,5,19000,931000,Partial,Within Lead Time,Q2 2028
PRJ-001084-SP05,PRJ-001084,MAT-1001,2027-11-01,14,5,0,2100,29400,Partial,Within Lead Time,Q4 2027
PRJ-001084-SP06,PRJ-001084,MAT-1003,2026-06-01,9927,9316,237,12,119124,Partial,At Risk,Q2 2026
PRJ-001085-SP01,PRJ-001085,MAT-1012,2027-06-01,24,8,3,68,1632,Partial,Within Lead Time,Q2 2027
PRJ-001085-SP02,PRJ-001085,MAT-1012,2027-11-01,23,12,2,68,1564,Partial,Within Lead Time,Q4 2027
PRJ-001085-SP03,PRJ-001085,MAT-1004,2028-05-01,9774,7124,5045,27,263898,Partial,Within Lead Time,Q2 2028
PRJ-001085-SP04,PRJ-001085,MAT-1001,2028-11-01,16,9,5,2100,33600,Partial,Within Lead Time,Q4 2028
PRJ-001085-SP05,PRJ-001085,MAT-1009,2027-10-01,53,4,1,145,7685,Partial,Within Lead Time,Q4 2027
PRJ-001085-SP06,PRJ-001085,MAT-1006,2027-09-01,37,20,5,6200,229400,Partial,Within Lead Time,Q3 2027
PRJ-001086-SP01,PRJ-001086,MAT-1002,2027-08-01,70,1,1,420,29400,Partial,Within Lead Time,Q3 2027
PRJ-001086-SP02,PRJ-001086,MAT-1005,2027-10-01,54,48,20,26000,1404000,Partial,Within Lead Time,Q4 2027
PRJ-001086-SP03,PRJ-001086,MAT-1008,2027-09-01,28,18,9,19000,532000,Partial,Within Lead Time,Q3 2027
PRJ-001086-SP04,PRJ-001086,MAT-1005,2028-02-01,32,28,13,26000,832000,Partial,Within Lead Time,Q1 2028
PRJ-001086-SP05,PRJ-001086,MAT-1007,2026-12-01,35,18,8,14500,507500,Partial,At Risk,Q4 2026
PRJ-001086-SP06,PRJ-001086,MAT-1006,2026-09-01,17,17,8,6200,105400,Partial,At Risk,Q3 2026
PRJ-001087-SP01,PRJ-001087,MAT-1003,2028-02-01,8458,8235,7446,12,101496,Partial,Within Lead Time,Q1 2028
PRJ-001087-SP02,PRJ-001087,MAT-1012,2026-04-01,66,41,3,68,4488,Partial,At Risk,Q2 2026
PRJ-001087-SP03,PRJ-001087,MAT-1012,2026-05-01,27,17,0,68,1836,Partial,At Risk,Q2 2026
PRJ-001087-SP04,PRJ-001087,MAT-1011,2027-02-01,80,43,8,130,10400,Partial,Within Lead Time,Q1 2027
PRJ-001087-SP05,PRJ-001087,MAT-1010,2028-09-01,57,1,0,980,55860,Partial,Within Lead Time,Q3 2028
PRJ-001087-SP06,PRJ-001087,MAT-1003,2027-08-01,2985,656,419,12,35820,Partial,Within Lead Time,Q3 2027
PRJ-001087-SP07,PRJ-001087,MAT-1007,2026-08-01,15,5,1,14500,217500,Partial,At Risk,Q3 2026
PRJ-001088-SP01,PRJ-001088,MAT-1008,2028-01-01,15,1,1,19000,285000,Partial,Within Lead Time,Q1 2028
PRJ-001088-SP02,PRJ-001088,MAT-1008,2028-02-01,73,60,39,19000,1387000,Partial,Within Lead Time,Q1 2028
PRJ-001088-SP03,PRJ-001088,MAT-1003,2028-04-01,5557,748,344,12,66684,Partial,Within Lead Time,Q2 2028
PRJ-001088-SP04,PRJ-001088,MAT-1002,2028-05-01,69,8,2,420,28980,Partial,Within Lead Time,Q2 2028
PRJ-001088-SP05,PRJ-001088,MAT-1002,2028-10-01,76,33,20,420,31920,Partial,Within Lead Time,Q4 2028
PRJ-001088-SP06,PRJ-001088,MAT-1007,2026-04-01,49,25,9,14500,710500,Partial,At Risk,Q2 2026
PRJ-001088-SP07,PRJ-001088,MAT-1009,2028-12-01,2,1,1,145,290,Partial,Within Lead Time,Q4 2028
PRJ-001089-SP01,PRJ-001089,MAT-1009,2026-11-01,19,13,6,145,2755,Partial,Within Lead Time,Q4 2026
PRJ-001089-SP02,PRJ-001089,MAT-1008,2027-11-01,38,5,0,19000,722000,Partial,Within Lead Time,Q4 2027
PRJ-001089-SP03,PRJ-001089,MAT-1008,2027-04-01,10,1,0,19000,190000,Partial,Within Lead Time,Q2 2027
PRJ-001089-SP04,PRJ-001089,MAT-1009,2028-04-01,28,0,0,145,4060,Not Reserved,Within Lead Time,Q2 2028
PRJ-001090-SP01,PRJ-001090,MAT-1004,2027-10-01,7932,4562,55,27,214164,Partial,Within Lead Time,Q4 2027
PRJ-001090-SP02,PRJ-001090,MAT-1008,2026-05-01,44,2,1,19000,836000,Partial,At Risk,Q2 2026
PRJ-001090-SP03,PRJ-001090,MAT-1012,2029-01-01,39,8,4,68,2652,Partial,Within Lead Time,Q1 2029
PRJ-001090-SP04,PRJ-001090,MAT-1009,2028-01-01,16,1,0,145,2320,Partial,Within Lead Time,Q1 2028
PRJ-001090-SP05,PRJ-001090,MAT-1003,2027-09-01,3292,279,145,12,39504,Partial,Within Lead Time,Q3 2027
PRJ-001090-SP06,PRJ-001090,MAT-1003,2027-08-01,3467,2535,2452,12,41604,Partial,Within Lead Time,Q3 2027
PRJ-001090-SP07,PRJ-001090,MAT-1009,2028-08-01,50,44,11,145,7250,Partial,Within Lead Time,Q3 2028
PRJ-001091-SP01,PRJ-001091,MAT-1004,2028-03-01,6429,3551,3018,27,173583,Partial,Within Lead Time,Q1 2028
PRJ-001091-SP02,PRJ-001091,MAT-1010,2029-01-01,59,15,1,980,57820,Partial,Within Lead Time,Q1 2029
PRJ-001092-SP01,PRJ-001092,MAT-1005,2026-08-01,14,3,2,26000,364000,Partial,At Risk,Q3 2026
PRJ-001092-SP02,PRJ-001092,MAT-1012,2028-11-01,26,2,2,68,1768,Partial,Within Lead Time,Q4 2028
PRJ-001092-SP03,PRJ-001092,MAT-1008,2027-08-01,40,3,0,19000,760000,Partial,Within Lead Time,Q3 2027
PRJ-001092-SP04,PRJ-001092,MAT-1007,2027-06-01,18,15,0,14500,261000,Partial,Within Lead Time,Q2 2027
PRJ-001093-SP01,PRJ-001093,MAT-1004,2028-09-01,8882,963,869,27,239814,Partial,Within Lead Time,Q3 2028
PRJ-001093-SP02,PRJ-001093,MAT-1012,2027-02-01,80,25,9,68,5440,Partial,Within Lead Time,Q1 2027
PRJ-001093-SP03,PRJ-001093,MAT-1008,2028-02-01,9,8,6,19000,171000,Partial,Within Lead Time,Q1 2028
PRJ-001094-SP01,PRJ-001094,MAT-1002,2026-06-01,65,64,51,420,27300,Partial,At Risk,Q2 2026
PRJ-001094-SP02,PRJ-001094,MAT-1003,2029-01-01,5535,3098,2568,12,66420,Partial,Within Lead Time,Q1 2029
PRJ-001094-SP03,PRJ-001094,MAT-1007,2028-10-01,62,60,14,14500,899000,Partial,Within Lead Time,Q4 2028
PRJ-001095-SP01,PRJ-001095,MAT-1011,2027-06-01,63,54,30,130,8190,Partial,Within Lead Time,Q2 2027
PRJ-001095-SP02,PRJ-001095,MAT-1010,2026-07-01,68,11,7,980,66640,Partial,At Risk,Q3 2026
PRJ-001095-SP03,PRJ-001095,MAT-1006,2027-07-01,19,7,2,6200,117800,Partial,Within Lead Time,Q3 2027
PRJ-001095-SP04,PRJ-001095,MAT-1002,2028-10-01,29,17,4,420,12180,Partial,Within Lead Time,Q4 2028
PRJ-001095-SP05,PRJ-001095,MAT-1004,2028-04-01,4846,4651,4040,27,130842,Partial,Within Lead Time,Q2 2028
PRJ-001095-SP06,PRJ-001095,MAT-1007,2026-12-01,30,21,6,14500,435000,Partial,At Risk,Q4 2026
PRJ-001095-SP07,PRJ-001095,MAT-1008,2027-11-01,29,3,2,19000,551000,Partial,Within Lead Time,Q4 2027
PRJ-001095-SP08,PRJ-001095,MAT-1007,2027-08-01,40,28,7,14500,580000,Partial,Within Lead Time,Q3 2027
PRJ-001096-SP01,PRJ-001096,MAT-1009,2027-02-01,68,28,18,145,9860,Partial,Within Lead Time,Q1 2027
PRJ-001096-SP02,PRJ-001096,MAT-1012,2026-05-01,58,16,10,68,3944,Partial,At Risk,Q2 2026
PRJ-001096-SP03,PRJ-001096,MAT-1009,2027-05-01,60,53,28,145,8700,Partial,Within Lead Time,Q2 2027
PRJ-001096-SP04,PRJ-001096,MAT-1007,2027-05-01,64,6,4,14500,928000,Partial,Within Lead Time,Q2 2027
PRJ-001096-SP05,PRJ-001096,MAT-1003,2026-01-01,8437,829,682,12,101244,Partial,At Risk,Q1 2026
PRJ-001097-SP01,PRJ-001097,MAT-1008,2026-04-01,12,8,3,19000,228000,Partial,At Risk,Q2 2026
PRJ-001097-SP02,PRJ-001097,MAT-1012,2027-04-01,18,5,3,68,1224,Partial,Within Lead Time,Q2 2027
PRJ-001098-SP01,PRJ-001098,MAT-1010,2026-11-01,75,12,5,980,73500,Partial,Within Lead Time,Q4 2026
PRJ-001098-SP02,PRJ-001098,MAT-1010,2026-04-01,31,26,16,980,30380,Partial,At Risk,Q2 2026
PRJ-001098-SP03,PRJ-001098,MAT-1004,2027-01-01,4280,4276,3821,27,115560,Partial,Within Lead Time,Q1 2027
PRJ-001098-SP04,PRJ-001098,MAT-1004,2028-08-01,7912,1147,794,27,213624,Partial,Within Lead Time,Q3 2028
PRJ-001098-SP05,PRJ-001098,MAT-1012,2026-03-01,12,7,4,68,816,Partial,At Risk,Q1 2026
PRJ-001099-SP01,PRJ-001099,MAT-1004,2026-11-01,2471,34,6,27,66717,Partial,At Risk,Q4 2026
PRJ-001099-SP02,PRJ-001099,MAT-1008,2028-06-01,9,7,4,19000,171000,Partial,Within Lead Time,Q2 2028
PRJ-001100-SP01,PRJ-001100,MAT-1005,2028-07-01,36,20,16,26000,936000,Partial,Within Lead Time,Q3 2028
PRJ-001100-SP02,PRJ-001100,MAT-1010,2028-10-01,75,55,11,980,73500,Partial,Within Lead Time,Q4 2028
PRJ-001101-SP01,PRJ-001101,MAT-1001,2026-03-01,67,9,2,2100,140700,Partial,At Risk,Q1 2026
PRJ-001101-SP02,PRJ-001101,MAT-1003,2027-02-01,9540,6199,2387,12,114480,Partial,Within Lead Time,Q1 2027
PRJ-001101-SP03,PRJ-001101,MAT-1006,2027-11-01,67,3,2,6200,415400,Partial,Within Lead Time,Q4 2027
PRJ-001101-SP04,PRJ-001101,MAT-1003,2028-11-01,7093,6230,3383,12,85116,Partial,Within Lead Time,Q4 2028
PRJ-001102-SP01,PRJ-001102,MAT-1004,2027-08-01,4519,473,383,27,122013,Partial,Within Lead Time,Q3 2027
PRJ-001102-SP02,PRJ-001102,MAT-1005,2027-08-01,35,23,17,26000,910000,Partial,Within Lead Time,Q3 2027
PRJ-001102-SP03,PRJ-001102,MAT-1010,2026-10-01,66,42,25,980,64680,Partial,At Risk,Q4 2026
PRJ-001102-SP04,PRJ-001102,MAT-1003,2026-03-01,1145,176,13,12,13740,Partial,At Risk,Q1 2026
PRJ-001102-SP05,PRJ-001102,MAT-1002,2026-02-01,24,12,12,420,10080,Partial,At Risk,Q1 2026
PRJ-001103-SP01,PRJ-001103,MAT-1009,2026-01-01,14,6,4,145,2030,Partial,At Risk,Q1 2026
PRJ-001103-SP02,PRJ-001103,MAT-1011,2026-04-01,23,13,4,130,2990,Partial,At Risk,Q2 2026
PRJ-001103-SP03,PRJ-001103,MAT-1009,2028-09-01,2,0,0,145,290,Not Reserved,Within Lead Time,Q3 2028
PRJ-001104-SP01,PRJ-001104,MAT-1011,2027-10-01,76,46,16,130,9880,Partial,Within Lead Time,Q4 2027
PRJ-001104-SP02,PRJ-001104,MAT-1009,2028-04-01,7,3,1,145,1015,Partial,Within Lead Time,Q2 2028
PRJ-001104-SP03,PRJ-001104,MAT-1001,2028-03-01,48,20,15,2100,100800,Partial,Within Lead Time,Q1 2028
PRJ-001104-SP04,PRJ-001104,MAT-1003,2028-02-01,3050,1789,393,12,36600,Partial,Within Lead Time,Q1 2028
PRJ-001104-SP05,PRJ-001104,MAT-1002,2027-08-01,15,8,0,420,6300,Partial,Within Lead Time,Q3 2027
PRJ-001104-SP06,PRJ-001104,MAT-1008,2028-07-01,45,11,10,19000,855000,Partial,Within Lead Time,Q3 2028
PRJ-001105-SP01,PRJ-001105,MAT-1002,2028-06-01,68,67,62,420,28560,Partial,Within Lead Time,Q2 2028
PRJ-001105-SP02,PRJ-001105,MAT-1009,2028-10-01,18,10,8,145,2610,Partial,Within Lead Time,Q4 2028
PRJ-001105-SP03,PRJ-001105,MAT-1007,2026-01-01,21,17,4,14500,304500,Partial,At Risk,Q1 2026
PRJ-001105-SP04,PRJ-001105,MAT-1005,2028-08-01,29,8,1,26000,754000,Partial,Within Lead Time,Q3 2028
PRJ-001105-SP05,PRJ-001105,MAT-1001,2027-11-01,56,31,16,2100,117600,Partial,Within Lead Time,Q4 2027
PRJ-001106-SP01,PRJ-001106,MAT-1008,2026-01-01,74,17,8,19000,1406000,Partial,At Risk,Q1 2026
PRJ-001106-SP02,PRJ-001106,MAT-1004,2027-09-01,8396,1279,500,27,226692,Partial,Within Lead Time,Q3 2027
PRJ-001107-SP01,PRJ-001107,MAT-1007,2026-01-01,46,20,9,14500,667000,Partial,At Risk,Q1 2026
PRJ-001107-SP02,PRJ-001107,MAT-1012,2026-02-01,38,31,26,68,2584,Partial,At Risk,Q1 2026
PRJ-001107-SP03,PRJ-001107,MAT-1009,2029-01-01,58,4,3,145,8410,Partial,Within Lead Time,Q1 2029
PRJ-001107-SP04,PRJ-001107,MAT-1005,2026-07-01,5,3,2,26000,130000,Partial,At Risk,Q3 2026
PRJ-001107-SP05,PRJ-001107,MAT-1004,2027-06-01,8310,6622,5533,27,224370,Partial,Within Lead Time,Q2 2027
PRJ-001107-SP06,PRJ-001107,MAT-1005,2028-08-01,64,56,45,26000,1664000,Partial,Within Lead Time,Q3 2028
PRJ-001107-SP07,PRJ-001107,MAT-1002,2026-11-01,54,39,17,420,22680,Partial,Within Lead Time,Q4 2026
PRJ-001108-SP01,PRJ-001108,MAT-1005,2027-09-01,8,1,0,26000,208000,Partial,Within Lead Time,Q3 2027
PRJ-001108-SP02,PRJ-001108,MAT-1005,2026-10-01,65,50,15,26000,1690000,Partial,At Risk,Q4 2026
PRJ-001109-SP01,PRJ-001109,MAT-1008,2027-11-01,14,3,1,19000,266000,Partial,Within Lead Time,Q4 2027
PRJ-001109-SP02,PRJ-001109,MAT-1001,2026-04-01,4,3,0,2100,8400,Partial,At Risk,Q2 2026
PRJ-001109-SP03,PRJ-001109,MAT-1002,2027-12-01,37,2,0,420,15540,Partial,Within Lead Time,Q4 2027
PRJ-001109-SP04,PRJ-001109,MAT-1001,2028-02-01,56,47,20,2100,117600,Partial,Within Lead Time,Q1 2028
PRJ-001110-SP01,PRJ-001110,MAT-1003,2027-02-01,1781,1039,160,12,21372,Partial,Within Lead Time,Q1 2027
PRJ-001110-SP02,PRJ-001110,MAT-1011,2027-06-01,2,1,1,130,260,Partial,Within Lead Time,Q2 2027
PRJ-001110-SP03,PRJ-001110,MAT-1001,2028-09-01,42,30,24,2100,88200,Partial,Within Lead Time,Q3 2028
PRJ-001111-SP01,PRJ-001111,MAT-1008,2028-05-01,55,30,18,19000,1045000,Partial,Within Lead Time,Q2 2028
PRJ-001111-SP02,PRJ-001111,MAT-1011,2026-07-01,75,48,21,130,9750,Partial,At Risk,Q3 2026
PRJ-001111-SP03,PRJ-001111,MAT-1011,2027-07-01,37,21,18,130,4810,Partial,Within Lead Time,Q3 2027
PRJ-001111-SP04,PRJ-001111,MAT-1008,2028-09-01,54,39,1,19000,1026000,Partial,Within Lead Time,Q3 2028
PRJ-001111-SP05,PRJ-001111,MAT-1010,2027-04-01,8,4,1,980,7840,Partial,Within Lead Time,Q2 2027
PRJ-001111-SP06,PRJ-001111,MAT-1007,2028-10-01,38,24,15,14500,551000,Partial,Within Lead Time,Q4 2028
PRJ-001111-SP07,PRJ-001111,MAT-1001,2028-05-01,59,25,16,2100,123900,Partial,Within Lead Time,Q2 2028
PRJ-001111-SP08,PRJ-001111,MAT-1002,2028-12-01,73,21,12,420,30660,Partial,Within Lead Time,Q4 2028
PRJ-001112-SP01,PRJ-001112,MAT-1008,2028-12-01,65,42,31,19000,1235000,Partial,Within Lead Time,Q4 2028
PRJ-001112-SP02,PRJ-001112,MAT-1003,2026-02-01,4979,121,38,12,59748,Partial,At Risk,Q1 2026
PRJ-001112-SP03,PRJ-001112,MAT-1009,2026-01-01,56,14,12,145,8120,Partial,At Risk,Q1 2026
PRJ-001113-SP01,PRJ-001113,MAT-1010,2027-12-01,64,21,17,980,62720,Partial,Within Lead Time,Q4 2027
PRJ-001113-SP02,PRJ-001113,MAT-1003,2027-11-01,5651,1167,481,12,67812,Partial,Within Lead Time,Q4 2027
PRJ-001113-SP03,PRJ-001113,MAT-1011,2027-03-01,30,19,13,130,3900,Partial,Within Lead Time,Q1 2027
PRJ-001113-SP04,PRJ-001113,MAT-1005,2028-08-01,21,7,4,26000,546000,Partial,Within Lead Time,Q3 2028
PRJ-001113-SP05,PRJ-001113,MAT-1007,2026-09-01,23,22,20,14500,333500,Partial,At Risk,Q3 2026
PRJ-001113-SP06,PRJ-001113,MAT-1008,2027-12-01,51,9,1,19000,969000,Partial,Within Lead Time,Q4 2027
PRJ-001113-SP07,PRJ-001113,MAT-1005,2026-02-01,62,56,41,26000,1612000,Partial,At Risk,Q1 2026
PRJ-001113-SP08,PRJ-001113,MAT-1003,2027-06-01,7483,3132,193,12,89796,Partial,Within Lead Time,Q2 2027
PRJ-001114-SP01,PRJ-001114,MAT-1012,2026-07-01,62,37,4,68,4216,Partial,At Risk,Q3 2026
PRJ-001114-SP02,PRJ-001114,MAT-1004,2028-12-01,9167,8771,1109,27,247509,Partial,Within Lead Time,Q4 2028
PRJ-001114-SP03,PRJ-001114,MAT-1003,2026-07-01,6621,1024,529,12,79452,Partial,At Risk,Q3 2026
PRJ-001114-SP04,PRJ-001114,MAT-1005,2026-07-01,7,4,4,26000,182000,Partial,At Risk,Q3 2026
PRJ-001114-SP05,PRJ-001114,MAT-1005,2028-09-01,48,16,2,26000,1248000,Partial,Within Lead Time,Q3 2028
PRJ-001114-SP06,PRJ-001114,MAT-1008,2027-08-01,32,15,13,19000,608000,Partial,Within Lead Time,Q3 2027
PRJ-001114-SP07,PRJ-001114,MAT-1008,2027-08-01,18,18,8,19000,342000,Partial,Within Lead Time,Q3 2027
PRJ-001114-SP08,PRJ-001114,MAT-1003,2026-09-01,4147,1585,233,12,49764,Partial,At Risk,Q3 2026
PRJ-001115-SP01,PRJ-001115,MAT-1010,2026-06-01,5,5,0,980,4900,Partial,At Risk,Q2 2026
PRJ-001115-SP02,PRJ-001115,MAT-1003,2027-01-01,9316,113,30,12,111792,Partial,Within Lead Time,Q1 2027
PRJ-001115-SP03,PRJ-001115,MAT-1005,2028-12-01,71,60,47,26000,1846000,Partial,Within Lead Time,Q4 2028
PRJ-001116-SP01,PRJ-001116,MAT-1007,2028-03-01,59,47,29,14500,855500,Partial,Within Lead Time,Q1 2028
PRJ-001116-SP02,PRJ-001116,MAT-1012,2026-08-01,60,18,14,68,4080,Partial,At Risk,Q3 2026
PRJ-001117-SP01,PRJ-001117,MAT-1001,2026-11-01,13,1,1,2100,27300,Partial,Within Lead Time,Q4 2026
PRJ-001117-SP02,PRJ-001117,MAT-1002,2026-03-01,71,60,18,420,29820,Partial,At Risk,Q1 2026
PRJ-001118-SP01,PRJ-001118,MAT-1011,2028-09-01,67,30,17,130,8710,Partial,Within Lead Time,Q3 2028
PRJ-001118-SP02,PRJ-001118,MAT-1006,2028-07-01,72,29,27,6200,446400,Partial,Within Lead Time,Q3 2028
PRJ-001118-SP03,PRJ-001118,MAT-1009,2027-02-01,28,20,5,145,4060,Partial,Within Lead Time,Q1 2027
PRJ-001119-SP01,PRJ-001119,MAT-1008,2026-06-01,46,37,23,19000,874000,Partial,At Risk,Q2 2026
PRJ-001119-SP02,PRJ-001119,MAT-1006,2026-10-01,25,22,18,6200,155000,Partial,At Risk,Q4 2026
PRJ-001119-SP03,PRJ-001119,MAT-1001,2027-02-01,63,17,16,2100,132300,Partial,Within Lead Time,Q1 2027
PRJ-001119-SP04,PRJ-001119,MAT-1002,2027-04-01,42,31,30,420,17640,Partial,Within Lead Time,Q2 2027
PRJ-001120-SP01,PRJ-001120,MAT-1007,2026-01-01,68,38,5,14500,986000,Partial,At Risk,Q1 2026
PRJ-001120-SP02,PRJ-001120,MAT-1002,2027-04-01,66,53,25,420,27720,Partial,Within Lead Time,Q2 2027
PRJ-001120-SP03,PRJ-001120,MAT-1001,2026-06-01,54,46,45,2100,113400,Partial,At Risk,Q2 2026
PRJ-001121-SP01,PRJ-001121,MAT-1009,2026-10-01,70,40,12,145,10150,Partial,Within Lead Time,Q4 2026
PRJ-001121-SP02,PRJ-001121,MAT-1008,2028-07-01,39,25,16,19000,741000,Partial,Within Lead Time,Q3 2028
PRJ-001121-SP03,PRJ-001121,MAT-1001,2029-01-01,19,16,6,2100,39900,Partial,Within Lead Time,Q1 2029
PRJ-001121-SP04,PRJ-001121,MAT-1007,2028-11-01,53,17,3,14500,768500,Partial,Within Lead Time,Q4 2028
PRJ-001121-SP05,PRJ-001121,MAT-1003,2026-07-01,4179,1328,709,12,50148,Partial,At Risk,Q3 2026
PRJ-001121-SP06,PRJ-001121,MAT-1007,2027-06-01,2,2,0,14500,29000,Partial,Within Lead Time,Q2 2027
PRJ-001121-SP07,PRJ-001121,MAT-1004,2028-06-01,4339,3908,3823,27,117153,Partial,Within Lead Time,Q2 2028
PRJ-001121-SP08,PRJ-001121,MAT-1001,2027-06-01,63,48,47,2100,132300,Partial,Within Lead Time,Q2 2027
PRJ-001122-SP01,PRJ-001122,MAT-1005,2028-05-01,8,2,1,26000,208000,Partial,Within Lead Time,Q2 2028
PRJ-001122-SP02,PRJ-001122,MAT-1008,2026-02-01,71,21,10,19000,1349000,Partial,At Risk,Q1 2026
PRJ-001122-SP03,PRJ-001122,MAT-1003,2026-01-01,3427,1186,898,12,41124,Partial,At Risk,Q1 2026
PRJ-001122-SP04,PRJ-001122,MAT-1007,2028-02-01,57,54,7,14500,826500,Partial,Within Lead Time,Q1 2028
PRJ-001122-SP05,PRJ-001122,MAT-1002,2026-11-01,75,29,20,420,31500,Partial,Within Lead Time,Q4 2026
PRJ-001123-SP01,PRJ-001123,MAT-1011,2028-04-01,70,69,43,130,9100,Partial,Within Lead Time,Q2 2028
PRJ-001123-SP02,PRJ-001123,MAT-1002,2027-06-01,67,4,4,420,28140,Partial,Within Lead Time,Q2 2027
PRJ-001123-SP03,PRJ-001123,MAT-1004,2028-03-01,6700,4321,435,27,180900,Partial,Within Lead Time,Q1 2028
PRJ-001123-SP04,PRJ-001123,MAT-1006,2028-11-01,34,14,11,6200,210800,Partial,Within Lead Time,Q4 2028
PRJ-001123-SP05,PRJ-001123,MAT-1007,2026-09-01,59,19,17,14500,855500,Partial,At Risk,Q3 2026
PRJ-001123-SP06,PRJ-001123,MAT-1004,2027-11-01,7898,6205,2074,27,213246,Partial,Within Lead Time,Q4 2027
PRJ-001123-SP07,PRJ-001123,MAT-1003,2026-06-01,8459,6831,3087,12,101508,Partial,At Risk,Q2 2026
PRJ-001124-SP01,PRJ-001124,MAT-1002,2026-04-01,32,8,1,420,13440,Partial,At Risk,Q2 2026
PRJ-001124-SP02,PRJ-001124,MAT-1005,2026-09-01,50,32,31,26000,1300000,Partial,At Risk,Q3 2026
PRJ-001125-SP01,PRJ-001125,MAT-1002,2028-09-01,17,17,17,420,7140,Fulfilled,Within Lead Time,Q3 2028
PRJ-001125-SP02,PRJ-001125,MAT-1010,2026-03-01,28,4,3,980,27440,Partial,At Risk,Q1 2026
PRJ-001126-SP01,PRJ-001126,MAT-1009,2026-08-01,5,1,0,145,725,Partial,At Risk,Q3 2026
PRJ-001126-SP02,PRJ-001126,MAT-1001,2026-11-01,54,17,7,2100,113400,Partial,Within Lead Time,Q4 2026
PRJ-001126-SP03,PRJ-001126,MAT-1011,2026-03-01,74,62,18,130,9620,Partial,At Risk,Q1 2026
PRJ-001126-SP04,PRJ-001126,MAT-1004,2028-03-01,915,207,195,27,24705,Partial,Within Lead Time,Q1 2028
PRJ-001126-SP05,PRJ-001126,MAT-1009,2028-12-01,57,49,3,145,8265,Partial,Within Lead Time,Q4 2028
PRJ-001127-SP01,PRJ-001127,MAT-1010,2026-07-01,38,17,13,980,37240,Partial,At Risk,Q3 2026
PRJ-001127-SP02,PRJ-001127,MAT-1003,2028-08-01,3123,2842,1280,12,37476,Partial,Within Lead Time,Q3 2028
PRJ-001127-SP03,PRJ-001127,MAT-1005,2026-02-01,43,17,4,26000,1118000,Partial,At Risk,Q1 2026
PRJ-001128-SP01,PRJ-001128,MAT-1007,2026-08-01,72,67,25,14500,1044000,Partial,At Risk,Q3 2026
PRJ-001128-SP02,PRJ-001128,MAT-1012,2026-02-01,21,10,6,68,1428,Partial,At Risk,Q1 2026
PRJ-001128-SP03,PRJ-001128,MAT-1005,2027-06-01,19,7,2,26000,494000,Partial,Within Lead Time,Q2 2027
PRJ-001129-SP01,PRJ-001129,MAT-1009,2027-05-01,65,48,18,145,9425,Partial,Within Lead Time,Q2 2027
PRJ-001129-SP02,PRJ-001129,MAT-1011,2027-03-01,14,0,0,130,1820,Not Reserved,Within Lead Time,Q1 2027
PRJ-001130-SP01,PRJ-001130,MAT-1004,2028-12-01,4115,3165,260,27,111105,Partial,Within Lead Time,Q4 2028
PRJ-001130-SP02,PRJ-001130,MAT-1011,2028-05-01,74,65,25,130,9620,Partial,Within Lead Time,Q2 2028
PRJ-001130-SP03,PRJ-001130,MAT-1010,2027-03-01,44,21,19,980,43120,Partial,Within Lead Time,Q1 2027
PRJ-001131-SP01,PRJ-001131,MAT-1002,2026-05-01,74,12,9,420,31080,Partial,At Risk,Q2 2026
PRJ-001131-SP02,PRJ-001131,MAT-1006,2027-04-01,58,12,11,6200,359600,Partial,Within Lead Time,Q2 2027
PRJ-001131-SP03,PRJ-001131,MAT-1004,2026-05-01,4829,1521,1234,27,130383,Partial,At Risk,Q2 2026
PRJ-001131-SP04,PRJ-001131,MAT-1002,2026-07-01,49,29,3,420,20580,Partial,At Risk,Q3 2026
PRJ-001131-SP05,PRJ-001131,MAT-1006,2026-01-01,35,34,24,6200,217000,Partial,At Risk,Q1 2026
PRJ-001131-SP06,PRJ-001131,MAT-1008,2028-11-01,66,64,27,19000,1254000,Partial,Within Lead Time,Q4 2028
PRJ-001131-SP07,PRJ-001131,MAT-1002,2028-12-01,15,5,1,420,6300,Partial,Within Lead Time,Q4 2028
PRJ-001132-SP01,PRJ-001132,MAT-1009,2028-04-01,15,7,1,145,2175,Partial,Within Lead Time,Q2 2028
PRJ-001132-SP02,PRJ-001132,MAT-1008,2026-07-01,40,30,2,19000,760000,Partial,At Risk,Q3 2026
PRJ-001132-SP03,PRJ-001132,MAT-1001,2027-02-01,2,2,2,2100,4200,Fulfilled,Within Lead Time,Q1 2027
PRJ-001132-SP04,PRJ-001132,MAT-1010,2027-10-01,70,17,2,980,68600,Partial,Within Lead Time,Q4 2027
PRJ-001132-SP05,PRJ-001132,MAT-1004,2028-06-01,2804,230,75,27,75708,Partial,Within Lead Time,Q2 2028
PRJ-001132-SP06,PRJ-001132,MAT-1008,2027-02-01,72,40,26,19000,1368000,Partial,Within Lead Time,Q1 2027
PRJ-001132-SP07,PRJ-001132,MAT-1001,2028-05-01,4,3,1,2100,8400,Partial,Within Lead Time,Q2 2028
PRJ-001133-SP01,PRJ-001133,MAT-1012,2027-04-01,25,14,12,68,1700,Partial,Within Lead Time,Q2 2027
PRJ-001133-SP02,PRJ-001133,MAT-1002,2027-01-01,53,30,1,420,22260,Partial,Within Lead Time,Q1 2027
PRJ-001133-SP03,PRJ-001133,MAT-1008,2027-09-01,67,12,3,19000,1273000,Partial,Within Lead Time,Q3 2027
PRJ-001133-SP04,PRJ-001133,MAT-1009,2027-11-01,70,25,12,145,10150,Partial,Within Lead Time,Q4 2027
PRJ-001133-SP05,PRJ-001133,MAT-1002,2027-10-01,39,31,9,420,16380,Partial,Within Lead Time,Q4 2027
PRJ-001134-SP01,PRJ-001134,MAT-1006,2027-03-01,62,60,46,6200,384400,Partial,Within Lead Time,Q1 2027
PRJ-001134-SP02,PRJ-001134,MAT-1008,2028-06-01,59,18,2,19000,1121000,Partial,Within Lead Time,Q2 2028
PRJ-001134-SP03,PRJ-001134,MAT-1010,2027-10-01,8,1,0,980,7840,Partial,Within Lead Time,Q4 2027
PRJ-001135-SP01,PRJ-001135,MAT-1011,2026-12-01,58,8,3,130,7540,Partial,Within Lead Time,Q4 2026
PRJ-001135-SP02,PRJ-001135,MAT-1003,2028-12-01,8485,2446,309,12,101820,Partial,Within Lead Time,Q4 2028
PRJ-001135-SP03,PRJ-001135,MAT-1010,2026-01-01,74,19,14,980,72520,Partial,At Risk,Q1 2026
PRJ-001135-SP04,PRJ-001135,MAT-1011,2027-06-01,47,18,8,130,6110,Partial,Within Lead Time,Q2 2027
PRJ-001135-SP05,PRJ-001135,MAT-1006,2026-03-01,65,15,2,6200,403000,Partial,At Risk,Q1 2026
PRJ-001136-SP01,PRJ-001136,MAT-1003,2029-01-01,2683,318,224,12,32196,Partial,Within Lead Time,Q1 2029
PRJ-001136-SP02,PRJ-001136,MAT-1002,2026-04-01,10,1,1,420,4200,Partial,At Risk,Q2 2026
PRJ-001136-SP03,PRJ-001136,MAT-1009,2026-04-01,79,30,16,145,11455,Partial,At Risk,Q2 2026
PRJ-001136-SP04,PRJ-001136,MAT-1007,2026-11-01,47,37,28,14500,681500,Partial,At Risk,Q4 2026
PRJ-001136-SP05,PRJ-001136,MAT-1001,2026-12-01,12,2,2,2100,25200,Partial,Within Lead Time,Q4 2026
PRJ-001136-SP06,PRJ-001136,MAT-1003,2026-02-01,7967,7135,385,12,95604,Partial,At Risk,Q1 2026
PRJ-001137-SP01,PRJ-001137,MAT-1004,2027-05-01,2708,205,103,27,73116,Partial,Within Lead Time,Q2 2027
PRJ-001137-SP02,PRJ-001137,MAT-1009,2028-10-01,22,9,1,145,3190,Partial,Within Lead Time,Q4 2028
PRJ-001137-SP03,PRJ-001137,MAT-1003,2026-10-01,3625,1123,492,12,43500,Partial,At Risk,Q4 2026
PRJ-001138-SP01,PRJ-001138,MAT-1001,2028-06-01,40,39,5,2100,84000,Partial,Within Lead Time,Q2 2028
PRJ-001138-SP02,PRJ-001138,MAT-1012,2028-09-01,15,10,2,68,1020,Partial,Within Lead Time,Q3 2028
PRJ-001138-SP03,PRJ-001138,MAT-1011,2027-08-01,14,2,1,130,1820,Partial,Within Lead Time,Q3 2027
PRJ-001138-SP04,PRJ-001138,MAT-1009,2026-06-01,58,53,16,145,8410,Partial,At Risk,Q2 2026
PRJ-001139-SP01,PRJ-001139,MAT-1011,2026-01-01,11,3,0,130,1430,Partial,At Risk,Q1 2026
PRJ-001139-SP02,PRJ-001139,MAT-1008,2026-11-01,28,1,0,19000,532000,Partial,At Risk,Q4 2026
PRJ-001139-SP03,PRJ-001139,MAT-1010,2026-11-01,55,36,35,980,53900,Partial,Within Lead Time,Q4 2026
PRJ-001139-SP04,PRJ-001139,MAT-1007,2028-06-01,33,25,22,14500,478500,Partial,Within Lead Time,Q2 2028
PRJ-001139-SP05,PRJ-001139,MAT-1009,2026-06-01,62,13,5,145,8990,Partial,At Risk,Q2 2026
PRJ-001139-SP06,PRJ-001139,MAT-1001,2026-01-01,39,39,0,2100,81900,Partial,At Risk,Q1 2026
PRJ-001139-SP07,PRJ-001139,MAT-1006,2027-11-01,5,3,0,6200,31000,Partial,Within Lead Time,Q4 2027
PRJ-001140-SP01,PRJ-001140,MAT-1009,2027-10-01,59,11,1,145,8555,Partial,Within Lead Time,Q4 2027
PRJ-001140-SP02,PRJ-001140,MAT-1003,2027-11-01,6990,5336,3136,12,83880,Partial,Within Lead Time,Q4 2027
PRJ-001140-SP03,PRJ-001140,MAT-1008,2028-07-01,79,62,60,19000,1501000,Partial,Within Lead Time,Q3 2028
PRJ-001140-SP04,PRJ-001140,MAT-1007,2028-08-01,53,24,19,14500,768500,Partial,Within Lead Time,Q3 2028
PRJ-001141-SP01,PRJ-001141,MAT-1005,2026-03-01,74,37,2,26000,1924000,Partial,At Risk,Q1 2026
PRJ-001141-SP02,PRJ-001141,MAT-1004,2026-03-01,4360,1557,392,27,117720,Partial,At Risk,Q1 2026
PRJ-001141-SP03,PRJ-001141,MAT-1002,2027-03-01,3,2,0,420,1260,Partial,Within Lead Time,Q1 2027
PRJ-001141-SP04,PRJ-001141,MAT-1006,2027-03-01,66,24,5,6200,409200,Partial,Within Lead Time,Q1 2027
PRJ-001141-SP05,PRJ-001141,MAT-1009,2028-12-01,66,65,21,145,9570,Partial,Within Lead Time,Q4 2028
PRJ-001142-SP01,PRJ-001142,MAT-1011,2026-04-01,44,28,13,130,5720,Partial,At Risk,Q2 2026
PRJ-001142-SP02,PRJ-001142,MAT-1001,2027-08-01,50,41,29,2100,105000,Partial,Within Lead Time,Q3 2027
PRJ-001142-SP03,PRJ-001142,MAT-1003,2026-08-01,4495,3662,1175,12,53940,Partial,At Risk,Q3 2026
PRJ-001142-SP04,PRJ-001142,MAT-1012,2027-04-01,71,46,24,68,4828,Partial,Within Lead Time,Q2 2027
PRJ-001142-SP05,PRJ-001142,MAT-1011,2026-10-01,46,15,11,130,5980,Partial,Within Lead Time,Q4 2026
PRJ-001142-SP06,PRJ-001142,MAT-1007,2027-04-01,38,0,0,14500,551000,Not Reserved,Within Lead Time,Q2 2027
PRJ-001142-SP07,PRJ-001142,MAT-1003,2026-08-01,1554,950,824,12,18648,Partial,At Risk,Q3 2026
PRJ-001143-SP01,PRJ-001143,MAT-1009,2028-06-01,5,2,0,145,725,Partial,Within Lead Time,Q2 2028
PRJ-001143-SP02,PRJ-001143,MAT-1004,2027-01-01,9671,8214,2216,27,261117,Partial,Within Lead Time,Q1 2027
PRJ-001143-SP03,PRJ-001143,MAT-1002,2028-04-01,62,13,1,420,26040,Partial,Within Lead Time,Q2 2028
PRJ-001143-SP04,PRJ-001143,MAT-1002,2027-09-01,31,3,1,420,13020,Partial,Within Lead Time,Q3 2027
PRJ-001143-SP05,PRJ-001143,MAT-1010,2026-03-01,53,48,10,980,51940,Partial,At Risk,Q1 2026
PRJ-001143-SP06,PRJ-001143,MAT-1002,2026-02-01,15,4,1,420,6300,Partial,At Risk,Q1 2026
PRJ-001144-SP01,PRJ-001144,MAT-1009,2027-11-01,80,30,19,145,11600,Partial,Within Lead Time,Q4 2027
PRJ-001144-SP02,PRJ-001144,MAT-1004,2028-05-01,9858,9057,5998,27,266166,Partial,Within Lead Time,Q2 2028
PRJ-001144-SP03,PRJ-001144,MAT-1010,2028-12-01,15,1,1,980,14700,Partial,Within Lead Time,Q4 2028
PRJ-001145-SP01,PRJ-001145,MAT-1001,2028-01-01,52,7,5,2100,109200,Partial,Within Lead Time,Q1 2028
PRJ-001145-SP02,PRJ-001145,MAT-1010,2027-03-01,73,66,16,980,71540,Partial,Within Lead Time,Q1 2027
PRJ-001145-SP03,PRJ-001145,MAT-1011,2027-06-01,5,1,0,130,650,Partial,Within Lead Time,Q2 2027
PRJ-001145-SP04,PRJ-001145,MAT-1003,2026-05-01,1839,663,372,12,22068,Partial,At Risk,Q2 2026
PRJ-001145-SP05,PRJ-001145,MAT-1001,2027-05-01,43,7,4,2100,90300,Partial,Within Lead Time,Q2 2027
PRJ-001145-SP06,PRJ-001145,MAT-1012,2026-04-01,57,32,25,68,3876,Partial,At Risk,Q2 2026
PRJ-001146-SP01,PRJ-001146,MAT-1011,2026-02-01,22,1,0,130,2860,Partial,At Risk,Q1 2026
PRJ-001146-SP02,PRJ-001146,MAT-1010,2027-09-01,57,38,25,980,55860,Partial,Within Lead Time,Q3 2027
PRJ-001146-SP03,PRJ-001146,MAT-1008,2027-11-01,48,5,4,19000,912000,Partial,Within Lead Time,Q4 2027
PRJ-001146-SP04,PRJ-001146,MAT-1008,2029-01-01,10,3,0,19000,190000,Partial,Within Lead Time,Q1 2029
PRJ-001146-SP05,PRJ-001146,MAT-1008,2028-01-01,7,7,5,19000,133000,Partial,Within Lead Time,Q1 2028
PRJ-001146-SP06,PRJ-001146,MAT-1008,2028-05-01,20,3,2,19000,380000,Partial,Within Lead Time,Q2 2028
PRJ-001146-SP07,PRJ-001146,MAT-1007,2026-03-01,7,3,2,14500,101500,Partial,At Risk,Q1 2026
PRJ-001146-SP08,PRJ-001146,MAT-1008,2026-02-01,73,16,6,19000,1387000,Partial,At Risk,Q1 2026
PRJ-001147-SP01,PRJ-001147,MAT-1012,2026-10-01,6,1,1,68,408,Partial,Within Lead Time,Q4 2026
PRJ-001147-SP02,PRJ-001147,MAT-1001,2029-01-01,55,31,0,2100,115500,Partial,Within Lead Time,Q1 2029
PRJ-001147-SP03,PRJ-001147,MAT-1004,2026-12-01,927,865,779,27,25029,Partial,Within Lead Time,Q4 2026
PRJ-001148-SP01,PRJ-001148,MAT-1006,2027-07-01,57,9,1,6200,353400,Partial,Within Lead Time,Q3 2027
PRJ-001148-SP02,PRJ-001148,MAT-1003,2027-09-01,3565,3395,2390,12,42780,Partial,Within Lead Time,Q3 2027
PRJ-001148-SP03,PRJ-001148,MAT-1006,2026-01-01,15,8,2,6200,93000,Partial,At Risk,Q1 2026
PRJ-001148-SP04,PRJ-001148,MAT-1001,2026-03-01,79,29,15,2100,165900,Partial,At Risk,Q1 2026
PRJ-001148-SP05,PRJ-001148,MAT-1005,2028-03-01,30,21,15,26000,780000,Partial,Within Lead Time,Q1 2028
PRJ-001148-SP06,PRJ-001148,MAT-1002,2026-02-01,62,51,6,420,26040,Partial,At Risk,Q1 2026
PRJ-001148-SP07,PRJ-001148,MAT-1001,2026-09-01,36,18,5,2100,75600,Partial,At Risk,Q3 2026
PRJ-001148-SP08,PRJ-001148,MAT-1008,2026-12-01,27,1,1,19000,513000,Partial,At Risk,Q4 2026
PRJ-001149-SP01,PRJ-001149,MAT-1001,2027-04-01,55,17,16,2100,115500,Partial,Within Lead Time,Q2 2027
PRJ-001149-SP02,PRJ-001149,MAT-1005,2028-06-01,27,13,1,26000,702000,Partial,Within Lead Time,Q2 2028
PRJ-001149-SP03,PRJ-001149,MAT-1011,2026-10-01,66,11,2,130,8580,Partial,Within Lead Time,Q4 2026
PRJ-001149-SP04,PRJ-001149,MAT-1002,2029-01-01,26,6,1,420,10920,Partial,Within Lead Time,Q1 2029
PRJ-001149-SP05,PRJ-001149,MAT-1004,2026-09-01,8781,4537,549,27,237087,Partial,At Risk,Q3 2026
PRJ-001149-SP06,PRJ-001149,MAT-1008,2027-05-01,30,20,12,19000,570000,Partial,Within Lead Time,Q2 2027
PRJ-001150-SP01,PRJ-001150,MAT-1005,2026-09-01,14,10,8,26000,364000,Partial,At Risk,Q3 2026
PRJ-001150-SP02,PRJ-001150,MAT-1011,2027-03-01,9,5,1,130,1170,Partial,Within Lead Time,Q1 2027
PRJ-001150-SP03,PRJ-001150,MAT-1009,2026-11-01,41,39,1,145,5945,Partial,Within Lead Time,Q4 2026
PRJ-001150-SP04,PRJ-001150,MAT-1008,2027-02-01,47,40,2,19000,893000,Partial,Within Lead Time,Q1 2027
PRJ-001150-SP05,PRJ-001150,MAT-1003,2026-03-01,8692,4951,2943,12,104304,Partial,At Risk,Q1 2026
PRJ-001150-SP06,PRJ-001150,MAT-1001,2027-06-01,70,15,4,2100,147000,Partial,Within Lead Time,Q2 2027
PRJ-001151-SP01,PRJ-001151,MAT-1001,2028-02-01,15,15,1,2100,31500,Partial,Within Lead Time,Q1 2028
PRJ-001151-SP02,PRJ-001151,MAT-1012,2026-06-01,4,3,1,68,272,Partial,At Risk,Q2 2026
PRJ-001151-SP03,PRJ-001151,MAT-1003,2028-01-01,8900,3807,3387,12,106800,Partial,Within Lead Time,Q1 2028
PRJ-001151-SP04,PRJ-001151,MAT-1011,2029-01-01,9,7,1,130,1170,Partial,Within Lead Time,Q1 2029
PRJ-001152-SP01,PRJ-001152,MAT-1009,2026-04-01,4,4,1,145,580,Partial,At Risk,Q2 2026
PRJ-001152-SP02,PRJ-001152,MAT-1009,2028-05-01,18,4,2,145,2610,Partial,Within Lead Time,Q2 2028
PRJ-001153-SP01,PRJ-001153,MAT-1003,2027-05-01,6518,4331,1204,12,78216,Partial,Within Lead Time,Q2 2027
PRJ-001153-SP02,PRJ-001153,MAT-1002,2028-06-01,80,65,16,420,33600,Partial,Within Lead Time,Q2 2028
PRJ-001154-SP01,PRJ-001154,MAT-1006,2027-01-01,20,11,5,6200,124000,Partial,Within Lead Time,Q1 2027
PRJ-001154-SP02,PRJ-001154,MAT-1009,2026-08-01,24,10,1,145,3480,Partial,At Risk,Q3 2026
PRJ-001154-SP03,PRJ-001154,MAT-1011,2026-05-01,68,50,31,130,8840,Partial,At Risk,Q2 2026
PRJ-001154-SP04,PRJ-001154,MAT-1001,2026-04-01,52,1,1,2100,109200,Partial,At Risk,Q2 2026
PRJ-001154-SP05,PRJ-001154,MAT-1003,2027-10-01,3130,2120,1162,12,37560,Partial,Within Lead Time,Q4 2027
PRJ-001154-SP06,PRJ-001154,MAT-1011,2027-04-01,41,2,2,130,5330,Partial,Within Lead Time,Q2 2027
PRJ-001155-SP01,PRJ-001155,MAT-1002,2028-09-01,77,51,13,420,32340,Partial,Within Lead Time,Q3 2028
PRJ-001155-SP02,PRJ-001155,MAT-1010,2026-03-01,24,21,14,980,23520,Partial,At Risk,Q1 2026
PRJ-001155-SP03,PRJ-001155,MAT-1006,2026-10-01,67,67,52,6200,415400,Partial,At Risk,Q4 2026
PRJ-001155-SP04,PRJ-001155,MAT-1004,2028-07-01,3569,2842,494,27,96363,Partial,Within Lead Time,Q3 2028
PRJ-001155-SP05,PRJ-001155,MAT-1006,2027-06-01,74,26,4,6200,458800,Partial,Within Lead Time,Q2 2027
PRJ-001155-SP06,PRJ-001155,MAT-1007,2027-01-01,57,17,15,14500,826500,Partial,Within Lead Time,Q1 2027
PRJ-001155-SP07,PRJ-001155,MAT-1012,2028-05-01,54,7,0,68,3672,Partial,Within Lead Time,Q2 2028
PRJ-001155-SP08,PRJ-001155,MAT-1001,2029-01-01,28,9,1,2100,58800,Partial,Within Lead Time,Q1 2029
PRJ-001156-SP01,PRJ-001156,MAT-1004,2027-08-01,4765,1134,210,27,128655,Partial,Within Lead Time,Q3 2027
PRJ-001156-SP02,PRJ-001156,MAT-1009,2028-07-01,14,1,1,145,2030,Partial,Within Lead Time,Q3 2028
PRJ-001156-SP03,PRJ-001156,MAT-1004,2027-12-01,8259,6573,3908,27,222993,Partial,Within Lead Time,Q4 2027
PRJ-001156-SP04,PRJ-001156,MAT-1006,2028-09-01,80,34,19,6200,496000,Partial,Within Lead Time,Q3 2028
PRJ-001156-SP05,PRJ-001156,MAT-1009,2028-02-01,23,12,2,145,3335,Partial,Within Lead Time,Q1 2028
PRJ-001156-SP06,PRJ-001156,MAT-1003,2028-10-01,6387,6071,3429,12,76644,Partial,Within Lead Time,Q4 2028
PRJ-001157-SP01,PRJ-001157,MAT-1005,2026-12-01,46,14,14,26000,1196000,Partial,At Risk,Q4 2026
PRJ-001157-SP02,PRJ-001157,MAT-1004,2028-09-01,3691,37,18,27,99657,Partial,Within Lead Time,Q3 2028
PRJ-001157-SP03,PRJ-001157,MAT-1005,2026-09-01,60,2,1,26000,1560000,Partial,At Risk,Q3 2026
PRJ-001157-SP04,PRJ-001157,MAT-1010,2028-10-01,8,3,0,980,7840,Partial,Within Lead Time,Q4 2028
PRJ-001158-SP01,PRJ-001158,MAT-1003,2026-08-01,4331,1666,247,12,51972,Partial,At Risk,Q3 2026
PRJ-001158-SP02,PRJ-001158,MAT-1007,2028-12-01,15,11,4,14500,217500,Partial,Within Lead Time,Q4 2028
PRJ-001158-SP03,PRJ-001158,MAT-1011,2028-05-01,26,4,3,130,3380,Partial,Within Lead Time,Q2 2028
PRJ-001158-SP04,PRJ-001158,MAT-1008,2027-09-01,7,4,2,19000,133000,Partial,Within Lead Time,Q3 2027
PRJ-001158-SP05,PRJ-001158,MAT-1007,2027-12-01,20,11,4,14500,290000,Partial,Within Lead Time,Q4 2027
PRJ-001158-SP06,PRJ-001158,MAT-1008,2027-05-01,67,2,1,19000,1273000,Partial,Within Lead Time,Q2 2027
PRJ-001158-SP07,PRJ-001158,MAT-1012,2028-04-01,10,3,3,68,680,Partial,Within Lead Time,Q2 2028
PRJ-001159-SP01,PRJ-001159,MAT-1008,2026-02-01,65,42,15,19000,1235000,Partial,At Risk,Q1 2026
PRJ-001159-SP02,PRJ-001159,MAT-1007,2027-05-01,42,28,22,14500,609000,Partial,Within Lead Time,Q2 2027
PRJ-001159-SP03,PRJ-001159,MAT-1001,2027-04-01,47,38,8,2100,98700,Partial,Within Lead Time,Q2 2027
PRJ-001159-SP04,PRJ-001159,MAT-1005,2028-09-01,75,28,2,26000,1950000,Partial,Within Lead Time,Q3 2028
PRJ-001159-SP05,PRJ-001159,MAT-1009,2026-04-01,68,17,4,145,9860,Partial,At Risk,Q2 2026
PRJ-001159-SP06,PRJ-001159,MAT-1008,2026-03-01,78,53,1,19000,1482000,Partial,At Risk,Q1 2026
PRJ-001159-SP07,PRJ-001159,MAT-1001,2028-01-01,33,33,21,2100,69300,Partial,Within Lead Time,Q1 2028
PRJ-001159-SP08,PRJ-001159,MAT-1004,2027-12-01,6375,820,247,27,172125,Partial,Within Lead Time,Q4 2027
PRJ-001160-SP01,PRJ-001160,MAT-1007,2028-01-01,33,15,2,14500,478500,Partial,Within Lead Time,Q1 2028
PRJ-001160-SP02,PRJ-001160,MAT-1011,2027-10-01,25,13,8,130,3250,Partial,Within Lead Time,Q4 2027
PRJ-001160-SP03,PRJ-001160,MAT-1005,2026-11-01,65,50,30,26000,1690000,Partial,At Risk,Q4 2026
PRJ-001161-SP01,PRJ-001161,MAT-1004,2027-07-01,5027,3031,2643,27,135729,Partial,Within Lead Time,Q3 2027
PRJ-001161-SP02,PRJ-001161,MAT-1005,2026-12-01,6,3,2,26000,156000,Partial,At Risk,Q4 2026
PRJ-001162-SP01,PRJ-001162,MAT-1001,2028-06-01,3,2,1,2100,6300,Partial,Within Lead Time,Q2 2028
PRJ-001162-SP02,PRJ-001162,MAT-1001,2027-05-01,64,24,17,2100,134400,Partial,Within Lead Time,Q2 2027
PRJ-001162-SP03,PRJ-001162,MAT-1001,2026-05-01,12,11,7,2100,25200,Partial,At Risk,Q2 2026
PRJ-001162-SP04,PRJ-001162,MAT-1004,2026-05-01,9992,8319,4933,27,269784,Partial,At Risk,Q2 2026
PRJ-001162-SP05,PRJ-001162,MAT-1009,2027-02-01,6,2,1,145,870,Partial,Within Lead Time,Q1 2027
PRJ-001162-SP06,PRJ-001162,MAT-1001,2028-04-01,12,5,5,2100,25200,Partial,Within Lead Time,Q2 2028
PRJ-001162-SP07,PRJ-001162,MAT-1007,2026-07-01,57,46,30,14500,826500,Partial,At Risk,Q3 2026
PRJ-001162-SP08,PRJ-001162,MAT-1006,2028-07-01,23,11,2,6200,142600,Partial,Within Lead Time,Q3 2028
PRJ-001163-SP01,PRJ-001163,MAT-1002,2027-10-01,51,46,25,420,21420,Partial,Within Lead Time,Q4 2027
PRJ-001163-SP02,PRJ-001163,MAT-1004,2027-08-01,4353,3529,2259,27,117531,Partial,Within Lead Time,Q3 2027
PRJ-001164-SP01,PRJ-001164,MAT-1001,2026-08-01,12,2,0,2100,25200,Partial,At Risk,Q3 2026
PRJ-001164-SP02,PRJ-001164,MAT-1008,2028-04-01,6,1,1,19000,114000,Partial,Within Lead Time,Q2 2028
PRJ-001164-SP03,PRJ-001164,MAT-1005,2026-09-01,22,5,5,26000,572000,Partial,At Risk,Q3 2026
PRJ-001164-SP04,PRJ-001164,MAT-1009,2027-01-01,55,30,5,145,7975,Partial,Within Lead Time,Q1 2027
PRJ-001164-SP05,PRJ-001164,MAT-1012,2026-06-01,25,19,1,68,1700,Partial,At Risk,Q2 2026
PRJ-001164-SP06,PRJ-001164,MAT-1006,2028-02-01,57,47,42,6200,353400,Partial,Within Lead Time,Q1 2028
PRJ-001164-SP07,PRJ-001164,MAT-1010,2028-08-01,12,11,2,980,11760,Partial,Within Lead Time,Q3 2028
PRJ-001164-SP08,PRJ-001164,MAT-1002,2028-10-01,52,15,4,420,21840,Partial,Within Lead Time,Q4 2028
PRJ-001165-SP01,PRJ-001165,MAT-1003,2028-03-01,4970,3448,2207,12,59640,Partial,Within Lead Time,Q1 2028
PRJ-001165-SP02,PRJ-001165,MAT-1009,2027-08-01,68,39,33,145,9860,Partial,Within Lead Time,Q3 2027
PRJ-001165-SP03,PRJ-001165,MAT-1012,2027-10-01,3,2,1,68,204,Partial,Within Lead Time,Q4 2027
PRJ-001166-SP01,PRJ-001166,MAT-1003,2027-02-01,5524,412,151,12,66288,Partial,Within Lead Time,Q1 2027
PRJ-001166-SP02,PRJ-001166,MAT-1005,2028-03-01,49,6,1,26000,1274000,Partial,Within Lead Time,Q1 2028
PRJ-001167-SP01,PRJ-001167,MAT-1006,2027-04-01,25,11,6,6200,155000,Partial,Within Lead Time,Q2 2027
PRJ-001167-SP02,PRJ-001167,MAT-1005,2026-05-01,78,8,7,26000,2028000,Partial,At Risk,Q2 2026
PRJ-001167-SP03,PRJ-001167,MAT-1004,2028-04-01,8902,7293,3543,27,240354,Partial,Within Lead Time,Q2 2028
PRJ-001168-SP01,PRJ-001168,MAT-1001,2027-08-01,59,8,7,2100,123900,Partial,Within Lead Time,Q3 2027
PRJ-001168-SP02,PRJ-001168,MAT-1008,2027-07-01,12,12,8,19000,228000,Partial,Within Lead Time,Q3 2027
PRJ-001168-SP03,PRJ-001168,MAT-1003,2026-09-01,3042,1349,1103,12,36504,Partial,At Risk,Q3 2026
PRJ-001168-SP04,PRJ-001168,MAT-1004,2028-12-01,6331,637,354,27,170937,Partial,Within Lead Time,Q4 2028
PRJ-001169-SP01,PRJ-001169,MAT-1003,2026-06-01,7196,1257,8,12,86352,Partial,At Risk,Q2 2026
PRJ-001169-SP02,PRJ-001169,MAT-1002,2026-07-01,8,6,5,420,3360,Partial,At Risk,Q3 2026
PRJ-001169-SP03,PRJ-001169,MAT-1002,2027-06-01,69,42,16,420,28980,Partial,Within Lead Time,Q2 2027
PRJ-001169-SP04,PRJ-001169,MAT-1004,2028-06-01,1569,370,120,27,42363,Partial,Within Lead Time,Q2 2028
PRJ-001170-SP01,PRJ-001170,MAT-1007,2026-06-01,63,16,15,14500,913500,Partial,At Risk,Q2 2026
PRJ-001170-SP02,PRJ-001170,MAT-1004,2026-01-01,7782,2285,1116,27,210114,Partial,At Risk,Q1 2026
PRJ-001171-SP01,PRJ-001171,MAT-1009,2028-03-01,18,7,3,145,2610,Partial,Within Lead Time,Q1 2028
PRJ-001171-SP02,PRJ-001171,MAT-1012,2027-04-01,25,8,1,68,1700,Partial,Within Lead Time,Q2 2027
PRJ-001171-SP03,PRJ-001171,MAT-1008,2028-04-01,30,27,18,19000,570000,Partial,Within Lead Time,Q2 2028
PRJ-001171-SP04,PRJ-001171,MAT-1005,2028-12-01,13,12,1,26000,338000,Partial,Within Lead Time,Q4 2028
PRJ-001171-SP05,PRJ-001171,MAT-1009,2028-12-01,18,10,1,145,2610,Partial,Within Lead Time,Q4 2028
PRJ-001171-SP06,PRJ-001171,MAT-1011,2027-07-01,32,24,21,130,4160,Partial,Within Lead Time,Q3 2027
PRJ-001171-SP07,PRJ-001171,MAT-1005,2028-11-01,7,1,1,26000,182000,Partial,Within Lead Time,Q4 2028
PRJ-001172-SP01,PRJ-001172,MAT-1010,2026-04-01,59,1,0,980,57820,Partial,At Risk,Q2 2026
PRJ-001172-SP02,PRJ-001172,MAT-1007,2026-06-01,34,32,26,14500,493000,Partial,At Risk,Q2 2026
PRJ-001172-SP03,PRJ-001172,MAT-1001,2028-07-01,15,15,10,2100,31500,Partial,Within Lead Time,Q3 2028
PRJ-001172-SP04,PRJ-001172,MAT-1010,2027-04-01,73,58,23,980,71540,Partial,Within Lead Time,Q2 2027
PRJ-001172-SP05,PRJ-001172,MAT-1010,2027-07-01,4,2,2,980,3920,Partial,Within Lead Time,Q3 2027
PRJ-001172-SP06,PRJ-001172,MAT-1010,2028-03-01,47,14,5,980,46060,Partial,Within Lead Time,Q1 2028
PRJ-001172-SP07,PRJ-001172,MAT-1006,2026-04-01,72,37,10,6200,446400,Partial,At Risk,Q2 2026
PRJ-001173-SP01,PRJ-001173,MAT-1008,2028-10-01,72,34,14,19000,1368000,Partial,Within Lead Time,Q4 2028
PRJ-001173-SP02,PRJ-001173,MAT-1010,2028-04-01,20,14,4,980,19600,Partial,Within Lead Time,Q2 2028
PRJ-001173-SP03,PRJ-001173,MAT-1008,2027-03-01,26,19,3,19000,494000,Partial,Within Lead Time,Q1 2027
PRJ-001173-SP04,PRJ-001173,MAT-1010,2026-02-01,26,8,0,980,25480,Partial,At Risk,Q1 2026
PRJ-001173-SP05,PRJ-001173,MAT-1002,2027-03-01,15,9,5,420,6300,Partial,Within Lead Time,Q1 2027
PRJ-001173-SP06,PRJ-001173,MAT-1006,2027-05-01,21,18,3,6200,130200,Partial,Within Lead Time,Q2 2027
PRJ-001174-SP01,PRJ-001174,MAT-1004,2028-05-01,8598,4488,2504,27,232146,Partial,Within Lead Time,Q2 2028
PRJ-001174-SP02,PRJ-001174,MAT-1001,2026-07-01,16,4,0,2100,33600,Partial,At Risk,Q3 2026
PRJ-001174-SP03,PRJ-001174,MAT-1002,2028-02-01,54,47,26,420,22680,Partial,Within Lead Time,Q1 2028
PRJ-001174-SP04,PRJ-001174,MAT-1006,2028-07-01,62,43,40,6200,384400,Partial,Within Lead Time,Q3 2028
PRJ-001174-SP05,PRJ-001174,MAT-1006,2026-05-01,20,7,5,6200,124000,Partial,At Risk,Q2 2026
PRJ-001174-SP06,PRJ-001174,MAT-1009,2026-11-01,28,15,14,145,4060,Partial,Within Lead Time,Q4 2026
PRJ-001174-SP07,PRJ-001174,MAT-1004,2027-05-01,7352,4498,2611,27,198504,Partial,Within Lead Time,Q2 2027
PRJ-001174-SP08,PRJ-001174,MAT-1011,2028-03-01,49,41,29,130,6370,Partial,Within Lead Time,Q1 2028
PRJ-001175-SP01,PRJ-001175,MAT-1003,2026-10-01,9905,4495,1020,12,118860,Partial,At Risk,Q4 2026
PRJ-001175-SP02,PRJ-001175,MAT-1012,2028-03-01,57,14,7,68,3876,Partial,Within Lead Time,Q1 2028
PRJ-001175-SP03,PRJ-001175,MAT-1011,2027-11-01,61,31,19,130,7930,Partial,Within Lead Time,Q4 2027
PRJ-001175-SP04,PRJ-001175,MAT-1001,2028-03-01,57,43,18,2100,119700,Partial,Within Lead Time,Q1 2028
PRJ-001175-SP05,PRJ-001175,MAT-1005,2028-02-01,30,10,0,26000,780000,Partial,Within Lead Time,Q1 2028
PRJ-001175-SP06,PRJ-001175,MAT-1006,2027-06-01,12,7,2,6200,74400,Partial,Within Lead Time,Q2 2027
PRJ-001175-SP07,PRJ-001175,MAT-1008,2027-07-01,78,51,29,19000,1482000,Partial,Within Lead Time,Q3 2027
PRJ-001175-SP08,PRJ-001175,MAT-1004,2026-06-01,1667,1642,1076,27,45009,Partial,At Risk,Q2 2026
PRJ-001176-SP01,PRJ-001176,MAT-1004,2026-09-01,7783,4758,2658,27,210141,Partial,At Risk,Q3 2026
PRJ-001176-SP02,PRJ-001176,MAT-1003,2027-10-01,6413,4113,534,12,76956,Partial,Within Lead Time,Q4 2027
PRJ-001176-SP03,PRJ-001176,MAT-1012,2027-01-01,72,58,49,68,4896,Partial,Within Lead Time,Q1 2027
PRJ-001176-SP04,PRJ-001176,MAT-1004,2026-11-01,4859,94,14,27,131193,Partial,At Risk,Q4 2026
PRJ-001176-SP05,PRJ-001176,MAT-1006,2028-12-01,5,0,0,6200,31000,Not Reserved,Within Lead Time,Q4 2028
PRJ-001176-SP06,PRJ-001176,MAT-1009,2028-03-01,18,14,1,145,2610,Partial,Within Lead Time,Q1 2028
PRJ-001176-SP07,PRJ-001176,MAT-1006,2028-04-01,5,3,3,6200,31000,Partial,Within Lead Time,Q2 2028
PRJ-001176-SP08,PRJ-001176,MAT-1012,2027-11-01,60,59,47,68,4080,Partial,Within Lead Time,Q4 2027
PRJ-001177-SP01,PRJ-001177,MAT-1001,2026-03-01,67,45,44,2100,140700,Partial,At Risk,Q1 2026
PRJ-001177-SP02,PRJ-001177,MAT-1011,2027-07-01,68,13,4,130,8840,Partial,Within Lead Time,Q3 2027
PRJ-001177-SP03,PRJ-001177,MAT-1001,2028-03-01,48,43,28,2100,100800,Partial,Within Lead Time,Q1 2028
PRJ-001177-SP04,PRJ-001177,MAT-1003,2028-12-01,5785,1074,657,12,69420,Partial,Within Lead Time,Q4 2028
PRJ-001178-SP01,PRJ-001178,MAT-1003,2026-07-01,9639,3523,688,12,115668,Partial,At Risk,Q3 2026
PRJ-001178-SP02,PRJ-001178,MAT-1003,2027-10-01,6980,4866,184,12,83760,Partial,Within Lead Time,Q4 2027
PRJ-001178-SP03,PRJ-001178,MAT-1010,2027-05-01,42,2,0,980,41160,Partial,Within Lead Time,Q2 2027
PRJ-001178-SP04,PRJ-001178,MAT-1006,2028-08-01,10,0,0,6200,62000,Not Reserved,Within Lead Time,Q3 2028
PRJ-001178-SP05,PRJ-001178,MAT-1002,2026-11-01,38,29,28,420,15960,Partial,Within Lead Time,Q4 2026
PRJ-001178-SP06,PRJ-001178,MAT-1005,2028-11-01,77,35,13,26000,2002000,Partial,Within Lead Time,Q4 2028
PRJ-001179-SP01,PRJ-001179,MAT-1010,2027-01-01,79,2,1,980,77420,Partial,Within Lead Time,Q1 2027
PRJ-001179-SP02,PRJ-001179,MAT-1005,2028-10-01,36,1,0,26000,936000,Partial,Within Lead Time,Q4 2028
PRJ-001179-SP03,PRJ-001179,MAT-1007,2027-12-01,53,12,9,14500,768500,Partial,Within Lead Time,Q4 2027
PRJ-001179-SP04,PRJ-001179,MAT-1006,2028-06-01,54,52,2,6200,334800,Partial,Within Lead Time,Q2 2028
PRJ-001179-SP05,PRJ-001179,MAT-1008,2026-02-01,8,2,2,19000,152000,Partial,At Risk,Q1 2026
PRJ-001179-SP06,PRJ-001179,MAT-1001,2028-08-01,71,5,3,2100,149100,Partial,Within Lead Time,Q3 2028
PRJ-001179-SP07,PRJ-001179,MAT-1001,2027-12-01,30,24,9,2100,63000,Partial,Within Lead Time,Q4 2027
PRJ-001180-SP01,PRJ-001180,MAT-1007,2026-12-01,15,14,0,14500,217500,Partial,At Risk,Q4 2026
PRJ-001180-SP02,PRJ-001180,MAT-1007,2028-02-01,41,18,9,14500,594500,Partial,Within Lead Time,Q1 2028
PRJ-001180-SP03,PRJ-001180,MAT-1006,2027-06-01,65,45,45,6200,403000,Partial,Within Lead Time,Q2 2027
PRJ-001180-SP04,PRJ-001180,MAT-1006,2026-08-01,21,3,1,6200,130200,Partial,At Risk,Q3 2026
PRJ-001180-SP05,PRJ-001180,MAT-1004,2027-09-01,2994,1274,607,27,80838,Partial,Within Lead Time,Q3 2027
PRJ-001180-SP06,PRJ-001180,MAT-1011,2027-04-01,72,27,14,130,9360,Partial,Within Lead Time,Q2 2027
PRJ-001181-SP01,PRJ-001181,MAT-1009,2028-11-01,34,25,11,145,4930,Partial,Within Lead Time,Q4 2028
PRJ-001181-SP02,PRJ-001181,MAT-1005,2027-02-01,57,36,27,26000,1482000,Partial,Within Lead Time,Q1 2027
PRJ-001181-SP03,PRJ-001181,MAT-1007,2028-02-01,43,4,4,14500,623500,Partial,Within Lead Time,Q1 2028
PRJ-001181-SP04,PRJ-001181,MAT-1005,2028-11-01,48,43,39,26000,1248000,Partial,Within Lead Time,Q4 2028
PRJ-001181-SP05,PRJ-001181,MAT-1002,2028-11-01,23,18,8,420,9660,Partial,Within Lead Time,Q4 2028
PRJ-001181-SP06,PRJ-001181,MAT-1012,2028-05-01,37,31,6,68,2516,Partial,Within Lead Time,Q2 2028
PRJ-001181-SP07,PRJ-001181,MAT-1001,2028-03-01,20,2,1,2100,42000,Partial,Within Lead Time,Q1 2028
PRJ-001182-SP01,PRJ-001182,MAT-1002,2028-12-01,11,11,3,420,4620,Partial,Within Lead Time,Q4 2028
PRJ-001182-SP02,PRJ-001182,MAT-1010,2027-05-01,37,28,15,980,36260,Partial,Within Lead Time,Q2 2027
PRJ-001182-SP03,PRJ-001182,MAT-1012,2026-11-01,30,6,3,68,2040,Partial,Within Lead Time,Q4 2026
PRJ-001182-SP04,PRJ-001182,MAT-1012,2026-11-01,10,4,3,68,680,Partial,Within Lead Time,Q4 2026
PRJ-001182-SP05,PRJ-001182,MAT-1006,2028-12-01,66,63,2,6200,409200,Partial,Within Lead Time,Q4 2028
PRJ-001182-SP06,PRJ-001182,MAT-1003,2026-07-01,1402,578,550,12,16824,Partial,At Risk,Q3 2026
PRJ-001183-SP01,PRJ-001183,MAT-1001,2027-08-01,36,19,19,2100,75600,Partial,Within Lead Time,Q3 2027
PRJ-001183-SP02,PRJ-001183,MAT-1010,2027-08-01,33,0,0,980,32340,Not Reserved,Within Lead Time,Q3 2027
PRJ-001183-SP03,PRJ-001183,MAT-1004,2027-09-01,1252,280,197,27,33804,Partial,Within Lead Time,Q3 2027
PRJ-001183-SP04,PRJ-001183,MAT-1009,2026-07-01,68,18,15,145,9860,Partial,At Risk,Q3 2026
PRJ-001184-SP01,PRJ-001184,MAT-1007,2028-05-01,45,36,34,14500,652500,Partial,Within Lead Time,Q2 2028
PRJ-001184-SP02,PRJ-001184,MAT-1006,2027-05-01,59,31,3,6200,365800,Partial,Within Lead Time,Q2 2027
PRJ-001184-SP03,PRJ-001184,MAT-1005,2027-05-01,60,26,25,26000,1560000,Partial,Within Lead Time,Q2 2027
PRJ-001184-SP04,PRJ-001184,MAT-1009,2029-01-01,20,15,0,145,2900,Partial,Within Lead Time,Q1 2029
PRJ-001184-SP05,PRJ-001184,MAT-1006,2026-05-01,41,12,3,6200,254200,Partial,At Risk,Q2 2026
PRJ-001185-SP01,PRJ-001185,MAT-1004,2028-10-01,1170,927,820,27,31590,Partial,Within Lead Time,Q4 2028
PRJ-001185-SP02,PRJ-001185,MAT-1009,2027-01-01,49,25,6,145,7105,Partial,Within Lead Time,Q1 2027
PRJ-001185-SP03,PRJ-001185,MAT-1005,2026-06-01,4,0,0,26000,104000,Not Reserved,At Risk,Q2 2026
PRJ-001186-SP01,PRJ-001186,MAT-1010,2028-04-01,37,18,17,980,36260,Partial,Within Lead Time,Q2 2028
PRJ-001186-SP02,PRJ-001186,MAT-1011,2026-08-01,13,3,1,130,1690,Partial,At Risk,Q3 2026
PRJ-001186-SP03,PRJ-001186,MAT-1007,2028-07-01,71,51,19,14500,1029500,Partial,Within Lead Time,Q3 2028
PRJ-001186-SP04,PRJ-001186,MAT-1012,2027-09-01,25,17,6,68,1700,Partial,Within Lead Time,Q3 2027
PRJ-001186-SP05,PRJ-001186,MAT-1010,2027-08-01,70,7,2,980,68600,Partial,Within Lead Time,Q3 2027
PRJ-001186-SP06,PRJ-001186,MAT-1011,2028-03-01,55,33,15,130,7150,Partial,Within Lead Time,Q1 2028
PRJ-001186-SP07,PRJ-001186,MAT-1006,2027-10-01,52,37,17,6200,322400,Partial,Within Lead Time,Q4 2027
PRJ-001186-SP08,PRJ-001186,MAT-1006,2026-06-01,12,2,1,6200,74400,Partial,At Risk,Q2 2026
PRJ-001187-SP01,PRJ-001187,MAT-1002,2027-10-01,55,39,10,420,23100,Partial,Within Lead Time,Q4 2027
PRJ-001187-SP02,PRJ-001187,MAT-1002,2026-08-01,18,15,0,420,7560,Partial,At Risk,Q3 2026
PRJ-001187-SP03,PRJ-001187,MAT-1009,2028-11-01,37,36,11,145,5365,Partial,Within Lead Time,Q4 2028
PRJ-001187-SP04,PRJ-001187,MAT-1009,2027-05-01,13,3,0,145,1885,Partial,Within Lead Time,Q2 2027
PRJ-001187-SP05,PRJ-001187,MAT-1001,2026-02-01,34,32,9,2100,71400,Partial,At Risk,Q1 2026
PRJ-001187-SP06,PRJ-001187,MAT-1008,2027-04-01,72,5,5,19000,1368000,Partial,Within Lead Time,Q2 2027
PRJ-001187-SP07,PRJ-001187,MAT-1003,2027-10-01,9574,4368,3377,12,114888,Partial,Within Lead Time,Q4 2027
PRJ-001187-SP08,PRJ-001187,MAT-1008,2026-08-01,27,9,4,19000,513000,Partial,At Risk,Q3 2026
PRJ-001188-SP01,PRJ-001188,MAT-1006,2028-10-01,16,14,3,6200,99200,Partial,Within Lead Time,Q4 2028
PRJ-001188-SP02,PRJ-001188,MAT-1005,2027-01-01,71,67,52,26000,1846000,Partial,Within Lead Time,Q1 2027
PRJ-001188-SP03,PRJ-001188,MAT-1003,2027-09-01,7713,2153,1463,12,92556,Partial,Within Lead Time,Q3 2027
PRJ-001188-SP04,PRJ-001188,MAT-1001,2028-07-01,9,3,2,2100,18900,Partial,Within Lead Time,Q3 2028
PRJ-001188-SP05,PRJ-001188,MAT-1007,2028-07-01,74,74,25,14500,1073000,Partial,Within Lead Time,Q3 2028
PRJ-001188-SP06,PRJ-001188,MAT-1001,2027-06-01,11,4,0,2100,23100,Partial,Within Lead Time,Q2 2027
PRJ-001189-SP01,PRJ-001189,MAT-1009,2028-04-01,2,0,0,145,290,Not Reserved,Within Lead Time,Q2 2028
PRJ-001189-SP02,PRJ-001189,MAT-1006,2028-05-01,8,8,2,6200,49600,Partial,Within Lead Time,Q2 2028
PRJ-001189-SP03,PRJ-001189,MAT-1009,2026-12-01,20,13,5,145,2900,Partial,Within Lead Time,Q4 2026
PRJ-001189-SP04,PRJ-001189,MAT-1001,2026-04-01,56,52,42,2100,117600,Partial,At Risk,Q2 2026
PRJ-001189-SP05,PRJ-001189,MAT-1011,2027-10-01,4,4,2,130,520,Partial,Within Lead Time,Q4 2027
PRJ-001189-SP06,PRJ-001189,MAT-1002,2026-12-01,80,44,8,420,33600,Partial,Within Lead Time,Q4 2026
PRJ-001189-SP07,PRJ-001189,MAT-1002,2027-12-01,51,50,22,420,21420,Partial,Within Lead Time,Q4 2027
PRJ-001190-SP01,PRJ-001190,MAT-1001,2027-08-01,16,13,2,2100,33600,Partial,Within Lead Time,Q3 2027
PRJ-001190-SP02,PRJ-001190,MAT-1002,2027-08-01,5,3,0,420,2100,Partial,Within Lead Time,Q3 2027
PRJ-001190-SP03,PRJ-001190,MAT-1012,2026-09-01,28,5,5,68,1904,Partial,At Risk,Q3 2026
PRJ-001190-SP04,PRJ-001190,MAT-1011,2027-10-01,42,22,13,130,5460,Partial,Within Lead Time,Q4 2027
PRJ-001191-SP01,PRJ-001191,MAT-1005,2027-07-01,71,10,2,26000,1846000,Partial,Within Lead Time,Q3 2027
PRJ-001191-SP02,PRJ-001191,MAT-1012,2026-04-01,63,20,19,68,4284,Partial,At Risk,Q2 2026
PRJ-001191-SP03,PRJ-001191,MAT-1001,2027-06-01,28,11,4,2100,58800,Partial,Within Lead Time,Q2 2027
PRJ-001191-SP04,PRJ-001191,MAT-1002,2027-02-01,47,17,4,420,19740,Partial,Within Lead Time,Q1 2027
PRJ-001192-SP01,PRJ-001192,MAT-1001,2026-08-01,76,21,15,2100,159600,Partial,At Risk,Q3 2026
PRJ-001192-SP02,PRJ-001192,MAT-1006,2026-09-01,8,5,1,6200,49600,Partial,At Risk,Q3 2026
PRJ-001192-SP03,PRJ-001192,MAT-1005,2028-01-01,31,12,7,26000,806000,Partial,Within Lead Time,Q1 2028
PRJ-001192-SP04,PRJ-001192,MAT-1001,2028-06-01,38,28,13,2100,79800,Partial,Within Lead Time,Q2 2028
PRJ-001192-SP05,PRJ-001192,MAT-1005,2029-01-01,58,33,30,26000,1508000,Partial,Within Lead Time,Q1 2029
PRJ-001193-SP01,PRJ-001193,MAT-1002,2026-07-01,42,34,32,420,17640,Partial,At Risk,Q3 2026
PRJ-001193-SP02,PRJ-001193,MAT-1002,2026-05-01,80,22,19,420,33600,Partial,At Risk,Q2 2026
PRJ-001193-SP03,PRJ-001193,MAT-1011,2028-03-01,56,3,3,130,7280,Partial,Within Lead Time,Q1 2028
PRJ-001194-SP01,PRJ-001194,MAT-1011,2028-03-01,77,12,1,130,10010,Partial,Within Lead Time,Q1 2028
PRJ-001194-SP02,PRJ-001194,MAT-1002,2027-05-01,60,34,29,420,25200,Partial,Within Lead Time,Q2 2027
PRJ-001195-SP01,PRJ-001195,MAT-1009,2029-01-01,60,38,22,145,8700,Partial,Within Lead Time,Q1 2029
PRJ-001195-SP02,PRJ-001195,MAT-1012,2026-04-01,71,27,18,68,4828,Partial,At Risk,Q2 2026
PRJ-001195-SP03,PRJ-001195,MAT-1003,2026-05-01,5391,896,358,12,64692,Partial,At Risk,Q2 2026
PRJ-001195-SP04,PRJ-001195,MAT-1006,2026-01-01,50,28,13,6200,310000,Partial,At Risk,Q1 2026
PRJ-001196-SP01,PRJ-001196,MAT-1009,2028-04-01,15,12,7,145,2175,Partial,Within Lead Time,Q2 2028
PRJ-001196-SP02,PRJ-001196,MAT-1003,2028-04-01,9315,9054,6232,12,111780,Partial,Within Lead Time,Q2 2028
PRJ-001196-SP03,PRJ-001196,MAT-1002,2028-09-01,53,14,12,420,22260,Partial,Within Lead Time,Q3 2028
PRJ-001196-SP04,PRJ-001196,MAT-1004,2026-07-01,6075,637,393,27,164025,Partial,At Risk,Q3 2026
PRJ-001196-SP05,PRJ-001196,MAT-1001,2027-09-01,12,10,2,2100,25200,Partial,Within Lead Time,Q3 2027
PRJ-001196-SP06,PRJ-001196,MAT-1002,2026-05-01,51,30,21,420,21420,Partial,At Risk,Q2 2026
PRJ-001196-SP07,PRJ-001196,MAT-1004,2027-10-01,875,781,75,27,23625,Partial,Within Lead Time,Q4 2027
PRJ-001197-SP01,PRJ-001197,MAT-1010,2026-12-01,20,18,7,980,19600,Partial,Within Lead Time,Q4 2026
PRJ-001197-SP02,PRJ-001197,MAT-1009,2026-02-01,9,7,5,145,1305,Partial,At Risk,Q1 2026
PRJ-001197-SP03,PRJ-001197,MAT-1011,2026-06-01,39,29,19,130,5070,Partial,At Risk,Q2 2026
PRJ-001198-SP01,PRJ-001198,MAT-1006,2028-03-01,44,33,27,6200,272800,Partial,Within Lead Time,Q1 2028
PRJ-001198-SP02,PRJ-001198,MAT-1010,2028-10-01,46,23,13,980,45080,Partial,Within Lead Time,Q4 2028
PRJ-001198-SP03,PRJ-001198,MAT-1002,2027-01-01,9,7,4,420,3780,Partial,Within Lead Time,Q1 2027
PRJ-001198-SP04,PRJ-001198,MAT-1001,2028-03-01,67,46,5,2100,140700,Partial,Within Lead Time,Q1 2028
PRJ-001198-SP05,PRJ-001198,MAT-1006,2028-11-01,60,27,1,6200,372000,Partial,Within Lead Time,Q4 2028
PRJ-001198-SP06,PRJ-001198,MAT-1002,2026-04-01,13,5,5,420,5460,Partial,At Risk,Q2 2026
PRJ-001199-SP01,PRJ-001199,MAT-1007,2028-04-01,10,2,1,14500,145000,Partial,Within Lead Time,Q2 2028
PRJ-001199-SP02,PRJ-001199,MAT-1001,2027-10-01,17,3,3,2100,35700,Partial,Within Lead Time,Q4 2027
PRJ-001199-SP03,PRJ-001199,MAT-1004,2028-01-01,7655,4812,1698,27,206685,Partial,Within Lead Time,Q1 2028
PRJ-001199-SP04,PRJ-001199,MAT-1006,2026-07-01,10,4,1,6200,62000,Partial,At Risk,Q3 2026
PRJ-001199-SP05,PRJ-001199,MAT-1002,2026-11-01,56,43,38,420,23520,Partial,Within Lead Time,Q4 2026
PRJ-001199-SP06,PRJ-001199,MAT-1002,2026-12-01,61,43,42,420,25620,Partial,Within Lead Time,Q4 2026
PRJ-001200-SP01,PRJ-001200,MAT-1009,2027-08-01,60,3,1,145,8700,Partial,Within Lead Time,Q3 2027
PRJ-001200-SP02,PRJ-001200,MAT-1011,2028-12-01,7,5,4,130,910,Partial,Within Lead Time,Q4 2028
PRJ-001200-SP03,PRJ-001200,MAT-1002,2026-02-01,14,13,10,420,5880,Partial,At Risk,Q1 2026
PRJ-001200-SP04,PRJ-001200,MAT-1004,2027-04-01,8644,4271,2610,27,233388,Partial,Within Lead Time,Q2 2027
PRJ-001201-SP01,PRJ-001201,MAT-1008,2028-02-01,65,34,11,19000,1235000,Partial,Within Lead Time,Q1 2028
PRJ-001201-SP02,PRJ-001201,MAT-1012,2027-06-01,21,19,8,68,1428,Partial,Within Lead Time,Q2 2027
PRJ-001201-SP03,PRJ-001201,MAT-1010,2028-09-01,12,9,7,980,11760,Partial,Within Lead Time,Q3 2028
PRJ-001201-SP04,PRJ-001201,MAT-1002,2027-03-01,58,13,12,420,24360,Partial,Within Lead Time,Q1 2027
PRJ-001201-SP05,PRJ-001201,MAT-1002,2026-04-01,61,8,3,420,25620,Partial,At Risk,Q2 2026
PRJ-001201-SP06,PRJ-001201,MAT-1005,2027-09-01,55,21,1,26000,1430000,Partial,Within Lead Time,Q3 2027
PRJ-001201-SP07,PRJ-001201,MAT-1003,2027-12-01,1717,385,316,12,20604,Partial,Within Lead Time,Q4 2027
PRJ-001202-SP01,PRJ-001202,MAT-1002,2026-03-01,55,23,7,420,23100,Partial,At Risk,Q1 2026
PRJ-001202-SP02,PRJ-001202,MAT-1004,2028-05-01,7999,6674,4655,27,215973,Partial,Within Lead Time,Q2 2028
PRJ-001202-SP03,PRJ-001202,MAT-1006,2028-01-01,13,6,5,6200,80600,Partial,Within Lead Time,Q1 2028
PRJ-001202-SP04,PRJ-001202,MAT-1003,2026-11-01,4712,4001,3079,12,56544,Partial,Within Lead Time,Q4 2026
PRJ-001202-SP05,PRJ-001202,MAT-1009,2028-01-01,51,47,30,145,7395,Partial,Within Lead Time,Q1 2028
PRJ-001202-SP06,PRJ-001202,MAT-1001,2026-09-01,40,7,0,2100,84000,Partial,At Risk,Q3 2026
PRJ-001202-SP07,PRJ-001202,MAT-1008,2026-08-01,37,1,0,19000,703000,Partial,At Risk,Q3 2026
PRJ-001203-SP01,PRJ-001203,MAT-1001,2028-10-01,6,3,1,2100,12600,Partial,Within Lead Time,Q4 2028
PRJ-001203-SP02,PRJ-001203,MAT-1008,2026-05-01,33,5,1,19000,627000,Partial,At Risk,Q2 2026
PRJ-001203-SP03,PRJ-001203,MAT-1006,2026-05-01,21,14,13,6200,130200,Partial,At Risk,Q2 2026
PRJ-001203-SP04,PRJ-001203,MAT-1004,2027-08-01,9971,582,101,27,269217,Partial,Within Lead Time,Q3 2027
PRJ-001203-SP05,PRJ-001203,MAT-1002,2028-04-01,28,13,3,420,11760,Partial,Within Lead Time,Q2 2028
PRJ-001203-SP06,PRJ-001203,MAT-1001,2027-02-01,32,15,10,2100,67200,Partial,Within Lead Time,Q1 2027
PRJ-001203-SP07,PRJ-001203,MAT-1005,2026-01-01,9,2,0,26000,234000,Partial,At Risk,Q1 2026
PRJ-001203-SP08,PRJ-001203,MAT-1001,2027-12-01,5,5,5,2100,10500,Fulfilled,Within Lead Time,Q4 2027
PRJ-001204-SP01,PRJ-001204,MAT-1002,2026-03-01,43,41,5,420,18060,Partial,At Risk,Q1 2026
PRJ-001204-SP02,PRJ-001204,MAT-1003,2026-10-01,6175,6032,3600,12,74100,Partial,At Risk,Q4 2026
PRJ-001204-SP03,PRJ-001204,MAT-1008,2026-01-01,28,8,6,19000,532000,Partial,At Risk,Q1 2026
PRJ-001204-SP04,PRJ-001204,MAT-1003,2026-10-01,2819,265,239,12,33828,Partial,At Risk,Q4 2026
PRJ-001204-SP05,PRJ-001204,MAT-1007,2027-06-01,15,13,5,14500,217500,Partial,Within Lead Time,Q2 2027
PRJ-001204-SP06,PRJ-001204,MAT-1005,2027-08-01,24,17,15,26000,624000,Partial,Within Lead Time,Q3 2027
PRJ-001204-SP07,PRJ-001204,MAT-1008,2028-10-01,7,2,1,19000,133000,Partial,Within Lead Time,Q4 2028
PRJ-001205-SP01,PRJ-001205,MAT-1012,2026-04-01,77,9,5,68,5236,Partial,At Risk,Q2 2026
PRJ-001205-SP02,PRJ-001205,MAT-1012,2027-06-01,28,19,13,68,1904,Partial,Within Lead Time,Q2 2027
PRJ-001206-SP01,PRJ-001206,MAT-1009,2027-11-01,14,9,7,145,2030,Partial,Within Lead Time,Q4 2027
PRJ-001206-SP02,PRJ-001206,MAT-1007,2027-08-01,71,63,21,14500,1029500,Partial,Within Lead Time,Q3 2027
PRJ-001206-SP03,PRJ-001206,MAT-1001,2026-08-01,70,52,15,2100,147000,Partial,At Risk,Q3 2026
PRJ-001206-SP04,PRJ-001206,MAT-1007,2026-06-01,30,4,3,14500,435000,Partial,At Risk,Q2 2026
PRJ-001207-SP01,PRJ-001207,MAT-1007,2028-09-01,15,6,1,14500,217500,Partial,Within Lead Time,Q3 2028
PRJ-001207-SP02,PRJ-001207,MAT-1006,2026-08-01,26,10,3,6200,161200,Partial,At Risk,Q3 2026
PRJ-001207-SP03,PRJ-001207,MAT-1010,2028-07-01,51,5,5,980,49980,Partial,Within Lead Time,Q3 2028
PRJ-001207-SP04,PRJ-001207,MAT-1001,2027-10-01,3,2,1,2100,6300,Partial,Within Lead Time,Q4 2027
PRJ-001207-SP05,PRJ-001207,MAT-1008,2027-06-01,77,69,42,19000,1463000,Partial,Within Lead Time,Q2 2027
PRJ-001208-SP01,PRJ-001208,MAT-1011,2027-04-01,65,2,1,130,8450,Partial,Within Lead Time,Q2 2027
PRJ-001208-SP02,PRJ-001208,MAT-1011,2028-03-01,14,6,2,130,1820,Partial,Within Lead Time,Q1 2028
PRJ-001209-SP01,PRJ-001209,MAT-1008,2026-06-01,27,11,1,19000,513000,Partial,At Risk,Q2 2026
PRJ-001209-SP02,PRJ-001209,MAT-1010,2026-09-01,5,2,1,980,4900,Partial,At Risk,Q3 2026
PRJ-001209-SP03,PRJ-001209,MAT-1007,2026-04-01,15,4,2,14500,217500,Partial,At Risk,Q2 2026
PRJ-001209-SP04,PRJ-001209,MAT-1006,2027-10-01,54,48,39,6200,334800,Partial,Within Lead Time,Q4 2027
PRJ-001210-SP01,PRJ-001210,MAT-1005,2026-05-01,9,2,0,26000,234000,Partial,At Risk,Q2 2026
PRJ-001210-SP02,PRJ-001210,MAT-1003,2026-06-01,7514,702,368,12,90168,Partial,At Risk,Q2 2026
PRJ-001211-SP01,PRJ-001211,MAT-1009,2028-06-01,77,14,13,145,11165,Partial,Within Lead Time,Q2 2028
PRJ-001211-SP02,PRJ-001211,MAT-1003,2027-07-01,7197,1453,118,12,86364,Partial,Within Lead Time,Q3 2027
PRJ-001211-SP03,PRJ-001211,MAT-1001,2026-05-01,13,7,0,2100,27300,Partial,At Risk,Q2 2026
PRJ-001211-SP04,PRJ-001211,MAT-1009,2027-06-01,29,28,3,145,4205,Partial,Within Lead Time,Q2 2027
PRJ-001211-SP05,PRJ-001211,MAT-1004,2026-03-01,6472,529,468,27,174744,Partial,At Risk,Q1 2026
PRJ-001212-SP01,PRJ-001212,MAT-1003,2027-03-01,8048,5971,3553,12,96576,Partial,Within Lead Time,Q1 2027
PRJ-001212-SP02,PRJ-001212,MAT-1011,2028-05-01,56,16,3,130,7280,Partial,Within Lead Time,Q2 2028
PRJ-001212-SP03,PRJ-001212,MAT-1010,2027-12-01,70,65,54,980,68600,Partial,Within Lead Time,Q4 2027
PRJ-001213-SP01,PRJ-001213,MAT-1003,2029-01-01,3183,981,890,12,38196,Partial,Within Lead Time,Q1 2029
PRJ-001213-SP02,PRJ-001213,MAT-1004,2029-01-01,2217,1459,1369,27,59859,Partial,Within Lead Time,Q1 2029
PRJ-001213-SP03,PRJ-001213,MAT-1004,2026-07-01,3255,3040,1236,27,87885,Partial,At Risk,Q3 2026
PRJ-001214-SP01,PRJ-001214,MAT-1002,2029-01-01,8,1,1,420,3360,Partial,Within Lead Time,Q1 2029
PRJ-001214-SP02,PRJ-001214,MAT-1011,2028-09-01,54,43,1,130,7020,Partial,Within Lead Time,Q3 2028
PRJ-001214-SP03,PRJ-001214,MAT-1004,2028-02-01,3687,1169,831,27,99549,Partial,Within Lead Time,Q1 2028
PRJ-001214-SP04,PRJ-001214,MAT-1001,2028-03-01,74,47,41,2100,155400,Partial,Within Lead Time,Q1 2028
PRJ-001215-SP01,PRJ-001215,MAT-1002,2026-01-01,7,3,3,420,2940,Partial,At Risk,Q1 2026
PRJ-001215-SP02,PRJ-001215,MAT-1006,2027-07-01,40,3,1,6200,248000,Partial,Within Lead Time,Q3 2027
PRJ-001215-SP03,PRJ-001215,MAT-1005,2027-11-01,6,0,0,26000,156000,Not Reserved,Within Lead Time,Q4 2027
PRJ-001215-SP04,PRJ-001215,MAT-1008,2027-08-01,59,52,50,19000,1121000,Partial,Within Lead Time,Q3 2027
PRJ-001215-SP05,PRJ-001215,MAT-1007,2026-12-01,27,7,1,14500,391500,Partial,At Risk,Q4 2026
PRJ-001215-SP06,PRJ-001215,MAT-1010,2028-11-01,20,11,6,980,19600,Partial,Within Lead Time,Q4 2028
PRJ-001215-SP07,PRJ-001215,MAT-1005,2027-12-01,67,48,18,26000,1742000,Partial,Within Lead Time,Q4 2027
PRJ-001215-SP08,PRJ-001215,MAT-1004,2026-09-01,4454,2080,830,27,120258,Partial,At Risk,Q3 2026
PRJ-001216-SP01,PRJ-001216,MAT-1008,2026-06-01,9,4,4,19000,171000,Partial,At Risk,Q2 2026
PRJ-001216-SP02,PRJ-001216,MAT-1001,2026-09-01,22,16,14,2100,46200,Partial,At Risk,Q3 2026
PRJ-001216-SP03,PRJ-001216,MAT-1004,2026-02-01,2756,986,636,27,74412,Partial,At Risk,Q1 2026
PRJ-001216-SP04,PRJ-001216,MAT-1010,2027-12-01,18,2,1,980,17640,Partial,Within Lead Time,Q4 2027
PRJ-001216-SP05,PRJ-001216,MAT-1008,2028-05-01,42,12,0,19000,798000,Partial,Within Lead Time,Q2 2028
PRJ-001217-SP01,PRJ-001217,MAT-1003,2027-10-01,1542,412,344,12,18504,Partial,Within Lead Time,Q4 2027
PRJ-001217-SP02,PRJ-001217,MAT-1009,2026-05-01,47,26,7,145,6815,Partial,At Risk,Q2 2026
PRJ-001217-SP03,PRJ-001217,MAT-1004,2026-01-01,4551,2775,1952,27,122877,Partial,At Risk,Q1 2026
PRJ-001217-SP04,PRJ-001217,MAT-1002,2026-02-01,55,38,37,420,23100,Partial,At Risk,Q1 2026
PRJ-001217-SP05,PRJ-001217,MAT-1002,2028-08-01,73,39,7,420,30660,Partial,Within Lead Time,Q3 2028
PRJ-001218-SP01,PRJ-001218,MAT-1008,2028-08-01,20,2,0,19000,380000,Partial,Within Lead Time,Q3 2028
PRJ-001218-SP02,PRJ-001218,MAT-1012,2029-01-01,42,27,4,68,2856,Partial,Within Lead Time,Q1 2029
PRJ-001218-SP03,PRJ-001218,MAT-1008,2028-07-01,54,2,1,19000,1026000,Partial,Within Lead Time,Q3 2028
PRJ-001218-SP04,PRJ-001218,MAT-1003,2027-09-01,5612,161,135,12,67344,Partial,Within Lead Time,Q3 2027
PRJ-001218-SP05,PRJ-001218,MAT-1012,2026-02-01,72,23,0,68,4896,Partial,At Risk,Q1 2026
PRJ-001218-SP06,PRJ-001218,MAT-1011,2026-09-01,8,8,5,130,1040,Partial,At Risk,Q3 2026
PRJ-001218-SP07,PRJ-001218,MAT-1009,2026-12-01,7,7,7,145,1015,Fulfilled,Within Lead Time,Q4 2026
PRJ-001218-SP08,PRJ-001218,MAT-1001,2027-05-01,35,7,3,2100,73500,Partial,Within Lead Time,Q2 2027
PRJ-001219-SP01,PRJ-001219,MAT-1010,2027-12-01,35,1,0,980,34300,Partial,Within Lead Time,Q4 2027
PRJ-001219-SP02,PRJ-001219,MAT-1008,2027-06-01,59,3,1,19000,1121000,Partial,Within Lead Time,Q2 2027
PRJ-001220-SP01,PRJ-001220,MAT-1008,2028-08-01,11,6,4,19000,209000,Partial,Within Lead Time,Q3 2028
PRJ-001220-SP02,PRJ-001220,MAT-1005,2028-11-01,8,5,2,26000,208000,Partial,Within Lead Time,Q4 2028
PRJ-001220-SP03,PRJ-001220,MAT-1011,2026-02-01,13,1,1,130,1690,Partial,At Risk,Q1 2026
PRJ-001221-SP01,PRJ-001221,MAT-1012,2027-03-01,67,60,41,68,4556,Partial,Within Lead Time,Q1 2027
PRJ-001221-SP02,PRJ-001221,MAT-1012,2027-02-01,6,1,1,68,408,Partial,Within Lead Time,Q1 2027
PRJ-001221-SP03,PRJ-001221,MAT-1011,2027-12-01,23,19,4,130,2990,Partial,Within Lead Time,Q4 2027
PRJ-001221-SP04,PRJ-001221,MAT-1012,2028-12-01,37,7,3,68,2516,Partial,Within Lead Time,Q4 2028
PRJ-001222-SP01,PRJ-001222,MAT-1012,2027-02-01,51,49,37,68,3468,Partial,Within Lead Time,Q1 2027
PRJ-001222-SP02,PRJ-001222,MAT-1006,2026-04-01,77,70,52,6200,477400,Partial,At Risk,Q2 2026
PRJ-001222-SP03,PRJ-001222,MAT-1009,2028-10-01,56,39,17,145,8120,Partial,Within Lead Time,Q4 2028
PRJ-001222-SP04,PRJ-001222,MAT-1001,2026-03-01,69,5,3,2100,144900,Partial,At Risk,Q1 2026
PRJ-001222-SP05,PRJ-001222,MAT-1004,2027-12-01,4305,3986,2804,27,116235,Partial,Within Lead Time,Q4 2027
PRJ-001222-SP06,PRJ-001222,MAT-1004,2026-11-01,7941,6370,2952,27,214407,Partial,At Risk,Q4 2026
PRJ-001222-SP07,PRJ-001222,MAT-1005,2028-11-01,22,12,4,26000,572000,Partial,Within Lead Time,Q4 2028
PRJ-001222-SP08,PRJ-001222,MAT-1001,2028-11-01,58,50,6,2100,121800,Partial,Within Lead Time,Q4 2028
PRJ-001223-SP01,PRJ-001223,MAT-1009,2027-01-01,6,2,0,145,870,Partial,Within Lead Time,Q1 2027
PRJ-001223-SP02,PRJ-001223,MAT-1012,2027-01-01,75,0,0,68,5100,Not Reserved,Within Lead Time,Q1 2027
PRJ-001223-SP03,PRJ-001223,MAT-1001,2028-08-01,26,11,3,2100,54600,Partial,Within Lead Time,Q3 2028
PRJ-001223-SP04,PRJ-001223,MAT-1008,2029-01-01,9,4,0,19000,171000,Partial,Within Lead Time,Q1 2029
PRJ-001223-SP05,PRJ-001223,MAT-1001,2026-12-01,29,2,0,2100,60900,Partial,Within Lead Time,Q4 2026
PRJ-001223-SP06,PRJ-001223,MAT-1005,2026-12-01,11,2,2,26000,286000,Partial,At Risk,Q4 2026
PRJ-001223-SP07,PRJ-001223,MAT-1006,2029-01-01,64,24,17,6200,396800,Partial,Within Lead Time,Q1 2029
PRJ-001224-SP01,PRJ-001224,MAT-1001,2026-09-01,58,34,32,2100,121800,Partial,At Risk,Q3 2026
PRJ-001224-SP02,PRJ-001224,MAT-1007,2027-03-01,23,0,0,14500,333500,Not Reserved,Within Lead Time,Q1 2027
PRJ-001224-SP03,PRJ-001224,MAT-1010,2026-04-01,39,20,9,980,38220,Partial,At Risk,Q2 2026
PRJ-001224-SP04,PRJ-001224,MAT-1012,2026-10-01,6,1,0,68,408,Partial,Within Lead Time,Q4 2026
PRJ-001224-SP05,PRJ-001224,MAT-1003,2027-03-01,6152,2166,1374,12,73824,Partial,Within Lead Time,Q1 2027
PRJ-001224-SP06,PRJ-001224,MAT-1012,2027-04-01,19,6,5,68,1292,Partial,Within Lead Time,Q2 2027
PRJ-001225-SP01,PRJ-001225,MAT-1011,2026-11-01,32,9,9,130,4160,Partial,Within Lead Time,Q4 2026
PRJ-001225-SP02,PRJ-001225,MAT-1008,2027-07-01,41,23,1,19000,779000,Partial,Within Lead Time,Q3 2027
PRJ-001225-SP03,PRJ-001225,MAT-1010,2026-10-01,5,3,1,980,4900,Partial,At Risk,Q4 2026
PRJ-001225-SP04,PRJ-001225,MAT-1009,2028-03-01,21,3,0,145,3045,Partial,Within Lead Time,Q1 2028
PRJ-001226-SP01,PRJ-001226,MAT-1006,2027-05-01,7,3,3,6200,43400,Partial,Within Lead Time,Q2 2027
PRJ-001226-SP02,PRJ-001226,MAT-1010,2026-10-01,72,23,21,980,70560,Partial,At Risk,Q4 2026
PRJ-001226-SP03,PRJ-001226,MAT-1001,2027-03-01,10,2,0,2100,21000,Partial,Within Lead Time,Q1 2027
PRJ-001226-SP04,PRJ-001226,MAT-1010,2028-08-01,5,1,1,980,4900,Partial,Within Lead Time,Q3 2028
PRJ-001226-SP05,PRJ-001226,MAT-1001,2026-05-01,59,49,18,2100,123900,Partial,At Risk,Q2 2026
PRJ-001226-SP06,PRJ-001226,MAT-1001,2026-07-01,71,46,5,2100,149100,Partial,At Risk,Q3 2026
PRJ-001226-SP07,PRJ-001226,MAT-1001,2028-11-01,11,9,2,2100,23100,Partial,Within Lead Time,Q4 2028
PRJ-001227-SP01,PRJ-001227,MAT-1002,2026-04-01,22,13,4,420,9240,Partial,At Risk,Q2 2026
PRJ-001227-SP02,PRJ-001227,MAT-1003,2028-12-01,9552,246,7,12,114624,Partial,Within Lead Time,Q4 2028
PRJ-001227-SP03,PRJ-001227,MAT-1012,2027-10-01,7,2,0,68,476,Partial,Within Lead Time,Q4 2027
PRJ-001228-SP01,PRJ-001228,MAT-1002,2028-09-01,35,11,7,420,14700,Partial,Within Lead Time,Q3 2028
PRJ-001228-SP02,PRJ-001228,MAT-1009,2028-12-01,6,3,1,145,870,Partial,Within Lead Time,Q4 2028
PRJ-001228-SP03,PRJ-001228,MAT-1004,2027-02-01,9076,8735,7782,27,245052,Partial,Within Lead Time,Q1 2027
PRJ-001228-SP04,PRJ-001228,MAT-1005,2026-03-01,53,9,2,26000,1378000,Partial,At Risk,Q1 2026
PRJ-001229-SP01,PRJ-001229,MAT-1008,2028-03-01,41,32,21,19000,779000,Partial,Within Lead Time,Q1 2028
PRJ-001229-SP02,PRJ-001229,MAT-1005,2027-12-01,64,61,19,26000,1664000,Partial,Within Lead Time,Q4 2027
PRJ-001229-SP03,PRJ-001229,MAT-1002,2028-06-01,32,29,17,420,13440,Partial,Within Lead Time,Q2 2028
PRJ-001229-SP04,PRJ-001229,MAT-1006,2026-02-01,55,18,6,6200,341000,Partial,At Risk,Q1 2026
PRJ-001230-SP01,PRJ-001230,MAT-1007,2026-12-01,39,33,29,14500,565500,Partial,At Risk,Q4 2026
PRJ-001230-SP02,PRJ-001230,MAT-1003,2028-01-01,8344,4653,1441,12,100128,Partial,Within Lead Time,Q1 2028
PRJ-001231-SP01,PRJ-001231,MAT-1001,2028-09-01,23,13,12,2100,48300,Partial,Within Lead Time,Q3 2028
PRJ-001231-SP02,PRJ-001231,MAT-1010,2028-12-01,17,10,9,980,16660,Partial,Within Lead Time,Q4 2028
PRJ-001232-SP01,PRJ-001232,MAT-1003,2029-01-01,8781,2782,644,12,105372,Partial,Within Lead Time,Q1 2029
PRJ-001232-SP02,PRJ-001232,MAT-1011,2028-06-01,36,36,32,130,4680,Partial,Within Lead Time,Q2 2028
PRJ-001232-SP03,PRJ-001232,MAT-1006,2028-09-01,10,8,4,6200,62000,Partial,Within Lead Time,Q3 2028
PRJ-001232-SP04,PRJ-001232,MAT-1005,2028-06-01,68,64,56,26000,1768000,Partial,Within Lead Time,Q2 2028
PRJ-001232-SP05,PRJ-001232,MAT-1011,2026-11-01,60,15,14,130,7800,Partial,Within Lead Time,Q4 2026
PRJ-001232-SP06,PRJ-001232,MAT-1003,2028-08-01,1406,524,524,12,16872,Partial,Within Lead Time,Q3 2028
PRJ-001232-SP07,PRJ-001232,MAT-1012,2027-10-01,10,8,1,68,680,Partial,Within Lead Time,Q4 2027
PRJ-001233-SP01,PRJ-001233,MAT-1012,2028-02-01,55,14,4,68,3740,Partial,Within Lead Time,Q1 2028
PRJ-001233-SP02,PRJ-001233,MAT-1011,2027-03-01,71,58,41,130,9230,Partial,Within Lead Time,Q1 2027
PRJ-001233-SP03,PRJ-001233,MAT-1003,2026-01-01,8956,3180,2376,12,107472,Partial,At Risk,Q1 2026
PRJ-001233-SP04,PRJ-001233,MAT-1003,2026-12-01,2586,706,682,12,31032,Partial,Within Lead Time,Q4 2026
PRJ-001233-SP05,PRJ-001233,MAT-1003,2026-01-01,4354,2574,1056,12,52248,Partial,At Risk,Q1 2026
PRJ-001233-SP06,PRJ-001233,MAT-1009,2027-03-01,23,18,6,145,3335,Partial,Within Lead Time,Q1 2027
PRJ-001233-SP07,PRJ-001233,MAT-1006,2026-11-01,25,6,4,6200,155000,Partial,At Risk,Q4 2026
PRJ-001233-SP08,PRJ-001233,MAT-1002,2028-02-01,47,12,5,420,19740,Partial,Within Lead Time,Q1 2028
PRJ-001234-SP01,PRJ-001234,MAT-1002,2026-10-01,9,1,1,420,3780,Partial,Within Lead Time,Q4 2026
PRJ-001234-SP02,PRJ-001234,MAT-1007,2028-04-01,57,49,18,14500,826500,Partial,Within Lead Time,Q2 2028
PRJ-001234-SP03,PRJ-001234,MAT-1004,2026-01-01,2181,90,82,27,58887,Partial,At Risk,Q1 2026
PRJ-001235-SP01,PRJ-001235,MAT-1003,2028-12-01,5837,250,238,12,70044,Partial,Within Lead Time,Q4 2028
PRJ-001235-SP02,PRJ-001235,MAT-1010,2027-10-01,30,15,13,980,29400,Partial,Within Lead Time,Q4 2027
PRJ-001236-SP01,PRJ-001236,MAT-1003,2028-05-01,4878,3243,3188,12,58536,Partial,Within Lead Time,Q2 2028
PRJ-001236-SP02,PRJ-001236,MAT-1009,2027-11-01,4,2,1,145,580,Partial,Within Lead Time,Q4 2027
PRJ-001237-SP01,PRJ-001237,MAT-1003,2026-06-01,3912,2410,1193,12,46944,Partial,At Risk,Q2 2026
PRJ-001237-SP02,PRJ-001237,MAT-1012,2026-02-01,78,35,17,68,5304,Partial,At Risk,Q1 2026
PRJ-001238-SP01,PRJ-001238,MAT-1006,2028-11-01,63,56,9,6200,390600,Partial,Within Lead Time,Q4 2028
PRJ-001238-SP02,PRJ-001238,MAT-1011,2027-11-01,72,4,2,130,9360,Partial,Within Lead Time,Q4 2027
PRJ-001238-SP03,PRJ-001238,MAT-1008,2027-03-01,30,14,4,19000,570000,Partial,Within Lead Time,Q1 2027
PRJ-001238-SP04,PRJ-001238,MAT-1008,2028-03-01,40,5,1,19000,760000,Partial,Within Lead Time,Q1 2028
PRJ-001238-SP05,PRJ-001238,MAT-1010,2026-12-01,71,53,25,980,69580,Partial,Within Lead Time,Q4 2026
PRJ-001238-SP06,PRJ-001238,MAT-1008,2027-01-01,7,1,1,19000,133000,Partial,At Risk,Q1 2027
PRJ-001238-SP07,PRJ-001238,MAT-1011,2026-04-01,28,16,15,130,3640,Partial,At Risk,Q2 2026
PRJ-001239-SP01,PRJ-001239,MAT-1001,2028-08-01,58,41,37,2100,121800,Partial,Within Lead Time,Q3 2028
PRJ-001239-SP02,PRJ-001239,MAT-1011,2026-06-01,49,17,17,130,6370,Partial,At Risk,Q2 2026
PRJ-001240-SP01,PRJ-001240,MAT-1004,2026-08-01,5754,938,14,27,155358,Partial,At Risk,Q3 2026
PRJ-001240-SP02,PRJ-001240,MAT-1007,2026-09-01,46,26,13,14500,667000,Partial,At Risk,Q3 2026
PRJ-001240-SP03,PRJ-001240,MAT-1004,2028-08-01,6638,780,676,27,179226,Partial,Within Lead Time,Q3 2028
PRJ-001240-SP04,PRJ-001240,MAT-1002,2028-06-01,21,19,13,420,8820,Partial,Within Lead Time,Q2 2028
PRJ-001240-SP05,PRJ-001240,MAT-1003,2028-11-01,2235,1192,114,12,26820,Partial,Within Lead Time,Q4 2028
PRJ-001240-SP06,PRJ-001240,MAT-1006,2026-10-01,32,27,14,6200,198400,Partial,At Risk,Q4 2026
PRJ-001241-SP01,PRJ-001241,MAT-1002,2027-03-01,14,11,0,420,5880,Partial,Within Lead Time,Q1 2027
PRJ-001241-SP02,PRJ-001241,MAT-1012,2027-03-01,34,32,3,68,2312,Partial,Within Lead Time,Q1 2027
PRJ-001241-SP03,PRJ-001241,MAT-1010,2028-04-01,31,15,14,980,30380,Partial,Within Lead Time,Q2 2028
PRJ-001241-SP04,PRJ-001241,MAT-1011,2026-12-01,9,9,5,130,1170,Partial,Within Lead Time,Q4 2026
PRJ-001241-SP05,PRJ-001241,MAT-1004,2027-04-01,1169,602,500,27,31563,Partial,Within Lead Time,Q2 2027
PRJ-001241-SP06,PRJ-001241,MAT-1005,2028-06-01,73,11,3,26000,1898000,Partial,Within Lead Time,Q2 2028
PRJ-001241-SP07,PRJ-001241,MAT-1004,2027-10-01,2413,458,308,27,65151,Partial,Within Lead Time,Q4 2027
PRJ-001242-SP01,PRJ-001242,MAT-1004,2026-06-01,5857,3483,135,27,158139,Partial,At Risk,Q2 2026
PRJ-001242-SP02,PRJ-001242,MAT-1003,2027-01-01,9422,7564,4162,12,113064,Partial,Within Lead Time,Q1 2027
PRJ-001242-SP03,PRJ-001242,MAT-1011,2027-11-01,76,16,9,130,9880,Partial,Within Lead Time,Q4 2027
PRJ-001243-SP01,PRJ-001243,MAT-1004,2028-09-01,1383,1270,808,27,37341,Partial,Within Lead Time,Q3 2028
PRJ-001243-SP02,PRJ-001243,MAT-1002,2028-02-01,41,13,8,420,17220,Partial,Within Lead Time,Q1 2028
PRJ-001243-SP03,PRJ-001243,MAT-1003,2027-08-01,4917,4355,2674,12,59004,Partial,Within Lead Time,Q3 2027
PRJ-001244-SP01,PRJ-001244,MAT-1001,2028-02-01,65,58,19,2100,136500,Partial,Within Lead Time,Q1 2028
PRJ-001244-SP02,PRJ-001244,MAT-1008,2027-11-01,42,26,10,19000,798000,Partial,Within Lead Time,Q4 2027
PRJ-001244-SP03,PRJ-001244,MAT-1010,2026-10-01,59,26,18,980,57820,Partial,At Risk,Q4 2026
PRJ-001245-SP01,PRJ-001245,MAT-1005,2026-04-01,68,62,47,26000,1768000,Partial,At Risk,Q2 2026
PRJ-001245-SP02,PRJ-001245,MAT-1006,2026-02-01,3,2,1,6200,18600,Partial,At Risk,Q1 2026
PRJ-001245-SP03,PRJ-001245,MAT-1006,2026-03-01,76,11,11,6200,471200,Partial,At Risk,Q1 2026
PRJ-001245-SP04,PRJ-001245,MAT-1009,2028-12-01,30,17,11,145,4350,Partial,Within Lead Time,Q4 2028
PRJ-001245-SP05,PRJ-001245,MAT-1012,2027-06-01,29,22,6,68,1972,Partial,Within Lead Time,Q2 2027
PRJ-001245-SP06,PRJ-001245,MAT-1008,2026-02-01,58,6,2,19000,1102000,Partial,At Risk,Q1 2026
PRJ-001245-SP07,PRJ-001245,MAT-1010,2027-03-01,70,41,0,980,68600,Partial,Within Lead Time,Q1 2027
PRJ-001246-SP01,PRJ-001246,MAT-1010,2027-03-01,69,27,13,980,67620,Partial,Within Lead Time,Q1 2027
PRJ-001246-SP02,PRJ-001246,MAT-1011,2028-06-01,5,4,3,130,650,Partial,Within Lead Time,Q2 2028
PRJ-001246-SP03,PRJ-001246,MAT-1004,2027-08-01,3754,1371,999,27,101358,Partial,Within Lead Time,Q3 2027
PRJ-001246-SP04,PRJ-001246,MAT-1012,2026-10-01,49,38,14,68,3332,Partial,Within Lead Time,Q4 2026
PRJ-001246-SP05,PRJ-001246,MAT-1005,2028-03-01,3,1,1,26000,78000,Partial,Within Lead Time,Q1 2028
PRJ-001246-SP06,PRJ-001246,MAT-1001,2027-06-01,62,13,2,2100,130200,Partial,Within Lead Time,Q2 2027
PRJ-001246-SP07,PRJ-001246,MAT-1008,2028-09-01,76,5,0,19000,1444000,Partial,Within Lead Time,Q3 2028
PRJ-001246-SP08,PRJ-001246,MAT-1010,2027-12-01,9,2,2,980,8820,Partial,Within Lead Time,Q4 2027
PRJ-001247-SP01,PRJ-001247,MAT-1002,2028-10-01,12,12,11,420,5040,Partial,Within Lead Time,Q4 2028
PRJ-001247-SP02,PRJ-001247,MAT-1011,2027-08-01,69,27,25,130,8970,Partial,Within Lead Time,Q3 2027
PRJ-001247-SP03,PRJ-001247,MAT-1011,2028-03-01,45,16,3,130,5850,Partial,Within Lead Time,Q1 2028
PRJ-001247-SP04,PRJ-001247,MAT-1010,2028-01-01,63,33,3,980,61740,Partial,Within Lead Time,Q1 2028
PRJ-001247-SP05,PRJ-001247,MAT-1011,2027-11-01,42,0,0,130,5460,Not Reserved,Within Lead Time,Q4 2027
PRJ-001247-SP06,PRJ-001247,MAT-1011,2026-08-01,28,22,8,130,3640,Partial,At Risk,Q3 2026
PRJ-001247-SP07,PRJ-001247,MAT-1001,2026-04-01,35,32,25,2100,73500,Partial,At Risk,Q2 2026
PRJ-001248-SP01,PRJ-001248,MAT-1012,2028-11-01,55,17,2,68,3740,Partial,Within Lead Time,Q4 2028
PRJ-001248-SP02,PRJ-001248,MAT-1002,2028-11-01,6,6,6,420,2520,Fulfilled,Within Lead Time,Q4 2028
PRJ-001248-SP03,PRJ-001248,MAT-1006,2027-03-01,28,21,15,6200,173600,Partial,Within Lead Time,Q1 2027
PRJ-001249-SP01,PRJ-001249,MAT-1011,2027-10-01,54,9,6,130,7020,Partial,Within Lead Time,Q4 2027
PRJ-001249-SP02,PRJ-001249,MAT-1001,2026-11-01,79,76,11,2100,165900,Partial,Within Lead Time,Q4 2026
PRJ-001249-SP03,PRJ-001249,MAT-1006,2027-03-01,56,18,2,6200,347200,Partial,Within Lead Time,Q1 2027
PRJ-001249-SP04,PRJ-001249,MAT-1002,2027-07-01,52,33,15,420,21840,Partial,Within Lead Time,Q3 2027
PRJ-001249-SP05,PRJ-001249,MAT-1004,2027-06-01,4685,4487,1668,27,126495,Partial,Within Lead Time,Q2 2027
PRJ-001249-SP06,PRJ-001249,MAT-1004,2028-02-01,1316,716,634,27,35532,Partial,Within Lead Time,Q1 2028
PRJ-001249-SP07,PRJ-001249,MAT-1012,2026-03-01,54,22,2,68,3672,Partial,At Risk,Q1 2026
PRJ-001250-SP01,PRJ-001250,MAT-1010,2026-11-01,71,15,13,980,69580,Partial,Within Lead Time,Q4 2026
PRJ-001250-SP02,PRJ-001250,MAT-1006,2026-02-01,13,11,11,6200,80600,Partial,At Risk,Q1 2026
PRJ-001250-SP03,PRJ-001250,MAT-1001,2026-10-01,59,17,13,2100,123900,Partial,At Risk,Q4 2026
PRJ-001250-SP04,PRJ-001250,MAT-1004,2028-01-01,6253,3108,81,27,168831,Partial,Within Lead Time,Q1 2028
PRJ-001250-SP05,PRJ-001250,MAT-1006,2026-04-01,32,19,2,6200,198400,Partial,At Risk,Q2 2026
PRJ-001250-SP06,PRJ-001250,MAT-1002,2026-10-01,23,11,4,420,9660,Partial,Within Lead Time,Q4 2026
PRJ-001251-SP01,PRJ-001251,MAT-1002,2028-04-01,61,48,35,420,25620,Partial,Within Lead Time,Q2 2028
PRJ-001251-SP02,PRJ-001251,MAT-1006,2026-05-01,72,3,1,6200,446400,Partial,At Risk,Q2 2026
PRJ-001251-SP03,PRJ-001251,MAT-1012,2029-01-01,15,8,5,68,1020,Partial,Within Lead Time,Q1 2029
PRJ-001251-SP04,PRJ-001251,MAT-1012,2026-03-01,9,3,3,68,612,Partial,At Risk,Q1 2026
PRJ-001252-SP01,PRJ-001252,MAT-1012,2026-11-01,73,58,25,68,4964,Partial,Within Lead Time,Q4 2026
PRJ-001252-SP02,PRJ-001252,MAT-1007,2027-05-01,47,19,10,14500,681500,Partial,Within Lead Time,Q2 2027
PRJ-001253-SP01,PRJ-001253,MAT-1002,2027-09-01,68,39,4,420,28560,Partial,Within Lead Time,Q3 2027
PRJ-001253-SP02,PRJ-001253,MAT-1004,2027-06-01,1184,267,186,27,31968,Partial,Within Lead Time,Q2 2027
PRJ-001253-SP03,PRJ-001253,MAT-1004,2026-01-01,3812,3648,1906,27,102924,Partial,At Risk,Q1 2026
PRJ-001253-SP04,PRJ-001253,MAT-1002,2028-07-01,59,14,2,420,24780,Partial,Within Lead Time,Q3 2028
PRJ-001254-SP01,PRJ-001254,MAT-1001,2026-01-01,21,4,3,2100,44100,Partial,At Risk,Q1 2026
PRJ-001254-SP02,PRJ-001254,MAT-1003,2026-12-01,6851,973,266,12,82212,Partial,Within Lead Time,Q4 2026
PRJ-001254-SP03,PRJ-001254,MAT-1009,2027-11-01,45,35,17,145,6525,Partial,Within Lead Time,Q4 2027
PRJ-001254-SP04,PRJ-001254,MAT-1010,2027-03-01,44,6,1,980,43120,Partial,Within Lead Time,Q1 2027
PRJ-001254-SP05,PRJ-001254,MAT-1012,2026-01-01,11,9,9,68,748,Partial,At Risk,Q1 2026
PRJ-001254-SP06,PRJ-001254,MAT-1002,2027-10-01,56,53,42,420,23520,Partial,Within Lead Time,Q4 2027
PRJ-001254-SP07,PRJ-001254,MAT-1010,2026-06-01,14,6,2,980,13720,Partial,At Risk,Q2 2026
PRJ-001255-SP01,PRJ-001255,MAT-1012,2026-12-01,10,2,1,68,680,Partial,Within Lead Time,Q4 2026
PRJ-001255-SP02,PRJ-001255,MAT-1006,2027-01-01,41,7,5,6200,254200,Partial,Within Lead Time,Q1 2027
PRJ-001255-SP03,PRJ-001255,MAT-1008,2028-04-01,77,5,2,19000,1463000,Partial,Within Lead Time,Q2 2028
PRJ-001255-SP04,PRJ-001255,MAT-1010,2027-05-01,68,36,14,980,66640,Partial,Within Lead Time,Q2 2027
PRJ-001255-SP05,PRJ-001255,MAT-1001,2028-07-01,79,41,16,2100,165900,Partial,Within Lead Time,Q3 2028
PRJ-001256-SP01,PRJ-001256,MAT-1003,2027-12-01,6107,137,114,12,73284,Partial,Within Lead Time,Q4 2027
PRJ-001256-SP02,PRJ-001256,MAT-1006,2026-08-01,38,3,2,6200,235600,Partial,At Risk,Q3 2026
PRJ-001257-SP01,PRJ-001257,MAT-1002,2028-12-01,53,20,9,420,22260,Partial,Within Lead Time,Q4 2028
PRJ-001257-SP02,PRJ-001257,MAT-1009,2026-08-01,62,8,6,145,8990,Partial,At Risk,Q3 2026
PRJ-001257-SP03,PRJ-001257,MAT-1011,2026-11-01,22,17,4,130,2860,Partial,Within Lead Time,Q4 2026
PRJ-001257-SP04,PRJ-001257,MAT-1004,2028-04-01,9354,5066,1715,27,252558,Partial,Within Lead Time,Q2 2028
PRJ-001257-SP05,PRJ-001257,MAT-1004,2026-02-01,9314,7413,3741,27,251478,Partial,At Risk,Q1 2026
PRJ-001257-SP06,PRJ-001257,MAT-1003,2028-05-01,2451,339,224,12,29412,Partial,Within Lead Time,Q2 2028
PRJ-001257-SP07,PRJ-001257,MAT-1008,2026-07-01,42,12,11,19000,798000,Partial,At Risk,Q3 2026
PRJ-001257-SP08,PRJ-001257,MAT-1002,2026-07-01,22,3,0,420,9240,Partial,At Risk,Q3 2026
PRJ-001258-SP01,PRJ-001258,MAT-1008,2026-12-01,59,40,37,19000,1121000,Partial,At Risk,Q4 2026
PRJ-001258-SP02,PRJ-001258,MAT-1003,2026-07-01,2409,652,17,12,28908,Partial,At Risk,Q3 2026
PRJ-001258-SP03,PRJ-001258,MAT-1001,2027-10-01,12,4,1,2100,25200,Partial,Within Lead Time,Q4 2027
PRJ-001258-SP04,PRJ-001258,MAT-1006,2026-07-01,52,38,34,6200,322400,Partial,At Risk,Q3 2026
PRJ-001258-SP05,PRJ-001258,MAT-1008,2028-06-01,36,34,1,19000,684000,Partial,Within Lead Time,Q2 2028
PRJ-001259-SP01,PRJ-001259,MAT-1005,2026-02-01,17,17,10,26000,442000,Partial,At Risk,Q1 2026
PRJ-001259-SP02,PRJ-001259,MAT-1007,2028-05-01,52,29,16,14500,754000,Partial,Within Lead Time,Q2 2028
PRJ-001259-SP03,PRJ-001259,MAT-1012,2028-08-01,6,1,0,68,408,Partial,Within Lead Time,Q3 2028
PRJ-001259-SP04,PRJ-001259,MAT-1004,2028-06-01,1008,779,590,27,27216,Partial,Within Lead Time,Q2 2028
PRJ-001260-SP01,PRJ-001260,MAT-1010,2027-09-01,79,72,18,980,77420,Partial,Within Lead Time,Q3 2027
PRJ-001260-SP02,PRJ-001260,MAT-1010,2028-10-01,37,20,16,980,36260,Partial,Within Lead Time,Q4 2028
PRJ-001261-SP01,PRJ-001261,MAT-1010,2027-06-01,72,37,33,980,70560,Partial,Within Lead Time,Q2 2027
PRJ-001261-SP02,PRJ-001261,MAT-1007,2028-09-01,79,22,5,14500,1145500,Partial,Within Lead Time,Q3 2028
PRJ-001261-SP03,PRJ-001261,MAT-1002,2027-04-01,25,13,11,420,10500,Partial,Within Lead Time,Q2 2027
PRJ-001261-SP04,PRJ-001261,MAT-1003,2028-08-01,8843,1463,1205,12,106116,Partial,Within Lead Time,Q3 2028
PRJ-001261-SP05,PRJ-001261,MAT-1004,2028-10-01,7180,6883,2967,27,193860,Partial,Within Lead Time,Q4 2028
PRJ-001261-SP06,PRJ-001261,MAT-1006,2026-05-01,34,5,4,6200,210800,Partial,At Risk,Q2 2026
PRJ-001262-SP01,PRJ-001262,MAT-1009,2028-09-01,46,12,6,145,6670,Partial,Within Lead Time,Q3 2028
PRJ-001262-SP02,PRJ-001262,MAT-1002,2027-12-01,61,30,6,420,25620,Partial,Within Lead Time,Q4 2027
PRJ-001262-SP03,PRJ-001262,MAT-1012,2026-12-01,7,4,0,68,476,Partial,Within Lead Time,Q4 2026
PRJ-001262-SP04,PRJ-001262,MAT-1006,2026-01-01,49,10,0,6200,303800,Partial,At Risk,Q1 2026
PRJ-001262-SP05,PRJ-001262,MAT-1007,2028-09-01,80,58,12,14500,1160000,Partial,Within Lead Time,Q3 2028
PRJ-001263-SP01,PRJ-001263,MAT-1003,2026-11-01,4040,2409,748,12,48480,Partial,Within Lead Time,Q4 2026
PRJ-001263-SP02,PRJ-001263,MAT-1009,2027-07-01,32,13,2,145,4640,Partial,Within Lead Time,Q3 2027
PRJ-001263-SP03,PRJ-001263,MAT-1002,2028-03-01,61,11,0,420,25620,Partial,Within Lead Time,Q1 2028
PRJ-001264-SP01,PRJ-001264,MAT-1010,2027-06-01,8,7,2,980,7840,Partial,Within Lead Time,Q2 2027
PRJ-001264-SP02,PRJ-001264,MAT-1003,2026-03-01,8482,619,188,12,101784,Partial,At Risk,Q1 2026
PRJ-001264-SP03,PRJ-001264,MAT-1010,2027-04-01,73,20,6,980,71540,Partial,Within Lead Time,Q2 2027
PRJ-001264-SP04,PRJ-001264,MAT-1010,2027-08-01,73,35,19,980,71540,Partial,Within Lead Time,Q3 2027
PRJ-001264-SP05,PRJ-001264,MAT-1004,2027-02-01,4436,1914,1089,27,119772,Partial,Within Lead Time,Q1 2027
PRJ-001264-SP06,PRJ-001264,MAT-1002,2026-07-01,15,2,0,420,6300,Partial,At Risk,Q3 2026
PRJ-001264-SP07,PRJ-001264,MAT-1008,2027-12-01,16,5,3,19000,304000,Partial,Within Lead Time,Q4 2027
PRJ-001265-SP01,PRJ-001265,MAT-1007,2027-08-01,70,21,15,14500,1015000,Partial,Within Lead Time,Q3 2027
PRJ-001265-SP02,PRJ-001265,MAT-1011,2027-08-01,7,0,0,130,910,Not Reserved,Within Lead Time,Q3 2027
PRJ-001265-SP03,PRJ-001265,MAT-1001,2026-01-01,30,15,9,2100,63000,Partial,At Risk,Q1 2026
PRJ-001265-SP04,PRJ-001265,MAT-1001,2027-08-01,56,8,5,2100,117600,Partial,Within Lead Time,Q3 2027
PRJ-001265-SP05,PRJ-001265,MAT-1002,2027-07-01,2,1,0,420,840,Partial,Within Lead Time,Q3 2027
PRJ-001266-SP01,PRJ-001266,MAT-1003,2026-09-01,3646,404,384,12,43752,Partial,At Risk,Q3 2026
PRJ-001266-SP02,PRJ-001266,MAT-1004,2027-11-01,1034,534,444,27,27918,Partial,Within Lead Time,Q4 2027
PRJ-001267-SP01,PRJ-001267,MAT-1011,2027-10-01,43,3,2,130,5590,Partial,Within Lead Time,Q4 2027
PRJ-001267-SP02,PRJ-001267,MAT-1001,2026-06-01,28,1,1,2100,58800,Partial,At Risk,Q2 2026
PRJ-001267-SP03,PRJ-001267,MAT-1010,2028-07-01,61,41,12,980,59780,Partial,Within Lead Time,Q3 2028
PRJ-001268-SP01,PRJ-001268,MAT-1007,2027-06-01,50,19,10,14500,725000,Partial,Within Lead Time,Q2 2027
PRJ-001268-SP02,PRJ-001268,MAT-1005,2026-10-01,10,4,3,26000,260000,Partial,At Risk,Q4 2026
PRJ-001268-SP03,PRJ-001268,MAT-1008,2026-03-01,3,1,0,19000,57000,Partial,At Risk,Q1 2026
PRJ-001269-SP01,PRJ-001269,MAT-1006,2027-03-01,27,10,9,6200,167400,Partial,Within Lead Time,Q1 2027
PRJ-001269-SP02,PRJ-001269,MAT-1002,2027-02-01,28,17,11,420,11760,Partial,Within Lead Time,Q1 2027
PRJ-001269-SP03,PRJ-001269,MAT-1001,2028-03-01,78,19,6,2100,163800,Partial,Within Lead Time,Q1 2028
PRJ-001269-SP04,PRJ-001269,MAT-1002,2028-12-01,78,68,2,420,32760,Partial,Within Lead Time,Q4 2028
PRJ-001269-SP05,PRJ-001269,MAT-1003,2027-12-01,6196,464,40,12,74352,Partial,Within Lead Time,Q4 2027
PRJ-001269-SP06,PRJ-001269,MAT-1005,2026-10-01,67,26,17,26000,1742000,Partial,At Risk,Q4 2026
PRJ-001269-SP07,PRJ-001269,MAT-1008,2027-03-01,25,7,2,19000,475000,Partial,Within Lead Time,Q1 2027
PRJ-001270-SP01,PRJ-001270,MAT-1007,2026-06-01,73,62,45,14500,1058500,Partial,At Risk,Q2 2026
PRJ-001270-SP02,PRJ-001270,MAT-1011,2028-02-01,74,12,6,130,9620,Partial,Within Lead Time,Q1 2028
PRJ-001270-SP03,PRJ-001270,MAT-1005,2026-03-01,48,17,15,26000,1248000,Partial,At Risk,Q1 2026
PRJ-001270-SP04,PRJ-001270,MAT-1002,2027-04-01,51,39,11,420,21420,Partial,Within Lead Time,Q2 2027
PRJ-001270-SP05,PRJ-001270,MAT-1007,2027-12-01,50,41,26,14500,725000,Partial,Within Lead Time,Q4 2027
PRJ-001270-SP06,PRJ-001270,MAT-1001,2028-07-01,73,37,19,2100,153300,Partial,Within Lead Time,Q3 2028
PRJ-001270-SP07,PRJ-001270,MAT-1010,2027-07-01,36,19,18,980,35280,Partial,Within Lead Time,Q3 2027
PRJ-001271-SP01,PRJ-001271,MAT-1005,2026-05-01,12,8,4,26000,312000,Partial,At Risk,Q2 2026
PRJ-001271-SP02,PRJ-001271,MAT-1009,2027-04-01,40,4,0,145,5800,Partial,Within Lead Time,Q2 2027
PRJ-001271-SP03,PRJ-001271,MAT-1008,2026-04-01,64,17,14,19000,1216000,Partial,At Risk,Q2 2026
PRJ-001271-SP04,PRJ-001271,MAT-1011,2029-01-01,72,39,18,130,9360,Partial,Within Lead Time,Q1 2029
PRJ-001271-SP05,PRJ-001271,MAT-1008,2027-06-01,2,1,1,19000,38000,Partial,Within Lead Time,Q2 2027
PRJ-001271-SP06,PRJ-001271,MAT-1010,2026-07-01,76,5,2,980,74480,Partial,At Risk,Q3 2026
PRJ-001271-SP07,PRJ-001271,MAT-1006,2027-06-01,45,4,0,6200,279000,Partial,Within Lead Time,Q2 2027
PRJ-001272-SP01,PRJ-001272,MAT-1003,2028-01-01,6409,4269,2237,12,76908,Partial,Within Lead Time,Q1 2028
PRJ-001272-SP02,PRJ-001272,MAT-1006,2028-10-01,44,22,16,6200,272800,Partial,Within Lead Time,Q4 2028
PRJ-001272-SP03,PRJ-001272,MAT-1001,2027-10-01,34,8,1,2100,71400,Partial,Within Lead Time,Q4 2027
PRJ-001272-SP04,PRJ-001272,MAT-1001,2026-12-01,18,8,2,2100,37800,Partial,Within Lead Time,Q4 2026
PRJ-001272-SP05,PRJ-001272,MAT-1005,2027-02-01,34,2,2,26000,884000,Partial,Within Lead Time,Q1 2027
PRJ-001272-SP06,PRJ-001272,MAT-1006,2028-11-01,57,40,15,6200,353400,Partial,Within Lead Time,Q4 2028
PRJ-001273-SP01,PRJ-001273,MAT-1003,2028-10-01,3928,1116,276,12,47136,Partial,Within Lead Time,Q4 2028
PRJ-001273-SP02,PRJ-001273,MAT-1010,2027-04-01,31,9,0,980,30380,Partial,Within Lead Time,Q2 2027
PRJ-001273-SP03,PRJ-001273,MAT-1010,2027-02-01,21,8,0,980,20580,Partial,Within Lead Time,Q1 2027
PRJ-001273-SP04,PRJ-001273,MAT-1009,2027-03-01,25,16,9,145,3625,Partial,Within Lead Time,Q1 2027
PRJ-001273-SP05,PRJ-001273,MAT-1007,2027-03-01,34,0,0,14500,493000,Not Reserved,Within Lead Time,Q1 2027
PRJ-001273-SP06,PRJ-001273,MAT-1010,2028-07-01,8,2,1,980,7840,Partial,Within Lead Time,Q3 2028
PRJ-001273-SP07,PRJ-001273,MAT-1004,2028-10-01,2041,2007,317,27,55107,Partial,Within Lead Time,Q4 2028
PRJ-001273-SP08,PRJ-001273,MAT-1007,2028-07-01,37,27,13,14500,536500,Partial,Within Lead Time,Q3 2028
PRJ-001274-SP01,PRJ-001274,MAT-1001,2026-08-01,35,8,4,2100,73500,Partial,At Risk,Q3 2026
PRJ-001274-SP02,PRJ-001274,MAT-1011,2028-04-01,36,4,1,130,4680,Partial,Within Lead Time,Q2 2028
PRJ-001274-SP03,PRJ-001274,MAT-1007,2026-05-01,73,62,12,14500,1058500,Partial,At Risk,Q2 2026
PRJ-001274-SP04,PRJ-001274,MAT-1001,2027-01-01,71,3,3,2100,149100,Partial,Within Lead Time,Q1 2027
PRJ-001275-SP01,PRJ-001275,MAT-1007,2026-05-01,27,11,1,14500,391500,Partial,At Risk,Q2 2026
PRJ-001275-SP02,PRJ-001275,MAT-1006,2027-03-01,51,37,7,6200,316200,Partial,Within Lead Time,Q1 2027
PRJ-001275-SP03,PRJ-001275,MAT-1012,2027-08-01,29,22,18,68,1972,Partial,Within Lead Time,Q3 2027
PRJ-001275-SP04,PRJ-001275,MAT-1012,2028-07-01,42,2,0,68,2856,Partial,Within Lead Time,Q3 2028
PRJ-001275-SP05,PRJ-001275,MAT-1007,2028-04-01,73,12,9,14500,1058500,Partial,Within Lead Time,Q2 2028
PRJ-001275-SP06,PRJ-001275,MAT-1002,2028-04-01,51,39,25,420,21420,Partial,Within Lead Time,Q2 2028
PRJ-001276-SP01,PRJ-001276,MAT-1009,2027-02-01,77,23,1,145,11165,Partial,Within Lead Time,Q1 2027
PRJ-001276-SP02,PRJ-001276,MAT-1001,2028-09-01,29,5,1,2100,60900,Partial,Within Lead Time,Q3 2028
PRJ-001276-SP03,PRJ-001276,MAT-1007,2027-12-01,20,3,1,14500,290000,Partial,Within Lead Time,Q4 2027
PRJ-001276-SP04,PRJ-001276,MAT-1003,2026-03-01,503,112,19,12,6036,Partial,At Risk,Q1 2026
PRJ-001276-SP05,PRJ-001276,MAT-1002,2026-06-01,44,2,0,420,18480,Partial,At Risk,Q2 2026
PRJ-001276-SP06,PRJ-001276,MAT-1010,2026-01-01,46,43,7,980,45080,Partial,At Risk,Q1 2026
PRJ-001277-SP01,PRJ-001277,MAT-1006,2027-12-01,63,51,14,6200,390600,Partial,Within Lead Time,Q4 2027
PRJ-001277-SP02,PRJ-001277,MAT-1009,2028-08-01,70,57,14,145,10150,Partial,Within Lead Time,Q3 2028
PRJ-001277-SP03,PRJ-001277,MAT-1007,2028-07-01,14,5,4,14500,203000,Partial,Within Lead Time,Q3 2028
PRJ-001277-SP04,PRJ-001277,MAT-1008,2029-01-01,60,48,12,19000,1140000,Partial,Within Lead Time,Q1 2029
PRJ-001278-SP01,PRJ-001278,MAT-1003,2026-07-01,1940,653,117,12,23280,Partial,At Risk,Q3 2026
PRJ-001278-SP02,PRJ-001278,MAT-1004,2027-12-01,7412,5576,2372,27,200124,Partial,Within Lead Time,Q4 2027
PRJ-001278-SP03,PRJ-001278,MAT-1011,2027-02-01,43,21,15,130,5590,Partial,Within Lead Time,Q1 2027
PRJ-001278-SP04,PRJ-001278,MAT-1012,2026-07-01,19,12,7,68,1292,Partial,At Risk,Q3 2026
PRJ-001278-SP05,PRJ-001278,MAT-1002,2028-11-01,67,2,0,420,28140,Partial,Within Lead Time,Q4 2028
PRJ-001279-SP01,PRJ-001279,MAT-1002,2028-12-01,65,33,6,420,27300,Partial,Within Lead Time,Q4 2028
PRJ-001279-SP02,PRJ-001279,MAT-1007,2028-07-01,32,23,2,14500,464000,Partial,Within Lead Time,Q3 2028
PRJ-001279-SP03,PRJ-001279,MAT-1011,2026-03-01,54,24,22,130,7020,Partial,At Risk,Q1 2026
PRJ-001279-SP04,PRJ-001279,MAT-1001,2028-02-01,66,45,24,2100,138600,Partial,Within Lead Time,Q1 2028
PRJ-001279-SP05,PRJ-001279,MAT-1002,2026-08-01,36,8,6,420,15120,Partial,At Risk,Q3 2026
PRJ-001279-SP06,PRJ-001279,MAT-1005,2027-08-01,77,15,8,26000,2002000,Partial,Within Lead Time,Q3 2027
PRJ-001280-SP01,PRJ-001280,MAT-1009,2027-02-01,41,15,2,145,5945,Partial,Within Lead Time,Q1 2027
PRJ-001280-SP02,PRJ-001280,MAT-1004,2026-04-01,3358,2609,339,27,90666,Partial,At Risk,Q2 2026
PRJ-001280-SP03,PRJ-001280,MAT-1012,2026-09-01,22,20,2,68,1496,Partial,At Risk,Q3 2026
PRJ-001280-SP04,PRJ-001280,MAT-1004,2027-01-01,2812,2138,1123,27,75924,Partial,Within Lead Time,Q1 2027
PRJ-001280-SP05,PRJ-001280,MAT-1009,2028-03-01,54,54,40,145,7830,Partial,Within Lead Time,Q1 2028
PRJ-001280-SP06,PRJ-001280,MAT-1004,2026-11-01,6564,687,346,27,177228,Partial,At Risk,Q4 2026
PRJ-001280-SP07,PRJ-001280,MAT-1006,2027-09-01,6,5,3,6200,37200,Partial,Within Lead Time,Q3 2027
PRJ-001280-SP08,PRJ-001280,MAT-1003,2027-07-01,9424,8035,765,12,113088,Partial,Within Lead Time,Q3 2027
PRJ-001281-SP01,PRJ-001281,MAT-1011,2028-06-01,74,20,16,130,9620,Partial,Within Lead Time,Q2 2028
PRJ-001281-SP02,PRJ-001281,MAT-1012,2026-04-01,53,45,25,68,3604,Partial,At Risk,Q2 2026
PRJ-001281-SP03,PRJ-001281,MAT-1001,2027-05-01,65,64,5,2100,136500,Partial,Within Lead Time,Q2 2027
PRJ-001281-SP04,PRJ-001281,MAT-1007,2027-05-01,11,5,0,14500,159500,Partial,Within Lead Time,Q2 2027
PRJ-001281-SP05,PRJ-001281,MAT-1004,2027-09-01,2348,806,577,27,63396,Partial,Within Lead Time,Q3 2027
PRJ-001281-SP06,PRJ-001281,MAT-1003,2026-04-01,3488,2689,2153,12,41856,Partial,At Risk,Q2 2026
PRJ-001281-SP07,PRJ-001281,MAT-1007,2028-01-01,10,5,2,14500,145000,Partial,Within Lead Time,Q1 2028
PRJ-001281-SP08,PRJ-001281,MAT-1011,2028-08-01,74,18,10,130,9620,Partial,Within Lead Time,Q3 2028
PRJ-001282-SP01,PRJ-001282,MAT-1009,2028-03-01,60,33,12,145,8700,Partial,Within Lead Time,Q1 2028
PRJ-001282-SP02,PRJ-001282,MAT-1006,2028-07-01,56,42,32,6200,347200,Partial,Within Lead Time,Q3 2028
PRJ-001282-SP03,PRJ-001282,MAT-1012,2027-08-01,46,27,25,68,3128,Partial,Within Lead Time,Q3 2027
PRJ-001282-SP04,PRJ-001282,MAT-1004,2026-09-01,5634,4171,973,27,152118,Partial,At Risk,Q3 2026
PRJ-001283-SP01,PRJ-001283,MAT-1009,2026-06-01,8,5,2,145,1160,Partial,At Risk,Q2 2026
PRJ-001283-SP02,PRJ-001283,MAT-1010,2027-10-01,60,4,2,980,58800,Partial,Within Lead Time,Q4 2027
PRJ-001283-SP03,PRJ-001283,MAT-1007,2027-11-01,38,16,9,14500,551000,Partial,Within Lead Time,Q4 2027
PRJ-001283-SP04,PRJ-001283,MAT-1005,2027-05-01,55,16,15,26000,1430000,Partial,Within Lead Time,Q2 2027
PRJ-001283-SP05,PRJ-001283,MAT-1003,2028-03-01,8462,4481,1176,12,101544,Partial,Within Lead Time,Q1 2028
PRJ-001283-SP06,PRJ-001283,MAT-1005,2026-02-01,11,1,0,26000,286000,Partial,At Risk,Q1 2026
PRJ-001283-SP07,PRJ-001283,MAT-1008,2028-11-01,6,0,0,19000,114000,Not Reserved,Within Lead Time,Q4 2028
PRJ-001284-SP01,PRJ-001284,MAT-1010,2028-02-01,35,23,10,980,34300,Partial,Within Lead Time,Q1 2028
PRJ-001284-SP02,PRJ-001284,MAT-1003,2026-08-01,8065,878,656,12,96780,Partial,At Risk,Q3 2026
PRJ-001284-SP03,PRJ-001284,MAT-1001,2026-12-01,53,46,38,2100,111300,Partial,Within Lead Time,Q4 2026
PRJ-001284-SP04,PRJ-001284,MAT-1010,2027-09-01,25,23,12,980,24500,Partial,Within Lead Time,Q3 2027
PRJ-001284-SP05,PRJ-001284,MAT-1011,2027-09-01,20,7,1,130,2600,Partial,Within Lead Time,Q3 2027
PRJ-001284-SP06,PRJ-001284,MAT-1008,2026-03-01,17,11,9,19000,323000,Partial,At Risk,Q1 2026
PRJ-001284-SP07,PRJ-001284,MAT-1007,2028-01-01,39,36,16,14500,565500,Partial,Within Lead Time,Q1 2028
PRJ-001285-SP01,PRJ-001285,MAT-1009,2026-04-01,55,45,40,145,7975,Partial,At Risk,Q2 2026
PRJ-001285-SP02,PRJ-001285,MAT-1005,2026-10-01,78,69,31,26000,2028000,Partial,At Risk,Q4 2026
PRJ-001285-SP03,PRJ-001285,MAT-1009,2028-06-01,71,39,35,145,10295,Partial,Within Lead Time,Q2 2028
PRJ-001285-SP04,PRJ-001285,MAT-1012,2026-11-01,76,46,17,68,5168,Partial,Within Lead Time,Q4 2026
PRJ-001285-SP05,PRJ-001285,MAT-1003,2027-02-01,3903,756,179,12,46836,Partial,Within Lead Time,Q1 2027
PRJ-001285-SP06,PRJ-001285,MAT-1001,2028-12-01,16,15,1,2100,33600,Partial,Within Lead Time,Q4 2028
PRJ-001285-SP07,PRJ-001285,MAT-1009,2028-08-01,71,44,0,145,10295,Partial,Within Lead Time,Q3 2028
PRJ-001285-SP08,PRJ-001285,MAT-1012,2027-02-01,57,53,36,68,3876,Partial,Within Lead Time,Q1 2027
PRJ-001286-SP01,PRJ-001286,MAT-1004,2027-04-01,1404,822,366,27,37908,Partial,Within Lead Time,Q2 2027
PRJ-001286-SP02,PRJ-001286,MAT-1011,2029-01-01,75,17,10,130,9750,Partial,Within Lead Time,Q1 2029
PRJ-001286-SP03,PRJ-001286,MAT-1004,2029-01-01,9271,5576,4423,27,250317,Partial,Within Lead Time,Q1 2029
PRJ-001286-SP04,PRJ-001286,MAT-1009,2028-01-01,53,26,20,145,7685,Partial,Within Lead Time,Q1 2028
PRJ-001286-SP05,PRJ-001286,MAT-1011,2028-06-01,31,12,10,130,4030,Partial,Within Lead Time,Q2 2028
PRJ-001286-SP06,PRJ-001286,MAT-1006,2027-04-01,3,1,0,6200,18600,Partial,Within Lead Time,Q2 2027
PRJ-001287-SP01,PRJ-001287,MAT-1012,2028-08-01,62,52,21,68,4216,Partial,Within Lead Time,Q3 2028
PRJ-001287-SP02,PRJ-001287,MAT-1003,2026-07-01,7336,3579,3114,12,88032,Partial,At Risk,Q3 2026
PRJ-001287-SP03,PRJ-001287,MAT-1012,2028-09-01,61,8,3,68,4148,Partial,Within Lead Time,Q3 2028
PRJ-001288-SP01,PRJ-001288,MAT-1008,2027-06-01,48,15,14,19000,912000,Partial,Within Lead Time,Q2 2027
PRJ-001288-SP02,PRJ-001288,MAT-1012,2029-01-01,42,36,24,68,2856,Partial,Within Lead Time,Q1 2029
PRJ-001288-SP03,PRJ-001288,MAT-1011,2026-07-01,59,35,30,130,7670,Partial,At Risk,Q3 2026
PRJ-001288-SP04,PRJ-001288,MAT-1002,2027-03-01,72,39,26,420,30240,Partial,Within Lead Time,Q1 2027
PRJ-001288-SP05,PRJ-001288,MAT-1006,2027-06-01,55,10,7,6200,341000,Partial,Within Lead Time,Q2 2027
PRJ-001288-SP06,PRJ-001288,MAT-1012,2027-01-01,57,25,12,68,3876,Partial,Within Lead Time,Q1 2027
PRJ-001288-SP07,PRJ-001288,MAT-1011,2027-10-01,28,3,1,130,3640,Partial,Within Lead Time,Q4 2027
PRJ-001289-SP01,PRJ-001289,MAT-1001,2027-09-01,78,50,2,2100,163800,Partial,Within Lead Time,Q3 2027
PRJ-001289-SP02,PRJ-001289,MAT-1005,2027-01-01,70,30,25,26000,1820000,Partial,Within Lead Time,Q1 2027
PRJ-001289-SP03,PRJ-001289,MAT-1001,2027-04-01,35,15,0,2100,73500,Partial,Within Lead Time,Q2 2027
PRJ-001290-SP01,PRJ-001290,MAT-1011,2027-08-01,61,43,19,130,7930,Partial,Within Lead Time,Q3 2027
PRJ-001290-SP02,PRJ-001290,MAT-1005,2027-10-01,45,7,6,26000,1170000,Partial,Within Lead Time,Q4 2027
PRJ-001290-SP03,PRJ-001290,MAT-1007,2026-06-01,67,9,7,14500,971500,Partial,At Risk,Q2 2026
PRJ-001290-SP04,PRJ-001290,MAT-1012,2027-04-01,75,32,10,68,5100,Partial,Within Lead Time,Q2 2027
PRJ-001291-SP01,PRJ-001291,MAT-1006,2027-03-01,67,52,14,6200,415400,Partial,Within Lead Time,Q1 2027
PRJ-001291-SP02,PRJ-001291,MAT-1011,2026-03-01,57,43,39,130,7410,Partial,At Risk,Q1 2026
PRJ-001291-SP03,PRJ-001291,MAT-1001,2027-04-01,23,8,3,2100,48300,Partial,Within Lead Time,Q2 2027
PRJ-001291-SP04,PRJ-001291,MAT-1002,2028-09-01,46,42,0,420,19320,Partial,Within Lead Time,Q3 2028
PRJ-001291-SP05,PRJ-001291,MAT-1006,2026-11-01,8,6,3,6200,49600,Partial,At Risk,Q4 2026
PRJ-001292-SP01,PRJ-001292,MAT-1005,2026-02-01,28,3,1,26000,728000,Partial,At Risk,Q1 2026
PRJ-001292-SP02,PRJ-001292,MAT-1012,2028-10-01,39,30,7,68,2652,Partial,Within Lead Time,Q4 2028
PRJ-001292-SP03,PRJ-001292,MAT-1003,2027-03-01,3925,1190,870,12,47100,Partial,Within Lead Time,Q1 2027
PRJ-001292-SP04,PRJ-001292,MAT-1004,2028-05-01,4522,2077,983,27,122094,Partial,Within Lead Time,Q2 2028
PRJ-001292-SP05,PRJ-001292,MAT-1003,2027-02-01,7163,5243,1850,12,85956,Partial,Within Lead Time,Q1 2027
PRJ-001292-SP06,PRJ-001292,MAT-1001,2028-05-01,43,37,26,2100,90300,Partial,Within Lead Time,Q2 2028
PRJ-001292-SP07,PRJ-001292,MAT-1011,2027-02-01,39,6,4,130,5070,Partial,Within Lead Time,Q1 2027
PRJ-001293-SP01,PRJ-001293,MAT-1007,2027-01-01,54,25,19,14500,783000,Partial,Within Lead Time,Q1 2027
PRJ-001293-SP02,PRJ-001293,MAT-1007,2026-03-01,30,23,20,14500,435000,Partial,At Risk,Q1 2026
PRJ-001293-SP03,PRJ-001293,MAT-1004,2026-05-01,9560,2050,1417,27,258120,Partial,At Risk,Q2 2026
PRJ-001294-SP01,PRJ-001294,MAT-1009,2027-05-01,30,1,0,145,4350,Partial,Within Lead Time,Q2 2027
PRJ-001294-SP02,PRJ-001294,MAT-1001,2026-10-01,75,39,12,2100,157500,Partial,At Risk,Q4 2026
PRJ-001294-SP03,PRJ-001294,MAT-1002,2027-08-01,55,42,34,420,23100,Partial,Within Lead Time,Q3 2027
PRJ-001294-SP04,PRJ-001294,MAT-1008,2028-03-01,15,3,1,19000,285000,Partial,Within Lead Time,Q1 2028
PRJ-001294-SP05,PRJ-001294,MAT-1009,2027-03-01,21,10,1,145,3045,Partial,Within Lead Time,Q1 2027
PRJ-001294-SP06,PRJ-001294,MAT-1010,2028-09-01,39,29,27,980,38220,Partial,Within Lead Time,Q3 2028
PRJ-001295-SP01,PRJ-001295,MAT-1010,2027-02-01,9,2,0,980,8820,Partial,Within Lead Time,Q1 2027
PRJ-001295-SP02,PRJ-001295,MAT-1001,2028-04-01,7,4,0,2100,14700,Partial,Within Lead Time,Q2 2028
PRJ-001295-SP03,PRJ-001295,MAT-1006,2027-04-01,74,43,28,6200,458800,Partial,Within Lead Time,Q2 2027
PRJ-001296-SP01,PRJ-001296,MAT-1004,2028-06-01,5001,3596,1903,27,135027,Partial,Within Lead Time,Q2 2028
PRJ-001296-SP02,PRJ-001296,MAT-1001,2026-03-01,14,7,0,2100,29400,Partial,At Risk,Q1 2026
PRJ-001296-SP03,PRJ-001296,MAT-1010,2028-04-01,11,3,1,980,10780,Partial,Within Lead Time,Q2 2028
PRJ-001296-SP04,PRJ-001296,MAT-1008,2026-07-01,45,37,6,19000,855000,Partial,At Risk,Q3 2026
PRJ-001297-SP01,PRJ-001297,MAT-1012,2027-05-01,75,50,28,68,5100,Partial,Within Lead Time,Q2 2027
PRJ-001297-SP02,PRJ-001297,MAT-1004,2028-03-01,3845,1302,572,27,103815,Partial,Within Lead Time,Q1 2028
PRJ-001298-SP01,PRJ-001298,MAT-1008,2029-01-01,62,31,21,19000,1178000,Partial,Within Lead Time,Q1 2029
PRJ-001298-SP02,PRJ-001298,MAT-1006,2026-10-01,53,12,11,6200,328600,Partial,At Risk,Q4 2026
PRJ-001299-SP01,PRJ-001299,MAT-1006,2026-10-01,75,2,1,6200,465000,Partial,At Risk,Q4 2026
PRJ-001299-SP02,PRJ-001299,MAT-1010,2028-03-01,42,15,4,980,41160,Partial,Within Lead Time,Q1 2028
PRJ-001299-SP03,PRJ-001299,MAT-1002,2027-09-01,60,36,6,420,25200,Partial,Within Lead Time,Q3 2027
PRJ-001299-SP04,PRJ-001299,MAT-1008,2026-07-01,51,3,0,19000,969000,Partial,At Risk,Q3 2026
PRJ-001300-SP01,PRJ-001300,MAT-1012,2026-08-01,66,10,1,68,4488,Partial,At Risk,Q3 2026
PRJ-001300-SP02,PRJ-001300,MAT-1001,2027-09-01,47,15,11,2100,98700,Partial,Within Lead Time,Q3 2027
PRJ-001300-SP03,PRJ-001300,MAT-1006,2026-07-01,43,27,23,6200,266600,Partial,At Risk,Q3 2026
PRJ-001300-SP04,PRJ-001300,MAT-1003,2027-04-01,7269,4408,1419,12,87228,Partial,Within Lead Time,Q2 2027
PRJ-001300-SP05,PRJ-001300,MAT-1010,2027-12-01,38,15,3,980,37240,Partial,Within Lead Time,Q4 2027
PRJ-001300-SP06,PRJ-001300,MAT-1001,2028-12-01,46,2,2,2100,96600,Partial,Within Lead Time,Q4 2028
PRJ-001300-SP07,PRJ-001300,MAT-1009,2026-09-01,19,9,4,145,2755,Partial,At Risk,Q3 2026
PRJ-001300-SP08,PRJ-001300,MAT-1003,2026-11-01,6742,481,268,12,80904,Partial,Within Lead Time,Q4 2026
PRJ-001301-SP01,PRJ-001301,MAT-1002,2028-02-01,49,29,10,420,20580,Partial,Within Lead Time,Q1 2028
PRJ-001301-SP02,PRJ-001301,MAT-1007,2028-08-01,16,2,2,14500,232000,Partial,Within Lead Time,Q3 2028
PRJ-001301-SP03,PRJ-001301,MAT-1006,2026-02-01,73,55,37,6200,452600,Partial,At Risk,Q1 2026
PRJ-001301-SP04,PRJ-001301,MAT-1002,2028-12-01,60,7,5,420,25200,Partial,Within Lead Time,Q4 2028
PRJ-001301-SP05,PRJ-001301,MAT-1005,2028-09-01,41,40,33,26000,1066000,Partial,Within Lead Time,Q3 2028
PRJ-001302-SP01,PRJ-001302,MAT-1005,2026-03-01,65,61,17,26000,1690000,Partial,At Risk,Q1 2026
PRJ-001302-SP02,PRJ-001302,MAT-1011,2027-07-01,57,9,9,130,7410,Partial,Within Lead Time,Q3 2027
PRJ-001302-SP03,PRJ-001302,MAT-1003,2026-06-01,6130,3832,2070,12,73560,Partial,At Risk,Q2 2026
PRJ-001302-SP04,PRJ-001302,MAT-1011,2026-02-01,42,6,5,130,5460,Partial,At Risk,Q1 2026
PRJ-001302-SP05,PRJ-001302,MAT-1001,2027-07-01,21,13,2,2100,44100,Partial,Within Lead Time,Q3 2027
PRJ-001302-SP06,PRJ-001302,MAT-1012,2026-05-01,37,14,10,68,2516,Partial,At Risk,Q2 2026
PRJ-001303-SP01,PRJ-001303,MAT-1004,2026-01-01,9276,3042,1480,27,250452,Partial,At Risk,Q1 2026
PRJ-001303-SP02,PRJ-001303,MAT-1003,2029-01-01,627,9,8,12,7524,Partial,Within Lead Time,Q1 2029
PRJ-001303-SP03,PRJ-001303,MAT-1011,2026-04-01,40,11,5,130,5200,Partial,At Risk,Q2 2026
PRJ-001304-SP01,PRJ-001304,MAT-1002,2028-03-01,18,4,4,420,7560,Partial,Within Lead Time,Q1 2028
PRJ-001304-SP02,PRJ-001304,MAT-1008,2026-04-01,41,29,15,19000,779000,Partial,At Risk,Q2 2026
PRJ-001304-SP03,PRJ-001304,MAT-1012,2028-08-01,11,7,2,68,748,Partial,Within Lead Time,Q3 2028
PRJ-001305-SP01,PRJ-001305,MAT-1004,2026-03-01,5292,2693,722,27,142884,Partial,At Risk,Q1 2026
PRJ-001305-SP02,PRJ-001305,MAT-1003,2026-06-01,6121,894,369,12,73452,Partial,At Risk,Q2 2026
PRJ-001305-SP03,PRJ-001305,MAT-1005,2028-09-01,12,10,5,26000,312000,Partial,Within Lead Time,Q3 2028
PRJ-001305-SP04,PRJ-001305,MAT-1001,2027-12-01,69,46,9,2100,144900,Partial,Within Lead Time,Q4 2027
PRJ-001305-SP05,PRJ-001305,MAT-1009,2026-01-01,7,1,1,145,1015,Partial,At Risk,Q1 2026
PRJ-001305-SP06,PRJ-001305,MAT-1003,2026-07-01,4384,2761,1145,12,52608,Partial,At Risk,Q3 2026
PRJ-001305-SP07,PRJ-001305,MAT-1009,2028-07-01,63,45,11,145,9135,Partial,Within Lead Time,Q3 2028
PRJ-001305-SP08,PRJ-001305,MAT-1010,2029-01-01,71,55,28,980,69580,Partial,Within Lead Time,Q1 2029
PRJ-001306-SP01,PRJ-001306,MAT-1004,2027-11-01,2497,1051,305,27,67419,Partial,Within Lead Time,Q4 2027
PRJ-001306-SP02,PRJ-001306,MAT-1005,2028-02-01,18,3,3,26000,468000,Partial,Within Lead Time,Q1 2028
PRJ-001306-SP03,PRJ-001306,MAT-1006,2026-07-01,69,1,0,6200,427800,Partial,At Risk,Q3 2026
PRJ-001306-SP04,PRJ-001306,MAT-1009,2027-11-01,77,22,9,145,11165,Partial,Within Lead Time,Q4 2027
PRJ-001306-SP05,PRJ-001306,MAT-1004,2027-04-01,7994,5016,2749,27,215838,Partial,Within Lead Time,Q2 2027
PRJ-001306-SP06,PRJ-001306,MAT-1002,2028-03-01,46,23,0,420,19320,Partial,Within Lead Time,Q1 2028
PRJ-001306-SP07,PRJ-001306,MAT-1006,2026-08-01,73,26,9,6200,452600,Partial,At Risk,Q3 2026
PRJ-001307-SP01,PRJ-001307,MAT-1006,2028-07-01,52,22,2,6200,322400,Partial,Within Lead Time,Q3 2028
PRJ-001307-SP02,PRJ-001307,MAT-1006,2027-01-01,56,23,20,6200,347200,Partial,Within Lead Time,Q1 2027
PRJ-001307-SP03,PRJ-001307,MAT-1012,2026-07-01,24,4,2,68,1632,Partial,At Risk,Q3 2026
PRJ-001307-SP04,PRJ-001307,MAT-1002,2026-10-01,10,5,4,420,4200,Partial,Within Lead Time,Q4 2026
PRJ-001307-SP05,PRJ-001307,MAT-1005,2028-02-01,3,1,1,26000,78000,Partial,Within Lead Time,Q1 2028
PRJ-001308-SP01,PRJ-001308,MAT-1001,2027-01-01,20,15,11,2100,42000,Partial,Within Lead Time,Q1 2027
PRJ-001308-SP02,PRJ-001308,MAT-1006,2029-01-01,25,10,4,6200,155000,Partial,Within Lead Time,Q1 2029
PRJ-001308-SP03,PRJ-001308,MAT-1002,2028-03-01,27,5,3,420,11340,Partial,Within Lead Time,Q1 2028
PRJ-001309-SP01,PRJ-001309,MAT-1005,2028-09-01,15,2,1,26000,390000,Partial,Within Lead Time,Q3 2028
PRJ-001309-SP02,PRJ-001309,MAT-1003,2027-10-01,6739,2746,1925,12,80868,Partial,Within Lead Time,Q4 2027
PRJ-001309-SP03,PRJ-001309,MAT-1002,2027-04-01,15,8,3,420,6300,Partial,Within Lead Time,Q2 2027
PRJ-001309-SP04,PRJ-001309,MAT-1012,2027-09-01,16,7,2,68,1088,Partial,Within Lead Time,Q3 2027
PRJ-001309-SP05,PRJ-001309,MAT-1004,2027-03-01,3428,2741,2396,27,92556,Partial,Within Lead Time,Q1 2027
PRJ-001309-SP06,PRJ-001309,MAT-1007,2028-09-01,39,22,12,14500,565500,Partial,Within Lead Time,Q3 2028
PRJ-001309-SP07,PRJ-001309,MAT-1008,2027-06-01,18,0,0,19000,342000,Not Reserved,Within Lead Time,Q2 2027
PRJ-001309-SP08,PRJ-001309,MAT-1007,2028-02-01,30,11,1,14500,435000,Partial,Within Lead Time,Q1 2028
PRJ-001310-SP01,PRJ-001310,MAT-1006,2027-04-01,56,10,1,6200,347200,Partial,Within Lead Time,Q2 2027
PRJ-001310-SP02,PRJ-001310,MAT-1007,2026-08-01,78,43,20,14500,1131000,Partial,At Risk,Q3 2026
PRJ-001310-SP03,PRJ-001310,MAT-1008,2027-09-01,23,23,1,19000,437000,Partial,Within Lead Time,Q3 2027
PRJ-001310-SP04,PRJ-001310,MAT-1012,2028-09-01,76,42,33,68,5168,Partial,Within Lead Time,Q3 2028
PRJ-001310-SP05,PRJ-001310,MAT-1006,2027-09-01,40,29,22,6200,248000,Partial,Within Lead Time,Q3 2027
PRJ-001311-SP01,PRJ-001311,MAT-1002,2028-06-01,16,6,5,420,6720,Partial,Within Lead Time,Q2 2028
PRJ-001311-SP02,PRJ-001311,MAT-1006,2028-05-01,64,42,2,6200,396800,Partial,Within Lead Time,Q2 2028
PRJ-001312-SP01,PRJ-001312,MAT-1012,2027-01-01,42,11,5,68,2856,Partial,Within Lead Time,Q1 2027
PRJ-001312-SP02,PRJ-001312,MAT-1009,2027-04-01,68,49,30,145,9860,Partial,Within Lead Time,Q2 2027
PRJ-001312-SP03,PRJ-001312,MAT-1011,2026-05-01,13,13,2,130,1690,Partial,At Risk,Q2 2026
PRJ-001312-SP04,PRJ-001312,MAT-1002,2026-02-01,13,4,1,420,5460,Partial,At Risk,Q1 2026
PRJ-001312-SP05,PRJ-001312,MAT-1005,2027-04-01,59,26,11,26000,1534000,Partial,Within Lead Time,Q2 2027
PRJ-001312-SP06,PRJ-001312,MAT-1009,2026-04-01,32,5,3,145,4640,Partial,At Risk,Q2 2026
PRJ-001312-SP07,PRJ-001312,MAT-1005,2027-05-01,30,15,3,26000,780000,Partial,Within Lead Time,Q2 2027
PRJ-001312-SP08,PRJ-001312,MAT-1005,2026-02-01,5,4,2,26000,130000,Partial,At Risk,Q1 2026
PRJ-001313-SP01,PRJ-001313,MAT-1005,2026-01-01,49,29,2,26000,1274000,Partial,At Risk,Q1 2026
PRJ-001313-SP02,PRJ-001313,MAT-1002,2026-01-01,19,12,6,420,7980,Partial,At Risk,Q1 2026
PRJ-001313-SP03,PRJ-001313,MAT-1004,2027-09-01,9713,3752,1757,27,262251,Partial,Within Lead Time,Q3 2027
PRJ-001313-SP04,PRJ-001313,MAT-1005,2028-08-01,52,3,2,26000,1352000,Partial,Within Lead Time,Q3 2028
PRJ-001314-SP01,PRJ-001314,MAT-1004,2026-05-01,1166,928,504,27,31482,Partial,At Risk,Q2 2026
PRJ-001314-SP02,PRJ-001314,MAT-1005,2028-05-01,53,37,1,26000,1378000,Partial,Within Lead Time,Q2 2028
PRJ-001314-SP03,PRJ-001314,MAT-1005,2028-05-01,4,0,0,26000,104000,Not Reserved,Within Lead Time,Q2 2028
PRJ-001314-SP04,PRJ-001314,MAT-1011,2028-12-01,63,2,1,130,8190,Partial,Within Lead Time,Q4 2028
PRJ-001314-SP05,PRJ-001314,MAT-1010,2026-12-01,20,3,2,980,19600,Partial,Within Lead Time,Q4 2026
PRJ-001315-SP01,PRJ-001315,MAT-1004,2026-01-01,697,619,292,27,18819,Partial,At Risk,Q1 2026
PRJ-001315-SP02,PRJ-001315,MAT-1011,2027-11-01,40,16,7,130,5200,Partial,Within Lead Time,Q4 2027
PRJ-001315-SP03,PRJ-001315,MAT-1005,2027-06-01,37,15,10,26000,962000,Partial,Within Lead Time,Q2 2027
PRJ-001315-SP04,PRJ-001315,MAT-1007,2026-01-01,26,23,4,14500,377000,Partial,At Risk,Q1 2026
PRJ-001316-SP01,PRJ-001316,MAT-1011,2027-08-01,63,27,8,130,8190,Partial,Within Lead Time,Q3 2027
PRJ-001316-SP02,PRJ-001316,MAT-1001,2028-01-01,22,12,2,2100,46200,Partial,Within Lead Time,Q1 2028
PRJ-001316-SP03,PRJ-001316,MAT-1011,2027-12-01,63,5,1,130,8190,Partial,Within Lead Time,Q4 2027
PRJ-001316-SP04,PRJ-001316,MAT-1012,2026-08-01,43,17,13,68,2924,Partial,At Risk,Q3 2026
PRJ-001317-SP01,PRJ-001317,MAT-1012,2026-06-01,80,68,58,68,5440,Partial,At Risk,Q2 2026
PRJ-001317-SP02,PRJ-001317,MAT-1001,2028-09-01,9,3,1,2100,18900,Partial,Within Lead Time,Q3 2028
PRJ-001317-SP03,PRJ-001317,MAT-1007,2026-02-01,44,43,23,14500,638000,Partial,At Risk,Q1 2026
PRJ-001317-SP04,PRJ-001317,MAT-1003,2026-07-01,6200,6096,2781,12,74400,Partial,At Risk,Q3 2026
PRJ-001317-SP05,PRJ-001317,MAT-1004,2027-05-01,5991,1956,1644,27,161757,Partial,Within Lead Time,Q2 2027
PRJ-001317-SP06,PRJ-001317,MAT-1007,2028-10-01,69,36,25,14500,1000500,Partial,Within Lead Time,Q4 2028
PRJ-001318-SP01,PRJ-001318,MAT-1001,2027-08-01,21,6,5,2100,44100,Partial,Within Lead Time,Q3 2027
PRJ-001318-SP02,PRJ-001318,MAT-1010,2027-04-01,27,3,2,980,26460,Partial,Within Lead Time,Q2 2027
PRJ-001318-SP03,PRJ-001318,MAT-1006,2027-05-01,9,2,1,6200,55800,Partial,Within Lead Time,Q2 2027
PRJ-001318-SP04,PRJ-001318,MAT-1011,2027-12-01,6,6,2,130,780,Partial,Within Lead Time,Q4 2027
PRJ-001319-SP01,PRJ-001319,MAT-1009,2027-07-01,9,0,0,145,1305,Not Reserved,Within Lead Time,Q3 2027
PRJ-001319-SP02,PRJ-001319,MAT-1004,2028-08-01,2351,663,596,27,63477,Partial,Within Lead Time,Q3 2028
PRJ-001319-SP03,PRJ-001319,MAT-1011,2027-02-01,74,62,50,130,9620,Partial,Within Lead Time,Q1 2027
PRJ-001319-SP04,PRJ-001319,MAT-1001,2026-01-01,69,18,2,2100,144900,Partial,At Risk,Q1 2026
PRJ-001319-SP05,PRJ-001319,MAT-1010,2027-04-01,40,33,32,980,39200,Partial,Within Lead Time,Q2 2027
PRJ-001320-SP01,PRJ-001320,MAT-1006,2028-07-01,42,4,1,6200,260400,Partial,Within Lead Time,Q3 2028
PRJ-001320-SP02,PRJ-001320,MAT-1011,2027-09-01,19,16,2,130,2470,Partial,Within Lead Time,Q3 2027
PRJ-001321-SP01,PRJ-001321,MAT-1009,2026-06-01,63,18,10,145,9135,Partial,At Risk,Q2 2026
PRJ-001321-SP02,PRJ-001321,MAT-1002,2027-09-01,21,4,2,420,8820,Partial,Within Lead Time,Q3 2027
PRJ-001321-SP03,PRJ-001321,MAT-1007,2026-08-01,32,28,27,14500,464000,Partial,At Risk,Q3 2026
PRJ-001321-SP04,PRJ-001321,MAT-1012,2028-09-01,6,2,1,68,408,Partial,Within Lead Time,Q3 2028
PRJ-001321-SP05,PRJ-001321,MAT-1003,2027-04-01,6190,4390,130,12,74280,Partial,Within Lead Time,Q2 2027
PRJ-001321-SP06,PRJ-001321,MAT-1011,2027-04-01,58,15,8,130,7540,Partial,Within Lead Time,Q2 2027
PRJ-001321-SP07,PRJ-001321,MAT-1010,2026-05-01,70,44,5,980,68600,Partial,At Risk,Q2 2026
PRJ-001322-SP01,PRJ-001322,MAT-1008,2027-06-01,56,32,13,19000,1064000,Partial,Within Lead Time,Q2 2027
PRJ-001322-SP02,PRJ-001322,MAT-1009,2026-12-01,20,6,4,145,2900,Partial,Within Lead Time,Q4 2026
PRJ-001322-SP03,PRJ-001322,MAT-1002,2028-04-01,32,7,4,420,13440,Partial,Within Lead Time,Q2 2028
PRJ-001323-SP01,PRJ-001323,MAT-1003,2028-10-01,2495,133,59,12,29940,Partial,Within Lead Time,Q4 2028
PRJ-001323-SP02,PRJ-001323,MAT-1010,2026-10-01,29,7,2,980,28420,Partial,At Risk,Q4 2026
PRJ-001323-SP03,PRJ-001323,MAT-1004,2027-09-01,2047,784,253,27,55269,Partial,Within Lead Time,Q3 2027
PRJ-001323-SP04,PRJ-001323,MAT-1005,2028-07-01,54,53,45,26000,1404000,Partial,Within Lead Time,Q3 2028
PRJ-001323-SP05,PRJ-001323,MAT-1012,2026-12-01,15,4,3,68,1020,Partial,Within Lead Time,Q4 2026
PRJ-001323-SP06,PRJ-001323,MAT-1003,2029-01-01,678,342,314,12,8136,Partial,Within Lead Time,Q1 2029
PRJ-001324-SP01,PRJ-001324,MAT-1005,2026-02-01,15,7,6,26000,390000,Partial,At Risk,Q1 2026
PRJ-001324-SP02,PRJ-001324,MAT-1004,2027-02-01,3025,704,375,27,81675,Partial,Within Lead Time,Q1 2027
PRJ-001324-SP03,PRJ-001324,MAT-1004,2027-08-01,6520,2063,1493,27,176040,Partial,Within Lead Time,Q3 2027
PRJ-001325-SP01,PRJ-001325,MAT-1011,2027-03-01,24,15,13,130,3120,Partial,Within Lead Time,Q1 2027
PRJ-001325-SP02,PRJ-001325,MAT-1008,2026-05-01,80,26,9,19000,1520000,Partial,At Risk,Q2 2026
PRJ-001325-SP03,PRJ-001325,MAT-1011,2026-06-01,48,9,6,130,6240,Partial,At Risk,Q2 2026
PRJ-001326-SP01,PRJ-001326,MAT-1006,2027-04-01,61,48,16,6200,378200,Partial,Within Lead Time,Q2 2027
PRJ-001326-SP02,PRJ-001326,MAT-1003,2026-01-01,7600,1874,651,12,91200,Partial,At Risk,Q1 2026
PRJ-001326-SP03,PRJ-001326,MAT-1002,2026-07-01,13,10,10,420,5460,Partial,At Risk,Q3 2026
PRJ-001327-SP01,PRJ-001327,MAT-1006,2027-06-01,64,52,9,6200,396800,Partial,Within Lead Time,Q2 2027
PRJ-001327-SP02,PRJ-001327,MAT-1005,2028-01-01,61,17,3,26000,1586000,Partial,Within Lead Time,Q1 2028
PRJ-001327-SP03,PRJ-001327,MAT-1003,2026-01-01,8440,1936,278,12,101280,Partial,At Risk,Q1 2026
PRJ-001327-SP04,PRJ-001327,MAT-1009,2027-12-01,52,16,5,145,7540,Partial,Within Lead Time,Q4 2027
PRJ-001327-SP05,PRJ-001327,MAT-1009,2028-11-01,10,10,9,145,1450,Partial,Within Lead Time,Q4 2028
PRJ-001327-SP06,PRJ-001327,MAT-1008,2028-08-01,17,10,8,19000,323000,Partial,Within Lead Time,Q3 2028
PRJ-001328-SP01,PRJ-001328,MAT-1012,2027-04-01,38,28,7,68,2584,Partial,Within Lead Time,Q2 2027
PRJ-001328-SP02,PRJ-001328,MAT-1011,2027-07-01,64,41,11,130,8320,Partial,Within Lead Time,Q3 2027
PRJ-001329-SP01,PRJ-001329,MAT-1001,2027-04-01,74,50,50,2100,155400,Partial,Within Lead Time,Q2 2027
PRJ-001329-SP02,PRJ-001329,MAT-1009,2028-11-01,38,14,4,145,5510,Partial,Within Lead Time,Q4 2028
PRJ-001329-SP03,PRJ-001329,MAT-1002,2028-12-01,77,63,6,420,32340,Partial,Within Lead Time,Q4 2028
PRJ-001329-SP04,PRJ-001329,MAT-1004,2028-07-01,7866,3664,1378,27,212382,Partial,Within Lead Time,Q3 2028
PRJ-001329-SP05,PRJ-001329,MAT-1009,2027-08-01,72,70,54,145,10440,Partial,Within Lead Time,Q3 2027
PRJ-001329-SP06,PRJ-001329,MAT-1010,2028-03-01,67,62,7,980,65660,Partial,Within Lead Time,Q1 2028
PRJ-001329-SP07,PRJ-001329,MAT-1010,2027-12-01,3,2,1,980,2940,Partial,Within Lead Time,Q4 2027
PRJ-001330-SP01,PRJ-001330,MAT-1007,2028-10-01,6,6,3,14500,87000,Partial,Within Lead Time,Q4 2028
PRJ-001330-SP02,PRJ-001330,MAT-1011,2027-03-01,25,2,1,130,3250,Partial,Within Lead Time,Q1 2027
PRJ-001330-SP03,PRJ-001330,MAT-1004,2028-01-01,8067,2118,783,27,217809,Partial,Within Lead Time,Q1 2028
PRJ-001330-SP04,PRJ-001330,MAT-1007,2027-05-01,60,6,1,14500,870000,Partial,Within Lead Time,Q2 2027
PRJ-001330-SP05,PRJ-001330,MAT-1010,2028-04-01,54,15,6,980,52920,Partial,Within Lead Time,Q2 2028
PRJ-001331-SP01,PRJ-001331,MAT-1006,2028-08-01,48,42,25,6200,297600,Partial,Within Lead Time,Q3 2028
PRJ-001331-SP02,PRJ-001331,MAT-1003,2026-07-01,4882,327,67,12,58584,Partial,At Risk,Q3 2026
PRJ-001331-SP03,PRJ-001331,MAT-1011,2027-07-01,14,12,9,130,1820,Partial,Within Lead Time,Q3 2027
PRJ-001331-SP04,PRJ-001331,MAT-1005,2027-08-01,31,18,0,26000,806000,Partial,Within Lead Time,Q3 2027
PRJ-001331-SP05,PRJ-001331,MAT-1003,2028-08-01,4272,2772,1909,12,51264,Partial,Within Lead Time,Q3 2028
PRJ-001332-SP01,PRJ-001332,MAT-1003,2026-10-01,9635,3449,2682,12,115620,Partial,At Risk,Q4 2026
PRJ-001332-SP02,PRJ-001332,MAT-1012,2027-10-01,49,19,8,68,3332,Partial,Within Lead Time,Q4 2027
PRJ-001332-SP03,PRJ-001332,MAT-1011,2026-10-01,52,18,7,130,6760,Partial,Within Lead Time,Q4 2026
PRJ-001333-SP01,PRJ-001333,MAT-1005,2028-02-01,71,6,2,26000,1846000,Partial,Within Lead Time,Q1 2028
PRJ-001333-SP02,PRJ-001333,MAT-1006,2028-02-01,64,50,22,6200,396800,Partial,Within Lead Time,Q1 2028
PRJ-001333-SP03,PRJ-001333,MAT-1002,2028-05-01,73,17,3,420,30660,Partial,Within Lead Time,Q2 2028
PRJ-001333-SP04,PRJ-001333,MAT-1002,2028-10-01,31,25,8,420,13020,Partial,Within Lead Time,Q4 2028
PRJ-001334-SP01,PRJ-001334,MAT-1010,2026-10-01,69,17,6,980,67620,Partial,At Risk,Q4 2026
PRJ-001334-SP02,PRJ-001334,MAT-1011,2028-01-01,55,45,14,130,7150,Partial,Within Lead Time,Q1 2028
PRJ-001334-SP03,PRJ-001334,MAT-1003,2027-03-01,1007,131,1,12,12084,Partial,Within Lead Time,Q1 2027
PRJ-001334-SP04,PRJ-001334,MAT-1005,2028-08-01,7,4,4,26000,182000,Partial,Within Lead Time,Q3 2028
PRJ-001334-SP05,PRJ-001334,MAT-1007,2026-11-01,4,2,1,14500,58000,Partial,At Risk,Q4 2026
PRJ-001334-SP06,PRJ-001334,MAT-1002,2026-01-01,35,28,21,420,14700,Partial,At Risk,Q1 2026
PRJ-001334-SP07,PRJ-001334,MAT-1001,2029-01-01,30,21,10,2100,63000,Partial,Within Lead Time,Q1 2029
PRJ-001335-SP01,PRJ-001335,MAT-1002,2026-07-01,43,30,28,420,18060,Partial,At Risk,Q3 2026
PRJ-001335-SP02,PRJ-001335,MAT-1005,2026-04-01,31,3,3,26000,806000,Partial,At Risk,Q2 2026
PRJ-001335-SP03,PRJ-001335,MAT-1012,2027-03-01,36,24,4,68,2448,Partial,Within Lead Time,Q1 2027
PRJ-001335-SP04,PRJ-001335,MAT-1003,2028-04-01,4873,3782,1696,12,58476,Partial,Within Lead Time,Q2 2028
PRJ-001335-SP05,PRJ-001335,MAT-1010,2029-01-01,12,9,1,980,11760,Partial,Within Lead Time,Q1 2029
PRJ-001335-SP06,PRJ-001335,MAT-1007,2026-07-01,15,9,3,14500,217500,Partial,At Risk,Q3 2026
PRJ-001335-SP07,PRJ-001335,MAT-1009,2027-12-01,45,24,15,145,6525,Partial,Within Lead Time,Q4 2027
PRJ-001335-SP08,PRJ-001335,MAT-1003,2027-06-01,1124,448,346,12,13488,Partial,Within Lead Time,Q2 2027
PRJ-001336-SP01,PRJ-001336,MAT-1010,2029-01-01,51,3,2,980,49980,Partial,Within Lead Time,Q1 2029
PRJ-001336-SP02,PRJ-001336,MAT-1002,2026-06-01,42,19,2,420,17640,Partial,At Risk,Q2 2026
PRJ-001336-SP03,PRJ-001336,MAT-1005,2028-01-01,17,8,1,26000,442000,Partial,Within Lead Time,Q1 2028
PRJ-001336-SP04,PRJ-001336,MAT-1011,2028-01-01,61,23,20,130,7930,Partial,Within Lead Time,Q1 2028
PRJ-001336-SP05,PRJ-001336,MAT-1003,2027-04-01,3648,715,333,12,43776,Partial,Within Lead Time,Q2 2027
PRJ-001336-SP06,PRJ-001336,MAT-1010,2028-09-01,71,2,2,980,69580,Partial,Within Lead Time,Q3 2028
PRJ-001336-SP07,PRJ-001336,MAT-1011,2026-10-01,7,0,0,130,910,Not Reserved,Within Lead Time,Q4 2026
PRJ-001336-SP08,PRJ-001336,MAT-1012,2026-11-01,16,5,2,68,1088,Partial,Within Lead Time,Q4 2026
PRJ-001337-SP01,PRJ-001337,MAT-1006,2028-09-01,38,3,2,6200,235600,Partial,Within Lead Time,Q3 2028
PRJ-001337-SP02,PRJ-001337,MAT-1003,2027-07-01,4384,3188,2529,12,52608,Partial,Within Lead Time,Q3 2027
PRJ-001337-SP03,PRJ-001337,MAT-1004,2027-11-01,629,549,373,27,16983,Partial,Within Lead Time,Q4 2027
PRJ-001337-SP04,PRJ-001337,MAT-1003,2027-10-01,9181,6019,5013,12,110172,Partial,Within Lead Time,Q4 2027
PRJ-001337-SP05,PRJ-001337,MAT-1001,2028-01-01,39,2,2,2100,81900,Partial,Within Lead Time,Q1 2028
PRJ-001337-SP06,PRJ-001337,MAT-1007,2028-02-01,11,9,6,14500,159500,Partial,Within Lead Time,Q1 2028
PRJ-001338-SP01,PRJ-001338,MAT-1003,2027-02-01,2654,1232,620,12,31848,Partial,Within Lead Time,Q1 2027
PRJ-001338-SP02,PRJ-001338,MAT-1001,2028-09-01,14,2,1,2100,29400,Partial,Within Lead Time,Q3 2028
PRJ-001338-SP03,PRJ-001338,MAT-1003,2028-09-01,9155,8329,7111,12,109860,Partial,Within Lead Time,Q3 2028
PRJ-001339-SP01,PRJ-001339,MAT-1007,2026-02-01,16,12,1,14500,232000,Partial,At Risk,Q1 2026
PRJ-001339-SP02,PRJ-001339,MAT-1001,2026-07-01,51,9,3,2100,107100,Partial,At Risk,Q3 2026
PRJ-001340-SP01,PRJ-001340,MAT-1006,2028-10-01,7,3,2,6200,43400,Partial,Within Lead Time,Q4 2028
PRJ-001340-SP02,PRJ-001340,MAT-1005,2026-05-01,33,10,4,26000,858000,Partial,At Risk,Q2 2026
PRJ-001340-SP03,PRJ-001340,MAT-1009,2027-04-01,23,12,6,145,3335,Partial,Within Lead Time,Q2 2027
PRJ-001340-SP04,PRJ-001340,MAT-1011,2027-11-01,63,21,3,130,8190,Partial,Within Lead Time,Q4 2027
PRJ-001340-SP05,PRJ-001340,MAT-1007,2028-10-01,47,36,4,14500,681500,Partial,Within Lead Time,Q4 2028
PRJ-001340-SP06,PRJ-001340,MAT-1010,2027-11-01,30,1,1,980,29400,Partial,Within Lead Time,Q4 2027
PRJ-001341-SP01,PRJ-001341,MAT-1008,2028-09-01,22,5,4,19000,418000,Partial,Within Lead Time,Q3 2028
PRJ-001341-SP02,PRJ-001341,MAT-1001,2026-09-01,22,0,0,2100,46200,Not Reserved,At Risk,Q3 2026
PRJ-001341-SP03,PRJ-001341,MAT-1003,2026-09-01,6268,4201,1469,12,75216,Partial,At Risk,Q3 2026
PRJ-001341-SP04,PRJ-001341,MAT-1003,2026-09-01,2544,2095,1458,12,30528,Partial,At Risk,Q3 2026
PRJ-001341-SP05,PRJ-001341,MAT-1004,2028-10-01,8356,7059,4687,27,225612,Partial,Within Lead Time,Q4 2028
PRJ-001342-SP01,PRJ-001342,MAT-1003,2026-05-01,7543,1235,597,12,90516,Partial,At Risk,Q2 2026
PRJ-001342-SP02,PRJ-001342,MAT-1009,2028-09-01,70,24,12,145,10150,Partial,Within Lead Time,Q3 2028
PRJ-001342-SP03,PRJ-001342,MAT-1005,2026-02-01,73,39,21,26000,1898000,Partial,At Risk,Q1 2026
PRJ-001342-SP04,PRJ-001342,MAT-1012,2028-02-01,37,28,27,68,2516,Partial,Within Lead Time,Q1 2028
PRJ-001342-SP05,PRJ-001342,MAT-1001,2028-01-01,68,5,4,2100,142800,Partial,Within Lead Time,Q1 2028
PRJ-001343-SP01,PRJ-001343,MAT-1002,2027-01-01,5,5,0,420,2100,Partial,Within Lead Time,Q1 2027
PRJ-001343-SP02,PRJ-001343,MAT-1012,2026-08-01,43,6,5,68,2924,Partial,At Risk,Q3 2026
PRJ-001343-SP03,PRJ-001343,MAT-1011,2026-10-01,49,42,5,130,6370,Partial,Within Lead Time,Q4 2026
PRJ-001343-SP04,PRJ-001343,MAT-1010,2027-12-01,26,14,8,980,25480,Partial,Within Lead Time,Q4 2027
PRJ-001343-SP05,PRJ-001343,MAT-1001,2028-02-01,66,55,19,2100,138600,Partial,Within Lead Time,Q1 2028
PRJ-001344-SP01,PRJ-001344,MAT-1008,2028-01-01,24,13,11,19000,456000,Partial,Within Lead Time,Q1 2028
PRJ-001344-SP02,PRJ-001344,MAT-1006,2028-11-01,3,1,0,6200,18600,Partial,Within Lead Time,Q4 2028
PRJ-001345-SP01,PRJ-001345,MAT-1006,2027-08-01,51,41,26,6200,316200,Partial,Within Lead Time,Q3 2027
PRJ-001345-SP02,PRJ-001345,MAT-1009,2027-04-01,73,45,1,145,10585,Partial,Within Lead Time,Q2 2027
PRJ-001345-SP03,PRJ-001345,MAT-1007,2027-11-01,57,36,35,14500,826500,Partial,Within Lead Time,Q4 2027
PRJ-001345-SP04,PRJ-001345,MAT-1007,2027-07-01,39,9,2,14500,565500,Partial,Within Lead Time,Q3 2027
PRJ-001346-SP01,PRJ-001346,MAT-1010,2028-05-01,40,19,17,980,39200,Partial,Within Lead Time,Q2 2028
PRJ-001346-SP02,PRJ-001346,MAT-1012,2028-03-01,28,17,15,68,1904,Partial,Within Lead Time,Q1 2028
PRJ-001347-SP01,PRJ-001347,MAT-1006,2027-12-01,12,9,7,6200,74400,Partial,Within Lead Time,Q4 2027
PRJ-001347-SP02,PRJ-001347,MAT-1012,2027-01-01,45,22,5,68,3060,Partial,Within Lead Time,Q1 2027
PRJ-001347-SP03,PRJ-001347,MAT-1004,2029-01-01,7274,6574,2142,27,196398,Partial,Within Lead Time,Q1 2029
PRJ-001347-SP04,PRJ-001347,MAT-1001,2027-12-01,14,13,7,2100,29400,Partial,Within Lead Time,Q4 2027
PRJ-001347-SP05,PRJ-001347,MAT-1003,2026-03-01,8163,7303,5696,12,97956,Partial,At Risk,Q1 2026
PRJ-001347-SP06,PRJ-001347,MAT-1009,2026-07-01,66,3,1,145,9570,Partial,At Risk,Q3 2026
PRJ-001347-SP07,PRJ-001347,MAT-1004,2028-09-01,9859,1388,648,27,266193,Partial,Within Lead Time,Q3 2028
PRJ-001348-SP01,PRJ-001348,MAT-1009,2026-12-01,3,1,0,145,435,Partial,Within Lead Time,Q4 2026
PRJ-001348-SP02,PRJ-001348,MAT-1012,2027-10-01,22,16,7,68,1496,Partial,Within Lead Time,Q4 2027
PRJ-001348-SP03,PRJ-001348,MAT-1006,2028-05-01,34,26,17,6200,210800,Partial,Within Lead Time,Q2 2028
PRJ-001348-SP04,PRJ-001348,MAT-1004,2028-06-01,4280,82,7,27,115560,Partial,Within Lead Time,Q2 2028
PRJ-001348-SP05,PRJ-001348,MAT-1009,2027-02-01,31,26,13,145,4495,Partial,Within Lead Time,Q1 2027
PRJ-001348-SP06,PRJ-001348,MAT-1004,2028-09-01,4416,2872,43,27,119232,Partial,Within Lead Time,Q3 2028
PRJ-001348-SP07,PRJ-001348,MAT-1002,2026-09-01,75,33,23,420,31500,Partial,At Risk,Q3 2026
PRJ-001348-SP08,PRJ-001348,MAT-1004,2026-12-01,4641,2029,807,27,125307,Partial,Within Lead Time,Q4 2026
PRJ-001349-SP01,PRJ-001349,MAT-1003,2027-10-01,4545,3691,403,12,54540,Partial,Within Lead Time,Q4 2027
PRJ-001349-SP02,PRJ-001349,MAT-1006,2027-10-01,77,43,29,6200,477400,Partial,Within Lead Time,Q4 2027
PRJ-001349-SP03,PRJ-001349,MAT-1007,2026-10-01,30,25,14,14500,435000,Partial,At Risk,Q4 2026
PRJ-001349-SP04,PRJ-001349,MAT-1007,2026-08-01,50,41,31,14500,725000,Partial,At Risk,Q3 2026
PRJ-001349-SP05,PRJ-001349,MAT-1009,2028-09-01,39,38,37,145,5655,Partial,Within Lead Time,Q3 2028
PRJ-001349-SP06,PRJ-001349,MAT-1011,2026-08-01,62,31,8,130,8060,Partial,At Risk,Q3 2026
PRJ-001349-SP07,PRJ-001349,MAT-1010,2028-10-01,27,24,4,980,26460,Partial,Within Lead Time,Q4 2028
PRJ-001350-SP01,PRJ-001350,MAT-1006,2026-03-01,31,24,16,6200,192200,Partial,At Risk,Q1 2026
PRJ-001350-SP02,PRJ-001350,MAT-1006,2028-09-01,38,34,23,6200,235600,Partial,Within Lead Time,Q3 2028
PRJ-001350-SP03,PRJ-001350,MAT-1007,2027-01-01,46,7,0,14500,667000,Partial,Within Lead Time,Q1 2027
PRJ-001350-SP04,PRJ-001350,MAT-1012,2026-03-01,74,73,28,68,5032,Partial,At Risk,Q1 2026
PRJ-001350-SP05,PRJ-001350,MAT-1002,2026-01-01,65,60,56,420,27300,Partial,At Risk,Q1 2026
PRJ-001351-SP01,PRJ-001351,MAT-1006,2027-02-01,23,22,12,6200,142600,Partial,Within Lead Time,Q1 2027
PRJ-001351-SP02,PRJ-001351,MAT-1004,2027-05-01,6561,6425,4382,27,177147,Partial,Within Lead Time,Q2 2027
PRJ-001351-SP03,PRJ-001351,MAT-1009,2027-08-01,15,6,0,145,2175,Partial,Within Lead Time,Q3 2027
PRJ-001351-SP04,PRJ-001351,MAT-1010,2028-01-01,31,28,12,980,30380,Partial,Within Lead Time,Q1 2028
PRJ-001351-SP05,PRJ-001351,MAT-1010,2029-01-01,64,35,6,980,62720,Partial,Within Lead Time,Q1 2029
PRJ-001351-SP06,PRJ-001351,MAT-1005,2028-07-01,2,1,0,26000,52000,Partial,Within Lead Time,Q3 2028
PRJ-001351-SP07,PRJ-001351,MAT-1009,2028-11-01,59,8,5,145,8555,Partial,Within Lead Time,Q4 2028
PRJ-001352-SP01,PRJ-001352,MAT-1006,2026-12-01,34,3,3,6200,210800,Partial,Within Lead Time,Q4 2026
PRJ-001352-SP02,PRJ-001352,MAT-1007,2027-08-01,72,0,0,14500,1044000,Not Reserved,Within Lead Time,Q3 2027
PRJ-001352-SP03,PRJ-001352,MAT-1007,2026-04-01,44,7,4,14500,638000,Partial,At Risk,Q2 2026
PRJ-001352-SP04,PRJ-001352,MAT-1001,2028-04-01,65,23,18,2100,136500,Partial,Within Lead Time,Q2 2028
PRJ-001352-SP05,PRJ-001352,MAT-1006,2028-06-01,42,40,35,6200,260400,Partial,Within Lead Time,Q2 2028
PRJ-001352-SP06,PRJ-001352,MAT-1002,2026-08-01,64,23,0,420,26880,Partial,At Risk,Q3 2026
PRJ-001352-SP07,PRJ-001352,MAT-1004,2028-03-01,3548,3363,3156,27,95796,Partial,Within Lead Time,Q1 2028
PRJ-001353-SP01,PRJ-001353,MAT-1007,2026-01-01,67,52,50,14500,971500,Partial,At Risk,Q1 2026
PRJ-001353-SP02,PRJ-001353,MAT-1011,2028-02-01,24,12,10,130,3120,Partial,Within Lead Time,Q1 2028
PRJ-001353-SP03,PRJ-001353,MAT-1009,2028-09-01,28,9,4,145,4060,Partial,Within Lead Time,Q3 2028
PRJ-001353-SP04,PRJ-001353,MAT-1010,2027-04-01,3,2,1,980,2940,Partial,Within Lead Time,Q2 2027
PRJ-001354-SP01,PRJ-001354,MAT-1012,2028-11-01,72,36,35,68,4896,Partial,Within Lead Time,Q4 2028
PRJ-001354-SP02,PRJ-001354,MAT-1003,2028-01-01,7063,5752,4200,12,84756,Partial,Within Lead Time,Q1 2028
PRJ-001355-SP01,PRJ-001355,MAT-1004,2028-12-01,3447,3244,2583,27,93069,Partial,Within Lead Time,Q4 2028
PRJ-001355-SP02,PRJ-001355,MAT-1012,2028-05-01,12,4,3,68,816,Partial,Within Lead Time,Q2 2028
PRJ-001355-SP03,PRJ-001355,MAT-1003,2028-12-01,5435,3758,770,12,65220,Partial,Within Lead Time,Q4 2028
PRJ-001355-SP04,PRJ-001355,MAT-1003,2028-04-01,7960,4891,4286,12,95520,Partial,Within Lead Time,Q2 2028
PRJ-001355-SP05,PRJ-001355,MAT-1011,2026-08-01,49,20,2,130,6370,Partial,At Risk,Q3 2026
PRJ-001355-SP06,PRJ-001355,MAT-1007,2028-01-01,33,26,7,14500,478500,Partial,Within Lead Time,Q1 2028
PRJ-001355-SP07,PRJ-001355,MAT-1012,2027-05-01,4,3,0,68,272,Partial,Within Lead Time,Q2 2027
PRJ-001356-SP01,PRJ-001356,MAT-1010,2026-05-01,66,6,3,980,64680,Partial,At Risk,Q2 2026
PRJ-001356-SP02,PRJ-001356,MAT-1005,2026-08-01,48,34,33,26000,1248000,Partial,At Risk,Q3 2026
PRJ-001356-SP03,PRJ-001356,MAT-1001,2027-08-01,79,58,42,2100,165900,Partial,Within Lead Time,Q3 2027
PRJ-001356-SP04,PRJ-001356,MAT-1002,2028-06-01,17,5,3,420,7140,Partial,Within Lead Time,Q2 2028
PRJ-001356-SP05,PRJ-001356,MAT-1003,2028-07-01,1764,1711,128,12,21168,Partial,Within Lead Time,Q3 2028
PRJ-001356-SP06,PRJ-001356,MAT-1007,2027-02-01,49,0,0,14500,710500,Not Reserved,Within Lead Time,Q1 2027
PRJ-001357-SP01,PRJ-001357,MAT-1010,2029-01-01,51,50,43,980,49980,Partial,Within Lead Time,Q1 2029
PRJ-001357-SP02,PRJ-001357,MAT-1007,2028-05-01,16,9,5,14500,232000,Partial,Within Lead Time,Q2 2028
PRJ-001357-SP03,PRJ-001357,MAT-1007,2027-09-01,50,1,1,14500,725000,Partial,Within Lead Time,Q3 2027
PRJ-001357-SP04,PRJ-001357,MAT-1008,2028-11-01,14,12,2,19000,266000,Partial,Within Lead Time,Q4 2028
PRJ-001357-SP05,PRJ-001357,MAT-1007,2028-03-01,66,31,21,14500,957000,Partial,Within Lead Time,Q1 2028
PRJ-001358-SP01,PRJ-001358,MAT-1007,2028-11-01,49,16,16,14500,710500,Partial,Within Lead Time,Q4 2028
PRJ-001358-SP02,PRJ-001358,MAT-1003,2027-06-01,8210,4124,536,12,98520,Partial,Within Lead Time,Q2 2027
PRJ-001358-SP03,PRJ-001358,MAT-1005,2028-10-01,17,7,1,26000,442000,Partial,Within Lead Time,Q4 2028
PRJ-001358-SP04,PRJ-001358,MAT-1002,2026-10-01,24,20,9,420,10080,Partial,Within Lead Time,Q4 2026
PRJ-001358-SP05,PRJ-001358,MAT-1001,2028-01-01,52,20,10,2100,109200,Partial,Within Lead Time,Q1 2028
PRJ-001358-SP06,PRJ-001358,MAT-1005,2026-10-01,37,28,12,26000,962000,Partial,At Risk,Q4 2026
PRJ-001358-SP07,PRJ-001358,MAT-1007,2027-04-01,23,4,2,14500,333500,Partial,Within Lead Time,Q2 2027
PRJ-001358-SP08,PRJ-001358,MAT-1010,2026-11-01,73,57,40,980,71540,Partial,Within Lead Time,Q4 2026
PRJ-001359-SP01,PRJ-001359,MAT-1001,2026-01-01,18,11,2,2100,37800,Partial,At Risk,Q1 2026
PRJ-001359-SP02,PRJ-001359,MAT-1010,2026-02-01,42,29,9,980,41160,Partial,At Risk,Q1 2026
PRJ-001359-SP03,PRJ-001359,MAT-1007,2028-04-01,68,20,0,14500,986000,Partial,Within Lead Time,Q2 2028
PRJ-001359-SP04,PRJ-001359,MAT-1007,2026-07-01,53,14,7,14500,768500,Partial,At Risk,Q3 2026
PRJ-001359-SP05,PRJ-001359,MAT-1003,2027-07-01,6117,3407,972,12,73404,Partial,Within Lead Time,Q3 2027
PRJ-001359-SP06,PRJ-001359,MAT-1008,2026-05-01,73,29,14,19000,1387000,Partial,At Risk,Q2 2026
PRJ-001359-SP07,PRJ-001359,MAT-1002,2026-04-01,4,3,0,420,1680,Partial,At Risk,Q2 2026
PRJ-001359-SP08,PRJ-001359,MAT-1009,2027-11-01,7,2,1,145,1015,Partial,Within Lead Time,Q4 2027
PRJ-001360-SP01,PRJ-001360,MAT-1012,2028-02-01,32,12,1,68,2176,Partial,Within Lead Time,Q1 2028
PRJ-001360-SP02,PRJ-001360,MAT-1010,2028-02-01,17,12,9,980,16660,Partial,Within Lead Time,Q1 2028
PRJ-001360-SP03,PRJ-001360,MAT-1006,2027-10-01,20,19,4,6200,124000,Partial,Within Lead Time,Q4 2027
PRJ-001360-SP04,PRJ-001360,MAT-1007,2028-12-01,15,9,3,14500,217500,Partial,Within Lead Time,Q4 2028
PRJ-001360-SP05,PRJ-001360,MAT-1004,2027-03-01,5697,4106,2299,27,153819,Partial,Within Lead Time,Q1 2027
PRJ-001360-SP06,PRJ-001360,MAT-1002,2026-12-01,22,14,14,420,9240,Partial,Within Lead Time,Q4 2026
PRJ-001360-SP07,PRJ-001360,MAT-1003,2028-09-01,3525,1055,1013,12,42300,Partial,Within Lead Time,Q3 2028
PRJ-001360-SP08,PRJ-001360,MAT-1003,2027-08-01,1500,394,203,12,18000,Partial,Within Lead Time,Q3 2027
PRJ-001361-SP01,PRJ-001361,MAT-1010,2027-05-01,40,29,10,980,39200,Partial,Within Lead Time,Q2 2027
PRJ-001361-SP02,PRJ-001361,MAT-1002,2027-10-01,67,66,19,420,28140,Partial,Within Lead Time,Q4 2027
PRJ-001362-SP01,PRJ-001362,MAT-1010,2027-04-01,63,19,1,980,61740,Partial,Within Lead Time,Q2 2027
PRJ-001362-SP02,PRJ-001362,MAT-1012,2027-12-01,4,0,0,68,272,Not Reserved,Within Lead Time,Q4 2027
PRJ-001363-SP01,PRJ-001363,MAT-1009,2027-03-01,56,51,21,145,8120,Partial,Within Lead Time,Q1 2027
PRJ-001363-SP02,PRJ-001363,MAT-1011,2028-01-01,47,37,19,130,6110,Partial,Within Lead Time,Q1 2028
PRJ-001363-SP03,PRJ-001363,MAT-1005,2028-10-01,44,33,21,26000,1144000,Partial,Within Lead Time,Q4 2028
PRJ-001363-SP04,PRJ-001363,MAT-1002,2026-05-01,7,2,2,420,2940,Partial,At Risk,Q2 2026
PRJ-001363-SP05,PRJ-001363,MAT-1011,2029-01-01,7,2,2,130,910,Partial,Within Lead Time,Q1 2029
PRJ-001364-SP01,PRJ-001364,MAT-1006,2026-10-01,14,13,1,6200,86800,Partial,At Risk,Q4 2026
PRJ-001364-SP02,PRJ-001364,MAT-1007,2028-03-01,25,15,8,14500,362500,Partial,Within Lead Time,Q1 2028
PRJ-001364-SP03,PRJ-001364,MAT-1002,2026-01-01,62,52,16,420,26040,Partial,At Risk,Q1 2026
PRJ-001364-SP04,PRJ-001364,MAT-1001,2026-12-01,69,60,49,2100,144900,Partial,Within Lead Time,Q4 2026
PRJ-001364-SP05,PRJ-001364,MAT-1004,2026-06-01,3182,1578,1178,27,85914,Partial,At Risk,Q2 2026
PRJ-001365-SP01,PRJ-001365,MAT-1009,2027-10-01,45,2,0,145,6525,Partial,Within Lead Time,Q4 2027
PRJ-001365-SP02,PRJ-001365,MAT-1008,2027-01-01,6,4,0,19000,114000,Partial,At Risk,Q1 2027
PRJ-001365-SP03,PRJ-001365,MAT-1010,2026-01-01,13,0,0,980,12740,Not Reserved,At Risk,Q1 2026
PRJ-001366-SP01,PRJ-001366,MAT-1003,2026-11-01,4847,436,315,12,58164,Partial,Within Lead Time,Q4 2026
PRJ-001366-SP02,PRJ-001366,MAT-1010,2027-06-01,59,52,33,980,57820,Partial,Within Lead Time,Q2 2027
PRJ-001366-SP03,PRJ-001366,MAT-1004,2026-02-01,1940,1660,191,27,52380,Partial,At Risk,Q1 2026
PRJ-001366-SP04,PRJ-001366,MAT-1009,2027-10-01,71,39,30,145,10295,Partial,Within Lead Time,Q4 2027
PRJ-001367-SP01,PRJ-001367,MAT-1002,2029-01-01,36,29,13,420,15120,Partial,Within Lead Time,Q1 2029
PRJ-001367-SP02,PRJ-001367,MAT-1001,2027-10-01,74,72,15,2100,155400,Partial,Within Lead Time,Q4 2027
PRJ-001367-SP03,PRJ-001367,MAT-1012,2027-02-01,17,5,0,68,1156,Partial,Within Lead Time,Q1 2027
PRJ-001367-SP04,PRJ-001367,MAT-1007,2026-01-01,9,5,4,14500,130500,Partial,At Risk,Q1 2026
PRJ-001367-SP05,PRJ-001367,MAT-1006,2026-10-01,21,7,2,6200,130200,Partial,At Risk,Q4 2026
PRJ-001368-SP01,PRJ-001368,MAT-1003,2028-11-01,1255,1220,592,12,15060,Partial,Within Lead Time,Q4 2028
PRJ-001368-SP02,PRJ-001368,MAT-1004,2028-03-01,4037,657,271,27,108999,Partial,Within Lead Time,Q1 2028
PRJ-001368-SP03,PRJ-001368,MAT-1010,2028-12-01,62,49,45,980,60760,Partial,Within Lead Time,Q4 2028
PRJ-001368-SP04,PRJ-001368,MAT-1007,2027-09-01,17,13,9,14500,246500,Partial,Within Lead Time,Q3 2027
PRJ-001368-SP05,PRJ-001368,MAT-1002,2028-10-01,60,1,1,420,25200,Partial,Within Lead Time,Q4 2028
PRJ-001368-SP06,PRJ-001368,MAT-1006,2026-09-01,16,10,1,6200,99200,Partial,At Risk,Q3 2026
PRJ-001368-SP07,PRJ-001368,MAT-1007,2026-04-01,40,10,4,14500,580000,Partial,At Risk,Q2 2026
PRJ-001369-SP01,PRJ-001369,MAT-1002,2026-02-01,20,7,0,420,8400,Partial,At Risk,Q1 2026
PRJ-001369-SP02,PRJ-001369,MAT-1001,2028-04-01,19,14,8,2100,39900,Partial,Within Lead Time,Q2 2028
PRJ-001369-SP03,PRJ-001369,MAT-1012,2026-10-01,80,26,10,68,5440,Partial,Within Lead Time,Q4 2026
PRJ-001369-SP04,PRJ-001369,MAT-1005,2028-05-01,24,11,5,26000,624000,Partial,Within Lead Time,Q2 2028
PRJ-001369-SP05,PRJ-001369,MAT-1011,2027-06-01,72,2,1,130,9360,Partial,Within Lead Time,Q2 2027
PRJ-001369-SP06,PRJ-001369,MAT-1004,2026-12-01,8771,2750,789,27,236817,Partial,Within Lead Time,Q4 2026
PRJ-001369-SP07,PRJ-001369,MAT-1009,2027-06-01,35,1,0,145,5075,Partial,Within Lead Time,Q2 2027
PRJ-001370-SP01,PRJ-001370,MAT-1003,2027-07-01,1992,1437,452,12,23904,Partial,Within Lead Time,Q3 2027
PRJ-001370-SP02,PRJ-001370,MAT-1007,2027-02-01,71,1,1,14500,1029500,Partial,Within Lead Time,Q1 2027
PRJ-001371-SP01,PRJ-001371,MAT-1011,2029-01-01,53,17,13,130,6890,Partial,Within Lead Time,Q1 2029
PRJ-001371-SP02,PRJ-001371,MAT-1011,2028-06-01,31,17,8,130,4030,Partial,Within Lead Time,Q2 2028
PRJ-001371-SP03,PRJ-001371,MAT-1001,2026-01-01,6,3,0,2100,12600,Partial,At Risk,Q1 2026
PRJ-001371-SP04,PRJ-001371,MAT-1012,2028-11-01,37,11,3,68,2516,Partial,Within Lead Time,Q4 2028
PRJ-001372-SP01,PRJ-001372,MAT-1004,2028-01-01,5965,5567,2499,27,161055,Partial,Within Lead Time,Q1 2028
PRJ-001372-SP02,PRJ-001372,MAT-1007,2028-04-01,47,2,1,14500,681500,Partial,Within Lead Time,Q2 2028
PRJ-001372-SP03,PRJ-001372,MAT-1004,2026-08-01,2088,419,55,27,56376,Partial,At Risk,Q3 2026
PRJ-001373-SP01,PRJ-001373,MAT-1002,2027-07-01,25,8,1,420,10500,Partial,Within Lead Time,Q3 2027
PRJ-001373-SP02,PRJ-001373,MAT-1004,2028-03-01,3339,209,142,27,90153,Partial,Within Lead Time,Q1 2028
PRJ-001373-SP03,PRJ-001373,MAT-1007,2027-10-01,50,40,28,14500,725000,Partial,Within Lead Time,Q4 2027
PRJ-001373-SP04,PRJ-001373,MAT-1011,2026-09-01,52,25,14,130,6760,Partial,At Risk,Q3 2026
PRJ-001374-SP01,PRJ-001374,MAT-1004,2028-04-01,7021,611,34,27,189567,Partial,Within Lead Time,Q2 2028
PRJ-001374-SP02,PRJ-001374,MAT-1011,2026-10-01,26,6,4,130,3380,Partial,Within Lead Time,Q4 2026
PRJ-001374-SP03,PRJ-001374,MAT-1011,2027-10-01,36,8,3,130,4680,Partial,Within Lead Time,Q4 2027
PRJ-001374-SP04,PRJ-001374,MAT-1004,2026-05-01,2536,1810,812,27,68472,Partial,At Risk,Q2 2026
PRJ-001374-SP05,PRJ-001374,MAT-1002,2027-11-01,35,5,4,420,14700,Partial,Within Lead Time,Q4 2027
PRJ-001374-SP06,PRJ-001374,MAT-1005,2026-01-01,44,27,9,26000,1144000,Partial,At Risk,Q1 2026
PRJ-001374-SP07,PRJ-001374,MAT-1004,2026-08-01,2557,671,345,27,69039,Partial,At Risk,Q3 2026
PRJ-001375-SP01,PRJ-001375,MAT-1006,2026-01-01,4,3,2,6200,24800,Partial,At Risk,Q1 2026
PRJ-001375-SP02,PRJ-001375,MAT-1004,2026-10-01,6332,4839,438,27,170964,Partial,At Risk,Q4 2026
PRJ-001375-SP03,PRJ-001375,MAT-1012,2027-01-01,13,2,1,68,884,Partial,Within Lead Time,Q1 2027
PRJ-001375-SP04,PRJ-001375,MAT-1007,2026-08-01,14,14,3,14500,203000,Partial,At Risk,Q3 2026
PRJ-001375-SP05,PRJ-001375,MAT-1002,2027-12-01,72,65,14,420,30240,Partial,Within Lead Time,Q4 2027
PRJ-001376-SP01,PRJ-001376,MAT-1007,2027-08-01,19,10,3,14500,275500,Partial,Within Lead Time,Q3 2027
PRJ-001376-SP02,PRJ-001376,MAT-1006,2028-11-01,73,60,50,6200,452600,Partial,Within Lead Time,Q4 2028
PRJ-001376-SP03,PRJ-001376,MAT-1009,2026-11-01,45,35,24,145,6525,Partial,Within Lead Time,Q4 2026
PRJ-001376-SP04,PRJ-001376,MAT-1010,2028-02-01,33,28,16,980,32340,Partial,Within Lead Time,Q1 2028
PRJ-001376-SP05,PRJ-001376,MAT-1007,2028-04-01,36,20,5,14500,522000,Partial,Within Lead Time,Q2 2028
PRJ-001377-SP01,PRJ-001377,MAT-1010,2027-04-01,64,49,32,980,62720,Partial,Within Lead Time,Q2 2027
PRJ-001377-SP02,PRJ-001377,MAT-1001,2028-04-01,70,67,26,2100,147000,Partial,Within Lead Time,Q2 2028
PRJ-001377-SP03,PRJ-001377,MAT-1012,2027-07-01,16,12,8,68,1088,Partial,Within Lead Time,Q3 2027
PRJ-001377-SP04,PRJ-001377,MAT-1006,2028-03-01,56,33,14,6200,347200,Partial,Within Lead Time,Q1 2028
PRJ-001377-SP05,PRJ-001377,MAT-1001,2027-05-01,51,48,32,2100,107100,Partial,Within Lead Time,Q2 2027
PRJ-001377-SP06,PRJ-001377,MAT-1009,2028-12-01,79,10,0,145,11455,Partial,Within Lead Time,Q4 2028
PRJ-001377-SP07,PRJ-001377,MAT-1005,2028-05-01,47,22,11,26000,1222000,Partial,Within Lead Time,Q2 2028
PRJ-001377-SP08,PRJ-001377,MAT-1008,2026-01-01,56,35,12,19000,1064000,Partial,At Risk,Q1 2026
PRJ-001378-SP01,PRJ-001378,MAT-1012,2028-09-01,13,8,6,68,884,Partial,Within Lead Time,Q3 2028
PRJ-001378-SP02,PRJ-001378,MAT-1008,2026-02-01,57,49,7,19000,1083000,Partial,At Risk,Q1 2026
PRJ-001378-SP03,PRJ-001378,MAT-1006,2028-07-01,6,5,1,6200,37200,Partial,Within Lead Time,Q3 2028
PRJ-001378-SP04,PRJ-001378,MAT-1001,2027-12-01,27,12,2,2100,56700,Partial,Within Lead Time,Q4 2027
PRJ-001378-SP05,PRJ-001378,MAT-1002,2026-08-01,22,21,4,420,9240,Partial,At Risk,Q3 2026
PRJ-001379-SP01,PRJ-001379,MAT-1002,2026-09-01,45,24,15,420,18900,Partial,At Risk,Q3 2026
PRJ-001379-SP02,PRJ-001379,MAT-1002,2026-10-01,38,11,5,420,15960,Partial,Within Lead Time,Q4 2026
PRJ-001379-SP03,PRJ-001379,MAT-1010,2026-01-01,75,3,2,980,73500,Partial,At Risk,Q1 2026
PRJ-001379-SP04,PRJ-001379,MAT-1003,2028-03-01,8257,4497,594,12,99084,Partial,Within Lead Time,Q1 2028
PRJ-001379-SP05,PRJ-001379,MAT-1006,2028-02-01,18,13,10,6200,111600,Partial,Within Lead Time,Q1 2028
PRJ-001379-SP06,PRJ-001379,MAT-1004,2027-06-01,536,51,18,27,14472,Partial,Within Lead Time,Q2 2027
PRJ-001379-SP07,PRJ-001379,MAT-1011,2026-01-01,76,55,24,130,9880,Partial,At Risk,Q1 2026
PRJ-001380-SP01,PRJ-001380,MAT-1011,2026-03-01,59,36,21,130,7670,Partial,At Risk,Q1 2026
PRJ-001380-SP02,PRJ-001380,MAT-1002,2028-11-01,10,8,5,420,4200,Partial,Within Lead Time,Q4 2028
PRJ-001380-SP03,PRJ-001380,MAT-1003,2027-11-01,8749,3149,3061,12,104988,Partial,Within Lead Time,Q4 2027
PRJ-001380-SP04,PRJ-001380,MAT-1004,2029-01-01,8962,9,6,27,241974,Partial,Within Lead Time,Q1 2029
PRJ-001380-SP05,PRJ-001380,MAT-1002,2028-04-01,70,12,8,420,29400,Partial,Within Lead Time,Q2 2028
PRJ-001380-SP06,PRJ-001380,MAT-1008,2026-12-01,46,20,18,19000,874000,Partial,At Risk,Q4 2026
PRJ-001380-SP07,PRJ-001380,MAT-1011,2026-11-01,69,19,17,130,8970,Partial,Within Lead Time,Q4 2026
PRJ-001380-SP08,PRJ-001380,MAT-1005,2028-07-01,30,24,24,26000,780000,Partial,Within Lead Time,Q3 2028
PRJ-001381-SP01,PRJ-001381,MAT-1010,2028-07-01,12,11,8,980,11760,Partial,Within Lead Time,Q3 2028
PRJ-001381-SP02,PRJ-001381,MAT-1003,2027-05-01,7913,2121,1291,12,94956,Partial,Within Lead Time,Q2 2027
PRJ-001381-SP03,PRJ-001381,MAT-1009,2027-09-01,66,49,13,145,9570,Partial,Within Lead Time,Q3 2027
PRJ-001381-SP04,PRJ-001381,MAT-1005,2028-09-01,59,44,35,26000,1534000,Partial,Within Lead Time,Q3 2028
PRJ-001381-SP05,PRJ-001381,MAT-1012,2026-09-01,55,50,42,68,3740,Partial,At Risk,Q3 2026
PRJ-001381-SP06,PRJ-001381,MAT-1003,2028-05-01,4800,2649,729,12,57600,Partial,Within Lead Time,Q2 2028
PRJ-001381-SP07,PRJ-001381,MAT-1004,2028-04-01,2925,882,861,27,78975,Partial,Within Lead Time,Q2 2028
PRJ-001381-SP08,PRJ-001381,MAT-1002,2027-03-01,9,7,6,420,3780,Partial,Within Lead Time,Q1 2027
PRJ-001382-SP01,PRJ-001382,MAT-1011,2028-09-01,18,14,2,130,2340,Partial,Within Lead Time,Q3 2028
PRJ-001382-SP02,PRJ-001382,MAT-1010,2027-09-01,73,36,15,980,71540,Partial,Within Lead Time,Q3 2027
PRJ-001382-SP03,PRJ-001382,MAT-1012,2027-11-01,79,77,57,68,5372,Partial,Within Lead Time,Q4 2027
PRJ-001382-SP04,PRJ-001382,MAT-1002,2029-01-01,26,9,9,420,10920,Partial,Within Lead Time,Q1 2029
PRJ-001383-SP01,PRJ-001383,MAT-1008,2028-08-01,7,7,1,19000,133000,Partial,Within Lead Time,Q3 2028
PRJ-001383-SP02,PRJ-001383,MAT-1005,2027-10-01,20,7,4,26000,520000,Partial,Within Lead Time,Q4 2027
PRJ-001383-SP03,PRJ-001383,MAT-1010,2028-10-01,33,18,18,980,32340,Partial,Within Lead Time,Q4 2028
PRJ-001383-SP04,PRJ-001383,MAT-1003,2027-10-01,7767,5067,1281,12,93204,Partial,Within Lead Time,Q4 2027
PRJ-001384-SP01,PRJ-001384,MAT-1005,2028-12-01,25,16,15,26000,650000,Partial,Within Lead Time,Q4 2028
PRJ-001384-SP02,PRJ-001384,MAT-1004,2027-04-01,8475,6253,2630,27,228825,Partial,Within Lead Time,Q2 2027
PRJ-001385-SP01,PRJ-001385,MAT-1006,2027-03-01,38,26,22,6200,235600,Partial,Within Lead Time,Q1 2027
PRJ-001385-SP02,PRJ-001385,MAT-1006,2027-09-01,73,20,10,6200,452600,Partial,Within Lead Time,Q3 2027
PRJ-001385-SP03,PRJ-001385,MAT-1007,2028-02-01,8,3,1,14500,116000,Partial,Within Lead Time,Q1 2028
PRJ-001385-SP04,PRJ-001385,MAT-1011,2026-07-01,53,28,13,130,6890,Partial,At Risk,Q3 2026
PRJ-001385-SP05,PRJ-001385,MAT-1012,2029-01-01,26,22,1,68,1768,Partial,Within Lead Time,Q1 2029
PRJ-001385-SP06,PRJ-001385,MAT-1007,2028-02-01,51,4,1,14500,739500,Partial,Within Lead Time,Q1 2028
PRJ-001385-SP07,PRJ-001385,MAT-1007,2027-05-01,33,20,16,14500,478500,Partial,Within Lead Time,Q2 2027
PRJ-001386-SP01,PRJ-001386,MAT-1005,2027-12-01,2,0,0,26000,52000,Not Reserved,Within Lead Time,Q4 2027
PRJ-001386-SP02,PRJ-001386,MAT-1009,2027-06-01,76,74,55,145,11020,Partial,Within Lead Time,Q2 2027
PRJ-001386-SP03,PRJ-001386,MAT-1002,2028-10-01,26,9,2,420,10920,Partial,Within Lead Time,Q4 2028
PRJ-001386-SP04,PRJ-001386,MAT-1003,2026-09-01,9455,3335,1825,12,113460,Partial,At Risk,Q3 2026
PRJ-001387-SP01,PRJ-001387,MAT-1006,2026-12-01,40,28,25,6200,248000,Partial,Within Lead Time,Q4 2026
PRJ-001387-SP02,PRJ-001387,MAT-1002,2028-05-01,12,5,1,420,5040,Partial,Within Lead Time,Q2 2028
PRJ-001388-SP01,PRJ-001388,MAT-1008,2027-05-01,57,36,2,19000,1083000,Partial,Within Lead Time,Q2 2027
PRJ-001388-SP02,PRJ-001388,MAT-1011,2028-01-01,52,37,25,130,6760,Partial,Within Lead Time,Q1 2028
PRJ-001388-SP03,PRJ-001388,MAT-1009,2027-08-01,15,10,8,145,2175,Partial,Within Lead Time,Q3 2027
PRJ-001389-SP01,PRJ-001389,MAT-1007,2026-02-01,43,7,1,14500,623500,Partial,At Risk,Q1 2026
PRJ-001389-SP02,PRJ-001389,MAT-1002,2027-06-01,12,10,2,420,5040,Partial,Within Lead Time,Q2 2027
PRJ-001389-SP03,PRJ-001389,MAT-1005,2026-11-01,5,3,2,26000,130000,Partial,At Risk,Q4 2026
PRJ-001390-SP01,PRJ-001390,MAT-1010,2026-09-01,76,74,58,980,74480,Partial,At Risk,Q3 2026
PRJ-001390-SP02,PRJ-001390,MAT-1009,2028-12-01,2,0,0,145,290,Not Reserved,Within Lead Time,Q4 2028
PRJ-001391-SP01,PRJ-001391,MAT-1005,2027-11-01,60,25,10,26000,1560000,Partial,Within Lead Time,Q4 2027
PRJ-001391-SP02,PRJ-001391,MAT-1005,2027-03-01,63,49,11,26000,1638000,Partial,Within Lead Time,Q1 2027
PRJ-001392-SP01,PRJ-001392,MAT-1008,2028-11-01,13,7,1,19000,247000,Partial,Within Lead Time,Q4 2028
PRJ-001392-SP02,PRJ-001392,MAT-1006,2029-01-01,78,28,14,6200,483600,Partial,Within Lead Time,Q1 2029
PRJ-001392-SP03,PRJ-001392,MAT-1009,2026-04-01,50,41,37,145,7250,Partial,At Risk,Q2 2026
PRJ-001392-SP04,PRJ-001392,MAT-1010,2028-06-01,24,13,10,980,23520,Partial,Within Lead Time,Q2 2028
PRJ-001392-SP05,PRJ-001392,MAT-1003,2028-10-01,3235,2733,2700,12,38820,Partial,Within Lead Time,Q4 2028
PRJ-001393-SP01,PRJ-001393,MAT-1010,2027-11-01,79,1,0,980,77420,Partial,Within Lead Time,Q4 2027
PRJ-001393-SP02,PRJ-001393,MAT-1004,2026-09-01,5585,812,251,27,150795,Partial,At Risk,Q3 2026
PRJ-001393-SP03,PRJ-001393,MAT-1012,2026-07-01,34,12,4,68,2312,Partial,At Risk,Q3 2026
PRJ-001394-SP01,PRJ-001394,MAT-1011,2026-11-01,21,21,12,130,2730,Partial,Within Lead Time,Q4 2026
PRJ-001394-SP02,PRJ-001394,MAT-1007,2028-10-01,72,42,1,14500,1044000,Partial,Within Lead Time,Q4 2028
PRJ-001394-SP03,PRJ-001394,MAT-1002,2026-06-01,31,20,5,420,13020,Partial,At Risk,Q2 2026
PRJ-001394-SP04,PRJ-001394,MAT-1007,2026-11-01,23,4,1,14500,333500,Partial,At Risk,Q4 2026
PRJ-001394-SP05,PRJ-001394,MAT-1004,2026-09-01,5563,2003,199,27,150201,Partial,At Risk,Q3 2026
PRJ-001394-SP06,PRJ-001394,MAT-1002,2027-01-01,66,46,17,420,27720,Partial,Within Lead Time,Q1 2027
PRJ-001394-SP07,PRJ-001394,MAT-1006,2027-11-01,72,21,19,6200,446400,Partial,Within Lead Time,Q4 2027
PRJ-001394-SP08,PRJ-001394,MAT-1001,2027-01-01,29,11,1,2100,60900,Partial,Within Lead Time,Q1 2027
PRJ-001395-SP01,PRJ-001395,MAT-1009,2028-04-01,25,9,1,145,3625,Partial,Within Lead Time,Q2 2028
PRJ-001395-SP02,PRJ-001395,MAT-1002,2027-10-01,11,4,2,420,4620,Partial,Within Lead Time,Q4 2027
PRJ-001395-SP03,PRJ-001395,MAT-1008,2028-02-01,30,9,9,19000,570000,Partial,Within Lead Time,Q1 2028
PRJ-001395-SP04,PRJ-001395,MAT-1001,2028-11-01,59,43,41,2100,123900,Partial,Within Lead Time,Q4 2028
PRJ-001395-SP05,PRJ-001395,MAT-1008,2028-12-01,35,22,13,19000,665000,Partial,Within Lead Time,Q4 2028
PRJ-001395-SP06,PRJ-001395,MAT-1002,2027-06-01,7,1,0,420,2940,Partial,Within Lead Time,Q2 2027
PRJ-001396-SP01,PRJ-001396,MAT-1010,2028-09-01,54,28,27,980,52920,Partial,Within Lead Time,Q3 2028
PRJ-001396-SP02,PRJ-001396,MAT-1001,2026-07-01,26,16,16,2100,54600,Partial,At Risk,Q3 2026
PRJ-001396-SP03,PRJ-001396,MAT-1011,2028-12-01,30,25,8,130,3900,Partial,Within Lead Time,Q4 2028
PRJ-001396-SP04,PRJ-001396,MAT-1005,2028-06-01,43,20,18,26000,1118000,Partial,Within Lead Time,Q2 2028
PRJ-001396-SP05,PRJ-001396,MAT-1006,2026-07-01,63,62,40,6200,390600,Partial,At Risk,Q3 2026
PRJ-001396-SP06,PRJ-001396,MAT-1011,2028-10-01,32,3,3,130,4160,Partial,Within Lead Time,Q4 2028
PRJ-001397-SP01,PRJ-001397,MAT-1005,2028-06-01,6,4,1,26000,156000,Partial,Within Lead Time,Q2 2028
PRJ-001397-SP02,PRJ-001397,MAT-1006,2028-11-01,22,17,5,6200,136400,Partial,Within Lead Time,Q4 2028
PRJ-001397-SP03,PRJ-001397,MAT-1006,2027-04-01,55,24,13,6200,341000,Partial,Within Lead Time,Q2 2027
PRJ-001397-SP04,PRJ-001397,MAT-1006,2028-10-01,69,68,22,6200,427800,Partial,Within Lead Time,Q4 2028
PRJ-001397-SP05,PRJ-001397,MAT-1010,2028-06-01,10,0,0,980,9800,Not Reserved,Within Lead Time,Q2 2028
PRJ-001398-SP01,PRJ-001398,MAT-1006,2027-05-01,78,22,8,6200,483600,Partial,Within Lead Time,Q2 2027
PRJ-001398-SP02,PRJ-001398,MAT-1005,2026-12-01,11,8,3,26000,286000,Partial,At Risk,Q4 2026
PRJ-001398-SP03,PRJ-001398,MAT-1004,2026-06-01,3814,1727,1628,27,102978,Partial,At Risk,Q2 2026
PRJ-001398-SP04,PRJ-001398,MAT-1010,2027-01-01,74,38,18,980,72520,Partial,Within Lead Time,Q1 2027
PRJ-001398-SP05,PRJ-001398,MAT-1004,2028-01-01,2295,885,191,27,61965,Partial,Within Lead Time,Q1 2028
PRJ-001398-SP06,PRJ-001398,MAT-1010,2026-07-01,57,51,18,980,55860,Partial,At Risk,Q3 2026
PRJ-001399-SP01,PRJ-001399,MAT-1012,2027-03-01,30,14,13,68,2040,Partial,Within Lead Time,Q1 2027
PRJ-001399-SP02,PRJ-001399,MAT-1007,2028-05-01,46,2,1,14500,667000,Partial,Within Lead Time,Q2 2028
PRJ-001399-SP03,PRJ-001399,MAT-1004,2029-01-01,7451,2307,271,27,201177,Partial,Within Lead Time,Q1 2029
PRJ-001399-SP04,PRJ-001399,MAT-1003,2026-02-01,7600,731,721,12,91200,Partial,At Risk,Q1 2026
PRJ-001399-SP05,PRJ-001399,MAT-1004,2027-04-01,6806,2891,110,27,183762,Partial,Within Lead Time,Q2 2027
PRJ-001399-SP06,PRJ-001399,MAT-1003,2026-04-01,2540,1808,1667,12,30480,Partial,At Risk,Q2 2026
PRJ-001399-SP07,PRJ-001399,MAT-1001,2026-07-01,59,8,2,2100,123900,Partial,At Risk,Q3 2026
PRJ-001400-SP01,PRJ-001400,MAT-1003,2028-04-01,686,107,48,12,8232,Partial,Within Lead Time,Q2 2028
PRJ-001400-SP02,PRJ-001400,MAT-1007,2027-02-01,14,3,1,14500,203000,Partial,Within Lead Time,Q1 2027
PRJ-001400-SP03,PRJ-001400,MAT-1001,2026-09-01,72,38,22,2100,151200,Partial,At Risk,Q3 2026
PRJ-001400-SP04,PRJ-001400,MAT-1012,2026-02-01,67,61,9,68,4556,Partial,At Risk,Q1 2026
PRJ-001401-SP01,PRJ-001401,MAT-1009,2028-11-01,39,22,14,145,5655,Partial,Within Lead Time,Q4 2028
PRJ-001401-SP02,PRJ-001401,MAT-1008,2026-10-01,3,2,0,19000,57000,Partial,At Risk,Q4 2026
PRJ-001401-SP03,PRJ-001401,MAT-1008,2027-12-01,49,21,17,19000,931000,Partial,Within Lead Time,Q4 2027
PRJ-001401-SP04,PRJ-001401,MAT-1002,2028-04-01,44,30,28,420,18480,Partial,Within Lead Time,Q2 2028
PRJ-001401-SP05,PRJ-001401,MAT-1006,2028-08-01,29,8,2,6200,179800,Partial,Within Lead Time,Q3 2028
PRJ-001401-SP06,PRJ-001401,MAT-1006,2028-05-01,15,11,7,6200,93000,Partial,Within Lead Time,Q2 2028
PRJ-001402-SP01,PRJ-001402,MAT-1001,2026-12-01,5,2,1,2100,10500,Partial,Within Lead Time,Q4 2026
PRJ-001402-SP02,PRJ-001402,MAT-1008,2028-07-01,35,26,13,19000,665000,Partial,Within Lead Time,Q3 2028
PRJ-001402-SP03,PRJ-001402,MAT-1010,2026-09-01,15,13,3,980,14700,Partial,At Risk,Q3 2026
PRJ-001402-SP04,PRJ-001402,MAT-1003,2028-08-01,4246,3691,136,12,50952,Partial,Within Lead Time,Q3 2028
PRJ-001402-SP05,PRJ-001402,MAT-1004,2026-07-01,7504,1422,282,27,202608,Partial,At Risk,Q3 2026
PRJ-001403-SP01,PRJ-001403,MAT-1010,2026-06-01,5,2,1,980,4900,Partial,At Risk,Q2 2026
PRJ-001403-SP02,PRJ-001403,MAT-1012,2027-06-01,41,19,13,68,2788,Partial,Within Lead Time,Q2 2027
PRJ-001403-SP03,PRJ-001403,MAT-1007,2028-02-01,73,27,13,14500,1058500,Partial,Within Lead Time,Q1 2028
PRJ-001403-SP04,PRJ-001403,MAT-1005,2026-06-01,17,8,6,26000,442000,Partial,At Risk,Q2 2026
PRJ-001403-SP05,PRJ-001403,MAT-1010,2026-10-01,35,21,8,980,34300,Partial,At Risk,Q4 2026
PRJ-001403-SP06,PRJ-001403,MAT-1001,2027-12-01,39,27,4,2100,81900,Partial,Within Lead Time,Q4 2027
PRJ-001404-SP01,PRJ-001404,MAT-1008,2026-11-01,67,64,3,19000,1273000,Partial,At Risk,Q4 2026
PRJ-001404-SP02,PRJ-001404,MAT-1006,2027-12-01,73,39,34,6200,452600,Partial,Within Lead Time,Q4 2027
PRJ-001404-SP03,PRJ-001404,MAT-1010,2026-03-01,37,32,4,980,36260,Partial,At Risk,Q1 2026
PRJ-001404-SP04,PRJ-001404,MAT-1008,2028-08-01,36,6,0,19000,684000,Partial,Within Lead Time,Q3 2028
PRJ-001404-SP05,PRJ-001404,MAT-1003,2028-11-01,6904,3435,1408,12,82848,Partial,Within Lead Time,Q4 2028
PRJ-001404-SP06,PRJ-001404,MAT-1002,2028-12-01,9,5,2,420,3780,Partial,Within Lead Time,Q4 2028
PRJ-001404-SP07,PRJ-001404,MAT-1001,2027-02-01,24,8,2,2100,50400,Partial,Within Lead Time,Q1 2027
PRJ-001405-SP01,PRJ-001405,MAT-1006,2027-12-01,5,0,0,6200,31000,Not Reserved,Within Lead Time,Q4 2027
PRJ-001405-SP02,PRJ-001405,MAT-1006,2028-06-01,67,60,11,6200,415400,Partial,Within Lead Time,Q2 2028
PRJ-001405-SP03,PRJ-001405,MAT-1005,2026-04-01,14,6,4,26000,364000,Partial,At Risk,Q2 2026
PRJ-001405-SP04,PRJ-001405,MAT-1001,2026-08-01,7,4,1,2100,14700,Partial,At Risk,Q3 2026
PRJ-001405-SP05,PRJ-001405,MAT-1011,2028-09-01,64,21,12,130,8320,Partial,Within Lead Time,Q3 2028
PRJ-001405-SP06,PRJ-001405,MAT-1009,2029-01-01,43,13,2,145,6235,Partial,Within Lead Time,Q1 2029
PRJ-001405-SP07,PRJ-001405,MAT-1011,2028-08-01,46,36,5,130,5980,Partial,Within Lead Time,Q3 2028
PRJ-001406-SP01,PRJ-001406,MAT-1010,2027-02-01,18,2,0,980,17640,Partial,Within Lead Time,Q1 2027
PRJ-001406-SP02,PRJ-001406,MAT-1005,2026-09-01,19,8,5,26000,494000,Partial,At Risk,Q3 2026
PRJ-001406-SP03,PRJ-001406,MAT-1006,2026-03-01,22,11,4,6200,136400,Partial,At Risk,Q1 2026
PRJ-001406-SP04,PRJ-001406,MAT-1011,2026-12-01,6,3,0,130,780,Partial,Within Lead Time,Q4 2026
PRJ-001406-SP05,PRJ-001406,MAT-1012,2026-11-01,50,48,17,68,3400,Partial,Within Lead Time,Q4 2026
PRJ-001406-SP06,PRJ-001406,MAT-1003,2028-11-01,5323,3079,2690,12,63876,Partial,Within Lead Time,Q4 2028
PRJ-001407-SP01,PRJ-001407,MAT-1008,2028-01-01,76,34,26,19000,1444000,Partial,Within Lead Time,Q1 2028
PRJ-001407-SP02,PRJ-001407,MAT-1007,2026-02-01,12,11,3,14500,174000,Partial,At Risk,Q1 2026
PRJ-001408-SP01,PRJ-001408,MAT-1003,2026-02-01,1935,46,10,12,23220,Partial,At Risk,Q1 2026
PRJ-001408-SP02,PRJ-001408,MAT-1005,2027-11-01,17,17,16,26000,442000,Partial,Within Lead Time,Q4 2027
PRJ-001408-SP03,PRJ-001408,MAT-1006,2028-01-01,59,54,7,6200,365800,Partial,Within Lead Time,Q1 2028
PRJ-001408-SP04,PRJ-001408,MAT-1005,2026-12-01,26,13,7,26000,676000,Partial,At Risk,Q4 2026
PRJ-001408-SP05,PRJ-001408,MAT-1002,2027-03-01,46,19,2,420,19320,Partial,Within Lead Time,Q1 2027
PRJ-001408-SP06,PRJ-001408,MAT-1011,2027-08-01,13,4,1,130,1690,Partial,Within Lead Time,Q3 2027
PRJ-001408-SP07,PRJ-001408,MAT-1007,2028-05-01,70,59,12,14500,1015000,Partial,Within Lead Time,Q2 2028
PRJ-001409-SP01,PRJ-001409,MAT-1010,2027-08-01,78,15,3,980,76440,Partial,Within Lead Time,Q3 2027
PRJ-001409-SP02,PRJ-001409,MAT-1004,2027-04-01,9542,7358,3551,27,257634,Partial,Within Lead Time,Q2 2027
PRJ-001409-SP03,PRJ-001409,MAT-1001,2028-03-01,2,1,1,2100,4200,Partial,Within Lead Time,Q1 2028
PRJ-001409-SP04,PRJ-001409,MAT-1008,2027-08-01,53,32,1,19000,1007000,Partial,Within Lead Time,Q3 2027
PRJ-001409-SP05,PRJ-001409,MAT-1001,2028-08-01,28,19,19,2100,58800,Partial,Within Lead Time,Q3 2028
PRJ-001409-SP06,PRJ-001409,MAT-1009,2027-12-01,77,4,0,145,11165,Partial,Within Lead Time,Q4 2027
PRJ-001409-SP07,PRJ-001409,MAT-1005,2027-12-01,74,17,1,26000,1924000,Partial,Within Lead Time,Q4 2027
PRJ-001409-SP08,PRJ-001409,MAT-1012,2027-01-01,32,8,0,68,2176,Partial,Within Lead Time,Q1 2027
PRJ-001410-SP01,PRJ-001410,MAT-1006,2028-11-01,36,29,3,6200,223200,Partial,Within Lead Time,Q4 2028
PRJ-001410-SP02,PRJ-001410,MAT-1006,2028-06-01,38,27,3,6200,235600,Partial,Within Lead Time,Q2 2028
PRJ-001410-SP03,PRJ-001410,MAT-1006,2026-12-01,27,1,0,6200,167400,Partial,Within Lead Time,Q4 2026
PRJ-001410-SP04,PRJ-001410,MAT-1005,2028-11-01,40,17,7,26000,1040000,Partial,Within Lead Time,Q4 2028
PRJ-001410-SP05,PRJ-001410,MAT-1003,2027-09-01,9406,3889,2696,12,112872,Partial,Within Lead Time,Q3 2027
PRJ-001411-SP01,PRJ-001411,MAT-1007,2026-06-01,53,43,15,14500,768500,Partial,At Risk,Q2 2026
PRJ-001411-SP02,PRJ-001411,MAT-1002,2028-11-01,21,5,3,420,8820,Partial,Within Lead Time,Q4 2028
PRJ-001411-SP03,PRJ-001411,MAT-1011,2028-07-01,3,3,3,130,390,Fulfilled,Within Lead Time,Q3 2028
PRJ-001411-SP04,PRJ-001411,MAT-1012,2027-03-01,18,8,5,68,1224,Partial,Within Lead Time,Q1 2027
PRJ-001411-SP05,PRJ-001411,MAT-1012,2028-06-01,36,35,7,68,2448,Partial,Within Lead Time,Q2 2028
PRJ-001412-SP01,PRJ-001412,MAT-1002,2027-06-01,35,1,1,420,14700,Partial,Within Lead Time,Q2 2027
PRJ-001412-SP02,PRJ-001412,MAT-1012,2026-04-01,64,51,31,68,4352,Partial,At Risk,Q2 2026
PRJ-001412-SP03,PRJ-001412,MAT-1005,2027-05-01,49,3,2,26000,1274000,Partial,Within Lead Time,Q2 2027
PRJ-001413-SP01,PRJ-001413,MAT-1004,2028-08-01,552,120,43,27,14904,Partial,Within Lead Time,Q3 2028
PRJ-001413-SP02,PRJ-001413,MAT-1001,2027-09-01,24,22,9,2100,50400,Partial,Within Lead Time,Q3 2027
PRJ-001413-SP03,PRJ-001413,MAT-1004,2027-12-01,4637,2138,30,27,125199,Partial,Within Lead Time,Q4 2027
PRJ-001413-SP04,PRJ-001413,MAT-1012,2026-05-01,30,2,2,68,2040,Partial,At Risk,Q2 2026
PRJ-001413-SP05,PRJ-001413,MAT-1009,2028-05-01,61,18,11,145,8845,Partial,Within Lead Time,Q2 2028
PRJ-001414-SP01,PRJ-001414,MAT-1002,2026-01-01,63,39,37,420,26460,Partial,At Risk,Q1 2026
PRJ-001414-SP02,PRJ-001414,MAT-1011,2027-07-01,30,8,8,130,3900,Partial,Within Lead Time,Q3 2027
PRJ-001414-SP03,PRJ-001414,MAT-1009,2028-03-01,33,11,2,145,4785,Partial,Within Lead Time,Q1 2028
PRJ-001414-SP04,PRJ-001414,MAT-1004,2027-08-01,3774,2444,1241,27,101898,Partial,Within Lead Time,Q3 2027
PRJ-001414-SP05,PRJ-001414,MAT-1006,2027-07-01,35,31,24,6200,217000,Partial,Within Lead Time,Q3 2027
PRJ-001414-SP06,PRJ-001414,MAT-1012,2027-02-01,54,50,6,68,3672,Partial,Within Lead Time,Q1 2027
PRJ-001415-SP01,PRJ-001415,MAT-1006,2027-01-01,41,5,2,6200,254200,Partial,Within Lead Time,Q1 2027
PRJ-001415-SP02,PRJ-001415,MAT-1007,2026-07-01,76,72,22,14500,1102000,Partial,At Risk,Q3 2026
PRJ-001415-SP03,PRJ-001415,MAT-1006,2028-11-01,64,40,21,6200,396800,Partial,Within Lead Time,Q4 2028
PRJ-001415-SP04,PRJ-001415,MAT-1001,2028-04-01,47,17,11,2100,98700,Partial,Within Lead Time,Q2 2028
PRJ-001415-SP05,PRJ-001415,MAT-1012,2027-02-01,37,33,16,68,2516,Partial,Within Lead Time,Q1 2027
PRJ-001415-SP06,PRJ-001415,MAT-1010,2028-04-01,9,2,2,980,8820,Partial,Within Lead Time,Q2 2028
PRJ-001415-SP07,PRJ-001415,MAT-1004,2027-10-01,5470,1748,133,27,147690,Partial,Within Lead Time,Q4 2027
PRJ-001416-SP01,PRJ-001416,MAT-1005,2027-09-01,18,2,1,26000,468000,Partial,Within Lead Time,Q3 2027
PRJ-001416-SP02,PRJ-001416,MAT-1005,2027-12-01,61,60,16,26000,1586000,Partial,Within Lead Time,Q4 2027
PRJ-001416-SP03,PRJ-001416,MAT-1002,2028-09-01,13,5,2,420,5460,Partial,Within Lead Time,Q3 2028
PRJ-001416-SP04,PRJ-001416,MAT-1003,2028-03-01,5806,5352,4402,12,69672,Partial,Within Lead Time,Q1 2028
PRJ-001416-SP05,PRJ-001416,MAT-1012,2027-07-01,73,69,55,68,4964,Partial,Within Lead Time,Q3 2027
PRJ-001417-SP01,PRJ-001417,MAT-1003,2028-11-01,3090,592,554,12,37080,Partial,Within Lead Time,Q4 2028
PRJ-001417-SP02,PRJ-001417,MAT-1003,2028-06-01,4414,3470,2143,12,52968,Partial,Within Lead Time,Q2 2028
PRJ-001417-SP03,PRJ-001417,MAT-1002,2026-09-01,19,7,7,420,7980,Partial,At Risk,Q3 2026
PRJ-001418-SP01,PRJ-001418,MAT-1002,2027-04-01,32,8,6,420,13440,Partial,Within Lead Time,Q2 2027
PRJ-001418-SP02,PRJ-001418,MAT-1005,2027-09-01,27,4,0,26000,702000,Partial,Within Lead Time,Q3 2027
PRJ-001418-SP03,PRJ-001418,MAT-1008,2026-09-01,53,38,0,19000,1007000,Partial,At Risk,Q3 2026
PRJ-001419-SP01,PRJ-001419,MAT-1001,2026-09-01,3,1,0,2100,6300,Partial,At Risk,Q3 2026
PRJ-001419-SP02,PRJ-001419,MAT-1006,2028-04-01,26,14,12,6200,161200,Partial,Within Lead Time,Q2 2028
PRJ-001419-SP03,PRJ-001419,MAT-1010,2028-09-01,49,43,2,980,48020,Partial,Within Lead Time,Q3 2028
PRJ-001419-SP04,PRJ-001419,MAT-1007,2026-09-01,23,21,11,14500,333500,Partial,At Risk,Q3 2026
PRJ-001419-SP05,PRJ-001419,MAT-1011,2028-03-01,78,48,2,130,10140,Partial,Within Lead Time,Q1 2028
PRJ-001420-SP01,PRJ-001420,MAT-1007,2027-12-01,52,5,1,14500,754000,Partial,Within Lead Time,Q4 2027
PRJ-001420-SP02,PRJ-001420,MAT-1001,2027-11-01,80,26,4,2100,168000,Partial,Within Lead Time,Q4 2027
PRJ-001420-SP03,PRJ-001420,MAT-1010,2028-01-01,79,9,8,980,77420,Partial,Within Lead Time,Q1 2028
PRJ-001420-SP04,PRJ-001420,MAT-1002,2026-05-01,51,2,1,420,21420,Partial,At Risk,Q2 2026
PRJ-001420-SP05,PRJ-001420,MAT-1001,2026-07-01,8,0,0,2100,16800,Not Reserved,At Risk,Q3 2026
PRJ-001420-SP06,PRJ-001420,MAT-1006,2027-06-01,79,69,40,6200,489800,Partial,Within Lead Time,Q2 2027
PRJ-001421-SP01,PRJ-001421,MAT-1002,2027-10-01,3,0,0,420,1260,Not Reserved,Within Lead Time,Q4 2027
PRJ-001421-SP02,PRJ-001421,MAT-1002,2027-08-01,77,63,0,420,32340,Partial,Within Lead Time,Q3 2027
PRJ-001421-SP03,PRJ-001421,MAT-1010,2028-11-01,22,17,7,980,21560,Partial,Within Lead Time,Q4 2028
PRJ-001421-SP04,PRJ-001421,MAT-1004,2027-06-01,4937,3207,3023,27,133299,Partial,Within Lead Time,Q2 2027
PRJ-001421-SP05,PRJ-001421,MAT-1005,2028-09-01,44,24,2,26000,1144000,Partial,Within Lead Time,Q3 2028
PRJ-001421-SP06,PRJ-001421,MAT-1006,2029-01-01,24,11,7,6200,148800,Partial,Within Lead Time,Q1 2029
PRJ-001421-SP07,PRJ-001421,MAT-1001,2028-07-01,7,0,0,2100,14700,Not Reserved,Within Lead Time,Q3 2028
PRJ-001421-SP08,PRJ-001421,MAT-1008,2028-08-01,31,6,2,19000,589000,Partial,Within Lead Time,Q3 2028
PRJ-001422-SP01,PRJ-001422,MAT-1009,2027-06-01,32,6,5,145,4640,Partial,Within Lead Time,Q2 2027
PRJ-001422-SP02,PRJ-001422,MAT-1004,2027-06-01,3775,3311,898,27,101925,Partial,Within Lead Time,Q2 2027
PRJ-001422-SP03,PRJ-001422,MAT-1005,2027-02-01,68,44,12,26000,1768000,Partial,Within Lead Time,Q1 2027
PRJ-001422-SP04,PRJ-001422,MAT-1012,2026-01-01,14,2,0,68,952,Partial,At Risk,Q1 2026
PRJ-001422-SP05,PRJ-001422,MAT-1003,2026-11-01,1303,595,210,12,15636,Partial,Within Lead Time,Q4 2026
PRJ-001422-SP06,PRJ-001422,MAT-1011,2028-01-01,4,3,0,130,520,Partial,Within Lead Time,Q1 2028
PRJ-001422-SP07,PRJ-001422,MAT-1001,2027-09-01,10,5,2,2100,21000,Partial,Within Lead Time,Q3 2027
PRJ-001423-SP01,PRJ-001423,MAT-1009,2027-01-01,32,20,6,145,4640,Partial,Within Lead Time,Q1 2027
PRJ-001423-SP02,PRJ-001423,MAT-1004,2028-06-01,3842,2048,769,27,103734,Partial,Within Lead Time,Q2 2028
PRJ-001423-SP03,PRJ-001423,MAT-1005,2028-04-01,67,52,15,26000,1742000,Partial,Within Lead Time,Q2 2028
PRJ-001423-SP04,PRJ-001423,MAT-1003,2026-11-01,8061,5706,4769,12,96732,Partial,Within Lead Time,Q4 2026
PRJ-001423-SP05,PRJ-001423,MAT-1002,2028-08-01,11,11,9,420,4620,Partial,Within Lead Time,Q3 2028
PRJ-001423-SP06,PRJ-001423,MAT-1006,2027-05-01,56,31,15,6200,347200,Partial,Within Lead Time,Q2 2027
PRJ-001424-SP01,PRJ-001424,MAT-1001,2027-02-01,78,2,2,2100,163800,Partial,Within Lead Time,Q1 2027
PRJ-001424-SP02,PRJ-001424,MAT-1012,2028-03-01,44,29,10,68,2992,Partial,Within Lead Time,Q1 2028
PRJ-001425-SP01,PRJ-001425,MAT-1003,2028-11-01,3333,482,400,12,39996,Partial,Within Lead Time,Q4 2028
PRJ-001425-SP02,PRJ-001425,MAT-1002,2026-01-01,73,32,32,420,30660,Partial,At Risk,Q1 2026
PRJ-001425-SP03,PRJ-001425,MAT-1003,2026-12-01,5089,2867,1255,12,61068,Partial,Within Lead Time,Q4 2026
PRJ-001425-SP04,PRJ-001425,MAT-1012,2028-12-01,74,59,46,68,5032,Partial,Within Lead Time,Q4 2028
PRJ-001425-SP05,PRJ-001425,MAT-1011,2029-01-01,51,21,19,130,6630,Partial,Within Lead Time,Q1 2029
PRJ-001425-SP06,PRJ-001425,MAT-1008,2027-11-01,22,1,0,19000,418000,Partial,Within Lead Time,Q4 2027
PRJ-001425-SP07,PRJ-001425,MAT-1011,2026-11-01,14,9,1,130,1820,Partial,Within Lead Time,Q4 2026
PRJ-001426-SP01,PRJ-001426,MAT-1011,2028-07-01,15,1,1,130,1950,Partial,Within Lead Time,Q3 2028
PRJ-001426-SP02,PRJ-001426,MAT-1002,2026-10-01,17,6,2,420,7140,Partial,Within Lead Time,Q4 2026
PRJ-001426-SP03,PRJ-001426,MAT-1001,2026-09-01,31,14,10,2100,65100,Partial,At Risk,Q3 2026
PRJ-001426-SP04,PRJ-001426,MAT-1010,2027-09-01,76,50,1,980,74480,Partial,Within Lead Time,Q3 2027
PRJ-001426-SP05,PRJ-001426,MAT-1001,2028-10-01,47,44,19,2100,98700,Partial,Within Lead Time,Q4 2028
PRJ-001427-SP01,PRJ-001427,MAT-1006,2028-05-01,11,11,9,6200,68200,Partial,Within Lead Time,Q2 2028
PRJ-001427-SP02,PRJ-001427,MAT-1012,2027-05-01,45,36,19,68,3060,Partial,Within Lead Time,Q2 2027
PRJ-001427-SP03,PRJ-001427,MAT-1006,2028-03-01,60,35,12,6200,372000,Partial,Within Lead Time,Q1 2028
PRJ-001427-SP04,PRJ-001427,MAT-1004,2028-01-01,4206,3976,1759,27,113562,Partial,Within Lead Time,Q1 2028
PRJ-001427-SP05,PRJ-001427,MAT-1006,2026-05-01,34,1,0,6200,210800,Partial,At Risk,Q2 2026
PRJ-001427-SP06,PRJ-001427,MAT-1001,2028-10-01,78,63,60,2100,163800,Partial,Within Lead Time,Q4 2028
PRJ-001427-SP07,PRJ-001427,MAT-1007,2026-12-01,50,42,24,14500,725000,Partial,At Risk,Q4 2026
PRJ-001428-SP01,PRJ-001428,MAT-1001,2028-12-01,75,54,30,2100,157500,Partial,Within Lead Time,Q4 2028
PRJ-001428-SP02,PRJ-001428,MAT-1005,2026-08-01,29,23,4,26000,754000,Partial,At Risk,Q3 2026
PRJ-001428-SP03,PRJ-001428,MAT-1009,2027-10-01,67,52,11,145,9715,Partial,Within Lead Time,Q4 2027
PRJ-001428-SP04,PRJ-001428,MAT-1008,2028-04-01,67,41,31,19000,1273000,Partial,Within Lead Time,Q2 2028
PRJ-001428-SP05,PRJ-001428,MAT-1010,2026-07-01,32,13,5,980,31360,Partial,At Risk,Q3 2026
PRJ-001428-SP06,PRJ-001428,MAT-1008,2027-05-01,50,14,8,19000,950000,Partial,Within Lead Time,Q2 2027
PRJ-001428-SP07,PRJ-001428,MAT-1011,2026-09-01,20,5,4,130,2600,Partial,At Risk,Q3 2026
PRJ-001429-SP01,PRJ-001429,MAT-1009,2026-06-01,55,39,2,145,7975,Partial,At Risk,Q2 2026
PRJ-001429-SP02,PRJ-001429,MAT-1008,2026-01-01,4,2,2,19000,76000,Partial,At Risk,Q1 2026
PRJ-001429-SP03,PRJ-001429,MAT-1008,2027-10-01,50,1,1,19000,950000,Partial,Within Lead Time,Q4 2027
PRJ-001429-SP04,PRJ-001429,MAT-1009,2026-08-01,58,0,0,145,8410,Not Reserved,At Risk,Q3 2026
PRJ-001430-SP01,PRJ-001430,MAT-1012,2028-02-01,70,26,2,68,4760,Partial,Within Lead Time,Q1 2028
PRJ-001430-SP02,PRJ-001430,MAT-1003,2026-09-01,2412,1783,411,12,28944,Partial,At Risk,Q3 2026
PRJ-001430-SP03,PRJ-001430,MAT-1002,2028-09-01,34,22,15,420,14280,Partial,Within Lead Time,Q3 2028
PRJ-001430-SP04,PRJ-001430,MAT-1006,2026-10-01,9,7,2,6200,55800,Partial,At Risk,Q4 2026
PRJ-001431-SP01,PRJ-001431,MAT-1001,2028-02-01,16,1,0,2100,33600,Partial,Within Lead Time,Q1 2028
PRJ-001431-SP02,PRJ-001431,MAT-1012,2027-09-01,70,12,3,68,4760,Partial,Within Lead Time,Q3 2027
PRJ-001431-SP03,PRJ-001431,MAT-1002,2026-09-01,78,44,25,420,32760,Partial,At Risk,Q3 2026
PRJ-001431-SP04,PRJ-001431,MAT-1001,2026-12-01,51,7,2,2100,107100,Partial,Within Lead Time,Q4 2026
PRJ-001432-SP01,PRJ-001432,MAT-1012,2026-12-01,77,15,14,68,5236,Partial,Within Lead Time,Q4 2026
PRJ-001432-SP02,PRJ-001432,MAT-1009,2026-02-01,55,32,26,145,7975,Partial,At Risk,Q1 2026
PRJ-001432-SP03,PRJ-001432,MAT-1008,2029-01-01,27,12,3,19000,513000,Partial,Within Lead Time,Q1 2029
PRJ-001433-SP01,PRJ-001433,MAT-1008,2026-02-01,35,1,1,19000,665000,Partial,At Risk,Q1 2026
PRJ-001433-SP02,PRJ-001433,MAT-1007,2027-05-01,63,14,3,14500,913500,Partial,Within Lead Time,Q2 2027
PRJ-001433-SP03,PRJ-001433,MAT-1010,2027-10-01,58,8,3,980,56840,Partial,Within Lead Time,Q4 2027
PRJ-001433-SP04,PRJ-001433,MAT-1006,2027-09-01,2,1,0,6200,12400,Partial,Within Lead Time,Q3 2027
PRJ-001433-SP05,PRJ-001433,MAT-1012,2028-04-01,12,2,2,68,816,Partial,Within Lead Time,Q2 2028
PRJ-001433-SP06,PRJ-001433,MAT-1008,2026-03-01,13,13,6,19000,247000,Partial,At Risk,Q1 2026
PRJ-001433-SP07,PRJ-001433,MAT-1002,2028-09-01,5,0,0,420,2100,Not Reserved,Within Lead Time,Q3 2028
PRJ-001434-SP01,PRJ-001434,MAT-1012,2029-01-01,47,33,5,68,3196,Partial,Within Lead Time,Q1 2029
PRJ-001434-SP02,PRJ-001434,MAT-1010,2027-05-01,72,48,27,980,70560,Partial,Within Lead Time,Q2 2027
PRJ-001434-SP03,PRJ-001434,MAT-1003,2027-11-01,9552,8488,4887,12,114624,Partial,Within Lead Time,Q4 2027
PRJ-001434-SP04,PRJ-001434,MAT-1011,2027-02-01,46,24,17,130,5980,Partial,Within Lead Time,Q1 2027
PRJ-001435-SP01,PRJ-001435,MAT-1006,2028-05-01,6,2,1,6200,37200,Partial,Within Lead Time,Q2 2028
PRJ-001435-SP02,PRJ-001435,MAT-1001,2026-11-01,4,4,0,2100,8400,Partial,Within Lead Time,Q4 2026
PRJ-001435-SP03,PRJ-001435,MAT-1004,2029-01-01,9076,6386,4844,27,245052,Partial,Within Lead Time,Q1 2029
PRJ-001435-SP04,PRJ-001435,MAT-1003,2028-07-01,3737,2258,718,12,44844,Partial,Within Lead Time,Q3 2028
PRJ-001435-SP05,PRJ-001435,MAT-1009,2026-10-01,59,22,6,145,8555,Partial,Within Lead Time,Q4 2026
PRJ-001435-SP06,PRJ-001435,MAT-1001,2026-10-01,60,12,12,2100,126000,Partial,At Risk,Q4 2026
PRJ-001436-SP01,PRJ-001436,MAT-1006,2028-10-01,52,41,6,6200,322400,Partial,Within Lead Time,Q4 2028
PRJ-001436-SP02,PRJ-001436,MAT-1004,2026-07-01,4575,3954,3566,27,123525,Partial,At Risk,Q3 2026
PRJ-001436-SP03,PRJ-001436,MAT-1004,2027-06-01,1463,1014,772,27,39501,Partial,Within Lead Time,Q2 2027
PRJ-001436-SP04,PRJ-001436,MAT-1006,2026-01-01,7,6,0,6200,43400,Partial,At Risk,Q1 2026
PRJ-001436-SP05,PRJ-001436,MAT-1004,2027-10-01,1301,668,302,27,35127,Partial,Within Lead Time,Q4 2027
PRJ-001437-SP01,PRJ-001437,MAT-1001,2028-05-01,76,58,2,2100,159600,Partial,Within Lead Time,Q2 2028
PRJ-001437-SP02,PRJ-001437,MAT-1010,2028-03-01,2,1,1,980,1960,Partial,Within Lead Time,Q1 2028
PRJ-001437-SP03,PRJ-001437,MAT-1010,2027-08-01,35,4,2,980,34300,Partial,Within Lead Time,Q3 2027
PRJ-001437-SP04,PRJ-001437,MAT-1006,2028-12-01,65,10,3,6200,403000,Partial,Within Lead Time,Q4 2028
PRJ-001438-SP01,PRJ-001438,MAT-1008,2028-08-01,30,14,4,19000,570000,Partial,Within Lead Time,Q3 2028
PRJ-001438-SP02,PRJ-001438,MAT-1010,2027-06-01,24,3,3,980,23520,Partial,Within Lead Time,Q2 2027
PRJ-001438-SP03,PRJ-001438,MAT-1011,2027-07-01,68,55,48,130,8840,Partial,Within Lead Time,Q3 2027
PRJ-001438-SP04,PRJ-001438,MAT-1009,2028-04-01,20,9,8,145,2900,Partial,Within Lead Time,Q2 2028
PRJ-001438-SP05,PRJ-001438,MAT-1011,2027-03-01,37,5,5,130,4810,Partial,Within Lead Time,Q1 2027
PRJ-001438-SP06,PRJ-001438,MAT-1005,2028-03-01,72,58,20,26000,1872000,Partial,Within Lead Time,Q1 2028
PRJ-001439-SP01,PRJ-001439,MAT-1001,2028-05-01,11,10,3,2100,23100,Partial,Within Lead Time,Q2 2028
PRJ-001439-SP02,PRJ-001439,MAT-1008,2026-08-01,25,1,1,19000,475000,Partial,At Risk,Q3 2026
PRJ-001439-SP03,PRJ-001439,MAT-1002,2027-05-01,51,35,19,420,21420,Partial,Within Lead Time,Q2 2027
PRJ-001440-SP01,PRJ-001440,MAT-1011,2027-05-01,66,20,16,130,8580,Partial,Within Lead Time,Q2 2027
PRJ-001440-SP02,PRJ-001440,MAT-1010,2028-11-01,54,21,1,980,52920,Partial,Within Lead Time,Q4 2028
PRJ-001440-SP03,PRJ-001440,MAT-1003,2028-08-01,3401,1361,125,12,40812,Partial,Within Lead Time,Q3 2028
PRJ-001440-SP04,PRJ-001440,MAT-1003,2026-07-01,7533,974,44,12,90396,Partial,At Risk,Q3 2026
PRJ-001440-SP05,PRJ-001440,MAT-1011,2027-12-01,20,16,6,130,2600,Partial,Within Lead Time,Q4 2027
PRJ-001441-SP01,PRJ-001441,MAT-1008,2026-06-01,45,23,6,19000,855000,Partial,At Risk,Q2 2026
PRJ-001441-SP02,PRJ-001441,MAT-1007,2027-05-01,72,23,3,14500,1044000,Partial,Within Lead Time,Q2 2027
PRJ-001441-SP03,PRJ-001441,MAT-1008,2026-11-01,31,18,6,19000,589000,Partial,At Risk,Q4 2026
PRJ-001442-SP01,PRJ-001442,MAT-1001,2027-10-01,75,48,33,2100,157500,Partial,Within Lead Time,Q4 2027
PRJ-001442-SP02,PRJ-001442,MAT-1008,2026-01-01,55,44,43,19000,1045000,Partial,At Risk,Q1 2026
PRJ-001443-SP01,PRJ-001443,MAT-1006,2027-02-01,42,37,3,6200,260400,Partial,Within Lead Time,Q1 2027
PRJ-001443-SP02,PRJ-001443,MAT-1006,2028-07-01,59,12,10,6200,365800,Partial,Within Lead Time,Q3 2028
PRJ-001443-SP03,PRJ-001443,MAT-1005,2027-06-01,15,5,4,26000,390000,Partial,Within Lead Time,Q2 2027
PRJ-001443-SP04,PRJ-001443,MAT-1003,2027-12-01,1465,105,93,12,17580,Partial,Within Lead Time,Q4 2027
PRJ-001443-SP05,PRJ-001443,MAT-1012,2027-04-01,67,41,37,68,4556,Partial,Within Lead Time,Q2 2027
PRJ-001443-SP06,PRJ-001443,MAT-1008,2026-05-01,52,44,24,19000,988000,Partial,At Risk,Q2 2026
PRJ-001443-SP07,PRJ-001443,MAT-1008,2028-11-01,11,9,7,19000,209000,Partial,Within Lead Time,Q4 2028
PRJ-001444-SP01,PRJ-001444,MAT-1003,2027-06-01,1652,885,270,12,19824,Partial,Within Lead Time,Q2 2027
PRJ-001444-SP02,PRJ-001444,MAT-1006,2026-05-01,38,2,0,6200,235600,Partial,At Risk,Q2 2026
PRJ-001444-SP03,PRJ-001444,MAT-1009,2027-07-01,69,40,13,145,10005,Partial,Within Lead Time,Q3 2027
PRJ-001444-SP04,PRJ-001444,MAT-1007,2028-12-01,19,8,8,14500,275500,Partial,Within Lead Time,Q4 2028
PRJ-001444-SP05,PRJ-001444,MAT-1002,2026-11-01,23,12,7,420,9660,Partial,Within Lead Time,Q4 2026
PRJ-001444-SP06,PRJ-001444,MAT-1002,2028-10-01,67,7,0,420,28140,Partial,Within Lead Time,Q4 2028
PRJ-001444-SP07,PRJ-001444,MAT-1001,2028-02-01,52,6,4,2100,109200,Partial,Within Lead Time,Q1 2028
PRJ-001445-SP01,PRJ-001445,MAT-1006,2028-05-01,40,24,6,6200,248000,Partial,Within Lead Time,Q2 2028
PRJ-001445-SP02,PRJ-001445,MAT-1006,2026-02-01,62,11,1,6200,384400,Partial,At Risk,Q1 2026
PRJ-001445-SP03,PRJ-001445,MAT-1010,2028-05-01,72,20,16,980,70560,Partial,Within Lead Time,Q2 2028
PRJ-001445-SP04,PRJ-001445,MAT-1007,2028-01-01,56,15,0,14500,812000,Partial,Within Lead Time,Q1 2028
PRJ-001445-SP05,PRJ-001445,MAT-1004,2026-11-01,6899,6771,4744,27,186273,Partial,At Risk,Q4 2026
PRJ-001445-SP06,PRJ-001445,MAT-1011,2027-11-01,28,10,7,130,3640,Partial,Within Lead Time,Q4 2027
PRJ-001446-SP01,PRJ-001446,MAT-1003,2028-01-01,9817,7530,3569,12,117804,Partial,Within Lead Time,Q1 2028
PRJ-001446-SP02,PRJ-001446,MAT-1002,2026-03-01,25,22,10,420,10500,Partial,At Risk,Q1 2026
PRJ-001446-SP03,PRJ-001446,MAT-1008,2027-01-01,23,23,13,19000,437000,Partial,At Risk,Q1 2027
PRJ-001446-SP04,PRJ-001446,MAT-1011,2027-05-01,16,8,4,130,2080,Partial,Within Lead Time,Q2 2027
PRJ-001446-SP05,PRJ-001446,MAT-1004,2027-05-01,3591,2777,499,27,96957,Partial,Within Lead Time,Q2 2027
PRJ-001446-SP06,PRJ-001446,MAT-1008,2026-09-01,8,5,4,19000,152000,Partial,At Risk,Q3 2026
PRJ-001446-SP07,PRJ-001446,MAT-1009,2028-09-01,15,6,2,145,2175,Partial,Within Lead Time,Q3 2028
PRJ-001446-SP08,PRJ-001446,MAT-1001,2028-10-01,65,53,31,2100,136500,Partial,Within Lead Time,Q4 2028
PRJ-001447-SP01,PRJ-001447,MAT-1011,2026-12-01,5,3,0,130,650,Partial,Within Lead Time,Q4 2026
PRJ-001447-SP02,PRJ-001447,MAT-1001,2027-05-01,51,39,29,2100,107100,Partial,Within Lead Time,Q2 2027
PRJ-001447-SP03,PRJ-001447,MAT-1012,2028-11-01,62,4,3,68,4216,Partial,Within Lead Time,Q4 2028
PRJ-001447-SP04,PRJ-001447,MAT-1012,2027-08-01,74,22,20,68,5032,Partial,Within Lead Time,Q3 2027
PRJ-001447-SP05,PRJ-001447,MAT-1005,2028-05-01,27,9,1,26000,702000,Partial,Within Lead Time,Q2 2028
PRJ-001447-SP06,PRJ-001447,MAT-1006,2028-08-01,62,14,3,6200,384400,Partial,Within Lead Time,Q3 2028
PRJ-001448-SP01,PRJ-001448,MAT-1009,2026-11-01,18,13,2,145,2610,Partial,Within Lead Time,Q4 2026
PRJ-001448-SP02,PRJ-001448,MAT-1008,2026-11-01,45,10,9,19000,855000,Partial,At Risk,Q4 2026
PRJ-001449-SP01,PRJ-001449,MAT-1003,2028-09-01,7945,3337,3284,12,95340,Partial,Within Lead Time,Q3 2028
PRJ-001449-SP02,PRJ-001449,MAT-1012,2027-01-01,35,7,1,68,2380,Partial,Within Lead Time,Q1 2027
PRJ-001449-SP03,PRJ-001449,MAT-1004,2027-02-01,6707,6112,5525,27,181089,Partial,Within Lead Time,Q1 2027
PRJ-001449-SP04,PRJ-001449,MAT-1004,2028-10-01,8603,918,506,27,232281,Partial,Within Lead Time,Q4 2028
PRJ-001450-SP01,PRJ-001450,MAT-1005,2027-09-01,68,21,19,26000,1768000,Partial,Within Lead Time,Q3 2027
PRJ-001450-SP02,PRJ-001450,MAT-1008,2028-10-01,64,10,1,19000,1216000,Partial,Within Lead Time,Q4 2028
PRJ-001450-SP03,PRJ-001450,MAT-1007,2028-09-01,29,20,17,14500,420500,Partial,Within Lead Time,Q3 2028
PRJ-001451-SP01,PRJ-001451,MAT-1003,2026-07-01,4002,2895,1427,12,48024,Partial,At Risk,Q3 2026
PRJ-001451-SP02,PRJ-001451,MAT-1011,2028-01-01,40,31,6,130,5200,Partial,Within Lead Time,Q1 2028
PRJ-001451-SP03,PRJ-001451,MAT-1011,2028-02-01,72,38,14,130,9360,Partial,Within Lead Time,Q1 2028
PRJ-001451-SP04,PRJ-001451,MAT-1008,2028-02-01,14,10,1,19000,266000,Partial,Within Lead Time,Q1 2028
PRJ-001451-SP05,PRJ-001451,MAT-1001,2026-05-01,10,3,0,2100,21000,Partial,At Risk,Q2 2026
PRJ-001451-SP06,PRJ-001451,MAT-1010,2027-05-01,3,2,1,980,2940,Partial,Within Lead Time,Q2 2027
PRJ-001451-SP07,PRJ-001451,MAT-1005,2028-05-01,74,67,44,26000,1924000,Partial,Within Lead Time,Q2 2028
PRJ-001452-SP01,PRJ-001452,MAT-1007,2028-09-01,30,12,6,14500,435000,Partial,Within Lead Time,Q3 2028
PRJ-001452-SP02,PRJ-001452,MAT-1009,2028-09-01,19,2,1,145,2755,Partial,Within Lead Time,Q3 2028
PRJ-001452-SP03,PRJ-001452,MAT-1011,2028-03-01,14,13,7,130,1820,Partial,Within Lead Time,Q1 2028
PRJ-001453-SP01,PRJ-001453,MAT-1011,2026-11-01,66,24,1,130,8580,Partial,Within Lead Time,Q4 2026
PRJ-001453-SP02,PRJ-001453,MAT-1010,2026-08-01,73,7,0,980,71540,Partial,At Risk,Q3 2026
PRJ-001453-SP03,PRJ-001453,MAT-1003,2026-06-01,5630,3339,47,12,67560,Partial,At Risk,Q2 2026
PRJ-001453-SP04,PRJ-001453,MAT-1011,2028-10-01,73,67,18,130,9490,Partial,Within Lead Time,Q4 2028
PRJ-001453-SP05,PRJ-001453,MAT-1003,2028-06-01,2344,1922,1841,12,28128,Partial,Within Lead Time,Q2 2028
PRJ-001453-SP06,PRJ-001453,MAT-1009,2027-04-01,53,10,6,145,7685,Partial,Within Lead Time,Q2 2027
PRJ-001454-SP01,PRJ-001454,MAT-1012,2026-04-01,63,19,18,68,4284,Partial,At Risk,Q2 2026
PRJ-001454-SP02,PRJ-001454,MAT-1010,2026-10-01,50,17,13,980,49000,Partial,At Risk,Q4 2026
PRJ-001454-SP03,PRJ-001454,MAT-1008,2028-11-01,8,5,3,19000,152000,Partial,Within Lead Time,Q4 2028
PRJ-001454-SP04,PRJ-001454,MAT-1005,2026-09-01,24,11,4,26000,624000,Partial,At Risk,Q3 2026
PRJ-001454-SP05,PRJ-001454,MAT-1008,2028-04-01,61,35,31,19000,1159000,Partial,Within Lead Time,Q2 2028
PRJ-001454-SP06,PRJ-001454,MAT-1006,2026-03-01,50,13,6,6200,310000,Partial,At Risk,Q1 2026
PRJ-001454-SP07,PRJ-001454,MAT-1002,2028-06-01,27,14,10,420,11340,Partial,Within Lead Time,Q2 2028
PRJ-001455-SP01,PRJ-001455,MAT-1006,2026-09-01,40,15,5,6200,248000,Partial,At Risk,Q3 2026
PRJ-001455-SP02,PRJ-001455,MAT-1008,2026-08-01,63,13,6,19000,1197000,Partial,At Risk,Q3 2026
PRJ-001455-SP03,PRJ-001455,MAT-1011,2026-01-01,6,5,2,130,780,Partial,At Risk,Q1 2026
PRJ-001456-SP01,PRJ-001456,MAT-1006,2026-07-01,55,11,6,6200,341000,Partial,At Risk,Q3 2026
PRJ-001456-SP02,PRJ-001456,MAT-1005,2026-01-01,74,45,37,26000,1924000,Partial,At Risk,Q1 2026
PRJ-001456-SP03,PRJ-001456,MAT-1010,2027-01-01,24,12,1,980,23520,Partial,Within Lead Time,Q1 2027
PRJ-001456-SP04,PRJ-001456,MAT-1005,2028-04-01,16,3,2,26000,416000,Partial,Within Lead Time,Q2 2028
PRJ-001456-SP05,PRJ-001456,MAT-1003,2027-08-01,587,357,253,12,7044,Partial,Within Lead Time,Q3 2027
PRJ-001456-SP06,PRJ-001456,MAT-1012,2026-09-01,17,1,0,68,1156,Partial,At Risk,Q3 2026
PRJ-001456-SP07,PRJ-001456,MAT-1005,2027-04-01,33,33,12,26000,858000,Partial,Within Lead Time,Q2 2027
PRJ-001456-SP08,PRJ-001456,MAT-1001,2026-06-01,45,29,4,2100,94500,Partial,At Risk,Q2 2026
PRJ-001457-SP01,PRJ-001457,MAT-1001,2029-01-01,77,75,39,2100,161700,Partial,Within Lead Time,Q1 2029
PRJ-001457-SP02,PRJ-001457,MAT-1010,2027-01-01,38,28,10,980,37240,Partial,Within Lead Time,Q1 2027
PRJ-001457-SP03,PRJ-001457,MAT-1008,2026-01-01,79,33,9,19000,1501000,Partial,At Risk,Q1 2026
PRJ-001457-SP04,PRJ-001457,MAT-1006,2026-09-01,12,12,5,6200,74400,Partial,At Risk,Q3 2026
PRJ-001457-SP05,PRJ-001457,MAT-1002,2026-08-01,35,10,6,420,14700,Partial,At Risk,Q3 2026
PRJ-001457-SP06,PRJ-001457,MAT-1012,2028-04-01,72,18,1,68,4896,Partial,Within Lead Time,Q2 2028
PRJ-001458-SP01,PRJ-001458,MAT-1012,2028-06-01,43,4,2,68,2924,Partial,Within Lead Time,Q2 2028
PRJ-001458-SP02,PRJ-001458,MAT-1005,2026-06-01,8,5,1,26000,208000,Partial,At Risk,Q2 2026
PRJ-001459-SP01,PRJ-001459,MAT-1004,2027-06-01,5981,2846,2352,27,161487,Partial,Within Lead Time,Q2 2027
PRJ-001459-SP02,PRJ-001459,MAT-1006,2027-07-01,58,7,1,6200,359600,Partial,Within Lead Time,Q3 2027
PRJ-001459-SP03,PRJ-001459,MAT-1011,2028-03-01,6,1,0,130,780,Partial,Within Lead Time,Q1 2028
PRJ-001459-SP04,PRJ-001459,MAT-1012,2026-03-01,62,33,6,68,4216,Partial,At Risk,Q1 2026
PRJ-001459-SP05,PRJ-001459,MAT-1008,2027-12-01,53,5,0,19000,1007000,Partial,Within Lead Time,Q4 2027
PRJ-001460-SP01,PRJ-001460,MAT-1004,2026-04-01,777,420,364,27,20979,Partial,At Risk,Q2 2026
PRJ-001460-SP02,PRJ-001460,MAT-1008,2028-04-01,5,3,3,19000,95000,Partial,Within Lead Time,Q2 2028
PRJ-001460-SP03,PRJ-001460,MAT-1012,2027-06-01,55,7,4,68,3740,Partial,Within Lead Time,Q2 2027
PRJ-001460-SP04,PRJ-001460,MAT-1006,2026-09-01,46,36,2,6200,285200,Partial,At Risk,Q3 2026
PRJ-001461-SP01,PRJ-001461,MAT-1011,2026-08-01,69,11,7,130,8970,Partial,At Risk,Q3 2026
PRJ-001461-SP02,PRJ-001461,MAT-1007,2029-01-01,57,21,14,14500,826500,Partial,Within Lead Time,Q1 2029
PRJ-001461-SP03,PRJ-001461,MAT-1012,2028-02-01,23,5,3,68,1564,Partial,Within Lead Time,Q1 2028
PRJ-001461-SP04,PRJ-001461,MAT-1012,2026-03-01,29,16,3,68,1972,Partial,At Risk,Q1 2026
PRJ-001461-SP05,PRJ-001461,MAT-1003,2026-11-01,9865,5412,2759,12,118380,Partial,Within Lead Time,Q4 2026
PRJ-001461-SP06,PRJ-001461,MAT-1008,2028-08-01,76,12,9,19000,1444000,Partial,Within Lead Time,Q3 2028
PRJ-001462-SP01,PRJ-001462,MAT-1011,2026-12-01,49,37,26,130,6370,Partial,Within Lead Time,Q4 2026
PRJ-001462-SP02,PRJ-001462,MAT-1011,2027-08-01,71,24,0,130,9230,Partial,Within Lead Time,Q3 2027
PRJ-001462-SP03,PRJ-001462,MAT-1010,2026-05-01,13,13,11,980,12740,Partial,At Risk,Q2 2026
PRJ-001463-SP01,PRJ-001463,MAT-1009,2027-08-01,41,29,20,145,5945,Partial,Within Lead Time,Q3 2027
PRJ-001463-SP02,PRJ-001463,MAT-1002,2026-04-01,6,5,4,420,2520,Partial,At Risk,Q2 2026
PRJ-001463-SP03,PRJ-001463,MAT-1002,2026-10-01,56,18,1,420,23520,Partial,Within Lead Time,Q4 2026
PRJ-001463-SP04,PRJ-001463,MAT-1012,2028-07-01,46,1,0,68,3128,Partial,Within Lead Time,Q3 2028
PRJ-001463-SP05,PRJ-001463,MAT-1011,2027-01-01,5,1,0,130,650,Partial,Within Lead Time,Q1 2027
PRJ-001464-SP01,PRJ-001464,MAT-1004,2026-04-01,1563,39,26,27,42201,Partial,At Risk,Q2 2026
PRJ-001464-SP02,PRJ-001464,MAT-1005,2029-01-01,14,1,0,26000,364000,Partial,Within Lead Time,Q1 2029
PRJ-001464-SP03,PRJ-001464,MAT-1011,2028-09-01,32,7,6,130,4160,Partial,Within Lead Time,Q3 2028
PRJ-001464-SP04,PRJ-001464,MAT-1007,2028-05-01,19,5,5,14500,275500,Partial,Within Lead Time,Q2 2028
PRJ-001464-SP05,PRJ-001464,MAT-1011,2026-03-01,60,34,1,130,7800,Partial,At Risk,Q1 2026
PRJ-001465-SP01,PRJ-001465,MAT-1003,2029-01-01,4065,667,560,12,48780,Partial,Within Lead Time,Q1 2029
PRJ-001465-SP02,PRJ-001465,MAT-1003,2028-11-01,3081,2068,1755,12,36972,Partial,Within Lead Time,Q4 2028
PRJ-001465-SP03,PRJ-001465,MAT-1005,2027-12-01,32,8,8,26000,832000,Partial,Within Lead Time,Q4 2027
PRJ-001465-SP04,PRJ-001465,MAT-1004,2027-05-01,1698,37,10,27,45846,Partial,Within Lead Time,Q2 2027
PRJ-001465-SP05,PRJ-001465,MAT-1006,2028-08-01,44,19,4,6200,272800,Partial,Within Lead Time,Q3 2028
PRJ-001466-SP01,PRJ-001466,MAT-1007,2027-09-01,59,13,5,14500,855500,Partial,Within Lead Time,Q3 2027
PRJ-001466-SP02,PRJ-001466,MAT-1007,2027-08-01,25,14,10,14500,362500,Partial,Within Lead Time,Q3 2027
PRJ-001466-SP03,PRJ-001466,MAT-1006,2027-02-01,15,9,6,6200,93000,Partial,Within Lead Time,Q1 2027
PRJ-001466-SP04,PRJ-001466,MAT-1006,2027-06-01,17,14,7,6200,105400,Partial,Within Lead Time,Q2 2027
PRJ-001466-SP05,PRJ-001466,MAT-1006,2026-10-01,77,7,3,6200,477400,Partial,At Risk,Q4 2026
PRJ-001466-SP06,PRJ-001466,MAT-1003,2026-03-01,3977,480,246,12,47724,Partial,At Risk,Q1 2026
PRJ-001466-SP07,PRJ-001466,MAT-1007,2026-02-01,46,19,14,14500,667000,Partial,At Risk,Q1 2026
PRJ-001466-SP08,PRJ-001466,MAT-1006,2026-02-01,74,5,3,6200,458800,Partial,At Risk,Q1 2026
PRJ-001467-SP01,PRJ-001467,MAT-1008,2028-11-01,37,17,7,19000,703000,Partial,Within Lead Time,Q4 2028
PRJ-001467-SP02,PRJ-001467,MAT-1012,2027-03-01,6,1,1,68,408,Partial,Within Lead Time,Q1 2027
PRJ-001467-SP03,PRJ-001467,MAT-1008,2028-11-01,23,22,2,19000,437000,Partial,Within Lead Time,Q4 2028
PRJ-001467-SP04,PRJ-001467,MAT-1007,2027-10-01,47,22,14,14500,681500,Partial,Within Lead Time,Q4 2027
PRJ-001467-SP05,PRJ-001467,MAT-1005,2027-10-01,65,37,11,26000,1690000,Partial,Within Lead Time,Q4 2027
PRJ-001467-SP06,PRJ-001467,MAT-1003,2027-09-01,1949,758,550,12,23388,Partial,Within Lead Time,Q3 2027
PRJ-001467-SP07,PRJ-001467,MAT-1005,2028-09-01,68,9,8,26000,1768000,Partial,Within Lead Time,Q3 2028
PRJ-001467-SP08,PRJ-001467,MAT-1003,2028-09-01,4917,3805,1353,12,59004,Partial,Within Lead Time,Q3 2028
PRJ-001468-SP01,PRJ-001468,MAT-1009,2027-03-01,27,15,12,145,3915,Partial,Within Lead Time,Q1 2027
PRJ-001468-SP02,PRJ-001468,MAT-1004,2028-06-01,2146,422,396,27,57942,Partial,Within Lead Time,Q2 2028
PRJ-001469-SP01,PRJ-001469,MAT-1002,2028-08-01,30,18,6,420,12600,Partial,Within Lead Time,Q3 2028
PRJ-001469-SP02,PRJ-001469,MAT-1012,2027-07-01,4,2,1,68,272,Partial,Within Lead Time,Q3 2027
PRJ-001469-SP03,PRJ-001469,MAT-1006,2028-02-01,2,2,1,6200,12400,Partial,Within Lead Time,Q1 2028
PRJ-001469-SP04,PRJ-001469,MAT-1009,2027-08-01,4,2,1,145,580,Partial,Within Lead Time,Q3 2027
PRJ-001469-SP05,PRJ-001469,MAT-1007,2026-07-01,40,11,11,14500,580000,Partial,At Risk,Q3 2026
PRJ-001469-SP06,PRJ-001469,MAT-1010,2027-06-01,36,17,8,980,35280,Partial,Within Lead Time,Q2 2027
PRJ-001469-SP07,PRJ-001469,MAT-1001,2027-12-01,74,55,45,2100,155400,Partial,Within Lead Time,Q4 2027
PRJ-001470-SP01,PRJ-001470,MAT-1007,2028-09-01,62,45,20,14500,899000,Partial,Within Lead Time,Q3 2028
PRJ-001470-SP02,PRJ-001470,MAT-1002,2027-07-01,63,51,16,420,26460,Partial,Within Lead Time,Q3 2027
PRJ-001470-SP03,PRJ-001470,MAT-1001,2026-06-01,51,40,31,2100,107100,Partial,At Risk,Q2 2026
PRJ-001471-SP01,PRJ-001471,MAT-1003,2028-04-01,6131,3421,1898,12,73572,Partial,Within Lead Time,Q2 2028
PRJ-001471-SP02,PRJ-001471,MAT-1011,2026-12-01,25,6,2,130,3250,Partial,Within Lead Time,Q4 2026
PRJ-001471-SP03,PRJ-001471,MAT-1004,2027-04-01,2034,1626,990,27,54918,Partial,Within Lead Time,Q2 2027
PRJ-001472-SP01,PRJ-001472,MAT-1007,2028-06-01,11,10,9,14500,159500,Partial,Within Lead Time,Q2 2028
PRJ-001472-SP02,PRJ-001472,MAT-1010,2027-11-01,6,1,0,980,5880,Partial,Within Lead Time,Q4 2027
PRJ-001472-SP03,PRJ-001472,MAT-1010,2027-01-01,77,9,2,980,75460,Partial,Within Lead Time,Q1 2027
PRJ-001472-SP04,PRJ-001472,MAT-1003,2028-10-01,9250,6097,3597,12,111000,Partial,Within Lead Time,Q4 2028
PRJ-001472-SP05,PRJ-001472,MAT-1005,2028-06-01,6,4,2,26000,156000,Partial,Within Lead Time,Q2 2028
PRJ-001473-SP01,PRJ-001473,MAT-1012,2028-07-01,24,7,5,68,1632,Partial,Within Lead Time,Q3 2028
PRJ-001473-SP02,PRJ-001473,MAT-1011,2026-09-01,39,27,13,130,5070,Partial,At Risk,Q3 2026
PRJ-001473-SP03,PRJ-001473,MAT-1001,2028-08-01,5,5,4,2100,10500,Partial,Within Lead Time,Q3 2028
PRJ-001473-SP04,PRJ-001473,MAT-1011,2027-07-01,69,2,1,130,8970,Partial,Within Lead Time,Q3 2027
PRJ-001473-SP05,PRJ-001473,MAT-1007,2027-01-01,35,28,20,14500,507500,Partial,Within Lead Time,Q1 2027
PRJ-001473-SP06,PRJ-001473,MAT-1003,2027-04-01,9630,206,187,12,115560,Partial,Within Lead Time,Q2 2027
PRJ-001473-SP07,PRJ-001473,MAT-1010,2028-09-01,49,34,15,980,48020,Partial,Within Lead Time,Q3 2028
PRJ-001473-SP08,PRJ-001473,MAT-1012,2026-09-01,56,54,27,68,3808,Partial,At Risk,Q3 2026
PRJ-001474-SP01,PRJ-001474,MAT-1001,2026-11-01,60,47,41,2100,126000,Partial,Within Lead Time,Q4 2026
PRJ-001474-SP02,PRJ-001474,MAT-1006,2028-11-01,24,8,7,6200,148800,Partial,Within Lead Time,Q4 2028
PRJ-001474-SP03,PRJ-001474,MAT-1005,2028-06-01,10,1,0,26000,260000,Partial,Within Lead Time,Q2 2028
PRJ-001474-SP04,PRJ-001474,MAT-1004,2028-11-01,3863,1090,910,27,104301,Partial,Within Lead Time,Q4 2028
PRJ-001474-SP05,PRJ-001474,MAT-1011,2026-11-01,74,63,4,130,9620,Partial,Within Lead Time,Q4 2026
PRJ-001475-SP01,PRJ-001475,MAT-1009,2028-05-01,72,39,17,145,10440,Partial,Within Lead Time,Q2 2028
PRJ-001475-SP02,PRJ-001475,MAT-1012,2028-04-01,10,3,1,68,680,Partial,Within Lead Time,Q2 2028
PRJ-001475-SP03,PRJ-001475,MAT-1004,2027-10-01,1812,77,16,27,48924,Partial,Within Lead Time,Q4 2027
PRJ-001475-SP04,PRJ-001475,MAT-1003,2027-06-01,2232,1462,1133,12,26784,Partial,Within Lead Time,Q2 2027
PRJ-001475-SP05,PRJ-001475,MAT-1011,2028-03-01,71,34,14,130,9230,Partial,Within Lead Time,Q1 2028
PRJ-001475-SP06,PRJ-001475,MAT-1011,2026-04-01,25,21,19,130,3250,Partial,At Risk,Q2 2026
PRJ-001476-SP01,PRJ-001476,MAT-1009,2027-08-01,26,24,21,145,3770,Partial,Within Lead Time,Q3 2027
PRJ-001476-SP02,PRJ-001476,MAT-1003,2026-02-01,4455,1759,1085,12,53460,Partial,At Risk,Q1 2026
PRJ-001476-SP03,PRJ-001476,MAT-1012,2028-04-01,31,23,1,68,2108,Partial,Within Lead Time,Q2 2028
PRJ-001476-SP04,PRJ-001476,MAT-1002,2026-02-01,29,1,1,420,12180,Partial,At Risk,Q1 2026
PRJ-001476-SP05,PRJ-001476,MAT-1005,2028-05-01,29,8,7,26000,754000,Partial,Within Lead Time,Q2 2028
PRJ-001476-SP06,PRJ-001476,MAT-1008,2028-02-01,28,13,5,19000,532000,Partial,Within Lead Time,Q1 2028
PRJ-001476-SP07,PRJ-001476,MAT-1002,2027-11-01,33,28,26,420,13860,Partial,Within Lead Time,Q4 2027
PRJ-001477-SP01,PRJ-001477,MAT-1012,2027-12-01,4,2,1,68,272,Partial,Within Lead Time,Q4 2027
PRJ-001477-SP02,PRJ-001477,MAT-1002,2027-12-01,2,1,0,420,840,Partial,Within Lead Time,Q4 2027
PRJ-001477-SP03,PRJ-001477,MAT-1009,2027-04-01,52,5,1,145,7540,Partial,Within Lead Time,Q2 2027
PRJ-001477-SP04,PRJ-001477,MAT-1007,2027-08-01,3,0,0,14500,43500,Not Reserved,Within Lead Time,Q3 2027
PRJ-001477-SP05,PRJ-001477,MAT-1008,2026-05-01,65,5,1,19000,1235000,Partial,At Risk,Q2 2026
PRJ-001478-SP01,PRJ-001478,MAT-1006,2028-06-01,26,9,9,6200,161200,Partial,Within Lead Time,Q2 2028
PRJ-001478-SP02,PRJ-001478,MAT-1002,2028-03-01,7,2,0,420,2940,Partial,Within Lead Time,Q1 2028
PRJ-001478-SP03,PRJ-001478,MAT-1003,2028-10-01,1854,972,821,12,22248,Partial,Within Lead Time,Q4 2028
PRJ-001478-SP04,PRJ-001478,MAT-1004,2026-01-01,7901,6855,24,27,213327,Partial,At Risk,Q1 2026
PRJ-001478-SP05,PRJ-001478,MAT-1012,2026-02-01,16,9,5,68,1088,Partial,At Risk,Q1 2026
PRJ-001479-SP01,PRJ-001479,MAT-1004,2028-10-01,9481,2442,918,27,255987,Partial,Within Lead Time,Q4 2028
PRJ-001479-SP02,PRJ-001479,MAT-1001,2027-12-01,42,39,6,2100,88200,Partial,Within Lead Time,Q4 2027
PRJ-001479-SP03,PRJ-001479,MAT-1012,2026-06-01,78,17,13,68,5304,Partial,At Risk,Q2 2026
PRJ-001479-SP04,PRJ-001479,MAT-1006,2026-08-01,62,1,0,6200,384400,Partial,At Risk,Q3 2026
PRJ-001479-SP05,PRJ-001479,MAT-1008,2028-03-01,59,45,16,19000,1121000,Partial,Within Lead Time,Q1 2028
PRJ-001479-SP06,PRJ-001479,MAT-1008,2027-10-01,31,28,12,19000,589000,Partial,Within Lead Time,Q4 2027
PRJ-001480-SP01,PRJ-001480,MAT-1011,2028-09-01,71,49,46,130,9230,Partial,Within Lead Time,Q3 2028
PRJ-001480-SP02,PRJ-001480,MAT-1012,2028-09-01,72,63,59,68,4896,Partial,Within Lead Time,Q3 2028
PRJ-001481-SP01,PRJ-001481,MAT-1010,2027-01-01,45,12,4,980,44100,Partial,Within Lead Time,Q1 2027
PRJ-001481-SP02,PRJ-001481,MAT-1012,2026-12-01,77,15,14,68,5236,Partial,Within Lead Time,Q4 2026
PRJ-001481-SP03,PRJ-001481,MAT-1007,2028-05-01,56,47,37,14500,812000,Partial,Within Lead Time,Q2 2028
PRJ-001481-SP04,PRJ-001481,MAT-1009,2028-08-01,2,1,0,145,290,Partial,Within Lead Time,Q3 2028
PRJ-001481-SP05,PRJ-001481,MAT-1002,2026-06-01,57,18,11,420,23940,Partial,At Risk,Q2 2026
PRJ-001481-SP06,PRJ-001481,MAT-1002,2028-05-01,5,5,1,420,2100,Partial,Within Lead Time,Q2 2028
PRJ-001481-SP07,PRJ-001481,MAT-1008,2026-03-01,51,23,2,19000,969000,Partial,At Risk,Q1 2026
PRJ-001481-SP08,PRJ-001481,MAT-1007,2026-02-01,46,34,27,14500,667000,Partial,At Risk,Q1 2026
PRJ-001482-SP01,PRJ-001482,MAT-1011,2027-04-01,28,17,7,130,3640,Partial,Within Lead Time,Q2 2027
PRJ-001482-SP02,PRJ-001482,MAT-1004,2027-10-01,7920,548,53,27,213840,Partial,Within Lead Time,Q4 2027
PRJ-001482-SP03,PRJ-001482,MAT-1012,2028-07-01,52,16,4,68,3536,Partial,Within Lead Time,Q3 2028
PRJ-001482-SP04,PRJ-001482,MAT-1011,2027-01-01,11,2,1,130,1430,Partial,Within Lead Time,Q1 2027
PRJ-001483-SP01,PRJ-001483,MAT-1005,2026-11-01,41,0,0,26000,1066000,Not Reserved,At Risk,Q4 2026
PRJ-001483-SP02,PRJ-001483,MAT-1003,2027-06-01,3590,936,19,12,43080,Partial,Within Lead Time,Q2 2027
PRJ-001483-SP03,PRJ-001483,MAT-1003,2028-06-01,5133,2096,145,12,61596,Partial,Within Lead Time,Q2 2028
PRJ-001483-SP04,PRJ-001483,MAT-1001,2029-01-01,62,15,1,2100,130200,Partial,Within Lead Time,Q1 2029
PRJ-001483-SP05,PRJ-001483,MAT-1002,2027-12-01,24,9,8,420,10080,Partial,Within Lead Time,Q4 2027
PRJ-001483-SP06,PRJ-001483,MAT-1002,2026-05-01,62,29,29,420,26040,Partial,At Risk,Q2 2026
PRJ-001484-SP01,PRJ-001484,MAT-1012,2026-12-01,80,62,44,68,5440,Partial,Within Lead Time,Q4 2026
PRJ-001484-SP02,PRJ-001484,MAT-1005,2026-12-01,65,62,14,26000,1690000,Partial,At Risk,Q4 2026
PRJ-001484-SP03,PRJ-001484,MAT-1002,2029-01-01,28,2,2,420,11760,Partial,Within Lead Time,Q1 2029
PRJ-001484-SP04,PRJ-001484,MAT-1009,2028-03-01,75,41,16,145,10875,Partial,Within Lead Time,Q1 2028
PRJ-001484-SP05,PRJ-001484,MAT-1010,2028-08-01,58,24,13,980,56840,Partial,Within Lead Time,Q3 2028
PRJ-001484-SP06,PRJ-001484,MAT-1004,2026-07-01,1644,1353,658,27,44388,Partial,At Risk,Q3 2026
PRJ-001484-SP07,PRJ-001484,MAT-1006,2027-10-01,37,20,6,6200,229400,Partial,Within Lead Time,Q4 2027
PRJ-001484-SP08,PRJ-001484,MAT-1008,2027-02-01,50,23,15,19000,950000,Partial,Within Lead Time,Q1 2027
PRJ-001485-SP01,PRJ-001485,MAT-1007,2027-10-01,10,3,1,14500,145000,Partial,Within Lead Time,Q4 2027
PRJ-001485-SP02,PRJ-001485,MAT-1007,2029-01-01,25,23,6,14500,362500,Partial,Within Lead Time,Q1 2029
PRJ-001485-SP03,PRJ-001485,MAT-1004,2028-06-01,9738,7686,196,27,262926,Partial,Within Lead Time,Q2 2028
PRJ-001485-SP04,PRJ-001485,MAT-1008,2026-05-01,34,26,7,19000,646000,Partial,At Risk,Q2 2026
PRJ-001485-SP05,PRJ-001485,MAT-1007,2027-07-01,15,10,9,14500,217500,Partial,Within Lead Time,Q3 2027
PRJ-001485-SP06,PRJ-001485,MAT-1002,2029-01-01,41,16,1,420,17220,Partial,Within Lead Time,Q1 2029
PRJ-001485-SP07,PRJ-001485,MAT-1003,2026-02-01,6056,2157,131,12,72672,Partial,At Risk,Q1 2026
PRJ-001486-SP01,PRJ-001486,MAT-1004,2027-02-01,9548,3108,2650,27,257796,Partial,Within Lead Time,Q1 2027
PRJ-001486-SP02,PRJ-001486,MAT-1002,2028-09-01,56,18,14,420,23520,Partial,Within Lead Time,Q3 2028
PRJ-001486-SP03,PRJ-001486,MAT-1011,2028-02-01,40,15,0,130,5200,Partial,Within Lead Time,Q1 2028
PRJ-001486-SP04,PRJ-001486,MAT-1011,2027-07-01,43,20,14,130,5590,Partial,Within Lead Time,Q3 2027
PRJ-001486-SP05,PRJ-001486,MAT-1004,2027-10-01,6289,259,13,27,169803,Partial,Within Lead Time,Q4 2027
PRJ-001486-SP06,PRJ-001486,MAT-1010,2026-02-01,45,1,1,980,44100,Partial,At Risk,Q1 2026
PRJ-001486-SP07,PRJ-001486,MAT-1009,2027-08-01,40,2,2,145,5800,Partial,Within Lead Time,Q3 2027
PRJ-001487-SP01,PRJ-001487,MAT-1008,2028-04-01,22,4,1,19000,418000,Partial,Within Lead Time,Q2 2028
PRJ-001487-SP02,PRJ-001487,MAT-1004,2027-02-01,1141,755,616,27,30807,Partial,Within Lead Time,Q1 2027
PRJ-001487-SP03,PRJ-001487,MAT-1010,2028-10-01,26,21,18,980,25480,Partial,Within Lead Time,Q4 2028
PRJ-001487-SP04,PRJ-001487,MAT-1010,2028-01-01,33,19,11,980,32340,Partial,Within Lead Time,Q1 2028
PRJ-001487-SP05,PRJ-001487,MAT-1003,2026-09-01,9160,6877,187,12,109920,Partial,At Risk,Q3 2026
PRJ-001487-SP06,PRJ-001487,MAT-1008,2026-02-01,65,52,47,19000,1235000,Partial,At Risk,Q1 2026
PRJ-001487-SP07,PRJ-001487,MAT-1004,2027-03-01,747,523,147,27,20169,Partial,Within Lead Time,Q1 2027
PRJ-001488-SP01,PRJ-001488,MAT-1002,2028-02-01,35,5,2,420,14700,Partial,Within Lead Time,Q1 2028
PRJ-001488-SP02,PRJ-001488,MAT-1006,2027-05-01,60,27,19,6200,372000,Partial,Within Lead Time,Q2 2027
PRJ-001489-SP01,PRJ-001489,MAT-1004,2028-06-01,2820,2095,1403,27,76140,Partial,Within Lead Time,Q2 2028
PRJ-001489-SP02,PRJ-001489,MAT-1005,2028-09-01,7,4,2,26000,182000,Partial,Within Lead Time,Q3 2028
PRJ-001489-SP03,PRJ-001489,MAT-1004,2027-07-01,9526,5011,4634,27,257202,Partial,Within Lead Time,Q3 2027
PRJ-001489-SP04,PRJ-001489,MAT-1006,2028-04-01,18,5,4,6200,111600,Partial,Within Lead Time,Q2 2028
PRJ-001489-SP05,PRJ-001489,MAT-1010,2028-12-01,25,12,5,980,24500,Partial,Within Lead Time,Q4 2028
PRJ-001490-SP01,PRJ-001490,MAT-1011,2026-01-01,18,1,0,130,2340,Partial,At Risk,Q1 2026
PRJ-001490-SP02,PRJ-001490,MAT-1010,2027-03-01,42,25,25,980,41160,Partial,Within Lead Time,Q1 2027
PRJ-001490-SP03,PRJ-001490,MAT-1012,2028-03-01,69,61,34,68,4692,Partial,Within Lead Time,Q1 2028
PRJ-001490-SP04,PRJ-001490,MAT-1005,2026-11-01,80,10,3,26000,2080000,Partial,At Risk,Q4 2026
PRJ-001490-SP05,PRJ-001490,MAT-1010,2028-05-01,43,1,1,980,42140,Partial,Within Lead Time,Q2 2028
PRJ-001490-SP06,PRJ-001490,MAT-1012,2027-04-01,4,1,1,68,272,Partial,Within Lead Time,Q2 2027
PRJ-001490-SP07,PRJ-001490,MAT-1010,2028-01-01,36,26,2,980,35280,Partial,Within Lead Time,Q1 2028
PRJ-001491-SP01,PRJ-001491,MAT-1005,2028-02-01,54,42,18,26000,1404000,Partial,Within Lead Time,Q1 2028
PRJ-001491-SP02,PRJ-001491,MAT-1010,2028-04-01,6,0,0,980,5880,Not Reserved,Within Lead Time,Q2 2028
PRJ-001491-SP03,PRJ-001491,MAT-1003,2026-09-01,1077,939,797,12,12924,Partial,At Risk,Q3 2026
PRJ-001492-SP01,PRJ-001492,MAT-1005,2026-07-01,7,4,2,26000,182000,Partial,At Risk,Q3 2026
PRJ-001492-SP02,PRJ-001492,MAT-1001,2027-11-01,46,33,10,2100,96600,Partial,Within Lead Time,Q4 2027
PRJ-001492-SP03,PRJ-001492,MAT-1008,2027-08-01,69,5,3,19000,1311000,Partial,Within Lead Time,Q3 2027
PRJ-001492-SP04,PRJ-001492,MAT-1010,2028-09-01,5,1,0,980,4900,Partial,Within Lead Time,Q3 2028
PRJ-001493-SP01,PRJ-001493,MAT-1007,2027-01-01,20,7,4,14500,290000,Partial,Within Lead Time,Q1 2027
PRJ-001493-SP02,PRJ-001493,MAT-1010,2028-04-01,71,26,20,980,69580,Partial,Within Lead Time,Q2 2028
PRJ-001493-SP03,PRJ-001493,MAT-1002,2028-02-01,71,59,20,420,29820,Partial,Within Lead Time,Q1 2028
PRJ-001493-SP04,PRJ-001493,MAT-1011,2029-01-01,32,11,2,130,4160,Partial,Within Lead Time,Q1 2029
PRJ-001493-SP05,PRJ-001493,MAT-1009,2026-01-01,13,6,1,145,1885,Partial,At Risk,Q1 2026
PRJ-001493-SP06,PRJ-001493,MAT-1008,2028-11-01,58,32,15,19000,1102000,Partial,Within Lead Time,Q4 2028
PRJ-001493-SP07,PRJ-001493,MAT-1005,2027-09-01,49,25,16,26000,1274000,Partial,Within Lead Time,Q3 2027
PRJ-001493-SP08,PRJ-001493,MAT-1003,2026-02-01,9066,2908,393,12,108792,Partial,At Risk,Q1 2026
PRJ-001494-SP01,PRJ-001494,MAT-1004,2027-02-01,3155,190,73,27,85185,Partial,Within Lead Time,Q1 2027
PRJ-001494-SP02,PRJ-001494,MAT-1011,2028-03-01,51,17,6,130,6630,Partial,Within Lead Time,Q1 2028
PRJ-001494-SP03,PRJ-001494,MAT-1004,2027-05-01,8366,4496,2809,27,225882,Partial,Within Lead Time,Q2 2027
PRJ-001494-SP04,PRJ-001494,MAT-1008,2027-12-01,33,18,5,19000,627000,Partial,Within Lead Time,Q4 2027
PRJ-001494-SP05,PRJ-001494,MAT-1005,2028-01-01,29,14,8,26000,754000,Partial,Within Lead Time,Q1 2028
PRJ-001494-SP06,PRJ-001494,MAT-1010,2026-07-01,80,57,15,980,78400,Partial,At Risk,Q3 2026
PRJ-001494-SP07,PRJ-001494,MAT-1008,2028-02-01,58,36,8,19000,1102000,Partial,Within Lead Time,Q1 2028
PRJ-001495-SP01,PRJ-001495,MAT-1002,2028-05-01,28,3,2,420,11760,Partial,Within Lead Time,Q2 2028
PRJ-001495-SP02,PRJ-001495,MAT-1011,2027-10-01,35,3,0,130,4550,Partial,Within Lead Time,Q4 2027
PRJ-001495-SP03,PRJ-001495,MAT-1005,2026-12-01,63,13,5,26000,1638000,Partial,At Risk,Q4 2026
PRJ-001496-SP01,PRJ-001496,MAT-1005,2028-12-01,41,14,12,26000,1066000,Partial,Within Lead Time,Q4 2028
PRJ-001496-SP02,PRJ-001496,MAT-1002,2027-01-01,16,11,8,420,6720,Partial,Within Lead Time,Q1 2027
PRJ-001497-SP01,PRJ-001497,MAT-1006,2029-01-01,41,10,6,6200,254200,Partial,Within Lead Time,Q1 2029
PRJ-001497-SP02,PRJ-001497,MAT-1011,2028-12-01,28,0,0,130,3640,Not Reserved,Within Lead Time,Q4 2028
PRJ-001497-SP03,PRJ-001497,MAT-1008,2028-06-01,24,7,7,19000,456000,Partial,Within Lead Time,Q2 2028
PRJ-001497-SP04,PRJ-001497,MAT-1007,2028-09-01,29,19,19,14500,420500,Partial,Within Lead Time,Q3 2028
PRJ-001497-SP05,PRJ-001497,MAT-1005,2026-09-01,51,1,1,26000,1326000,Partial,At Risk,Q3 2026
PRJ-001498-SP01,PRJ-001498,MAT-1002,2028-10-01,64,5,0,420,26880,Partial,Within Lead Time,Q4 2028
PRJ-001498-SP02,PRJ-001498,MAT-1005,2026-01-01,75,62,42,26000,1950000,Partial,At Risk,Q1 2026
PRJ-001498-SP03,PRJ-001498,MAT-1006,2026-04-01,34,31,14,6200,210800,Partial,At Risk,Q2 2026
PRJ-001498-SP04,PRJ-001498,MAT-1002,2028-09-01,79,36,1,420,33180,Partial,Within Lead Time,Q3 2028
PRJ-001498-SP05,PRJ-001498,MAT-1001,2026-12-01,28,24,22,2100,58800,Partial,Within Lead Time,Q4 2026
PRJ-001498-SP06,PRJ-001498,MAT-1008,2027-02-01,67,22,11,19000,1273000,Partial,Within Lead Time,Q1 2027
PRJ-001498-SP07,PRJ-001498,MAT-1010,2026-02-01,24,11,9,980,23520,Partial,At Risk,Q1 2026
PRJ-001498-SP08,PRJ-001498,MAT-1010,2027-10-01,45,0,0,980,44100,Not Reserved,Within Lead Time,Q4 2027
PRJ-001499-SP01,PRJ-001499,MAT-1007,2028-04-01,74,2,2,14500,1073000,Partial,Within Lead Time,Q2 2028
PRJ-001499-SP02,PRJ-001499,MAT-1004,2026-08-01,7414,6887,453,27,200178,Partial,At Risk,Q3 2026
PRJ-001499-SP03,PRJ-001499,MAT-1002,2028-01-01,3,1,1,420,1260,Partial,Within Lead Time,Q1 2028
PRJ-001499-SP04,PRJ-001499,MAT-1008,2026-01-01,22,2,1,19000,418000,Partial,At Risk,Q1 2026
PRJ-001499-SP05,PRJ-001499,MAT-1007,2027-05-01,29,4,2,14500,420500,Partial,Within Lead Time,Q2 2027
PRJ-001500-SP01,PRJ-001500,MAT-1008,2026-12-01,70,69,28,19000,1330000,Partial,At Risk,Q4 2026
PRJ-001500-SP02,PRJ-001500,MAT-1004,2026-03-01,9526,2759,2094,27,257202,Partial,At Risk,Q1 2026
PRJ-001500-SP03,PRJ-001500,MAT-1002,2026-06-01,12,0,0,420,5040,Not Reserved,At Risk,Q2 2026
PRJ-001501-SP01,PRJ-001501,MAT-1001,2027-05-01,39,7,5,2100,81900,Partial,Within Lead Time,Q2 2027
PRJ-001501-SP02,PRJ-001501,MAT-1002,2026-10-01,65,10,7,420,27300,Partial,Within Lead Time,Q4 2026
PRJ-001501-SP03,PRJ-001501,MAT-1005,2027-10-01,57,14,1,26000,1482000,Partial,Within Lead Time,Q4 2027
PRJ-001501-SP04,PRJ-001501,MAT-1004,2027-05-01,4282,945,478,27,115614,Partial,Within Lead Time,Q2 2027
PRJ-001501-SP05,PRJ-001501,MAT-1012,2026-08-01,64,5,0,68,4352,Partial,At Risk,Q3 2026
PRJ-001502-SP01,PRJ-001502,MAT-1001,2026-06-01,59,58,13,2100,123900,Partial,At Risk,Q2 2026
PRJ-001502-SP02,PRJ-001502,MAT-1003,2026-07-01,1813,1409,278,12,21756,Partial,At Risk,Q3 2026
PRJ-001502-SP03,PRJ-001502,MAT-1001,2027-09-01,11,10,10,2100,23100,Partial,Within Lead Time,Q3 2027
PRJ-001502-SP04,PRJ-001502,MAT-1004,2026-08-01,1282,4,3,27,34614,Partial,At Risk,Q3 2026
PRJ-001502-SP05,PRJ-001502,MAT-1010,2027-03-01,42,40,31,980,41160,Partial,Within Lead Time,Q1 2027
PRJ-001503-SP01,PRJ-001503,MAT-1006,2027-12-01,52,40,3,6200,322400,Partial,Within Lead Time,Q4 2027
PRJ-001503-SP02,PRJ-001503,MAT-1006,2028-10-01,2,1,1,6200,12400,Partial,Within Lead Time,Q4 2028
PRJ-001503-SP03,PRJ-001503,MAT-1007,2028-01-01,50,33,18,14500,725000,Partial,Within Lead Time,Q1 2028
PRJ-001503-SP04,PRJ-001503,MAT-1003,2026-05-01,5954,2287,1575,12,71448,Partial,At Risk,Q2 2026
PRJ-001503-SP05,PRJ-001503,MAT-1010,2026-01-01,49,48,9,980,48020,Partial,At Risk,Q1 2026
PRJ-001503-SP06,PRJ-001503,MAT-1006,2028-04-01,19,15,13,6200,117800,Partial,Within Lead Time,Q2 2028
PRJ-001504-SP01,PRJ-001504,MAT-1010,2027-04-01,48,23,22,980,47040,Partial,Within Lead Time,Q2 2027
PRJ-001504-SP02,PRJ-001504,MAT-1004,2027-07-01,3569,2477,1822,27,96363,Partial,Within Lead Time,Q3 2027
PRJ-001504-SP03,PRJ-001504,MAT-1012,2026-04-01,56,47,27,68,3808,Partial,At Risk,Q2 2026
PRJ-001504-SP04,PRJ-001504,MAT-1011,2026-02-01,52,41,10,130,6760,Partial,At Risk,Q1 2026
PRJ-001504-SP05,PRJ-001504,MAT-1001,2027-09-01,41,29,12,2100,86100,Partial,Within Lead Time,Q3 2027
PRJ-001504-SP06,PRJ-001504,MAT-1007,2027-10-01,27,23,16,14500,391500,Partial,Within Lead Time,Q4 2027
PRJ-001505-SP01,PRJ-001505,MAT-1007,2028-05-01,10,3,0,14500,145000,Partial,Within Lead Time,Q2 2028
PRJ-001505-SP02,PRJ-001505,MAT-1005,2028-09-01,45,5,1,26000,1170000,Partial,Within Lead Time,Q3 2028
PRJ-001505-SP03,PRJ-001505,MAT-1002,2028-04-01,30,5,4,420,12600,Partial,Within Lead Time,Q2 2028
PRJ-001506-SP01,PRJ-001506,MAT-1010,2027-09-01,51,36,15,980,49980,Partial,Within Lead Time,Q3 2027
PRJ-001506-SP02,PRJ-001506,MAT-1004,2026-12-01,4510,4419,937,27,121770,Partial,Within Lead Time,Q4 2026
PRJ-001506-SP03,PRJ-001506,MAT-1010,2026-02-01,66,46,22,980,64680,Partial,At Risk,Q1 2026
PRJ-001506-SP04,PRJ-001506,MAT-1002,2026-05-01,17,6,5,420,7140,Partial,At Risk,Q2 2026
PRJ-001506-SP05,PRJ-001506,MAT-1009,2027-05-01,34,3,2,145,4930,Partial,Within Lead Time,Q2 2027
PRJ-001507-SP01,PRJ-001507,MAT-1004,2026-12-01,2685,2202,97,27,72495,Partial,Within Lead Time,Q4 2026
PRJ-001507-SP02,PRJ-001507,MAT-1005,2026-10-01,49,14,11,26000,1274000,Partial,At Risk,Q4 2026
PRJ-001507-SP03,PRJ-001507,MAT-1011,2026-02-01,26,14,11,130,3380,Partial,At Risk,Q1 2026
PRJ-001507-SP04,PRJ-001507,MAT-1002,2027-01-01,7,5,3,420,2940,Partial,Within Lead Time,Q1 2027
PRJ-001507-SP05,PRJ-001507,MAT-1005,2026-12-01,10,5,2,26000,260000,Partial,At Risk,Q4 2026
PRJ-001508-SP01,PRJ-001508,MAT-1007,2026-10-01,24,3,0,14500,348000,Partial,At Risk,Q4 2026
PRJ-001508-SP02,PRJ-001508,MAT-1011,2028-02-01,12,7,5,130,1560,Partial,Within Lead Time,Q1 2028
PRJ-001508-SP03,PRJ-001508,MAT-1012,2027-10-01,14,10,5,68,952,Partial,Within Lead Time,Q4 2027
PRJ-001509-SP01,PRJ-001509,MAT-1003,2027-08-01,5044,1707,779,12,60528,Partial,Within Lead Time,Q3 2027
PRJ-001509-SP02,PRJ-001509,MAT-1008,2028-10-01,18,16,6,19000,342000,Partial,Within Lead Time,Q4 2028
PRJ-001509-SP03,PRJ-001509,MAT-1010,2026-05-01,35,18,4,980,34300,Partial,At Risk,Q2 2026
PRJ-001509-SP04,PRJ-001509,MAT-1007,2028-06-01,26,18,1,14500,377000,Partial,Within Lead Time,Q2 2028
PRJ-001509-SP05,PRJ-001509,MAT-1005,2026-04-01,61,2,0,26000,1586000,Partial,At Risk,Q2 2026
PRJ-001510-SP01,PRJ-001510,MAT-1008,2027-12-01,6,5,1,19000,114000,Partial,Within Lead Time,Q4 2027
PRJ-001510-SP02,PRJ-001510,MAT-1009,2027-09-01,39,29,7,145,5655,Partial,Within Lead Time,Q3 2027
PRJ-001511-SP01,PRJ-001511,MAT-1012,2027-10-01,56,13,12,68,3808,Partial,Within Lead Time,Q4 2027
PRJ-001511-SP02,PRJ-001511,MAT-1003,2029-01-01,8875,243,227,12,106500,Partial,Within Lead Time,Q1 2029
PRJ-001511-SP03,PRJ-001511,MAT-1006,2026-09-01,5,5,2,6200,31000,Partial,At Risk,Q3 2026
PRJ-001512-SP01,PRJ-001512,MAT-1001,2027-06-01,45,23,8,2100,94500,Partial,Within Lead Time,Q2 2027
PRJ-001512-SP02,PRJ-001512,MAT-1001,2026-03-01,76,73,18,2100,159600,Partial,At Risk,Q1 2026
PRJ-001512-SP03,PRJ-001512,MAT-1001,2027-09-01,61,1,0,2100,128100,Partial,Within Lead Time,Q3 2027
PRJ-001513-SP01,PRJ-001513,MAT-1012,2026-06-01,74,16,4,68,5032,Partial,At Risk,Q2 2026
PRJ-001513-SP02,PRJ-001513,MAT-1005,2028-12-01,74,26,21,26000,1924000,Partial,Within Lead Time,Q4 2028
PRJ-001513-SP03,PRJ-001513,MAT-1009,2028-02-01,21,19,14,145,3045,Partial,Within Lead Time,Q1 2028
PRJ-001513-SP04,PRJ-001513,MAT-1005,2026-08-01,54,1,1,26000,1404000,Partial,At Risk,Q3 2026
PRJ-001513-SP05,PRJ-001513,MAT-1004,2028-08-01,6984,1381,448,27,188568,Partial,Within Lead Time,Q3 2028
PRJ-001513-SP06,PRJ-001513,MAT-1002,2029-01-01,31,29,17,420,13020,Partial,Within Lead Time,Q1 2029
PRJ-001513-SP07,PRJ-001513,MAT-1005,2028-12-01,60,55,36,26000,1560000,Partial,Within Lead Time,Q4 2028
PRJ-001513-SP08,PRJ-001513,MAT-1007,2026-01-01,58,53,32,14500,841000,Partial,At Risk,Q1 2026
PRJ-001514-SP01,PRJ-001514,MAT-1005,2027-01-01,2,1,0,26000,52000,Partial,Within Lead Time,Q1 2027
PRJ-001514-SP02,PRJ-001514,MAT-1001,2026-03-01,13,1,1,2100,27300,Partial,At Risk,Q1 2026
PRJ-001515-SP01,PRJ-001515,MAT-1001,2027-05-01,55,51,6,2100,115500,Partial,Within Lead Time,Q2 2027
PRJ-001515-SP02,PRJ-001515,MAT-1001,2026-07-01,32,25,8,2100,67200,Partial,At Risk,Q3 2026
PRJ-001515-SP03,PRJ-001515,MAT-1008,2028-11-01,5,1,0,19000,95000,Partial,Within Lead Time,Q4 2028
PRJ-001515-SP04,PRJ-001515,MAT-1002,2027-11-01,80,32,31,420,33600,Partial,Within Lead Time,Q4 2027
PRJ-001515-SP05,PRJ-001515,MAT-1002,2026-04-01,63,44,40,420,26460,Partial,At Risk,Q2 2026
PRJ-001515-SP06,PRJ-001515,MAT-1008,2028-10-01,66,44,5,19000,1254000,Partial,Within Lead Time,Q4 2028
PRJ-001515-SP07,PRJ-001515,MAT-1007,2027-04-01,8,5,1,14500,116000,Partial,Within Lead Time,Q2 2027
PRJ-001515-SP08,PRJ-001515,MAT-1002,2026-06-01,50,10,5,420,21000,Partial,At Risk,Q2 2026
PRJ-001516-SP01,PRJ-001516,MAT-1008,2026-09-01,68,60,32,19000,1292000,Partial,At Risk,Q3 2026
PRJ-001516-SP02,PRJ-001516,MAT-1004,2027-05-01,1025,702,528,27,27675,Partial,Within Lead Time,Q2 2027
PRJ-001516-SP03,PRJ-001516,MAT-1012,2027-01-01,75,4,0,68,5100,Partial,Within Lead Time,Q1 2027
PRJ-001517-SP01,PRJ-001517,MAT-1009,2026-12-01,78,45,25,145,11310,Partial,Within Lead Time,Q4 2026
PRJ-001517-SP02,PRJ-001517,MAT-1007,2028-02-01,74,56,51,14500,1073000,Partial,Within Lead Time,Q1 2028
PRJ-001517-SP03,PRJ-001517,MAT-1002,2027-02-01,7,2,2,420,2940,Partial,Within Lead Time,Q1 2027
PRJ-001517-SP04,PRJ-001517,MAT-1005,2027-08-01,73,60,10,26000,1898000,Partial,Within Lead Time,Q3 2027
PRJ-001517-SP05,PRJ-001517,MAT-1009,2028-08-01,27,26,13,145,3915,Partial,Within Lead Time,Q3 2028
PRJ-001517-SP06,PRJ-001517,MAT-1008,2026-04-01,4,4,1,19000,76000,Partial,At Risk,Q2 2026
PRJ-001517-SP07,PRJ-001517,MAT-1006,2027-03-01,59,50,42,6200,365800,Partial,Within Lead Time,Q1 2027
PRJ-001517-SP08,PRJ-001517,MAT-1008,2027-06-01,20,14,13,19000,380000,Partial,Within Lead Time,Q2 2027
PRJ-001518-SP01,PRJ-001518,MAT-1009,2027-04-01,28,17,14,145,4060,Partial,Within Lead Time,Q2 2027
PRJ-001518-SP02,PRJ-001518,MAT-1003,2028-03-01,3673,1213,457,12,44076,Partial,Within Lead Time,Q1 2028
PRJ-001519-SP01,PRJ-001519,MAT-1004,2026-01-01,9844,6017,2489,27,265788,Partial,At Risk,Q1 2026
PRJ-001519-SP02,PRJ-001519,MAT-1003,2026-05-01,5205,1075,176,12,62460,Partial,At Risk,Q2 2026
PRJ-001519-SP03,PRJ-001519,MAT-1005,2027-08-01,48,44,26,26000,1248000,Partial,Within Lead Time,Q3 2027
PRJ-001519-SP04,PRJ-001519,MAT-1001,2028-12-01,7,3,0,2100,14700,Partial,Within Lead Time,Q4 2028
PRJ-001519-SP05,PRJ-001519,MAT-1009,2026-07-01,75,63,46,145,10875,Partial,At Risk,Q3 2026
PRJ-001519-SP06,PRJ-001519,MAT-1004,2026-05-01,6784,654,520,27,183168,Partial,At Risk,Q2 2026
PRJ-001520-SP01,PRJ-001520,MAT-1008,2026-01-01,75,23,6,19000,1425000,Partial,At Risk,Q1 2026
PRJ-001520-SP02,PRJ-001520,MAT-1007,2027-03-01,75,28,10,14500,1087500,Partial,Within Lead Time,Q1 2027
PRJ-001520-SP03,PRJ-001520,MAT-1003,2028-01-01,3586,273,246,12,43032,Partial,Within Lead Time,Q1 2028
PRJ-001520-SP04,PRJ-001520,MAT-1008,2027-12-01,33,14,8,19000,627000,Partial,Within Lead Time,Q4 2027
PRJ-001520-SP05,PRJ-001520,MAT-1008,2026-12-01,42,36,16,19000,798000,Partial,At Risk,Q4 2026
PRJ-001521-SP01,PRJ-001521,MAT-1003,2026-10-01,2882,232,122,12,34584,Partial,At Risk,Q4 2026
PRJ-001521-SP02,PRJ-001521,MAT-1001,2027-08-01,6,3,2,2100,12600,Partial,Within Lead Time,Q3 2027
PRJ-001521-SP03,PRJ-001521,MAT-1001,2028-12-01,57,55,38,2100,119700,Partial,Within Lead Time,Q4 2028
PRJ-001522-SP01,PRJ-001522,MAT-1004,2027-08-01,6222,3221,2091,27,167994,Partial,Within Lead Time,Q3 2027
PRJ-001522-SP02,PRJ-001522,MAT-1007,2028-07-01,28,16,4,14500,406000,Partial,Within Lead Time,Q3 2028
PRJ-001522-SP03,PRJ-001522,MAT-1003,2026-11-01,5104,3067,1238,12,61248,Partial,Within Lead Time,Q4 2026
PRJ-001522-SP04,PRJ-001522,MAT-1005,2026-05-01,13,12,5,26000,338000,Partial,At Risk,Q2 2026
PRJ-001523-SP01,PRJ-001523,MAT-1001,2026-11-01,80,7,4,2100,168000,Partial,Within Lead Time,Q4 2026
PRJ-001523-SP02,PRJ-001523,MAT-1004,2028-10-01,2214,1502,116,27,59778,Partial,Within Lead Time,Q4 2028
PRJ-001523-SP03,PRJ-001523,MAT-1012,2026-02-01,36,10,9,68,2448,Partial,At Risk,Q1 2026
PRJ-001523-SP04,PRJ-001523,MAT-1010,2026-05-01,65,52,28,980,63700,Partial,At Risk,Q2 2026
PRJ-001524-SP01,PRJ-001524,MAT-1011,2028-02-01,14,10,7,130,1820,Partial,Within Lead Time,Q1 2028
PRJ-001524-SP02,PRJ-001524,MAT-1012,2027-04-01,13,9,7,68,884,Partial,Within Lead Time,Q2 2027
PRJ-001524-SP03,PRJ-001524,MAT-1011,2027-04-01,44,41,40,130,5720,Partial,Within Lead Time,Q2 2027
PRJ-001524-SP04,PRJ-001524,MAT-1002,2026-09-01,79,74,53,420,33180,Partial,At Risk,Q3 2026
PRJ-001524-SP05,PRJ-001524,MAT-1001,2028-10-01,11,7,2,2100,23100,Partial,Within Lead Time,Q4 2028
PRJ-001524-SP06,PRJ-001524,MAT-1004,2028-05-01,4187,3876,3275,27,113049,Partial,Within Lead Time,Q2 2028
PRJ-001525-SP01,PRJ-001525,MAT-1009,2028-06-01,42,2,2,145,6090,Partial,Within Lead Time,Q2 2028
PRJ-001525-SP02,PRJ-001525,MAT-1002,2027-12-01,4,3,2,420,1680,Partial,Within Lead Time,Q4 2027
PRJ-001525-SP03,PRJ-001525,MAT-1002,2026-06-01,50,25,7,420,21000,Partial,At Risk,Q2 2026
PRJ-001525-SP04,PRJ-001525,MAT-1006,2027-04-01,2,1,0,6200,12400,Partial,Within Lead Time,Q2 2027
PRJ-001525-SP05,PRJ-001525,MAT-1006,2027-11-01,38,29,29,6200,235600,Partial,Within Lead Time,Q4 2027
PRJ-001525-SP06,PRJ-001525,MAT-1002,2028-07-01,76,67,16,420,31920,Partial,Within Lead Time,Q3 2028
PRJ-001525-SP07,PRJ-001525,MAT-1008,2028-07-01,2,2,0,19000,38000,Partial,Within Lead Time,Q3 2028
PRJ-001526-SP01,PRJ-001526,MAT-1009,2027-09-01,60,9,3,145,8700,Partial,Within Lead Time,Q3 2027
PRJ-001526-SP02,PRJ-001526,MAT-1002,2026-11-01,75,3,2,420,31500,Partial,Within Lead Time,Q4 2026
PRJ-001526-SP03,PRJ-001526,MAT-1012,2026-01-01,77,5,1,68,5236,Partial,At Risk,Q1 2026
PRJ-001527-SP01,PRJ-001527,MAT-1006,2026-09-01,34,22,1,6200,210800,Partial,At Risk,Q3 2026
PRJ-001527-SP02,PRJ-001527,MAT-1003,2028-07-01,1784,671,375,12,21408,Partial,Within Lead Time,Q3 2028
PRJ-001527-SP03,PRJ-001527,MAT-1011,2027-09-01,21,0,0,130,2730,Not Reserved,Within Lead Time,Q3 2027
PRJ-001527-SP04,PRJ-001527,MAT-1005,2028-01-01,19,17,1,26000,494000,Partial,Within Lead Time,Q1 2028
PRJ-001528-SP01,PRJ-001528,MAT-1011,2027-07-01,34,2,1,130,4420,Partial,Within Lead Time,Q3 2027
PRJ-001528-SP02,PRJ-001528,MAT-1002,2028-09-01,60,57,14,420,25200,Partial,Within Lead Time,Q3 2028
PRJ-001529-SP01,PRJ-001529,MAT-1005,2026-06-01,23,6,2,26000,598000,Partial,At Risk,Q2 2026
PRJ-001529-SP02,PRJ-001529,MAT-1010,2027-11-01,69,67,12,980,67620,Partial,Within Lead Time,Q4 2027
PRJ-001529-SP03,PRJ-001529,MAT-1003,2028-02-01,9687,1842,1419,12,116244,Partial,Within Lead Time,Q1 2028
PRJ-001530-SP01,PRJ-001530,MAT-1007,2026-04-01,75,9,6,14500,1087500,Partial,At Risk,Q2 2026
PRJ-001530-SP02,PRJ-001530,MAT-1004,2027-07-01,9904,1830,351,27,267408,Partial,Within Lead Time,Q3 2027
PRJ-001530-SP03,PRJ-001530,MAT-1002,2026-06-01,59,31,14,420,24780,Partial,At Risk,Q2 2026
PRJ-001530-SP04,PRJ-001530,MAT-1011,2027-03-01,5,4,1,130,650,Partial,Within Lead Time,Q1 2027
PRJ-001531-SP01,PRJ-001531,MAT-1008,2027-11-01,55,53,44,19000,1045000,Partial,Within Lead Time,Q4 2027
PRJ-001531-SP02,PRJ-001531,MAT-1006,2026-04-01,3,3,2,6200,18600,Partial,At Risk,Q2 2026
PRJ-001531-SP03,PRJ-001531,MAT-1009,2027-01-01,72,48,39,145,10440,Partial,Within Lead Time,Q1 2027
PRJ-001531-SP04,PRJ-001531,MAT-1003,2026-08-01,5869,4697,3829,12,70428,Partial,At Risk,Q3 2026
PRJ-001531-SP05,PRJ-001531,MAT-1006,2028-11-01,13,5,2,6200,80600,Partial,Within Lead Time,Q4 2028
PRJ-001531-SP06,PRJ-001531,MAT-1012,2027-10-01,43,1,0,68,2924,Partial,Within Lead Time,Q4 2027
PRJ-001531-SP07,PRJ-001531,MAT-1010,2026-09-01,32,11,4,980,31360,Partial,At Risk,Q3 2026
PRJ-001532-SP01,PRJ-001532,MAT-1008,2027-04-01,80,30,24,19000,1520000,Partial,Within Lead Time,Q2 2027
PRJ-001532-SP02,PRJ-001532,MAT-1010,2027-07-01,9,4,2,980,8820,Partial,Within Lead Time,Q3 2027
PRJ-001532-SP03,PRJ-001532,MAT-1007,2027-11-01,80,40,37,14500,1160000,Partial,Within Lead Time,Q4 2027
PRJ-001532-SP04,PRJ-001532,MAT-1002,2026-12-01,24,1,1,420,10080,Partial,Within Lead Time,Q4 2026
PRJ-001532-SP05,PRJ-001532,MAT-1010,2028-04-01,13,8,7,980,12740,Partial,Within Lead Time,Q2 2028
PRJ-001532-SP06,PRJ-001532,MAT-1002,2027-01-01,3,2,0,420,1260,Partial,Within Lead Time,Q1 2027
PRJ-001532-SP07,PRJ-001532,MAT-1007,2028-12-01,40,4,2,14500,580000,Partial,Within Lead Time,Q4 2028
PRJ-001533-SP01,PRJ-001533,MAT-1002,2028-01-01,3,2,0,420,1260,Partial,Within Lead Time,Q1 2028
PRJ-001533-SP02,PRJ-001533,MAT-1005,2027-11-01,24,8,8,26000,624000,Partial,Within Lead Time,Q4 2027
PRJ-001533-SP03,PRJ-001533,MAT-1008,2027-07-01,11,7,1,19000,209000,Partial,Within Lead Time,Q3 2027
PRJ-001533-SP04,PRJ-001533,MAT-1010,2028-03-01,28,13,12,980,27440,Partial,Within Lead Time,Q1 2028
PRJ-001533-SP05,PRJ-001533,MAT-1001,2027-06-01,65,42,39,2100,136500,Partial,Within Lead Time,Q2 2027
PRJ-001533-SP06,PRJ-001533,MAT-1010,2028-08-01,3,1,0,980,2940,Partial,Within Lead Time,Q3 2028
PRJ-001533-SP07,PRJ-001533,MAT-1005,2028-11-01,31,15,6,26000,806000,Partial,Within Lead Time,Q4 2028
PRJ-001534-SP01,PRJ-001534,MAT-1011,2026-02-01,69,52,13,130,8970,Partial,At Risk,Q1 2026
PRJ-001534-SP02,PRJ-001534,MAT-1009,2027-03-01,35,21,7,145,5075,Partial,Within Lead Time,Q1 2027
PRJ-001534-SP03,PRJ-001534,MAT-1011,2027-07-01,48,24,17,130,6240,Partial,Within Lead Time,Q3 2027
PRJ-001535-SP01,PRJ-001535,MAT-1003,2026-11-01,8244,2375,378,12,98928,Partial,Within Lead Time,Q4 2026
PRJ-001535-SP02,PRJ-001535,MAT-1007,2027-08-01,68,2,1,14500,986000,Partial,Within Lead Time,Q3 2027
PRJ-001535-SP03,PRJ-001535,MAT-1004,2027-12-01,7578,7184,3926,27,204606,Partial,Within Lead Time,Q4 2027
PRJ-001536-SP01,PRJ-001536,MAT-1003,2028-05-01,9410,4629,3241,12,112920,Partial,Within Lead Time,Q2 2028
PRJ-001536-SP02,PRJ-001536,MAT-1004,2027-09-01,9684,9522,3947,27,261468,Partial,Within Lead Time,Q3 2027
PRJ-001536-SP03,PRJ-001536,MAT-1004,2028-09-01,4805,1261,884,27,129735,Partial,Within Lead Time,Q3 2028
PRJ-001536-SP04,PRJ-001536,MAT-1012,2026-10-01,70,27,5,68,4760,Partial,Within Lead Time,Q4 2026
PRJ-001537-SP01,PRJ-001537,MAT-1008,2027-06-01,80,3,0,19000,1520000,Partial,Within Lead Time,Q2 2027
PRJ-001537-SP02,PRJ-001537,MAT-1009,2028-08-01,34,27,14,145,4930,Partial,Within Lead Time,Q3 2028
PRJ-001537-SP03,PRJ-001537,MAT-1004,2028-02-01,7680,2580,709,27,207360,Partial,Within Lead Time,Q1 2028
PRJ-001537-SP04,PRJ-001537,MAT-1006,2026-02-01,64,30,10,6200,396800,Partial,At Risk,Q1 2026
PRJ-001538-SP01,PRJ-001538,MAT-1001,2028-03-01,20,15,15,2100,42000,Partial,Within Lead Time,Q1 2028
PRJ-001538-SP02,PRJ-001538,MAT-1012,2027-09-01,7,4,2,68,476,Partial,Within Lead Time,Q3 2027
PRJ-001538-SP03,PRJ-001538,MAT-1012,2028-12-01,28,8,2,68,1904,Partial,Within Lead Time,Q4 2028
PRJ-001538-SP04,PRJ-001538,MAT-1010,2028-12-01,38,5,4,980,37240,Partial,Within Lead Time,Q4 2028
PRJ-001538-SP05,PRJ-001538,MAT-1012,2028-04-01,11,5,3,68,748,Partial,Within Lead Time,Q2 2028
PRJ-001538-SP06,PRJ-001538,MAT-1002,2028-02-01,16,15,11,420,6720,Partial,Within Lead Time,Q1 2028
PRJ-001538-SP07,PRJ-001538,MAT-1006,2028-03-01,28,8,1,6200,173600,Partial,Within Lead Time,Q1 2028
PRJ-001539-SP01,PRJ-001539,MAT-1008,2028-02-01,54,12,6,19000,1026000,Partial,Within Lead Time,Q1 2028
PRJ-001539-SP02,PRJ-001539,MAT-1001,2026-04-01,32,19,8,2100,67200,Partial,At Risk,Q2 2026
PRJ-001539-SP03,PRJ-001539,MAT-1009,2028-06-01,24,20,17,145,3480,Partial,Within Lead Time,Q2 2028
PRJ-001539-SP04,PRJ-001539,MAT-1010,2027-06-01,2,2,2,980,1960,Fulfilled,Within Lead Time,Q2 2027
PRJ-001539-SP05,PRJ-001539,MAT-1001,2028-01-01,55,33,10,2100,115500,Partial,Within Lead Time,Q1 2028
PRJ-001539-SP06,PRJ-001539,MAT-1011,2026-08-01,52,49,3,130,6760,Partial,At Risk,Q3 2026
PRJ-001539-SP07,PRJ-001539,MAT-1002,2027-05-01,55,34,2,420,23100,Partial,Within Lead Time,Q2 2027
PRJ-001539-SP08,PRJ-001539,MAT-1009,2026-08-01,36,2,0,145,5220,Partial,At Risk,Q3 2026
PRJ-001540-SP01,PRJ-001540,MAT-1009,2027-05-01,23,6,2,145,3335,Partial,Within Lead Time,Q2 2027
PRJ-001540-SP02,PRJ-001540,MAT-1012,2026-07-01,70,67,43,68,4760,Partial,At Risk,Q3 2026
PRJ-001540-SP03,PRJ-001540,MAT-1008,2026-11-01,2,1,1,19000,38000,Partial,At Risk,Q4 2026
PRJ-001540-SP04,PRJ-001540,MAT-1010,2026-06-01,42,10,8,980,41160,Partial,At Risk,Q2 2026
PRJ-001541-SP01,PRJ-001541,MAT-1004,2027-07-01,4352,1521,840,27,117504,Partial,Within Lead Time,Q3 2027
PRJ-001541-SP02,PRJ-001541,MAT-1009,2028-10-01,2,1,0,145,290,Partial,Within Lead Time,Q4 2028
PRJ-001541-SP03,PRJ-001541,MAT-1006,2026-12-01,45,35,5,6200,279000,Partial,Within Lead Time,Q4 2026
PRJ-001542-SP01,PRJ-001542,MAT-1012,2027-10-01,14,13,1,68,952,Partial,Within Lead Time,Q4 2027
PRJ-001542-SP02,PRJ-001542,MAT-1012,2028-10-01,64,33,2,68,4352,Partial,Within Lead Time,Q4 2028
PRJ-001542-SP03,PRJ-001542,MAT-1001,2027-01-01,38,23,10,2100,79800,Partial,Within Lead Time,Q1 2027
PRJ-001542-SP04,PRJ-001542,MAT-1010,2027-04-01,31,7,1,980,30380,Partial,Within Lead Time,Q2 2027
PRJ-001542-SP05,PRJ-001542,MAT-1011,2026-03-01,61,18,1,130,7930,Partial,At Risk,Q1 2026
PRJ-001542-SP06,PRJ-001542,MAT-1005,2028-03-01,71,69,37,26000,1846000,Partial,Within Lead Time,Q1 2028
PRJ-001542-SP07,PRJ-001542,MAT-1001,2027-04-01,16,5,0,2100,33600,Partial,Within Lead Time,Q2 2027
PRJ-001542-SP08,PRJ-001542,MAT-1001,2027-08-01,48,41,27,2100,100800,Partial,Within Lead Time,Q3 2027
PRJ-001543-SP01,PRJ-001543,MAT-1012,2026-05-01,19,2,1,68,1292,Partial,At Risk,Q2 2026
PRJ-001543-SP02,PRJ-001543,MAT-1006,2026-08-01,78,2,1,6200,483600,Partial,At Risk,Q3 2026
PRJ-001543-SP03,PRJ-001543,MAT-1003,2027-04-01,8029,7058,6768,12,96348,Partial,Within Lead Time,Q2 2027
PRJ-001543-SP04,PRJ-001543,MAT-1009,2027-07-01,52,25,24,145,7540,Partial,Within Lead Time,Q3 2027
PRJ-001543-SP05,PRJ-001543,MAT-1012,2026-10-01,51,30,6,68,3468,Partial,Within Lead Time,Q4 2026
PRJ-001544-SP01,PRJ-001544,MAT-1004,2028-08-01,1177,1058,124,27,31779,Partial,Within Lead Time,Q3 2028
PRJ-001544-SP02,PRJ-001544,MAT-1010,2026-06-01,40,29,27,980,39200,Partial,At Risk,Q2 2026
PRJ-001544-SP03,PRJ-001544,MAT-1008,2029-01-01,80,74,38,19000,1520000,Partial,Within Lead Time,Q1 2029
PRJ-001544-SP04,PRJ-001544,MAT-1004,2028-03-01,9128,2961,1810,27,246456,Partial,Within Lead Time,Q1 2028
PRJ-001544-SP05,PRJ-001544,MAT-1011,2027-12-01,24,23,14,130,3120,Partial,Within Lead Time,Q4 2027
PRJ-001544-SP06,PRJ-001544,MAT-1003,2027-12-01,2210,1850,325,12,26520,Partial,Within Lead Time,Q4 2027
PRJ-001544-SP07,PRJ-001544,MAT-1009,2027-04-01,77,3,2,145,11165,Partial,Within Lead Time,Q2 2027
PRJ-001544-SP08,PRJ-001544,MAT-1012,2027-12-01,25,20,16,68,1700,Partial,Within Lead Time,Q4 2027
PRJ-001545-SP01,PRJ-001545,MAT-1004,2026-10-01,1070,1023,380,27,28890,Partial,At Risk,Q4 2026
PRJ-001545-SP02,PRJ-001545,MAT-1004,2027-03-01,9531,6831,961,27,257337,Partial,Within Lead Time,Q1 2027
PRJ-001545-SP03,PRJ-001545,MAT-1005,2028-09-01,62,4,3,26000,1612000,Partial,Within Lead Time,Q3 2028
PRJ-001545-SP04,PRJ-001545,MAT-1001,2028-12-01,15,10,0,2100,31500,Partial,Within Lead Time,Q4 2028
PRJ-001546-SP01,PRJ-001546,MAT-1005,2026-04-01,35,10,6,26000,910000,Partial,At Risk,Q2 2026
PRJ-001546-SP02,PRJ-001546,MAT-1004,2026-07-01,5176,4671,3883,27,139752,Partial,At Risk,Q3 2026
PRJ-001546-SP03,PRJ-001546,MAT-1009,2026-10-01,11,11,4,145,1595,Partial,Within Lead Time,Q4 2026
PRJ-001546-SP04,PRJ-001546,MAT-1003,2028-04-01,4711,1571,896,12,56532,Partial,Within Lead Time,Q2 2028
PRJ-001547-SP01,PRJ-001547,MAT-1002,2026-10-01,10,3,3,420,4200,Partial,Within Lead Time,Q4 2026
PRJ-001547-SP02,PRJ-001547,MAT-1010,2028-06-01,52,47,32,980,50960,Partial,Within Lead Time,Q2 2028
PRJ-001548-SP01,PRJ-001548,MAT-1009,2026-02-01,51,3,1,145,7395,Partial,At Risk,Q1 2026
PRJ-001548-SP02,PRJ-001548,MAT-1003,2028-10-01,7738,843,840,12,92856,Partial,Within Lead Time,Q4 2028
PRJ-001548-SP03,PRJ-001548,MAT-1007,2027-02-01,60,46,31,14500,870000,Partial,Within Lead Time,Q1 2027
PRJ-001548-SP04,PRJ-001548,MAT-1007,2027-10-01,69,23,19,14500,1000500,Partial,Within Lead Time,Q4 2027
PRJ-001548-SP05,PRJ-001548,MAT-1004,2027-10-01,1417,93,10,27,38259,Partial,Within Lead Time,Q4 2027
PRJ-001548-SP06,PRJ-001548,MAT-1012,2027-02-01,13,6,1,68,884,Partial,Within Lead Time,Q1 2027
PRJ-001548-SP07,PRJ-001548,MAT-1005,2027-01-01,65,21,6,26000,1690000,Partial,Within Lead Time,Q1 2027
PRJ-001549-SP01,PRJ-001549,MAT-1002,2026-11-01,61,39,25,420,25620,Partial,Within Lead Time,Q4 2026
PRJ-001549-SP02,PRJ-001549,MAT-1012,2026-10-01,33,11,3,68,2244,Partial,Within Lead Time,Q4 2026
PRJ-001549-SP03,PRJ-001549,MAT-1004,2027-06-01,6639,1855,1005,27,179253,Partial,Within Lead Time,Q2 2027
PRJ-001549-SP04,PRJ-001549,MAT-1002,2026-05-01,47,15,4,420,19740,Partial,At Risk,Q2 2026
PRJ-001549-SP05,PRJ-001549,MAT-1011,2027-12-01,70,39,30,130,9100,Partial,Within Lead Time,Q4 2027
PRJ-001550-SP01,PRJ-001550,MAT-1011,2026-11-01,60,37,18,130,7800,Partial,Within Lead Time,Q4 2026
PRJ-001550-SP02,PRJ-001550,MAT-1011,2027-03-01,67,12,2,130,8710,Partial,Within Lead Time,Q1 2027
PRJ-001550-SP03,PRJ-001550,MAT-1006,2026-09-01,13,11,3,6200,80600,Partial,At Risk,Q3 2026
PRJ-001551-SP01,PRJ-001551,MAT-1006,2026-08-01,13,13,11,6200,80600,Partial,At Risk,Q3 2026
PRJ-001551-SP02,PRJ-001551,MAT-1001,2028-02-01,60,8,0,2100,126000,Partial,Within Lead Time,Q1 2028
PRJ-001551-SP03,PRJ-001551,MAT-1007,2027-09-01,28,15,9,14500,406000,Partial,Within Lead Time,Q3 2027
PRJ-001551-SP04,PRJ-001551,MAT-1011,2027-10-01,12,10,8,130,1560,Partial,Within Lead Time,Q4 2027
PRJ-001551-SP05,PRJ-001551,MAT-1010,2027-07-01,3,1,1,980,2940,Partial,Within Lead Time,Q3 2027
PRJ-001552-SP01,PRJ-001552,MAT-1007,2026-07-01,78,18,13,14500,1131000,Partial,At Risk,Q3 2026
PRJ-001552-SP02,PRJ-001552,MAT-1011,2026-03-01,58,48,47,130,7540,Partial,At Risk,Q1 2026
PRJ-001553-SP01,PRJ-001553,MAT-1005,2027-02-01,55,54,23,26000,1430000,Partial,Within Lead Time,Q1 2027
PRJ-001553-SP02,PRJ-001553,MAT-1002,2027-12-01,2,1,1,420,840,Partial,Within Lead Time,Q4 2027
PRJ-001553-SP03,PRJ-001553,MAT-1005,2026-08-01,25,15,10,26000,650000,Partial,At Risk,Q3 2026
PRJ-001553-SP04,PRJ-001553,MAT-1005,2028-11-01,46,41,28,26000,1196000,Partial,Within Lead Time,Q4 2028
PRJ-001553-SP05,PRJ-001553,MAT-1012,2028-09-01,38,21,4,68,2584,Partial,Within Lead Time,Q3 2028
PRJ-001553-SP06,PRJ-001553,MAT-1007,2026-12-01,73,31,3,14500,1058500,Partial,At Risk,Q4 2026
PRJ-001553-SP07,PRJ-001553,MAT-1004,2028-07-01,5578,709,619,27,150606,Partial,Within Lead Time,Q3 2028
PRJ-001553-SP08,PRJ-001553,MAT-1010,2027-05-01,13,2,0,980,12740,Partial,Within Lead Time,Q2 2027
PRJ-001554-SP01,PRJ-001554,MAT-1012,2026-09-01,6,4,1,68,408,Partial,At Risk,Q3 2026
PRJ-001554-SP02,PRJ-001554,MAT-1012,2027-12-01,33,17,9,68,2244,Partial,Within Lead Time,Q4 2027
PRJ-001554-SP03,PRJ-001554,MAT-1005,2026-12-01,76,39,9,26000,1976000,Partial,At Risk,Q4 2026
PRJ-001554-SP04,PRJ-001554,MAT-1002,2028-01-01,54,3,2,420,22680,Partial,Within Lead Time,Q1 2028
PRJ-001554-SP05,PRJ-001554,MAT-1009,2027-10-01,35,0,0,145,5075,Not Reserved,Within Lead Time,Q4 2027
PRJ-001555-SP01,PRJ-001555,MAT-1005,2026-04-01,77,43,0,26000,2002000,Partial,At Risk,Q2 2026
PRJ-001555-SP02,PRJ-001555,MAT-1009,2026-09-01,34,9,1,145,4930,Partial,At Risk,Q3 2026
PRJ-001555-SP03,PRJ-001555,MAT-1002,2027-03-01,69,51,18,420,28980,Partial,Within Lead Time,Q1 2027
PRJ-001555-SP04,PRJ-001555,MAT-1002,2028-01-01,77,72,33,420,32340,Partial,Within Lead Time,Q1 2028
PRJ-001556-SP01,PRJ-001556,MAT-1007,2027-04-01,4,1,1,14500,58000,Partial,Within Lead Time,Q2 2027
PRJ-001556-SP02,PRJ-001556,MAT-1004,2028-12-01,6529,4513,3655,27,176283,Partial,Within Lead Time,Q4 2028
PRJ-001556-SP03,PRJ-001556,MAT-1008,2027-04-01,49,10,5,19000,931000,Partial,Within Lead Time,Q2 2027
PRJ-001556-SP04,PRJ-001556,MAT-1006,2028-06-01,73,44,10,6200,452600,Partial,Within Lead Time,Q2 2028
PRJ-001556-SP05,PRJ-001556,MAT-1009,2027-04-01,78,70,55,145,11310,Partial,Within Lead Time,Q2 2027
PRJ-001556-SP06,PRJ-001556,MAT-1010,2026-10-01,58,20,2,980,56840,Partial,At Risk,Q4 2026
PRJ-001557-SP01,PRJ-001557,MAT-1001,2026-03-01,44,36,22,2100,92400,Partial,At Risk,Q1 2026
PRJ-001557-SP02,PRJ-001557,MAT-1011,2028-01-01,41,22,21,130,5330,Partial,Within Lead Time,Q1 2028
PRJ-001557-SP03,PRJ-001557,MAT-1011,2026-10-01,44,18,14,130,5720,Partial,Within Lead Time,Q4 2026
PRJ-001557-SP04,PRJ-001557,MAT-1005,2028-04-01,24,10,4,26000,624000,Partial,Within Lead Time,Q2 2028
PRJ-001557-SP05,PRJ-001557,MAT-1009,2027-08-01,21,3,1,145,3045,Partial,Within Lead Time,Q3 2027
PRJ-001557-SP06,PRJ-001557,MAT-1004,2026-09-01,5702,5327,2150,27,153954,Partial,At Risk,Q3 2026
PRJ-001557-SP07,PRJ-001557,MAT-1003,2027-10-01,754,199,198,12,9048,Partial,Within Lead Time,Q4 2027
PRJ-001558-SP01,PRJ-001558,MAT-1012,2027-12-01,59,23,22,68,4012,Partial,Within Lead Time,Q4 2027
PRJ-001558-SP02,PRJ-001558,MAT-1012,2026-11-01,25,22,9,68,1700,Partial,Within Lead Time,Q4 2026
PRJ-001558-SP03,PRJ-001558,MAT-1009,2026-08-01,15,2,1,145,2175,Partial,At Risk,Q3 2026
PRJ-001558-SP04,PRJ-001558,MAT-1008,2026-08-01,63,7,5,19000,1197000,Partial,At Risk,Q3 2026
PRJ-001558-SP05,PRJ-001558,MAT-1009,2028-05-01,39,3,1,145,5655,Partial,Within Lead Time,Q2 2028
PRJ-001558-SP06,PRJ-001558,MAT-1004,2027-04-01,4939,4618,4321,27,133353,Partial,Within Lead Time,Q2 2027
PRJ-001558-SP07,PRJ-001558,MAT-1001,2027-11-01,80,76,3,2100,168000,Partial,Within Lead Time,Q4 2027
PRJ-001558-SP08,PRJ-001558,MAT-1011,2027-01-01,31,3,2,130,4030,Partial,Within Lead Time,Q1 2027
PRJ-001559-SP01,PRJ-001559,MAT-1005,2028-05-01,40,29,27,26000,1040000,Partial,Within Lead Time,Q2 2028
PRJ-001559-SP02,PRJ-001559,MAT-1001,2027-03-01,6,2,2,2100,12600,Partial,Within Lead Time,Q1 2027
PRJ-001559-SP03,PRJ-001559,MAT-1008,2026-07-01,79,64,33,19000,1501000,Partial,At Risk,Q3 2026
PRJ-001559-SP04,PRJ-001559,MAT-1010,2027-08-01,30,29,21,980,29400,Partial,Within Lead Time,Q3 2027
PRJ-001559-SP05,PRJ-001559,MAT-1003,2026-11-01,3196,56,14,12,38352,Partial,Within Lead Time,Q4 2026
PRJ-001559-SP06,PRJ-001559,MAT-1011,2026-06-01,10,9,3,130,1300,Partial,At Risk,Q2 2026
PRJ-001560-SP01,PRJ-001560,MAT-1008,2026-12-01,47,17,4,19000,893000,Partial,At Risk,Q4 2026
PRJ-001560-SP02,PRJ-001560,MAT-1002,2028-01-01,52,48,37,420,21840,Partial,Within Lead Time,Q1 2028
PRJ-001560-SP03,PRJ-001560,MAT-1012,2026-05-01,23,0,0,68,1564,Not Reserved,At Risk,Q2 2026
PRJ-001561-SP01,PRJ-001561,MAT-1008,2028-09-01,20,19,9,19000,380000,Partial,Within Lead Time,Q3 2028
PRJ-001561-SP02,PRJ-001561,MAT-1004,2026-08-01,1970,1888,1668,27,53190,Partial,At Risk,Q3 2026
PRJ-001561-SP03,PRJ-001561,MAT-1010,2029-01-01,11,1,0,980,10780,Partial,Within Lead Time,Q1 2029
PRJ-001561-SP04,PRJ-001561,MAT-1004,2027-01-01,7800,573,424,27,210600,Partial,Within Lead Time,Q1 2027
PRJ-001562-SP01,PRJ-001562,MAT-1003,2026-11-01,9010,1851,929,12,108120,Partial,Within Lead Time,Q4 2026
PRJ-001562-SP02,PRJ-001562,MAT-1006,2026-05-01,20,3,3,6200,124000,Partial,At Risk,Q2 2026
PRJ-001562-SP03,PRJ-001562,MAT-1002,2028-04-01,8,4,2,420,3360,Partial,Within Lead Time,Q2 2028
PRJ-001562-SP04,PRJ-001562,MAT-1008,2026-02-01,41,7,0,19000,779000,Partial,At Risk,Q1 2026
PRJ-001562-SP05,PRJ-001562,MAT-1007,2026-03-01,20,14,6,14500,290000,Partial,At Risk,Q1 2026
PRJ-001562-SP06,PRJ-001562,MAT-1001,2026-11-01,72,69,60,2100,151200,Partial,Within Lead Time,Q4 2026
PRJ-001563-SP01,PRJ-001563,MAT-1005,2028-05-01,17,5,3,26000,442000,Partial,Within Lead Time,Q2 2028
PRJ-001563-SP02,PRJ-001563,MAT-1009,2026-12-01,23,6,4,145,3335,Partial,Within Lead Time,Q4 2026
PRJ-001563-SP03,PRJ-001563,MAT-1003,2027-10-01,6417,1595,1061,12,77004,Partial,Within Lead Time,Q4 2027
PRJ-001563-SP04,PRJ-001563,MAT-1005,2027-03-01,14,7,1,26000,364000,Partial,Within Lead Time,Q1 2027
PRJ-001563-SP05,PRJ-001563,MAT-1006,2026-11-01,34,10,1,6200,210800,Partial,At Risk,Q4 2026
PRJ-001563-SP06,PRJ-001563,MAT-1007,2027-07-01,55,48,21,14500,797500,Partial,Within Lead Time,Q3 2027
PRJ-001563-SP07,PRJ-001563,MAT-1009,2027-10-01,50,4,2,145,7250,Partial,Within Lead Time,Q4 2027
PRJ-001564-SP01,PRJ-001564,MAT-1007,2028-08-01,62,15,13,14500,899000,Partial,Within Lead Time,Q3 2028
PRJ-001564-SP02,PRJ-001564,MAT-1006,2026-11-01,35,6,2,6200,217000,Partial,At Risk,Q4 2026
PRJ-001564-SP03,PRJ-001564,MAT-1011,2027-05-01,40,13,7,130,5200,Partial,Within Lead Time,Q2 2027
PRJ-001564-SP04,PRJ-001564,MAT-1003,2027-11-01,4898,4741,32,12,58776,Partial,Within Lead Time,Q4 2027
PRJ-001564-SP05,PRJ-001564,MAT-1008,2028-03-01,53,14,13,19000,1007000,Partial,Within Lead Time,Q1 2028
PRJ-001565-SP01,PRJ-001565,MAT-1006,2026-08-01,2,0,0,6200,12400,Not Reserved,At Risk,Q3 2026
PRJ-001565-SP02,PRJ-001565,MAT-1001,2027-08-01,47,31,26,2100,98700,Partial,Within Lead Time,Q3 2027
PRJ-001565-SP03,PRJ-001565,MAT-1011,2027-01-01,53,40,33,130,6890,Partial,Within Lead Time,Q1 2027
PRJ-001565-SP04,PRJ-001565,MAT-1004,2028-11-01,1798,145,94,27,48546,Partial,Within Lead Time,Q4 2028
PRJ-001565-SP05,PRJ-001565,MAT-1006,2027-08-01,80,51,34,6200,496000,Partial,Within Lead Time,Q3 2027
PRJ-001565-SP06,PRJ-001565,MAT-1011,2027-03-01,11,4,2,130,1430,Partial,Within Lead Time,Q1 2027
PRJ-001565-SP07,PRJ-001565,MAT-1006,2027-08-01,23,8,1,6200,142600,Partial,Within Lead Time,Q3 2027
PRJ-001566-SP01,PRJ-001566,MAT-1004,2026-05-01,9013,5992,2397,27,243351,Partial,At Risk,Q2 2026
PRJ-001566-SP02,PRJ-001566,MAT-1012,2027-04-01,50,31,7,68,3400,Partial,Within Lead Time,Q2 2027
PRJ-001567-SP01,PRJ-001567,MAT-1008,2028-01-01,40,31,5,19000,760000,Partial,Within Lead Time,Q1 2028
PRJ-001567-SP02,PRJ-001567,MAT-1004,2028-12-01,6338,1653,272,27,171126,Partial,Within Lead Time,Q4 2028
PRJ-001567-SP03,PRJ-001567,MAT-1011,2026-10-01,13,3,2,130,1690,Partial,Within Lead Time,Q4 2026
PRJ-001567-SP04,PRJ-001567,MAT-1004,2028-07-01,8960,4289,594,27,241920,Partial,Within Lead Time,Q3 2028
PRJ-001568-SP01,PRJ-001568,MAT-1006,2028-04-01,47,46,38,6200,291400,Partial,Within Lead Time,Q2 2028
PRJ-001568-SP02,PRJ-001568,MAT-1006,2026-03-01,59,43,27,6200,365800,Partial,At Risk,Q1 2026
PRJ-001568-SP03,PRJ-001568,MAT-1001,2029-01-01,31,5,1,2100,65100,Partial,Within Lead Time,Q1 2029
PRJ-001568-SP04,PRJ-001568,MAT-1005,2028-08-01,14,12,2,26000,364000,Partial,Within Lead Time,Q3 2028
PRJ-001568-SP05,PRJ-001568,MAT-1010,2028-04-01,61,17,3,980,59780,Partial,Within Lead Time,Q2 2028
PRJ-001568-SP06,PRJ-001568,MAT-1001,2027-06-01,80,30,14,2100,168000,Partial,Within Lead Time,Q2 2027
PRJ-001568-SP07,PRJ-001568,MAT-1010,2028-02-01,7,6,6,980,6860,Partial,Within Lead Time,Q1 2028
PRJ-001568-SP08,PRJ-001568,MAT-1006,2026-08-01,21,7,3,6200,130200,Partial,At Risk,Q3 2026
PRJ-001569-SP01,PRJ-001569,MAT-1012,2027-12-01,53,24,22,68,3604,Partial,Within Lead Time,Q4 2027
PRJ-001569-SP02,PRJ-001569,MAT-1010,2027-04-01,3,1,1,980,2940,Partial,Within Lead Time,Q2 2027
PRJ-001569-SP03,PRJ-001569,MAT-1002,2026-06-01,4,3,1,420,1680,Partial,At Risk,Q2 2026
PRJ-001570-SP01,PRJ-001570,MAT-1011,2028-04-01,62,23,13,130,8060,Partial,Within Lead Time,Q2 2028
PRJ-001570-SP02,PRJ-001570,MAT-1008,2026-02-01,77,25,15,19000,1463000,Partial,At Risk,Q1 2026
PRJ-001570-SP03,PRJ-001570,MAT-1006,2026-11-01,78,17,7,6200,483600,Partial,At Risk,Q4 2026
PRJ-001570-SP04,PRJ-001570,MAT-1010,2026-07-01,80,13,8,980,78400,Partial,At Risk,Q3 2026
PRJ-001570-SP05,PRJ-001570,MAT-1006,2027-05-01,74,46,42,6200,458800,Partial,Within Lead Time,Q2 2027
PRJ-001570-SP06,PRJ-001570,MAT-1008,2027-10-01,18,6,3,19000,342000,Partial,Within Lead Time,Q4 2027
PRJ-001571-SP01,PRJ-001571,MAT-1005,2028-06-01,6,1,0,26000,156000,Partial,Within Lead Time,Q2 2028
PRJ-001571-SP02,PRJ-001571,MAT-1009,2028-05-01,3,1,0,145,435,Partial,Within Lead Time,Q2 2028
PRJ-001571-SP03,PRJ-001571,MAT-1003,2026-01-01,3367,2456,128,12,40404,Partial,At Risk,Q1 2026
PRJ-001572-SP01,PRJ-001572,MAT-1003,2028-06-01,8034,367,88,12,96408,Partial,Within Lead Time,Q2 2028
PRJ-001572-SP02,PRJ-001572,MAT-1004,2027-05-01,3836,732,431,27,103572,Partial,Within Lead Time,Q2 2027
PRJ-001573-SP01,PRJ-001573,MAT-1004,2027-02-01,2577,2569,764,27,69579,Partial,Within Lead Time,Q1 2027
PRJ-001573-SP02,PRJ-001573,MAT-1007,2027-04-01,26,11,7,14500,377000,Partial,Within Lead Time,Q2 2027
PRJ-001573-SP03,PRJ-001573,MAT-1012,2028-08-01,27,27,18,68,1836,Partial,Within Lead Time,Q3 2028
PRJ-001574-SP01,PRJ-001574,MAT-1008,2028-01-01,78,6,3,19000,1482000,Partial,Within Lead Time,Q1 2028
PRJ-001574-SP02,PRJ-001574,MAT-1008,2027-01-01,22,18,9,19000,418000,Partial,At Risk,Q1 2027
PRJ-001574-SP03,PRJ-001574,MAT-1003,2028-02-01,1066,77,19,12,12792,Partial,Within Lead Time,Q1 2028
PRJ-001574-SP04,PRJ-001574,MAT-1001,2029-01-01,78,39,28,2100,163800,Partial,Within Lead Time,Q1 2029
PRJ-001574-SP05,PRJ-001574,MAT-1011,2028-01-01,40,9,1,130,5200,Partial,Within Lead Time,Q1 2028
PRJ-001574-SP06,PRJ-001574,MAT-1004,2026-08-01,2473,1297,438,27,66771,Partial,At Risk,Q3 2026
PRJ-001574-SP07,PRJ-001574,MAT-1003,2026-05-01,8068,159,69,12,96816,Partial,At Risk,Q2 2026
PRJ-001574-SP08,PRJ-001574,MAT-1002,2026-09-01,41,30,7,420,17220,Partial,At Risk,Q3 2026
PRJ-001575-SP01,PRJ-001575,MAT-1009,2028-01-01,58,7,5,145,8410,Partial,Within Lead Time,Q1 2028
PRJ-001575-SP02,PRJ-001575,MAT-1012,2026-12-01,36,31,9,68,2448,Partial,Within Lead Time,Q4 2026
PRJ-001575-SP03,PRJ-001575,MAT-1011,2028-12-01,40,21,5,130,5200,Partial,Within Lead Time,Q4 2028
PRJ-001575-SP04,PRJ-001575,MAT-1004,2027-10-01,1467,761,239,27,39609,Partial,Within Lead Time,Q4 2027
PRJ-001575-SP05,PRJ-001575,MAT-1010,2026-10-01,77,35,34,980,75460,Partial,At Risk,Q4 2026
PRJ-001575-SP06,PRJ-001575,MAT-1012,2027-04-01,63,9,7,68,4284,Partial,Within Lead Time,Q2 2027
PRJ-001575-SP07,PRJ-001575,MAT-1001,2026-09-01,12,11,6,2100,25200,Partial,At Risk,Q3 2026
PRJ-001575-SP08,PRJ-001575,MAT-1005,2027-03-01,38,36,24,26000,988000,Partial,Within Lead Time,Q1 2027
PRJ-001576-SP01,PRJ-001576,MAT-1010,2028-04-01,67,19,7,980,65660,Partial,Within Lead Time,Q2 2028
PRJ-001576-SP02,PRJ-001576,MAT-1002,2026-08-01,31,18,6,420,13020,Partial,At Risk,Q3 2026
PRJ-001577-SP01,PRJ-001577,MAT-1003,2028-12-01,5628,3916,3100,12,67536,Partial,Within Lead Time,Q4 2028
PRJ-001577-SP02,PRJ-001577,MAT-1005,2028-02-01,75,48,24,26000,1950000,Partial,Within Lead Time,Q1 2028
PRJ-001577-SP03,PRJ-001577,MAT-1009,2028-11-01,31,11,7,145,4495,Partial,Within Lead Time,Q4 2028
PRJ-001577-SP04,PRJ-001577,MAT-1007,2027-07-01,9,5,3,14500,130500,Partial,Within Lead Time,Q3 2027
PRJ-001577-SP05,PRJ-001577,MAT-1002,2027-02-01,31,1,0,420,13020,Partial,Within Lead Time,Q1 2027
PRJ-001577-SP06,PRJ-001577,MAT-1002,2026-10-01,62,41,5,420,26040,Partial,Within Lead Time,Q4 2026
PRJ-001578-SP01,PRJ-001578,MAT-1011,2027-02-01,16,11,5,130,2080,Partial,Within Lead Time,Q1 2027
PRJ-001578-SP02,PRJ-001578,MAT-1004,2026-05-01,4061,1526,1150,27,109647,Partial,At Risk,Q2 2026
PRJ-001579-SP01,PRJ-001579,MAT-1009,2027-01-01,62,57,52,145,8990,Partial,Within Lead Time,Q1 2027
PRJ-001579-SP02,PRJ-001579,MAT-1002,2026-02-01,34,17,2,420,14280,Partial,At Risk,Q1 2026
PRJ-001579-SP03,PRJ-001579,MAT-1012,2028-11-01,77,15,6,68,5236,Partial,Within Lead Time,Q4 2028
PRJ-001579-SP04,PRJ-001579,MAT-1006,2028-10-01,37,22,6,6200,229400,Partial,Within Lead Time,Q4 2028
PRJ-001579-SP05,PRJ-001579,MAT-1001,2029-01-01,19,3,0,2100,39900,Partial,Within Lead Time,Q1 2029
PRJ-001579-SP06,PRJ-001579,MAT-1008,2028-05-01,61,23,13,19000,1159000,Partial,Within Lead Time,Q2 2028
PRJ-001579-SP07,PRJ-001579,MAT-1010,2028-07-01,44,1,0,980,43120,Partial,Within Lead Time,Q3 2028
PRJ-001580-SP01,PRJ-001580,MAT-1003,2026-08-01,8955,6234,1301,12,107460,Partial,At Risk,Q3 2026
PRJ-001580-SP02,PRJ-001580,MAT-1002,2029-01-01,14,8,1,420,5880,Partial,Within Lead Time,Q1 2029
PRJ-001580-SP03,PRJ-001580,MAT-1006,2028-02-01,12,11,10,6200,74400,Partial,Within Lead Time,Q1 2028
PRJ-001580-SP04,PRJ-001580,MAT-1005,2028-10-01,25,17,3,26000,650000,Partial,Within Lead Time,Q4 2028
PRJ-001581-SP01,PRJ-001581,MAT-1010,2027-05-01,6,3,0,980,5880,Partial,Within Lead Time,Q2 2027
PRJ-001581-SP02,PRJ-001581,MAT-1009,2027-08-01,65,46,37,145,9425,Partial,Within Lead Time,Q3 2027
PRJ-001582-SP01,PRJ-001582,MAT-1007,2028-07-01,35,10,8,14500,507500,Partial,Within Lead Time,Q3 2028
PRJ-001582-SP02,PRJ-001582,MAT-1010,2026-01-01,72,24,22,980,70560,Partial,At Risk,Q1 2026
PRJ-001582-SP03,PRJ-001582,MAT-1006,2028-10-01,43,31,23,6200,266600,Partial,Within Lead Time,Q4 2028
PRJ-001582-SP04,PRJ-001582,MAT-1001,2027-11-01,8,8,5,2100,16800,Partial,Within Lead Time,Q4 2027
PRJ-001582-SP05,PRJ-001582,MAT-1007,2027-07-01,73,2,1,14500,1058500,Partial,Within Lead Time,Q3 2027
PRJ-001582-SP06,PRJ-001582,MAT-1002,2027-08-01,34,5,4,420,14280,Partial,Within Lead Time,Q3 2027
PRJ-001582-SP07,PRJ-001582,MAT-1008,2028-10-01,26,17,5,19000,494000,Partial,Within Lead Time,Q4 2028
PRJ-001582-SP08,PRJ-001582,MAT-1004,2027-03-01,5474,1779,1607,27,147798,Partial,Within Lead Time,Q1 2027
PRJ-001583-SP01,PRJ-001583,MAT-1006,2027-06-01,26,24,12,6200,161200,Partial,Within Lead Time,Q2 2027
PRJ-001583-SP02,PRJ-001583,MAT-1008,2028-11-01,61,6,5,19000,1159000,Partial,Within Lead Time,Q4 2028
PRJ-001583-SP03,PRJ-001583,MAT-1002,2029-01-01,55,19,12,420,23100,Partial,Within Lead Time,Q1 2029
PRJ-001583-SP04,PRJ-001583,MAT-1007,2027-03-01,62,31,26,14500,899000,Partial,Within Lead Time,Q1 2027
PRJ-001583-SP05,PRJ-001583,MAT-1012,2027-12-01,65,48,28,68,4420,Partial,Within Lead Time,Q4 2027
PRJ-001583-SP06,PRJ-001583,MAT-1004,2027-12-01,1208,177,173,27,32616,Partial,Within Lead Time,Q4 2027
PRJ-001583-SP07,PRJ-001583,MAT-1005,2027-10-01,36,8,1,26000,936000,Partial,Within Lead Time,Q4 2027
PRJ-001583-SP08,PRJ-001583,MAT-1009,2028-04-01,11,7,5,145,1595,Partial,Within Lead Time,Q2 2028
PRJ-001584-SP01,PRJ-001584,MAT-1008,2026-03-01,37,31,23,19000,703000,Partial,At Risk,Q1 2026
PRJ-001584-SP02,PRJ-001584,MAT-1012,2027-07-01,15,4,4,68,1020,Partial,Within Lead Time,Q3 2027
PRJ-001585-SP01,PRJ-001585,MAT-1010,2026-08-01,70,22,4,980,68600,Partial,At Risk,Q3 2026
PRJ-001585-SP02,PRJ-001585,MAT-1010,2026-12-01,11,8,7,980,10780,Partial,Within Lead Time,Q4 2026
PRJ-001585-SP03,PRJ-001585,MAT-1002,2026-07-01,38,12,4,420,15960,Partial,At Risk,Q3 2026
PRJ-001585-SP04,PRJ-001585,MAT-1012,2026-11-01,5,1,0,68,340,Partial,Within Lead Time,Q4 2026
PRJ-001586-SP01,PRJ-001586,MAT-1002,2027-01-01,55,42,16,420,23100,Partial,Within Lead Time,Q1 2027
PRJ-001586-SP02,PRJ-001586,MAT-1010,2027-09-01,80,51,33,980,78400,Partial,Within Lead Time,Q3 2027
PRJ-001586-SP03,PRJ-001586,MAT-1004,2027-03-01,3726,1207,110,27,100602,Partial,Within Lead Time,Q1 2027
PRJ-001586-SP04,PRJ-001586,MAT-1010,2027-07-01,4,1,1,980,3920,Partial,Within Lead Time,Q3 2027
PRJ-001586-SP05,PRJ-001586,MAT-1011,2026-11-01,59,37,22,130,7670,Partial,Within Lead Time,Q4 2026
PRJ-001586-SP06,PRJ-001586,MAT-1005,2027-07-01,9,5,4,26000,234000,Partial,Within Lead Time,Q3 2027
PRJ-001586-SP07,PRJ-001586,MAT-1008,2026-01-01,6,1,1,19000,114000,Partial,At Risk,Q1 2026
PRJ-001586-SP08,PRJ-001586,MAT-1010,2026-12-01,23,12,5,980,22540,Partial,Within Lead Time,Q4 2026
PRJ-001587-SP01,PRJ-001587,MAT-1009,2026-11-01,56,26,9,145,8120,Partial,Within Lead Time,Q4 2026
PRJ-001587-SP02,PRJ-001587,MAT-1007,2027-05-01,70,23,3,14500,1015000,Partial,Within Lead Time,Q2 2027
PRJ-001587-SP03,PRJ-001587,MAT-1003,2027-10-01,818,354,290,12,9816,Partial,Within Lead Time,Q4 2027
PRJ-001587-SP04,PRJ-001587,MAT-1008,2026-10-01,63,55,9,19000,1197000,Partial,At Risk,Q4 2026
PRJ-001588-SP01,PRJ-001588,MAT-1004,2027-12-01,7921,3962,547,27,213867,Partial,Within Lead Time,Q4 2027
PRJ-001588-SP02,PRJ-001588,MAT-1010,2028-01-01,78,57,37,980,76440,Partial,Within Lead Time,Q1 2028
PRJ-001588-SP03,PRJ-001588,MAT-1002,2027-11-01,43,15,1,420,18060,Partial,Within Lead Time,Q4 2027
PRJ-001588-SP04,PRJ-001588,MAT-1003,2026-11-01,4911,3076,2997,12,58932,Partial,Within Lead Time,Q4 2026
PRJ-001588-SP05,PRJ-001588,MAT-1010,2027-05-01,55,44,31,980,53900,Partial,Within Lead Time,Q2 2027
PRJ-001588-SP06,PRJ-001588,MAT-1010,2026-10-01,62,26,19,980,60760,Partial,At Risk,Q4 2026
PRJ-001589-SP01,PRJ-001589,MAT-1001,2026-07-01,6,4,3,2100,12600,Partial,At Risk,Q3 2026
PRJ-001589-SP02,PRJ-001589,MAT-1002,2028-06-01,69,5,1,420,28980,Partial,Within Lead Time,Q2 2028
PRJ-001589-SP03,PRJ-001589,MAT-1010,2026-11-01,33,11,7,980,32340,Partial,Within Lead Time,Q4 2026
PRJ-001589-SP04,PRJ-001589,MAT-1012,2026-04-01,30,14,10,68,2040,Partial,At Risk,Q2 2026
PRJ-001589-SP05,PRJ-001589,MAT-1009,2028-11-01,32,13,6,145,4640,Partial,Within Lead Time,Q4 2028
PRJ-001589-SP06,PRJ-001589,MAT-1009,2026-06-01,29,4,3,145,4205,Partial,At Risk,Q2 2026
PRJ-001589-SP07,PRJ-001589,MAT-1010,2027-07-01,51,39,17,980,49980,Partial,Within Lead Time,Q3 2027
PRJ-001589-SP08,PRJ-001589,MAT-1003,2028-02-01,8691,1661,693,12,104292,Partial,Within Lead Time,Q1 2028
PRJ-001590-SP01,PRJ-001590,MAT-1010,2027-09-01,50,42,28,980,49000,Partial,Within Lead Time,Q3 2027
PRJ-001590-SP02,PRJ-001590,MAT-1012,2026-03-01,41,30,7,68,2788,Partial,At Risk,Q1 2026
PRJ-001591-SP01,PRJ-001591,MAT-1008,2028-11-01,36,8,6,19000,684000,Partial,Within Lead Time,Q4 2028
PRJ-001591-SP02,PRJ-001591,MAT-1002,2026-05-01,36,5,1,420,15120,Partial,At Risk,Q2 2026
PRJ-001591-SP03,PRJ-001591,MAT-1002,2026-05-01,63,32,1,420,26460,Partial,At Risk,Q2 2026
PRJ-001591-SP04,PRJ-001591,MAT-1011,2026-12-01,26,9,1,130,3380,Partial,Within Lead Time,Q4 2026
PRJ-001591-SP05,PRJ-001591,MAT-1012,2028-05-01,44,29,28,68,2992,Partial,Within Lead Time,Q2 2028
PRJ-001592-SP01,PRJ-001592,MAT-1009,2028-05-01,65,21,2,145,9425,Partial,Within Lead Time,Q2 2028
PRJ-001592-SP02,PRJ-001592,MAT-1006,2027-04-01,39,27,13,6200,241800,Partial,Within Lead Time,Q2 2027
PRJ-001592-SP03,PRJ-001592,MAT-1011,2027-01-01,43,1,1,130,5590,Partial,Within Lead Time,Q1 2027
PRJ-001592-SP04,PRJ-001592,MAT-1010,2026-02-01,57,31,22,980,55860,Partial,At Risk,Q1 2026
PRJ-001592-SP05,PRJ-001592,MAT-1005,2026-02-01,24,9,5,26000,624000,Partial,At Risk,Q1 2026
PRJ-001593-SP01,PRJ-001593,MAT-1002,2026-06-01,66,29,16,420,27720,Partial,At Risk,Q2 2026
PRJ-001593-SP02,PRJ-001593,MAT-1012,2028-06-01,44,2,1,68,2992,Partial,Within Lead Time,Q2 2028
PRJ-001593-SP03,PRJ-001593,MAT-1003,2028-02-01,2874,904,650,12,34488,Partial,Within Lead Time,Q1 2028
PRJ-001593-SP04,PRJ-001593,MAT-1009,2028-07-01,61,1,0,145,8845,Partial,Within Lead Time,Q3 2028
PRJ-001593-SP05,PRJ-001593,MAT-1009,2026-11-01,73,50,42,145,10585,Partial,Within Lead Time,Q4 2026
PRJ-001593-SP06,PRJ-001593,MAT-1005,2026-01-01,61,15,13,26000,1586000,Partial,At Risk,Q1 2026
PRJ-001593-SP07,PRJ-001593,MAT-1002,2026-11-01,56,17,4,420,23520,Partial,Within Lead Time,Q4 2026
PRJ-001593-SP08,PRJ-001593,MAT-1003,2028-12-01,4112,134,67,12,49344,Partial,Within Lead Time,Q4 2028
PRJ-001594-SP01,PRJ-001594,MAT-1009,2026-06-01,26,3,1,145,3770,Partial,At Risk,Q2 2026
PRJ-001594-SP02,PRJ-001594,MAT-1008,2027-06-01,34,12,5,19000,646000,Partial,Within Lead Time,Q2 2027
PRJ-001594-SP03,PRJ-001594,MAT-1004,2028-08-01,7067,1063,902,27,190809,Partial,Within Lead Time,Q3 2028
PRJ-001594-SP04,PRJ-001594,MAT-1010,2027-04-01,35,8,1,980,34300,Partial,Within Lead Time,Q2 2027
PRJ-001594-SP05,PRJ-001594,MAT-1010,2026-11-01,58,15,6,980,56840,Partial,Within Lead Time,Q4 2026
PRJ-001595-SP01,PRJ-001595,MAT-1006,2027-11-01,13,11,4,6200,80600,Partial,Within Lead Time,Q4 2027
PRJ-001595-SP02,PRJ-001595,MAT-1004,2028-03-01,1720,1001,482,27,46440,Partial,Within Lead Time,Q1 2028
PRJ-001595-SP03,PRJ-001595,MAT-1004,2027-11-01,5397,5300,518,27,145719,Partial,Within Lead Time,Q4 2027
PRJ-001595-SP04,PRJ-001595,MAT-1002,2026-01-01,51,17,9,420,21420,Partial,At Risk,Q1 2026
PRJ-001595-SP05,PRJ-001595,MAT-1011,2027-11-01,5,3,3,130,650,Partial,Within Lead Time,Q4 2027
PRJ-001595-SP06,PRJ-001595,MAT-1003,2027-10-01,7543,3558,1230,12,90516,Partial,Within Lead Time,Q4 2027
PRJ-001595-SP07,PRJ-001595,MAT-1006,2027-11-01,65,54,25,6200,403000,Partial,Within Lead Time,Q4 2027
PRJ-001596-SP01,PRJ-001596,MAT-1012,2028-02-01,6,3,3,68,408,Partial,Within Lead Time,Q1 2028
PRJ-001596-SP02,PRJ-001596,MAT-1012,2028-08-01,42,0,0,68,2856,Not Reserved,Within Lead Time,Q3 2028
PRJ-001596-SP03,PRJ-001596,MAT-1007,2027-05-01,64,44,16,14500,928000,Partial,Within Lead Time,Q2 2027
PRJ-001596-SP04,PRJ-001596,MAT-1005,2027-11-01,2,0,0,26000,52000,Not Reserved,Within Lead Time,Q4 2027
PRJ-001596-SP05,PRJ-001596,MAT-1007,2026-06-01,52,38,10,14500,754000,Partial,At Risk,Q2 2026
PRJ-001597-SP01,PRJ-001597,MAT-1006,2027-08-01,73,71,3,6200,452600,Partial,Within Lead Time,Q3 2027
PRJ-001597-SP02,PRJ-001597,MAT-1012,2026-02-01,14,9,0,68,952,Partial,At Risk,Q1 2026
PRJ-001597-SP03,PRJ-001597,MAT-1005,2026-03-01,6,1,1,26000,156000,Partial,At Risk,Q1 2026
PRJ-001597-SP04,PRJ-001597,MAT-1005,2027-08-01,31,11,7,26000,806000,Partial,Within Lead Time,Q3 2027
PRJ-001597-SP05,PRJ-001597,MAT-1006,2027-02-01,11,10,7,6200,68200,Partial,Within Lead Time,Q1 2027
PRJ-001598-SP01,PRJ-001598,MAT-1010,2027-03-01,34,24,6,980,33320,Partial,Within Lead Time,Q1 2027
PRJ-001598-SP02,PRJ-001598,MAT-1005,2026-03-01,34,4,0,26000,884000,Partial,At Risk,Q1 2026
PRJ-001598-SP03,PRJ-001598,MAT-1006,2029-01-01,77,10,8,6200,477400,Partial,Within Lead Time,Q1 2029
PRJ-001598-SP04,PRJ-001598,MAT-1005,2026-02-01,46,19,13,26000,1196000,Partial,At Risk,Q1 2026
PRJ-001598-SP05,PRJ-001598,MAT-1007,2026-10-01,66,39,21,14500,957000,Partial,At Risk,Q4 2026
PRJ-001598-SP06,PRJ-001598,MAT-1011,2026-05-01,53,19,16,130,6890,Partial,At Risk,Q2 2026
PRJ-001598-SP07,PRJ-001598,MAT-1009,2028-08-01,59,19,12,145,8555,Partial,Within Lead Time,Q3 2028
PRJ-001599-SP01,PRJ-001599,MAT-1002,2028-04-01,75,6,2,420,31500,Partial,Within Lead Time,Q2 2028
PRJ-001599-SP02,PRJ-001599,MAT-1007,2026-07-01,51,47,13,14500,739500,Partial,At Risk,Q3 2026
PRJ-001599-SP03,PRJ-001599,MAT-1008,2027-07-01,15,5,1,19000,285000,Partial,Within Lead Time,Q3 2027
PRJ-001599-SP04,PRJ-001599,MAT-1006,2027-01-01,43,39,5,6200,266600,Partial,Within Lead Time,Q1 2027
PRJ-001599-SP05,PRJ-001599,MAT-1011,2028-08-01,5,1,0,130,650,Partial,Within Lead Time,Q3 2028
PRJ-001599-SP06,PRJ-001599,MAT-1004,2029-01-01,8161,4730,2029,27,220347,Partial,Within Lead Time,Q1 2029
PRJ-001599-SP07,PRJ-001599,MAT-1001,2027-09-01,64,14,10,2100,134400,Partial,Within Lead Time,Q3 2027
PRJ-001600-SP01,PRJ-001600,MAT-1007,2026-10-01,16,7,1,14500,232000,Partial,At Risk,Q4 2026
PRJ-001600-SP02,PRJ-001600,MAT-1012,2027-03-01,25,20,9,68,1700,Partial,Within Lead Time,Q1 2027
PRJ-001600-SP03,PRJ-001600,MAT-1005,2028-11-01,52,39,18,26000,1352000,Partial,Within Lead Time,Q4 2028
PRJ-001600-SP04,PRJ-001600,MAT-1012,2027-11-01,68,27,21,68,4624,Partial,Within Lead Time,Q4 2027
PRJ-001600-SP05,PRJ-001600,MAT-1002,2028-03-01,45,21,15,420,18900,Partial,Within Lead Time,Q1 2028
PRJ-001600-SP06,PRJ-001600,MAT-1006,2028-09-01,31,27,6,6200,192200,Partial,Within Lead Time,Q3 2028
PRJ-001601-SP01,PRJ-001601,MAT-1007,2026-04-01,9,1,0,14500,130500,Partial,At Risk,Q2 2026
PRJ-001601-SP02,PRJ-001601,MAT-1012,2026-03-01,52,30,23,68,3536,Partial,At Risk,Q1 2026
PRJ-001601-SP03,PRJ-001601,MAT-1003,2026-05-01,7857,600,224,12,94284,Partial,At Risk,Q2 2026
PRJ-001601-SP04,PRJ-001601,MAT-1001,2027-01-01,13,11,9,2100,27300,Partial,Within Lead Time,Q1 2027
PRJ-001601-SP05,PRJ-001601,MAT-1002,2027-09-01,34,16,1,420,14280,Partial,Within Lead Time,Q3 2027
PRJ-001601-SP06,PRJ-001601,MAT-1004,2027-10-01,7441,266,138,27,200907,Partial,Within Lead Time,Q4 2027
PRJ-001602-SP01,PRJ-001602,MAT-1002,2028-05-01,29,16,3,420,12180,Partial,Within Lead Time,Q2 2028
PRJ-001602-SP02,PRJ-001602,MAT-1009,2026-02-01,30,29,21,145,4350,Partial,At Risk,Q1 2026
PRJ-001602-SP03,PRJ-001602,MAT-1012,2026-10-01,57,2,2,68,3876,Partial,Within Lead Time,Q4 2026
PRJ-001602-SP04,PRJ-001602,MAT-1010,2027-06-01,76,18,4,980,74480,Partial,Within Lead Time,Q2 2027
PRJ-001602-SP05,PRJ-001602,MAT-1006,2027-02-01,57,31,3,6200,353400,Partial,Within Lead Time,Q1 2027
PRJ-001602-SP06,PRJ-001602,MAT-1012,2026-08-01,24,14,6,68,1632,Partial,At Risk,Q3 2026
PRJ-001602-SP07,PRJ-001602,MAT-1001,2028-04-01,57,29,17,2100,119700,Partial,Within Lead Time,Q2 2028
PRJ-001602-SP08,PRJ-001602,MAT-1007,2027-05-01,7,3,0,14500,101500,Partial,Within Lead Time,Q2 2027
PRJ-001603-SP01,PRJ-001603,MAT-1002,2026-12-01,46,17,3,420,19320,Partial,Within Lead Time,Q4 2026
PRJ-001603-SP02,PRJ-001603,MAT-1005,2026-09-01,5,1,1,26000,130000,Partial,At Risk,Q3 2026
PRJ-001603-SP03,PRJ-001603,MAT-1011,2027-06-01,50,27,3,130,6500,Partial,Within Lead Time,Q2 2027
PRJ-001603-SP04,PRJ-001603,MAT-1001,2027-07-01,66,15,2,2100,138600,Partial,Within Lead Time,Q3 2027
PRJ-001603-SP05,PRJ-001603,MAT-1006,2028-09-01,31,15,0,6200,192200,Partial,Within Lead Time,Q3 2028
PRJ-001603-SP06,PRJ-001603,MAT-1007,2026-11-01,4,4,2,14500,58000,Partial,At Risk,Q4 2026
PRJ-001604-SP01,PRJ-001604,MAT-1012,2026-08-01,61,46,24,68,4148,Partial,At Risk,Q3 2026
PRJ-001604-SP02,PRJ-001604,MAT-1012,2028-01-01,24,0,0,68,1632,Not Reserved,Within Lead Time,Q1 2028
PRJ-001604-SP03,PRJ-001604,MAT-1009,2027-09-01,37,35,14,145,5365,Partial,Within Lead Time,Q3 2027
PRJ-001605-SP01,PRJ-001605,MAT-1002,2027-10-01,32,13,6,420,13440,Partial,Within Lead Time,Q4 2027
PRJ-001605-SP02,PRJ-001605,MAT-1005,2026-06-01,46,26,18,26000,1196000,Partial,At Risk,Q2 2026
PRJ-001605-SP03,PRJ-001605,MAT-1004,2027-02-01,6413,2003,677,27,173151,Partial,Within Lead Time,Q1 2027
PRJ-001605-SP04,PRJ-001605,MAT-1008,2028-08-01,74,57,12,19000,1406000,Partial,Within Lead Time,Q3 2028
PRJ-001605-SP05,PRJ-001605,MAT-1004,2028-04-01,1960,1527,1204,27,52920,Partial,Within Lead Time,Q2 2028
PRJ-001605-SP06,PRJ-001605,MAT-1010,2026-08-01,70,42,4,980,68600,Partial,At Risk,Q3 2026
PRJ-001605-SP07,PRJ-001605,MAT-1003,2026-01-01,2804,2160,209,12,33648,Partial,At Risk,Q1 2026
PRJ-001605-SP08,PRJ-001605,MAT-1010,2027-08-01,11,2,1,980,10780,Partial,Within Lead Time,Q3 2027
PRJ-001606-SP01,PRJ-001606,MAT-1003,2026-03-01,7113,246,153,12,85356,Partial,At Risk,Q1 2026
PRJ-001606-SP02,PRJ-001606,MAT-1006,2027-06-01,39,7,4,6200,241800,Partial,Within Lead Time,Q2 2027
PRJ-001606-SP03,PRJ-001606,MAT-1005,2026-11-01,52,16,15,26000,1352000,Partial,At Risk,Q4 2026
PRJ-001606-SP04,PRJ-001606,MAT-1002,2026-10-01,78,35,31,420,32760,Partial,Within Lead Time,Q4 2026
PRJ-001606-SP05,PRJ-001606,MAT-1011,2027-06-01,24,22,4,130,3120,Partial,Within Lead Time,Q2 2027
PRJ-001606-SP06,PRJ-001606,MAT-1009,2028-02-01,70,55,17,145,10150,Partial,Within Lead Time,Q1 2028
PRJ-001606-SP07,PRJ-001606,MAT-1009,2028-10-01,13,6,3,145,1885,Partial,Within Lead Time,Q4 2028
PRJ-001607-SP01,PRJ-001607,MAT-1001,2028-03-01,60,25,12,2100,126000,Partial,Within Lead Time,Q1 2028
PRJ-001607-SP02,PRJ-001607,MAT-1009,2028-04-01,67,11,4,145,9715,Partial,Within Lead Time,Q2 2028
PRJ-001607-SP03,PRJ-001607,MAT-1002,2026-03-01,9,9,6,420,3780,Partial,At Risk,Q1 2026
PRJ-001607-SP04,PRJ-001607,MAT-1008,2027-02-01,52,32,16,19000,988000,Partial,Within Lead Time,Q1 2027
PRJ-001608-SP01,PRJ-001608,MAT-1004,2027-06-01,5488,1448,416,27,148176,Partial,Within Lead Time,Q2 2027
PRJ-001608-SP02,PRJ-001608,MAT-1012,2028-08-01,56,29,2,68,3808,Partial,Within Lead Time,Q3 2028
PRJ-001608-SP03,PRJ-001608,MAT-1002,2026-10-01,40,28,8,420,16800,Partial,Within Lead Time,Q4 2026
PRJ-001608-SP04,PRJ-001608,MAT-1011,2028-12-01,2,1,1,130,260,Partial,Within Lead Time,Q4 2028
PRJ-001609-SP01,PRJ-001609,MAT-1001,2027-05-01,64,53,3,2100,134400,Partial,Within Lead Time,Q2 2027
PRJ-001609-SP02,PRJ-001609,MAT-1002,2028-01-01,70,55,4,420,29400,Partial,Within Lead Time,Q1 2028
PRJ-001609-SP03,PRJ-001609,MAT-1009,2028-12-01,67,42,39,145,9715,Partial,Within Lead Time,Q4 2028
PRJ-001609-SP04,PRJ-001609,MAT-1009,2027-04-01,26,1,1,145,3770,Partial,Within Lead Time,Q2 2027
PRJ-001609-SP05,PRJ-001609,MAT-1003,2028-03-01,9998,1324,365,12,119976,Partial,Within Lead Time,Q1 2028
PRJ-001609-SP06,PRJ-001609,MAT-1004,2027-04-01,7015,2744,228,27,189405,Partial,Within Lead Time,Q2 2027
PRJ-001610-SP01,PRJ-001610,MAT-1009,2028-09-01,31,14,8,145,4495,Partial,Within Lead Time,Q3 2028
PRJ-001610-SP02,PRJ-001610,MAT-1005,2028-01-01,2,1,0,26000,52000,Partial,Within Lead Time,Q1 2028
PRJ-001610-SP03,PRJ-001610,MAT-1010,2028-01-01,5,0,0,980,4900,Not Reserved,Within Lead Time,Q1 2028
PRJ-001610-SP04,PRJ-001610,MAT-1001,2027-06-01,66,56,15,2100,138600,Partial,Within Lead Time,Q2 2027
PRJ-001610-SP05,PRJ-001610,MAT-1009,2027-10-01,6,5,4,145,870,Partial,Within Lead Time,Q4 2027
PRJ-001610-SP06,PRJ-001610,MAT-1007,2026-02-01,13,7,5,14500,188500,Partial,At Risk,Q1 2026
PRJ-001610-SP07,PRJ-001610,MAT-1006,2028-07-01,6,0,0,6200,37200,Not Reserved,Within Lead Time,Q3 2028
PRJ-001611-SP01,PRJ-001611,MAT-1001,2028-08-01,77,62,48,2100,161700,Partial,Within Lead Time,Q3 2028
PRJ-001611-SP02,PRJ-001611,MAT-1007,2026-04-01,22,1,1,14500,319000,Partial,At Risk,Q2 2026
PRJ-001611-SP03,PRJ-001611,MAT-1004,2028-01-01,2492,1409,539,27,67284,Partial,Within Lead Time,Q1 2028
PRJ-001611-SP04,PRJ-001611,MAT-1006,2027-03-01,4,3,0,6200,24800,Partial,Within Lead Time,Q1 2027
PRJ-001611-SP05,PRJ-001611,MAT-1011,2027-07-01,76,31,14,130,9880,Partial,Within Lead Time,Q3 2027
PRJ-001611-SP06,PRJ-001611,MAT-1005,2028-04-01,36,18,14,26000,936000,Partial,Within Lead Time,Q2 2028
PRJ-001612-SP01,PRJ-001612,MAT-1004,2026-02-01,6267,1985,1098,27,169209,Partial,At Risk,Q1 2026
PRJ-001612-SP02,PRJ-001612,MAT-1006,2027-09-01,12,3,2,6200,74400,Partial,Within Lead Time,Q3 2027
PRJ-001612-SP03,PRJ-001612,MAT-1007,2026-12-01,68,68,62,14500,986000,Partial,At Risk,Q4 2026
PRJ-001612-SP04,PRJ-001612,MAT-1001,2028-05-01,70,18,7,2100,147000,Partial,Within Lead Time,Q2 2028
PRJ-001612-SP05,PRJ-001612,MAT-1009,2028-09-01,41,11,6,145,5945,Partial,Within Lead Time,Q3 2028
PRJ-001612-SP06,PRJ-001612,MAT-1004,2027-12-01,8875,531,422,27,239625,Partial,Within Lead Time,Q4 2027
PRJ-001612-SP07,PRJ-001612,MAT-1010,2026-09-01,56,34,1,980,54880,Partial,At Risk,Q3 2026
PRJ-001612-SP08,PRJ-001612,MAT-1006,2027-05-01,42,35,16,6200,260400,Partial,Within Lead Time,Q2 2027
PRJ-001613-SP01,PRJ-001613,MAT-1008,2026-07-01,12,7,3,19000,228000,Partial,At Risk,Q3 2026
PRJ-001613-SP02,PRJ-001613,MAT-1009,2027-07-01,66,63,53,145,9570,Partial,Within Lead Time,Q3 2027
PRJ-001614-SP01,PRJ-001614,MAT-1011,2027-02-01,68,15,0,130,8840,Partial,Within Lead Time,Q1 2027
PRJ-001614-SP02,PRJ-001614,MAT-1008,2026-01-01,32,5,2,19000,608000,Partial,At Risk,Q1 2026
PRJ-001614-SP03,PRJ-001614,MAT-1002,2027-09-01,18,3,3,420,7560,Partial,Within Lead Time,Q3 2027
PRJ-001614-SP04,PRJ-001614,MAT-1005,2026-08-01,31,20,8,26000,806000,Partial,At Risk,Q3 2026
PRJ-001614-SP05,PRJ-001614,MAT-1005,2028-11-01,33,17,16,26000,858000,Partial,Within Lead Time,Q4 2028
PRJ-001614-SP06,PRJ-001614,MAT-1005,2027-06-01,21,10,5,26000,546000,Partial,Within Lead Time,Q2 2027
PRJ-001614-SP07,PRJ-001614,MAT-1007,2028-03-01,71,60,30,14500,1029500,Partial,Within Lead Time,Q1 2028
PRJ-001614-SP08,PRJ-001614,MAT-1010,2029-01-01,47,14,7,980,46060,Partial,Within Lead Time,Q1 2029
PRJ-001615-SP01,PRJ-001615,MAT-1008,2026-06-01,20,2,2,19000,380000,Partial,At Risk,Q2 2026
PRJ-001615-SP02,PRJ-001615,MAT-1002,2028-09-01,57,53,42,420,23940,Partial,Within Lead Time,Q3 2028
PRJ-001615-SP03,PRJ-001615,MAT-1010,2028-05-01,13,11,2,980,12740,Partial,Within Lead Time,Q2 2028
PRJ-001615-SP04,PRJ-001615,MAT-1004,2026-07-01,5329,1609,948,27,143883,Partial,At Risk,Q3 2026
PRJ-001615-SP05,PRJ-001615,MAT-1009,2028-05-01,62,20,0,145,8990,Partial,Within Lead Time,Q2 2028
PRJ-001616-SP01,PRJ-001616,MAT-1010,2027-10-01,79,63,27,980,77420,Partial,Within Lead Time,Q4 2027
PRJ-001616-SP02,PRJ-001616,MAT-1009,2028-09-01,15,1,1,145,2175,Partial,Within Lead Time,Q3 2028
PRJ-001616-SP03,PRJ-001616,MAT-1012,2028-12-01,59,23,5,68,4012,Partial,Within Lead Time,Q4 2028
PRJ-001617-SP01,PRJ-001617,MAT-1008,2027-04-01,7,5,0,19000,133000,Partial,Within Lead Time,Q2 2027
PRJ-001617-SP02,PRJ-001617,MAT-1002,2027-01-01,13,11,3,420,5460,Partial,Within Lead Time,Q1 2027
PRJ-001617-SP03,PRJ-001617,MAT-1004,2026-02-01,1274,1131,687,27,34398,Partial,At Risk,Q1 2026
PRJ-001618-SP01,PRJ-001618,MAT-1004,2027-09-01,2456,698,90,27,66312,Partial,Within Lead Time,Q3 2027
PRJ-001618-SP02,PRJ-001618,MAT-1001,2027-03-01,52,33,33,2100,109200,Partial,Within Lead Time,Q1 2027
PRJ-001618-SP03,PRJ-001618,MAT-1010,2026-08-01,2,1,0,980,1960,Partial,At Risk,Q3 2026
PRJ-001618-SP04,PRJ-001618,MAT-1002,2027-03-01,40,10,7,420,16800,Partial,Within Lead Time,Q1 2027
PRJ-001618-SP05,PRJ-001618,MAT-1011,2026-07-01,14,6,2,130,1820,Partial,At Risk,Q3 2026
PRJ-001619-SP01,PRJ-001619,MAT-1005,2028-04-01,79,34,2,26000,2054000,Partial,Within Lead Time,Q2 2028
PRJ-001619-SP02,PRJ-001619,MAT-1010,2026-11-01,64,60,19,980,62720,Partial,Within Lead Time,Q4 2026
PRJ-001619-SP03,PRJ-001619,MAT-1008,2027-04-01,62,29,4,19000,1178000,Partial,Within Lead Time,Q2 2027
PRJ-001619-SP04,PRJ-001619,MAT-1004,2026-12-01,3334,863,498,27,90018,Partial,Within Lead Time,Q4 2026
PRJ-001620-SP01,PRJ-001620,MAT-1009,2028-03-01,74,68,3,145,10730,Partial,Within Lead Time,Q1 2028
PRJ-001620-SP02,PRJ-001620,MAT-1005,2026-04-01,37,11,3,26000,962000,Partial,At Risk,Q2 2026
PRJ-001620-SP03,PRJ-001620,MAT-1003,2027-01-01,2955,749,45,12,35460,Partial,Within Lead Time,Q1 2027
PRJ-001620-SP04,PRJ-001620,MAT-1006,2026-08-01,14,12,4,6200,86800,Partial,At Risk,Q3 2026
PRJ-001620-SP05,PRJ-001620,MAT-1001,2027-08-01,36,27,0,2100,75600,Partial,Within Lead Time,Q3 2027
PRJ-001620-SP06,PRJ-001620,MAT-1009,2026-04-01,56,16,8,145,8120,Partial,At Risk,Q2 2026
PRJ-001620-SP07,PRJ-001620,MAT-1008,2028-12-01,72,62,55,19000,1368000,Partial,Within Lead Time,Q4 2028
PRJ-001620-SP08,PRJ-001620,MAT-1008,2027-05-01,28,10,7,19000,532000,Partial,Within Lead Time,Q2 2027
PRJ-001621-SP01,PRJ-001621,MAT-1003,2028-09-01,2674,2212,1596,12,32088,Partial,Within Lead Time,Q3 2028
PRJ-001621-SP02,PRJ-001621,MAT-1006,2026-12-01,11,3,2,6200,68200,Partial,Within Lead Time,Q4 2026
PRJ-001621-SP03,PRJ-001621,MAT-1012,2028-08-01,57,11,1,68,3876,Partial,Within Lead Time,Q3 2028
PRJ-001621-SP04,PRJ-001621,MAT-1002,2028-03-01,30,25,17,420,12600,Partial,Within Lead Time,Q1 2028
PRJ-001621-SP05,PRJ-001621,MAT-1009,2027-03-01,18,3,1,145,2610,Partial,Within Lead Time,Q1 2027
PRJ-001622-SP01,PRJ-001622,MAT-1008,2026-03-01,77,52,23,19000,1463000,Partial,At Risk,Q1 2026
PRJ-001622-SP02,PRJ-001622,MAT-1009,2027-02-01,43,41,34,145,6235,Partial,Within Lead Time,Q1 2027
PRJ-001622-SP03,PRJ-001622,MAT-1004,2027-06-01,9924,7677,4412,27,267948,Partial,Within Lead Time,Q2 2027
PRJ-001622-SP04,PRJ-001622,MAT-1011,2027-11-01,78,27,11,130,10140,Partial,Within Lead Time,Q4 2027
PRJ-001622-SP05,PRJ-001622,MAT-1005,2027-02-01,34,19,6,26000,884000,Partial,Within Lead Time,Q1 2027
PRJ-001622-SP06,PRJ-001622,MAT-1006,2028-09-01,45,40,39,6200,279000,Partial,Within Lead Time,Q3 2028
PRJ-001622-SP07,PRJ-001622,MAT-1006,2028-08-01,35,31,20,6200,217000,Partial,Within Lead Time,Q3 2028
PRJ-001622-SP08,PRJ-001622,MAT-1001,2028-05-01,36,13,2,2100,75600,Partial,Within Lead Time,Q2 2028
PRJ-001623-SP01,PRJ-001623,MAT-1009,2027-04-01,4,4,3,145,580,Partial,Within Lead Time,Q2 2027
PRJ-001623-SP02,PRJ-001623,MAT-1009,2027-09-01,55,31,4,145,7975,Partial,Within Lead Time,Q3 2027
PRJ-001623-SP03,PRJ-001623,MAT-1010,2027-10-01,4,3,2,980,3920,Partial,Within Lead Time,Q4 2027
PRJ-001623-SP04,PRJ-001623,MAT-1011,2028-05-01,17,9,0,130,2210,Partial,Within Lead Time,Q2 2028
PRJ-001623-SP05,PRJ-001623,MAT-1005,2026-07-01,41,10,7,26000,1066000,Partial,At Risk,Q3 2026
PRJ-001623-SP06,PRJ-001623,MAT-1005,2028-07-01,29,27,16,26000,754000,Partial,Within Lead Time,Q3 2028
PRJ-001624-SP01,PRJ-001624,MAT-1009,2026-05-01,38,20,5,145,5510,Partial,At Risk,Q2 2026
PRJ-001624-SP02,PRJ-001624,MAT-1009,2028-05-01,4,2,1,145,580,Partial,Within Lead Time,Q2 2028
PRJ-001624-SP03,PRJ-001624,MAT-1012,2026-02-01,60,24,17,68,4080,Partial,At Risk,Q1 2026
PRJ-001624-SP04,PRJ-001624,MAT-1010,2028-09-01,43,17,1,980,42140,Partial,Within Lead Time,Q3 2028
PRJ-001625-SP01,PRJ-001625,MAT-1003,2029-01-01,7144,2518,416,12,85728,Partial,Within Lead Time,Q1 2029
PRJ-001625-SP02,PRJ-001625,MAT-1012,2028-05-01,6,2,1,68,408,Partial,Within Lead Time,Q2 2028
PRJ-001625-SP03,PRJ-001625,MAT-1009,2027-07-01,72,61,4,145,10440,Partial,Within Lead Time,Q3 2027
PRJ-001625-SP04,PRJ-001625,MAT-1010,2027-05-01,50,27,22,980,49000,Partial,Within Lead Time,Q2 2027
PRJ-001626-SP01,PRJ-001626,MAT-1012,2026-09-01,44,34,4,68,2992,Partial,At Risk,Q3 2026
PRJ-001626-SP02,PRJ-001626,MAT-1001,2027-08-01,69,3,1,2100,144900,Partial,Within Lead Time,Q3 2027
PRJ-001626-SP03,PRJ-001626,MAT-1004,2027-05-01,589,347,86,27,15903,Partial,Within Lead Time,Q2 2027
PRJ-001626-SP04,PRJ-001626,MAT-1001,2026-06-01,15,10,10,2100,31500,Partial,At Risk,Q2 2026
PRJ-001626-SP05,PRJ-001626,MAT-1001,2028-09-01,24,19,3,2100,50400,Partial,Within Lead Time,Q3 2028
PRJ-001626-SP06,PRJ-001626,MAT-1001,2026-09-01,38,22,16,2100,79800,Partial,At Risk,Q3 2026
PRJ-001626-SP07,PRJ-001626,MAT-1010,2026-11-01,18,1,0,980,17640,Partial,Within Lead Time,Q4 2026
PRJ-001626-SP08,PRJ-001626,MAT-1007,2027-07-01,2,2,1,14500,29000,Partial,Within Lead Time,Q3 2027
PRJ-001627-SP01,PRJ-001627,MAT-1008,2028-05-01,65,0,0,19000,1235000,Not Reserved,Within Lead Time,Q2 2028
PRJ-001627-SP02,PRJ-001627,MAT-1007,2028-03-01,54,31,3,14500,783000,Partial,Within Lead Time,Q1 2028
PRJ-001627-SP03,PRJ-001627,MAT-1009,2026-12-01,13,4,2,145,1885,Partial,Within Lead Time,Q4 2026
PRJ-001627-SP04,PRJ-001627,MAT-1007,2027-11-01,46,11,5,14500,667000,Partial,Within Lead Time,Q4 2027
PRJ-001627-SP05,PRJ-001627,MAT-1010,2026-10-01,33,30,10,980,32340,Partial,At Risk,Q4 2026
PRJ-001627-SP06,PRJ-001627,MAT-1005,2026-10-01,38,26,2,26000,988000,Partial,At Risk,Q4 2026
PRJ-001628-SP01,PRJ-001628,MAT-1007,2026-01-01,54,10,4,14500,783000,Partial,At Risk,Q1 2026
PRJ-001628-SP02,PRJ-001628,MAT-1006,2027-02-01,27,12,0,6200,167400,Partial,Within Lead Time,Q1 2027
PRJ-001628-SP03,PRJ-001628,MAT-1006,2026-11-01,6,3,0,6200,37200,Partial,At Risk,Q4 2026
PRJ-001628-SP04,PRJ-001628,MAT-1001,2026-11-01,27,11,11,2100,56700,Partial,Within Lead Time,Q4 2026
PRJ-001629-SP01,PRJ-001629,MAT-1009,2026-05-01,71,24,14,145,10295,Partial,At Risk,Q2 2026
PRJ-001629-SP02,PRJ-001629,MAT-1010,2029-01-01,74,8,7,980,72520,Partial,Within Lead Time,Q1 2029
PRJ-001629-SP03,PRJ-001629,MAT-1005,2026-05-01,70,32,25,26000,1820000,Partial,At Risk,Q2 2026
PRJ-001629-SP04,PRJ-001629,MAT-1004,2028-11-01,8502,3960,1365,27,229554,Partial,Within Lead Time,Q4 2028
PRJ-001629-SP05,PRJ-001629,MAT-1001,2027-03-01,57,36,29,2100,119700,Partial,Within Lead Time,Q1 2027
PRJ-001629-SP06,PRJ-001629,MAT-1004,2027-03-01,5612,1995,376,27,151524,Partial,Within Lead Time,Q1 2027
PRJ-001629-SP07,PRJ-001629,MAT-1001,2027-07-01,72,29,28,2100,151200,Partial,Within Lead Time,Q3 2027
PRJ-001630-SP01,PRJ-001630,MAT-1012,2026-05-01,44,44,42,68,2992,Partial,At Risk,Q2 2026
PRJ-001630-SP02,PRJ-001630,MAT-1001,2028-06-01,54,22,5,2100,113400,Partial,Within Lead Time,Q2 2028
PRJ-001630-SP03,PRJ-001630,MAT-1011,2027-11-01,4,1,0,130,520,Partial,Within Lead Time,Q4 2027
PRJ-001630-SP04,PRJ-001630,MAT-1001,2028-07-01,34,33,9,2100,71400,Partial,Within Lead Time,Q3 2028
PRJ-001631-SP01,PRJ-001631,MAT-1012,2026-04-01,49,43,9,68,3332,Partial,At Risk,Q2 2026
PRJ-001631-SP02,PRJ-001631,MAT-1007,2027-07-01,21,17,4,14500,304500,Partial,Within Lead Time,Q3 2027
PRJ-001631-SP03,PRJ-001631,MAT-1007,2028-07-01,74,32,25,14500,1073000,Partial,Within Lead Time,Q3 2028
PRJ-001632-SP01,PRJ-001632,MAT-1005,2026-01-01,22,2,2,26000,572000,Partial,At Risk,Q1 2026
PRJ-001632-SP02,PRJ-001632,MAT-1008,2026-01-01,14,3,3,19000,266000,Partial,At Risk,Q1 2026
PRJ-001632-SP03,PRJ-001632,MAT-1004,2027-04-01,3765,2834,1680,27,101655,Partial,Within Lead Time,Q2 2027
PRJ-001632-SP04,PRJ-001632,MAT-1010,2026-04-01,31,16,13,980,30380,Partial,At Risk,Q2 2026
PRJ-001632-SP05,PRJ-001632,MAT-1004,2027-08-01,7223,3031,2207,27,195021,Partial,Within Lead Time,Q3 2027
PRJ-001632-SP06,PRJ-001632,MAT-1002,2026-12-01,53,5,5,420,22260,Partial,Within Lead Time,Q4 2026
PRJ-001632-SP07,PRJ-001632,MAT-1002,2026-09-01,34,28,3,420,14280,Partial,At Risk,Q3 2026
PRJ-001633-SP01,PRJ-001633,MAT-1005,2028-06-01,39,11,8,26000,1014000,Partial,Within Lead Time,Q2 2028
PRJ-001633-SP02,PRJ-001633,MAT-1003,2027-05-01,1194,366,233,12,14328,Partial,Within Lead Time,Q2 2027
PRJ-001634-SP01,PRJ-001634,MAT-1008,2028-06-01,25,3,2,19000,475000,Partial,Within Lead Time,Q2 2028
PRJ-001634-SP02,PRJ-001634,MAT-1002,2029-01-01,55,53,12,420,23100,Partial,Within Lead Time,Q1 2029
PRJ-001634-SP03,PRJ-001634,MAT-1003,2027-04-01,8327,7522,6345,12,99924,Partial,Within Lead Time,Q2 2027
PRJ-001634-SP04,PRJ-001634,MAT-1001,2028-12-01,64,12,5,2100,134400,Partial,Within Lead Time,Q4 2028
PRJ-001634-SP05,PRJ-001634,MAT-1007,2027-11-01,3,3,0,14500,43500,Partial,Within Lead Time,Q4 2027
PRJ-001635-SP01,PRJ-001635,MAT-1012,2026-04-01,44,26,2,68,2992,Partial,At Risk,Q2 2026
PRJ-001635-SP02,PRJ-001635,MAT-1005,2028-03-01,48,37,22,26000,1248000,Partial,Within Lead Time,Q1 2028
PRJ-001635-SP03,PRJ-001635,MAT-1012,2027-12-01,69,54,1,68,4692,Partial,Within Lead Time,Q4 2027
PRJ-001635-SP04,PRJ-001635,MAT-1004,2028-02-01,9628,5847,3215,27,259956,Partial,Within Lead Time,Q1 2028
PRJ-001636-SP01,PRJ-001636,MAT-1007,2028-05-01,39,2,1,14500,565500,Partial,Within Lead Time,Q2 2028
PRJ-001636-SP02,PRJ-001636,MAT-1012,2028-12-01,19,1,1,68,1292,Partial,Within Lead Time,Q4 2028
PRJ-001636-SP03,PRJ-001636,MAT-1009,2027-09-01,53,17,16,145,7685,Partial,Within Lead Time,Q3 2027
PRJ-001636-SP04,PRJ-001636,MAT-1008,2028-06-01,11,11,7,19000,209000,Partial,Within Lead Time,Q2 2028
PRJ-001636-SP05,PRJ-001636,MAT-1008,2026-04-01,9,5,2,19000,171000,Partial,At Risk,Q2 2026
PRJ-001637-SP01,PRJ-001637,MAT-1004,2028-11-01,5095,3793,1408,27,137565,Partial,Within Lead Time,Q4 2028
PRJ-001637-SP02,PRJ-001637,MAT-1010,2028-11-01,7,5,1,980,6860,Partial,Within Lead Time,Q4 2028
PRJ-001637-SP03,PRJ-001637,MAT-1008,2028-02-01,33,10,7,19000,627000,Partial,Within Lead Time,Q1 2028
PRJ-001638-SP01,PRJ-001638,MAT-1008,2026-07-01,9,8,2,19000,171000,Partial,At Risk,Q3 2026
PRJ-001638-SP02,PRJ-001638,MAT-1009,2028-10-01,9,4,4,145,1305,Partial,Within Lead Time,Q4 2028
PRJ-001638-SP03,PRJ-001638,MAT-1005,2026-06-01,13,8,6,26000,338000,Partial,At Risk,Q2 2026
PRJ-001638-SP04,PRJ-001638,MAT-1005,2026-10-01,35,27,7,26000,910000,Partial,At Risk,Q4 2026
PRJ-001639-SP01,PRJ-001639,MAT-1009,2029-01-01,30,4,2,145,4350,Partial,Within Lead Time,Q1 2029
PRJ-001639-SP02,PRJ-001639,MAT-1007,2026-02-01,52,6,4,14500,754000,Partial,At Risk,Q1 2026
PRJ-001640-SP01,PRJ-001640,MAT-1006,2026-12-01,6,0,0,6200,37200,Not Reserved,Within Lead Time,Q4 2026
PRJ-001640-SP02,PRJ-001640,MAT-1002,2026-12-01,73,59,23,420,30660,Partial,Within Lead Time,Q4 2026
PRJ-001640-SP03,PRJ-001640,MAT-1011,2026-06-01,37,35,25,130,4810,Partial,At Risk,Q2 2026
PRJ-001640-SP04,PRJ-001640,MAT-1008,2026-07-01,14,0,0,19000,266000,Not Reserved,At Risk,Q3 2026
PRJ-001640-SP05,PRJ-001640,MAT-1003,2027-07-01,7334,5199,839,12,88008,Partial,Within Lead Time,Q3 2027
PRJ-001641-SP01,PRJ-001641,MAT-1007,2027-01-01,6,3,2,14500,87000,Partial,Within Lead Time,Q1 2027
PRJ-001641-SP02,PRJ-001641,MAT-1007,2026-02-01,39,17,13,14500,565500,Partial,At Risk,Q1 2026
PRJ-001641-SP03,PRJ-001641,MAT-1010,2026-07-01,55,37,21,980,53900,Partial,At Risk,Q3 2026
PRJ-001641-SP04,PRJ-001641,MAT-1005,2027-03-01,43,40,11,26000,1118000,Partial,Within Lead Time,Q1 2027
PRJ-001641-SP05,PRJ-001641,MAT-1005,2029-01-01,10,1,0,26000,260000,Partial,Within Lead Time,Q1 2029
PRJ-001641-SP06,PRJ-001641,MAT-1002,2028-01-01,62,45,18,420,26040,Partial,Within Lead Time,Q1 2028
PRJ-001641-SP07,PRJ-001641,MAT-1001,2026-07-01,6,5,0,2100,12600,Partial,At Risk,Q3 2026
PRJ-001642-SP01,PRJ-001642,MAT-1003,2026-06-01,8775,8114,6551,12,105300,Partial,At Risk,Q2 2026
PRJ-001642-SP02,PRJ-001642,MAT-1001,2027-11-01,49,21,20,2100,102900,Partial,Within Lead Time,Q4 2027
PRJ-001643-SP01,PRJ-001643,MAT-1002,2026-03-01,17,7,4,420,7140,Partial,At Risk,Q1 2026
PRJ-001643-SP02,PRJ-001643,MAT-1011,2026-02-01,14,11,7,130,1820,Partial,At Risk,Q1 2026
PRJ-001643-SP03,PRJ-001643,MAT-1010,2026-01-01,61,30,4,980,59780,Partial,At Risk,Q1 2026
PRJ-001644-SP01,PRJ-001644,MAT-1007,2028-01-01,59,42,15,14500,855500,Partial,Within Lead Time,Q1 2028
PRJ-001644-SP02,PRJ-001644,MAT-1002,2026-08-01,29,28,13,420,12180,Partial,At Risk,Q3 2026
PRJ-001645-SP01,PRJ-001645,MAT-1009,2027-11-01,14,4,3,145,2030,Partial,Within Lead Time,Q4 2027
PRJ-001645-SP02,PRJ-001645,MAT-1006,2026-03-01,79,14,2,6200,489800,Partial,At Risk,Q1 2026
PRJ-001645-SP03,PRJ-001645,MAT-1007,2027-03-01,21,14,8,14500,304500,Partial,Within Lead Time,Q1 2027
PRJ-001645-SP04,PRJ-001645,MAT-1003,2028-03-01,5366,4621,2384,12,64392,Partial,Within Lead Time,Q1 2028
PRJ-001645-SP05,PRJ-001645,MAT-1009,2026-11-01,60,26,24,145,8700,Partial,Within Lead Time,Q4 2026
PRJ-001645-SP06,PRJ-001645,MAT-1004,2028-07-01,1194,317,213,27,32238,Partial,Within Lead Time,Q3 2028
PRJ-001645-SP07,PRJ-001645,MAT-1010,2027-07-01,64,46,41,980,62720,Partial,Within Lead Time,Q3 2027
PRJ-001646-SP01,PRJ-001646,MAT-1007,2026-01-01,49,23,8,14500,710500,Partial,At Risk,Q1 2026
PRJ-001646-SP02,PRJ-001646,MAT-1010,2027-09-01,17,2,1,980,16660,Partial,Within Lead Time,Q3 2027
PRJ-001646-SP03,PRJ-001646,MAT-1001,2026-05-01,34,18,7,2100,71400,Partial,At Risk,Q2 2026
PRJ-001646-SP04,PRJ-001646,MAT-1010,2028-03-01,3,2,2,980,2940,Partial,Within Lead Time,Q1 2028
PRJ-001646-SP05,PRJ-001646,MAT-1007,2027-04-01,60,22,17,14500,870000,Partial,Within Lead Time,Q2 2027
PRJ-001646-SP06,PRJ-001646,MAT-1004,2029-01-01,9878,4770,3334,27,266706,Partial,Within Lead Time,Q1 2029
PRJ-001646-SP07,PRJ-001646,MAT-1005,2027-08-01,40,6,6,26000,1040000,Partial,Within Lead Time,Q3 2027
PRJ-001647-SP01,PRJ-001647,MAT-1011,2029-01-01,33,27,24,130,4290,Partial,Within Lead Time,Q1 2029
PRJ-001647-SP02,PRJ-001647,MAT-1009,2026-02-01,77,75,53,145,11165,Partial,At Risk,Q1 2026
PRJ-001648-SP01,PRJ-001648,MAT-1008,2026-06-01,22,11,2,19000,418000,Partial,At Risk,Q2 2026
PRJ-001648-SP02,PRJ-001648,MAT-1003,2027-09-01,2908,391,46,12,34896,Partial,Within Lead Time,Q3 2027
PRJ-001648-SP03,PRJ-001648,MAT-1010,2027-05-01,48,47,28,980,47040,Partial,Within Lead Time,Q2 2027
PRJ-001648-SP04,PRJ-001648,MAT-1003,2028-07-01,860,741,720,12,10320,Partial,Within Lead Time,Q3 2028
PRJ-001648-SP05,PRJ-001648,MAT-1012,2028-07-01,48,2,2,68,3264,Partial,Within Lead Time,Q3 2028
PRJ-001649-SP01,PRJ-001649,MAT-1011,2027-11-01,46,12,0,130,5980,Partial,Within Lead Time,Q4 2027
PRJ-001649-SP02,PRJ-001649,MAT-1008,2028-03-01,40,33,24,19000,760000,Partial,Within Lead Time,Q1 2028
PRJ-001649-SP03,PRJ-001649,MAT-1007,2026-05-01,37,28,23,14500,536500,Partial,At Risk,Q2 2026
PRJ-001649-SP04,PRJ-001649,MAT-1006,2026-11-01,27,26,9,6200,167400,Partial,At Risk,Q4 2026
PRJ-001649-SP05,PRJ-001649,MAT-1008,2027-09-01,67,54,35,19000,1273000,Partial,Within Lead Time,Q3 2027
PRJ-001650-SP01,PRJ-001650,MAT-1005,2027-06-01,42,33,18,26000,1092000,Partial,Within Lead Time,Q2 2027
PRJ-001650-SP02,PRJ-001650,MAT-1010,2027-02-01,62,39,26,980,60760,Partial,Within Lead Time,Q1 2027
PRJ-001650-SP03,PRJ-001650,MAT-1010,2028-11-01,44,1,1,980,43120,Partial,Within Lead Time,Q4 2028
PRJ-001650-SP04,PRJ-001650,MAT-1008,2026-06-01,9,3,2,19000,171000,Partial,At Risk,Q2 2026
PRJ-001650-SP05,PRJ-001650,MAT-1006,2027-09-01,10,2,1,6200,62000,Partial,Within Lead Time,Q3 2027
PRJ-001650-SP06,PRJ-001650,MAT-1004,2027-07-01,2412,363,321,27,65124,Partial,Within Lead Time,Q3 2027
PRJ-001651-SP01,PRJ-001651,MAT-1006,2028-07-01,50,22,6,6200,310000,Partial,Within Lead Time,Q3 2028
PRJ-001651-SP02,PRJ-001651,MAT-1005,2026-06-01,67,35,24,26000,1742000,Partial,At Risk,Q2 2026
PRJ-001651-SP03,PRJ-001651,MAT-1008,2028-11-01,46,44,25,19000,874000,Partial,Within Lead Time,Q4 2028
PRJ-001651-SP04,PRJ-001651,MAT-1009,2026-06-01,39,27,6,145,5655,Partial,At Risk,Q2 2026
PRJ-001652-SP01,PRJ-001652,MAT-1012,2028-07-01,62,27,16,68,4216,Partial,Within Lead Time,Q3 2028
PRJ-001652-SP02,PRJ-001652,MAT-1006,2027-08-01,58,30,6,6200,359600,Partial,Within Lead Time,Q3 2027
PRJ-001652-SP03,PRJ-001652,MAT-1008,2027-10-01,53,44,14,19000,1007000,Partial,Within Lead Time,Q4 2027
PRJ-001652-SP04,PRJ-001652,MAT-1008,2028-01-01,24,8,8,19000,456000,Partial,Within Lead Time,Q1 2028
PRJ-001652-SP05,PRJ-001652,MAT-1005,2026-03-01,31,23,8,26000,806000,Partial,At Risk,Q1 2026
PRJ-001652-SP06,PRJ-001652,MAT-1009,2029-01-01,10,7,7,145,1450,Partial,Within Lead Time,Q1 2029
PRJ-001652-SP07,PRJ-001652,MAT-1011,2027-04-01,78,70,60,130,10140,Partial,Within Lead Time,Q2 2027
PRJ-001653-SP01,PRJ-001653,MAT-1008,2026-05-01,29,17,0,19000,551000,Partial,At Risk,Q2 2026
PRJ-001653-SP02,PRJ-001653,MAT-1005,2028-09-01,78,52,3,26000,2028000,Partial,Within Lead Time,Q3 2028
PRJ-001653-SP03,PRJ-001653,MAT-1010,2026-06-01,31,6,6,980,30380,Partial,At Risk,Q2 2026
PRJ-001653-SP04,PRJ-001653,MAT-1005,2027-06-01,17,5,2,26000,442000,Partial,Within Lead Time,Q2 2027
PRJ-001653-SP05,PRJ-001653,MAT-1010,2026-05-01,58,17,9,980,56840,Partial,At Risk,Q2 2026
PRJ-001654-SP01,PRJ-001654,MAT-1006,2027-01-01,34,6,5,6200,210800,Partial,Within Lead Time,Q1 2027
PRJ-001654-SP02,PRJ-001654,MAT-1009,2028-01-01,17,3,3,145,2465,Partial,Within Lead Time,Q1 2028
PRJ-001654-SP03,PRJ-001654,MAT-1001,2028-02-01,60,53,39,2100,126000,Partial,Within Lead Time,Q1 2028
PRJ-001655-SP01,PRJ-001655,MAT-1005,2028-01-01,34,3,2,26000,884000,Partial,Within Lead Time,Q1 2028
PRJ-001655-SP02,PRJ-001655,MAT-1003,2028-07-01,9223,6004,2995,12,110676,Partial,Within Lead Time,Q3 2028
PRJ-001655-SP03,PRJ-001655,MAT-1006,2026-01-01,20,17,13,6200,124000,Partial,At Risk,Q1 2026
PRJ-001655-SP04,PRJ-001655,MAT-1005,2027-02-01,66,7,2,26000,1716000,Partial,Within Lead Time,Q1 2027
PRJ-001655-SP05,PRJ-001655,MAT-1011,2027-12-01,3,0,0,130,390,Not Reserved,Within Lead Time,Q4 2027
PRJ-001656-SP01,PRJ-001656,MAT-1002,2026-06-01,24,22,8,420,10080,Partial,At Risk,Q2 2026
PRJ-001656-SP02,PRJ-001656,MAT-1011,2027-06-01,79,4,1,130,10270,Partial,Within Lead Time,Q2 2027
PRJ-001656-SP03,PRJ-001656,MAT-1009,2028-06-01,77,18,9,145,11165,Partial,Within Lead Time,Q2 2028
PRJ-001657-SP01,PRJ-001657,MAT-1001,2028-02-01,19,9,3,2100,39900,Partial,Within Lead Time,Q1 2028
PRJ-001657-SP02,PRJ-001657,MAT-1006,2027-11-01,55,21,1,6200,341000,Partial,Within Lead Time,Q4 2027
PRJ-001657-SP03,PRJ-001657,MAT-1002,2027-03-01,14,7,4,420,5880,Partial,Within Lead Time,Q1 2027
PRJ-001657-SP04,PRJ-001657,MAT-1005,2026-12-01,17,9,5,26000,442000,Partial,At Risk,Q4 2026
PRJ-001657-SP05,PRJ-001657,MAT-1008,2027-02-01,45,29,17,19000,855000,Partial,Within Lead Time,Q1 2027
PRJ-001658-SP01,PRJ-001658,MAT-1004,2028-09-01,8374,8098,1809,27,226098,Partial,Within Lead Time,Q3 2028
PRJ-001658-SP02,PRJ-001658,MAT-1007,2027-09-01,8,6,2,14500,116000,Partial,Within Lead Time,Q3 2027
PRJ-001658-SP03,PRJ-001658,MAT-1001,2028-10-01,31,29,22,2100,65100,Partial,Within Lead Time,Q4 2028
PRJ-001659-SP01,PRJ-001659,MAT-1011,2028-10-01,31,31,8,130,4030,Partial,Within Lead Time,Q4 2028
PRJ-001659-SP02,PRJ-001659,MAT-1004,2027-05-01,5332,2302,936,27,143964,Partial,Within Lead Time,Q2 2027
PRJ-001659-SP03,PRJ-001659,MAT-1011,2026-10-01,14,9,6,130,1820,Partial,Within Lead Time,Q4 2026
PRJ-001659-SP04,PRJ-001659,MAT-1001,2028-04-01,66,29,3,2100,138600,Partial,Within Lead Time,Q2 2028
PRJ-001659-SP05,PRJ-001659,MAT-1011,2027-12-01,73,73,13,130,9490,Partial,Within Lead Time,Q4 2027
PRJ-001660-SP01,PRJ-001660,MAT-1003,2026-11-01,9941,5138,2778,12,119292,Partial,Within Lead Time,Q4 2026
PRJ-001660-SP02,PRJ-001660,MAT-1009,2027-05-01,51,9,8,145,7395,Partial,Within Lead Time,Q2 2027
PRJ-001660-SP03,PRJ-001660,MAT-1004,2028-12-01,5010,2301,1170,27,135270,Partial,Within Lead Time,Q4 2028
PRJ-001660-SP04,PRJ-001660,MAT-1012,2028-09-01,23,19,9,68,1564,Partial,Within Lead Time,Q3 2028
PRJ-001661-SP01,PRJ-001661,MAT-1011,2028-01-01,13,8,5,130,1690,Partial,Within Lead Time,Q1 2028
PRJ-001661-SP02,PRJ-001661,MAT-1002,2027-07-01,76,33,13,420,31920,Partial,Within Lead Time,Q3 2027
PRJ-001661-SP03,PRJ-001661,MAT-1008,2029-01-01,20,16,11,19000,380000,Partial,Within Lead Time,Q1 2029
PRJ-001661-SP04,PRJ-001661,MAT-1010,2026-02-01,53,6,3,980,51940,Partial,At Risk,Q1 2026
PRJ-001661-SP05,PRJ-001661,MAT-1004,2028-11-01,8957,2270,851,27,241839,Partial,Within Lead Time,Q4 2028
PRJ-001662-SP01,PRJ-001662,MAT-1012,2026-10-01,3,3,2,68,204,Partial,Within Lead Time,Q4 2026
PRJ-001662-SP02,PRJ-001662,MAT-1012,2026-01-01,8,8,1,68,544,Partial,At Risk,Q1 2026
PRJ-001662-SP03,PRJ-001662,MAT-1009,2026-03-01,73,50,34,145,10585,Partial,At Risk,Q1 2026
PRJ-001662-SP04,PRJ-001662,MAT-1005,2028-01-01,25,17,17,26000,650000,Partial,Within Lead Time,Q1 2028
PRJ-001662-SP05,PRJ-001662,MAT-1006,2027-12-01,56,25,11,6200,347200,Partial,Within Lead Time,Q4 2027
PRJ-001662-SP06,PRJ-001662,MAT-1002,2028-06-01,19,5,5,420,7980,Partial,Within Lead Time,Q2 2028
PRJ-001662-SP07,PRJ-001662,MAT-1001,2027-01-01,13,6,1,2100,27300,Partial,Within Lead Time,Q1 2027
PRJ-001663-SP01,PRJ-001663,MAT-1004,2026-09-01,4460,2029,1907,27,120420,Partial,At Risk,Q3 2026
PRJ-001663-SP02,PRJ-001663,MAT-1006,2026-07-01,34,19,2,6200,210800,Partial,At Risk,Q3 2026
PRJ-001663-SP03,PRJ-001663,MAT-1003,2028-11-01,7614,5665,5278,12,91368,Partial,Within Lead Time,Q4 2028
PRJ-001663-SP04,PRJ-001663,MAT-1001,2028-02-01,45,4,0,2100,94500,Partial,Within Lead Time,Q1 2028
PRJ-001663-SP05,PRJ-001663,MAT-1004,2027-08-01,6827,758,335,27,184329,Partial,Within Lead Time,Q3 2027
PRJ-001663-SP06,PRJ-001663,MAT-1005,2026-07-01,67,62,51,26000,1742000,Partial,At Risk,Q3 2026
PRJ-001664-SP01,PRJ-001664,MAT-1005,2026-04-01,46,14,6,26000,1196000,Partial,At Risk,Q2 2026
PRJ-001664-SP02,PRJ-001664,MAT-1003,2028-10-01,4553,2688,413,12,54636,Partial,Within Lead Time,Q4 2028
PRJ-001664-SP03,PRJ-001664,MAT-1007,2026-04-01,39,39,34,14500,565500,Partial,At Risk,Q2 2026
PRJ-001664-SP04,PRJ-001664,MAT-1004,2026-01-01,2915,2598,644,27,78705,Partial,At Risk,Q1 2026
PRJ-001665-SP01,PRJ-001665,MAT-1004,2026-08-01,894,863,213,27,24138,Partial,At Risk,Q3 2026
PRJ-001665-SP02,PRJ-001665,MAT-1009,2027-10-01,70,5,3,145,10150,Partial,Within Lead Time,Q4 2027
PRJ-001665-SP03,PRJ-001665,MAT-1003,2027-03-01,7276,3423,1336,12,87312,Partial,Within Lead Time,Q1 2027
PRJ-001665-SP04,PRJ-001665,MAT-1009,2026-06-01,14,6,5,145,2030,Partial,At Risk,Q2 2026
PRJ-001665-SP05,PRJ-001665,MAT-1004,2026-03-01,1596,1464,544,27,43092,Partial,At Risk,Q1 2026
PRJ-001666-SP01,PRJ-001666,MAT-1001,2028-05-01,27,5,5,2100,56700,Partial,Within Lead Time,Q2 2028
PRJ-001666-SP02,PRJ-001666,MAT-1003,2027-04-01,3868,337,201,12,46416,Partial,Within Lead Time,Q2 2027
PRJ-001666-SP03,PRJ-001666,MAT-1003,2027-03-01,4897,1702,1274,12,58764,Partial,Within Lead Time,Q1 2027
PRJ-001666-SP04,PRJ-001666,MAT-1003,2026-06-01,2110,1627,140,12,25320,Partial,At Risk,Q2 2026
PRJ-001667-SP01,PRJ-001667,MAT-1011,2028-10-01,40,15,10,130,5200,Partial,Within Lead Time,Q4 2028
PRJ-001667-SP02,PRJ-001667,MAT-1012,2026-04-01,41,11,3,68,2788,Partial,At Risk,Q2 2026
PRJ-001667-SP03,PRJ-001667,MAT-1011,2027-08-01,22,19,4,130,2860,Partial,Within Lead Time,Q3 2027
PRJ-001667-SP04,PRJ-001667,MAT-1001,2026-01-01,60,59,56,2100,126000,Partial,At Risk,Q1 2026
PRJ-001668-SP01,PRJ-001668,MAT-1008,2026-01-01,6,1,1,19000,114000,Partial,At Risk,Q1 2026
PRJ-001668-SP02,PRJ-001668,MAT-1012,2027-07-01,68,60,7,68,4624,Partial,Within Lead Time,Q3 2027
PRJ-001668-SP03,PRJ-001668,MAT-1010,2027-03-01,62,13,1,980,60760,Partial,Within Lead Time,Q1 2027
PRJ-001668-SP04,PRJ-001668,MAT-1002,2028-02-01,49,23,22,420,20580,Partial,Within Lead Time,Q1 2028
PRJ-001668-SP05,PRJ-001668,MAT-1003,2028-12-01,8877,962,731,12,106524,Partial,Within Lead Time,Q4 2028
PRJ-001668-SP06,PRJ-001668,MAT-1012,2026-07-01,68,31,13,68,4624,Partial,At Risk,Q3 2026
PRJ-001669-SP01,PRJ-001669,MAT-1006,2028-04-01,16,14,12,6200,99200,Partial,Within Lead Time,Q2 2028
PRJ-001669-SP02,PRJ-001669,MAT-1003,2027-03-01,5363,3445,2228,12,64356,Partial,Within Lead Time,Q1 2027
PRJ-001669-SP03,PRJ-001669,MAT-1010,2028-07-01,40,5,3,980,39200,Partial,Within Lead Time,Q3 2028
PRJ-001669-SP04,PRJ-001669,MAT-1006,2028-03-01,52,51,51,6200,322400,Partial,Within Lead Time,Q1 2028
PRJ-001669-SP05,PRJ-001669,MAT-1012,2027-08-01,76,22,1,68,5168,Partial,Within Lead Time,Q3 2027
PRJ-001669-SP06,PRJ-001669,MAT-1001,2028-11-01,7,6,3,2100,14700,Partial,Within Lead Time,Q4 2028
PRJ-001669-SP07,PRJ-001669,MAT-1010,2028-03-01,47,12,10,980,46060,Partial,Within Lead Time,Q1 2028
PRJ-001670-SP01,PRJ-001670,MAT-1006,2027-08-01,25,6,5,6200,155000,Partial,Within Lead Time,Q3 2027
PRJ-001670-SP02,PRJ-001670,MAT-1002,2027-05-01,68,33,1,420,28560,Partial,Within Lead Time,Q2 2027
PRJ-001670-SP03,PRJ-001670,MAT-1009,2026-08-01,48,10,5,145,6960,Partial,At Risk,Q3 2026
PRJ-001671-SP01,PRJ-001671,MAT-1001,2026-02-01,73,0,0,2100,153300,Not Reserved,At Risk,Q1 2026
PRJ-001671-SP02,PRJ-001671,MAT-1010,2026-12-01,4,1,1,980,3920,Partial,Within Lead Time,Q4 2026
PRJ-001671-SP03,PRJ-001671,MAT-1005,2027-05-01,28,7,6,26000,728000,Partial,Within Lead Time,Q2 2027
PRJ-001672-SP01,PRJ-001672,MAT-1006,2028-07-01,45,7,7,6200,279000,Partial,Within Lead Time,Q3 2028
PRJ-001672-SP02,PRJ-001672,MAT-1007,2028-01-01,36,33,33,14500,522000,Partial,Within Lead Time,Q1 2028
PRJ-001673-SP01,PRJ-001673,MAT-1007,2026-05-01,28,23,7,14500,406000,Partial,At Risk,Q2 2026
PRJ-001673-SP02,PRJ-001673,MAT-1012,2026-02-01,39,21,7,68,2652,Partial,At Risk,Q1 2026
PRJ-001673-SP03,PRJ-001673,MAT-1004,2028-11-01,3612,1832,353,27,97524,Partial,Within Lead Time,Q4 2028
PRJ-001673-SP04,PRJ-001673,MAT-1001,2026-12-01,6,5,1,2100,12600,Partial,Within Lead Time,Q4 2026
PRJ-001673-SP05,PRJ-001673,MAT-1002,2027-11-01,56,54,45,420,23520,Partial,Within Lead Time,Q4 2027
PRJ-001673-SP06,PRJ-001673,MAT-1006,2029-01-01,7,5,5,6200,43400,Partial,Within Lead Time,Q1 2029
PRJ-001673-SP07,PRJ-001673,MAT-1009,2028-11-01,10,0,0,145,1450,Not Reserved,Within Lead Time,Q4 2028
PRJ-001673-SP08,PRJ-001673,MAT-1001,2026-02-01,36,32,16,2100,75600,Partial,At Risk,Q1 2026
PRJ-001674-SP01,PRJ-001674,MAT-1004,2028-08-01,2798,2648,2250,27,75546,Partial,Within Lead Time,Q3 2028
PRJ-001674-SP02,PRJ-001674,MAT-1005,2027-08-01,37,35,14,26000,962000,Partial,Within Lead Time,Q3 2027
PRJ-001674-SP03,PRJ-001674,MAT-1002,2028-03-01,16,2,2,420,6720,Partial,Within Lead Time,Q1 2028
PRJ-001674-SP04,PRJ-001674,MAT-1002,2026-08-01,59,54,25,420,24780,Partial,At Risk,Q3 2026
PRJ-001674-SP05,PRJ-001674,MAT-1001,2027-11-01,13,7,3,2100,27300,Partial,Within Lead Time,Q4 2027
PRJ-001674-SP06,PRJ-001674,MAT-1002,2027-01-01,25,11,8,420,10500,Partial,Within Lead Time,Q1 2027
PRJ-001675-SP01,PRJ-001675,MAT-1005,2026-10-01,9,4,1,26000,234000,Partial,At Risk,Q4 2026
PRJ-001675-SP02,PRJ-001675,MAT-1003,2026-03-01,3920,1059,338,12,47040,Partial,At Risk,Q1 2026
PRJ-001675-SP03,PRJ-001675,MAT-1007,2027-11-01,20,0,0,14500,290000,Not Reserved,Within Lead Time,Q4 2027
PRJ-001676-SP01,PRJ-001676,MAT-1004,2028-11-01,7243,1599,757,27,195561,Partial,Within Lead Time,Q4 2028
PRJ-001676-SP02,PRJ-001676,MAT-1010,2027-02-01,38,1,0,980,37240,Partial,Within Lead Time,Q1 2027
PRJ-001676-SP03,PRJ-001676,MAT-1010,2029-01-01,70,57,37,980,68600,Partial,Within Lead Time,Q1 2029
PRJ-001676-SP04,PRJ-001676,MAT-1003,2026-02-01,8366,7271,4277,12,100392,Partial,At Risk,Q1 2026
PRJ-001676-SP05,PRJ-001676,MAT-1005,2027-09-01,45,8,8,26000,1170000,Partial,Within Lead Time,Q3 2027
PRJ-001676-SP06,PRJ-001676,MAT-1006,2027-01-01,61,32,2,6200,378200,Partial,Within Lead Time,Q1 2027
PRJ-001676-SP07,PRJ-001676,MAT-1010,2027-08-01,49,47,33,980,48020,Partial,Within Lead Time,Q3 2027
PRJ-001677-SP01,PRJ-001677,MAT-1005,2026-06-01,10,9,4,26000,260000,Partial,At Risk,Q2 2026
PRJ-001677-SP02,PRJ-001677,MAT-1003,2026-07-01,6466,4264,941,12,77592,Partial,At Risk,Q3 2026
PRJ-001677-SP03,PRJ-001677,MAT-1009,2027-09-01,14,6,3,145,2030,Partial,Within Lead Time,Q3 2027
PRJ-001677-SP04,PRJ-001677,MAT-1009,2027-03-01,36,20,18,145,5220,Partial,Within Lead Time,Q1 2027
PRJ-001678-SP01,PRJ-001678,MAT-1009,2027-11-01,53,28,18,145,7685,Partial,Within Lead Time,Q4 2027
PRJ-001678-SP02,PRJ-001678,MAT-1012,2028-04-01,68,53,41,68,4624,Partial,Within Lead Time,Q2 2028
PRJ-001678-SP03,PRJ-001678,MAT-1009,2026-11-01,69,6,2,145,10005,Partial,Within Lead Time,Q4 2026
PRJ-001678-SP04,PRJ-001678,MAT-1003,2027-11-01,4005,920,544,12,48060,Partial,Within Lead Time,Q4 2027
PRJ-001679-SP01,PRJ-001679,MAT-1009,2027-01-01,50,23,22,145,7250,Partial,Within Lead Time,Q1 2027
PRJ-001679-SP02,PRJ-001679,MAT-1010,2027-05-01,8,7,2,980,7840,Partial,Within Lead Time,Q2 2027
PRJ-001679-SP03,PRJ-001679,MAT-1011,2026-10-01,41,18,15,130,5330,Partial,Within Lead Time,Q4 2026
PRJ-001679-SP04,PRJ-001679,MAT-1002,2028-08-01,12,10,5,420,5040,Partial,Within Lead Time,Q3 2028
PRJ-001679-SP05,PRJ-001679,MAT-1012,2028-09-01,42,17,15,68,2856,Partial,Within Lead Time,Q3 2028
PRJ-001680-SP01,PRJ-001680,MAT-1002,2028-11-01,60,25,23,420,25200,Partial,Within Lead Time,Q4 2028
PRJ-001680-SP02,PRJ-001680,MAT-1004,2028-07-01,6268,237,156,27,169236,Partial,Within Lead Time,Q3 2028
PRJ-001680-SP03,PRJ-001680,MAT-1003,2028-07-01,5476,2671,2152,12,65712,Partial,Within Lead Time,Q3 2028
PRJ-001680-SP04,PRJ-001680,MAT-1011,2027-10-01,8,1,0,130,1040,Partial,Within Lead Time,Q4 2027
PRJ-001680-SP05,PRJ-001680,MAT-1005,2028-08-01,54,46,39,26000,1404000,Partial,Within Lead Time,Q3 2028
PRJ-001680-SP06,PRJ-001680,MAT-1009,2028-09-01,42,33,25,145,6090,Partial,Within Lead Time,Q3 2028
PRJ-001681-SP01,PRJ-001681,MAT-1002,2026-12-01,41,41,32,420,17220,Partial,Within Lead Time,Q4 2026
PRJ-001681-SP02,PRJ-001681,MAT-1003,2026-05-01,6132,4413,4357,12,73584,Partial,At Risk,Q2 2026
PRJ-001681-SP03,PRJ-001681,MAT-1004,2028-09-01,862,164,141,27,23274,Partial,Within Lead Time,Q3 2028
PRJ-001681-SP04,PRJ-001681,MAT-1001,2026-03-01,47,36,25,2100,98700,Partial,At Risk,Q1 2026
PRJ-001681-SP05,PRJ-001681,MAT-1009,2028-07-01,48,28,20,145,6960,Partial,Within Lead Time,Q3 2028
PRJ-001681-SP06,PRJ-001681,MAT-1005,2026-09-01,46,9,6,26000,1196000,Partial,At Risk,Q3 2026
PRJ-001682-SP01,PRJ-001682,MAT-1009,2028-12-01,51,27,23,145,7395,Partial,Within Lead Time,Q4 2028
PRJ-001682-SP02,PRJ-001682,MAT-1003,2027-11-01,9649,8100,267,12,115788,Partial,Within Lead Time,Q4 2027
PRJ-001683-SP01,PRJ-001683,MAT-1003,2028-09-01,5015,3479,893,12,60180,Partial,Within Lead Time,Q3 2028
PRJ-001683-SP02,PRJ-001683,MAT-1002,2026-12-01,70,24,20,420,29400,Partial,Within Lead Time,Q4 2026
PRJ-001683-SP03,PRJ-001683,MAT-1009,2027-02-01,31,21,2,145,4495,Partial,Within Lead Time,Q1 2027
PRJ-001683-SP04,PRJ-001683,MAT-1003,2028-04-01,8324,598,207,12,99888,Partial,Within Lead Time,Q2 2028
PRJ-001683-SP05,PRJ-001683,MAT-1008,2028-06-01,6,5,4,19000,114000,Partial,Within Lead Time,Q2 2028
PRJ-001683-SP06,PRJ-001683,MAT-1007,2026-01-01,2,0,0,14500,29000,Not Reserved,At Risk,Q1 2026
PRJ-001683-SP07,PRJ-001683,MAT-1005,2028-04-01,11,9,4,26000,286000,Partial,Within Lead Time,Q2 2028
PRJ-001684-SP01,PRJ-001684,MAT-1007,2028-01-01,23,16,6,14500,333500,Partial,Within Lead Time,Q1 2028
PRJ-001684-SP02,PRJ-001684,MAT-1006,2028-02-01,25,6,3,6200,155000,Partial,Within Lead Time,Q1 2028
PRJ-001684-SP03,PRJ-001684,MAT-1003,2027-01-01,6133,226,81,12,73596,Partial,Within Lead Time,Q1 2027
PRJ-001684-SP04,PRJ-001684,MAT-1004,2028-11-01,1642,1326,729,27,44334,Partial,Within Lead Time,Q4 2028
PRJ-001685-SP01,PRJ-001685,MAT-1003,2026-01-01,6052,2538,1805,12,72624,Partial,At Risk,Q1 2026
PRJ-001685-SP02,PRJ-001685,MAT-1010,2028-03-01,39,4,3,980,38220,Partial,Within Lead Time,Q1 2028
PRJ-001685-SP03,PRJ-001685,MAT-1008,2027-12-01,20,5,1,19000,380000,Partial,Within Lead Time,Q4 2027
PRJ-001685-SP04,PRJ-001685,MAT-1011,2028-05-01,30,20,3,130,3900,Partial,Within Lead Time,Q2 2028
PRJ-001685-SP05,PRJ-001685,MAT-1010,2028-06-01,38,5,2,980,37240,Partial,Within Lead Time,Q2 2028
PRJ-001685-SP06,PRJ-001685,MAT-1001,2028-12-01,65,15,12,2100,136500,Partial,Within Lead Time,Q4 2028
PRJ-001685-SP07,PRJ-001685,MAT-1007,2026-12-01,15,5,3,14500,217500,Partial,At Risk,Q4 2026
PRJ-001685-SP08,PRJ-001685,MAT-1009,2026-04-01,26,3,2,145,3770,Partial,At Risk,Q2 2026
PRJ-001686-SP01,PRJ-001686,MAT-1010,2027-12-01,66,58,4,980,64680,Partial,Within Lead Time,Q4 2027
PRJ-001686-SP02,PRJ-001686,MAT-1009,2026-07-01,28,19,14,145,4060,Partial,At Risk,Q3 2026
PRJ-001686-SP03,PRJ-001686,MAT-1001,2026-03-01,13,8,2,2100,27300,Partial,At Risk,Q1 2026
PRJ-001686-SP04,PRJ-001686,MAT-1002,2026-04-01,37,12,3,420,15540,Partial,At Risk,Q2 2026
PRJ-001686-SP05,PRJ-001686,MAT-1003,2028-04-01,5189,4908,1562,12,62268,Partial,Within Lead Time,Q2 2028
PRJ-001686-SP06,PRJ-001686,MAT-1004,2027-06-01,8480,5020,3663,27,228960,Partial,Within Lead Time,Q2 2027
PRJ-001687-SP01,PRJ-001687,MAT-1006,2027-06-01,43,35,12,6200,266600,Partial,Within Lead Time,Q2 2027
PRJ-001687-SP02,PRJ-001687,MAT-1010,2027-02-01,39,26,3,980,38220,Partial,Within Lead Time,Q1 2027
PRJ-001687-SP03,PRJ-001687,MAT-1012,2026-06-01,35,7,0,68,2380,Partial,At Risk,Q2 2026
PRJ-001687-SP04,PRJ-001687,MAT-1007,2026-02-01,23,20,15,14500,333500,Partial,At Risk,Q1 2026
PRJ-001687-SP05,PRJ-001687,MAT-1008,2026-11-01,26,6,5,19000,494000,Partial,At Risk,Q4 2026
PRJ-001687-SP06,PRJ-001687,MAT-1012,2027-03-01,36,9,5,68,2448,Partial,Within Lead Time,Q1 2027
PRJ-001687-SP07,PRJ-001687,MAT-1010,2027-06-01,40,25,8,980,39200,Partial,Within Lead Time,Q2 2027
PRJ-001687-SP08,PRJ-001687,MAT-1011,2027-12-01,44,15,6,130,5720,Partial,Within Lead Time,Q4 2027
PRJ-001688-SP01,PRJ-001688,MAT-1007,2027-07-01,63,44,25,14500,913500,Partial,Within Lead Time,Q3 2027
PRJ-001688-SP02,PRJ-001688,MAT-1001,2027-03-01,69,56,42,2100,144900,Partial,Within Lead Time,Q1 2027
PRJ-001688-SP03,PRJ-001688,MAT-1004,2026-12-01,1467,716,273,27,39609,Partial,Within Lead Time,Q4 2026
PRJ-001689-SP01,PRJ-001689,MAT-1011,2026-09-01,66,12,8,130,8580,Partial,At Risk,Q3 2026
PRJ-001689-SP02,PRJ-001689,MAT-1012,2028-09-01,7,2,0,68,476,Partial,Within Lead Time,Q3 2028
PRJ-001689-SP03,PRJ-001689,MAT-1001,2028-03-01,61,37,8,2100,128100,Partial,Within Lead Time,Q1 2028
PRJ-001689-SP04,PRJ-001689,MAT-1005,2027-02-01,62,33,2,26000,1612000,Partial,Within Lead Time,Q1 2027
PRJ-001689-SP05,PRJ-001689,MAT-1010,2026-04-01,79,77,63,980,77420,Partial,At Risk,Q2 2026
PRJ-001689-SP06,PRJ-001689,MAT-1009,2026-09-01,25,6,1,145,3625,Partial,At Risk,Q3 2026
PRJ-001690-SP01,PRJ-001690,MAT-1003,2026-09-01,5960,1557,648,12,71520,Partial,At Risk,Q3 2026
PRJ-001690-SP02,PRJ-001690,MAT-1005,2028-09-01,72,10,9,26000,1872000,Partial,Within Lead Time,Q3 2028
PRJ-001690-SP03,PRJ-001690,MAT-1012,2026-11-01,65,15,13,68,4420,Partial,Within Lead Time,Q4 2026
PRJ-001690-SP04,PRJ-001690,MAT-1004,2028-01-01,6363,3233,1655,27,171801,Partial,Within Lead Time,Q1 2028
PRJ-001691-SP01,PRJ-001691,MAT-1007,2027-12-01,3,0,0,14500,43500,Not Reserved,Within Lead Time,Q4 2027
PRJ-001691-SP02,PRJ-001691,MAT-1001,2028-08-01,26,4,0,2100,54600,Partial,Within Lead Time,Q3 2028
PRJ-001691-SP03,PRJ-001691,MAT-1011,2027-03-01,18,13,12,130,2340,Partial,Within Lead Time,Q1 2027
PRJ-001691-SP04,PRJ-001691,MAT-1008,2027-08-01,78,16,1,19000,1482000,Partial,Within Lead Time,Q3 2027
PRJ-001691-SP05,PRJ-001691,MAT-1005,2028-08-01,51,10,7,26000,1326000,Partial,Within Lead Time,Q3 2028
PRJ-001691-SP06,PRJ-001691,MAT-1010,2026-02-01,79,77,4,980,77420,Partial,At Risk,Q1 2026
PRJ-001691-SP07,PRJ-001691,MAT-1011,2026-09-01,64,33,27,130,8320,Partial,At Risk,Q3 2026
PRJ-001691-SP08,PRJ-001691,MAT-1006,2026-06-01,33,4,3,6200,204600,Partial,At Risk,Q2 2026
PRJ-001692-SP01,PRJ-001692,MAT-1006,2028-04-01,62,0,0,6200,384400,Not Reserved,Within Lead Time,Q2 2028
PRJ-001692-SP02,PRJ-001692,MAT-1008,2027-01-01,64,63,32,19000,1216000,Partial,At Risk,Q1 2027
PRJ-001692-SP03,PRJ-001692,MAT-1009,2028-04-01,21,6,0,145,3045,Partial,Within Lead Time,Q2 2028
PRJ-001692-SP04,PRJ-001692,MAT-1004,2026-02-01,2160,701,678,27,58320,Partial,At Risk,Q1 2026
PRJ-001692-SP05,PRJ-001692,MAT-1002,2026-04-01,80,57,56,420,33600,Partial,At Risk,Q2 2026
PRJ-001692-SP06,PRJ-001692,MAT-1001,2028-07-01,58,35,32,2100,121800,Partial,Within Lead Time,Q3 2028
PRJ-001693-SP01,PRJ-001693,MAT-1002,2028-05-01,35,23,3,420,14700,Partial,Within Lead Time,Q2 2028
PRJ-001693-SP02,PRJ-001693,MAT-1012,2026-09-01,35,26,14,68,2380,Partial,At Risk,Q3 2026
PRJ-001693-SP03,PRJ-001693,MAT-1002,2028-08-01,37,15,6,420,15540,Partial,Within Lead Time,Q3 2028
PRJ-001693-SP04,PRJ-001693,MAT-1011,2028-08-01,5,1,0,130,650,Partial,Within Lead Time,Q3 2028
PRJ-001693-SP05,PRJ-001693,MAT-1002,2026-04-01,28,25,22,420,11760,Partial,At Risk,Q2 2026
PRJ-001693-SP06,PRJ-001693,MAT-1012,2027-06-01,21,19,9,68,1428,Partial,Within Lead Time,Q2 2027
PRJ-001693-SP07,PRJ-001693,MAT-1001,2028-03-01,47,44,6,2100,98700,Partial,Within Lead Time,Q1 2028
PRJ-001694-SP01,PRJ-001694,MAT-1012,2028-06-01,16,5,2,68,1088,Partial,Within Lead Time,Q2 2028
PRJ-001694-SP02,PRJ-001694,MAT-1010,2026-03-01,47,32,21,980,46060,Partial,At Risk,Q1 2026
PRJ-001694-SP03,PRJ-001694,MAT-1004,2029-01-01,5886,435,177,27,158922,Partial,Within Lead Time,Q1 2029
PRJ-001694-SP04,PRJ-001694,MAT-1012,2027-03-01,42,24,2,68,2856,Partial,Within Lead Time,Q1 2027
PRJ-001694-SP05,PRJ-001694,MAT-1008,2027-04-01,30,4,2,19000,570000,Partial,Within Lead Time,Q2 2027
PRJ-001694-SP06,PRJ-001694,MAT-1010,2028-08-01,40,29,17,980,39200,Partial,Within Lead Time,Q3 2028
PRJ-001695-SP01,PRJ-001695,MAT-1011,2028-07-01,75,62,34,130,9750,Partial,Within Lead Time,Q3 2028
PRJ-001695-SP02,PRJ-001695,MAT-1001,2026-06-01,3,1,0,2100,6300,Partial,At Risk,Q2 2026
PRJ-001695-SP03,PRJ-001695,MAT-1010,2028-08-01,37,20,0,980,36260,Partial,Within Lead Time,Q3 2028
PRJ-001695-SP04,PRJ-001695,MAT-1006,2028-12-01,79,43,5,6200,489800,Partial,Within Lead Time,Q4 2028
PRJ-001695-SP05,PRJ-001695,MAT-1011,2028-03-01,31,8,1,130,4030,Partial,Within Lead Time,Q1 2028
PRJ-001695-SP06,PRJ-001695,MAT-1011,2028-10-01,75,22,6,130,9750,Partial,Within Lead Time,Q4 2028
PRJ-001695-SP07,PRJ-001695,MAT-1001,2026-08-01,2,1,1,2100,4200,Partial,At Risk,Q3 2026
PRJ-001696-SP01,PRJ-001696,MAT-1010,2026-06-01,32,30,27,980,31360,Partial,At Risk,Q2 2026
PRJ-001696-SP02,PRJ-001696,MAT-1012,2028-07-01,42,36,19,68,2856,Partial,Within Lead Time,Q3 2028
PRJ-001696-SP03,PRJ-001696,MAT-1002,2027-04-01,65,32,25,420,27300,Partial,Within Lead Time,Q2 2027
PRJ-001697-SP01,PRJ-001697,MAT-1009,2028-10-01,17,1,1,145,2465,Partial,Within Lead Time,Q4 2028
PRJ-001697-SP02,PRJ-001697,MAT-1004,2028-03-01,3876,354,248,27,104652,Partial,Within Lead Time,Q1 2028
PRJ-001697-SP03,PRJ-001697,MAT-1006,2026-09-01,39,1,1,6200,241800,Partial,At Risk,Q3 2026
PRJ-001698-SP01,PRJ-001698,MAT-1001,2026-11-01,9,4,3,2100,18900,Partial,Within Lead Time,Q4 2026
PRJ-001698-SP02,PRJ-001698,MAT-1012,2028-09-01,2,1,1,68,136,Partial,Within Lead Time,Q3 2028
PRJ-001698-SP03,PRJ-001698,MAT-1005,2027-09-01,22,22,19,26000,572000,Partial,Within Lead Time,Q3 2027
PRJ-001698-SP04,PRJ-001698,MAT-1011,2027-05-01,2,2,0,130,260,Partial,Within Lead Time,Q2 2027
PRJ-001698-SP05,PRJ-001698,MAT-1008,2026-09-01,57,27,27,19000,1083000,Partial,At Risk,Q3 2026
PRJ-001698-SP06,PRJ-001698,MAT-1010,2028-04-01,64,25,16,980,62720,Partial,Within Lead Time,Q2 2028
PRJ-001699-SP01,PRJ-001699,MAT-1004,2026-03-01,7057,4638,3995,27,190539,Partial,At Risk,Q1 2026
PRJ-001699-SP02,PRJ-001699,MAT-1007,2026-10-01,16,16,1,14500,232000,Partial,At Risk,Q4 2026
PRJ-001699-SP03,PRJ-001699,MAT-1007,2028-08-01,45,37,0,14500,652500,Partial,Within Lead Time,Q3 2028
PRJ-001700-SP01,PRJ-001700,MAT-1001,2027-02-01,46,4,3,2100,96600,Partial,Within Lead Time,Q1 2027
PRJ-001700-SP02,PRJ-001700,MAT-1012,2026-12-01,60,9,3,68,4080,Partial,Within Lead Time,Q4 2026
PRJ-001701-SP01,PRJ-001701,MAT-1012,2026-01-01,66,21,14,68,4488,Partial,At Risk,Q1 2026
PRJ-001701-SP02,PRJ-001701,MAT-1005,2027-01-01,3,2,1,26000,78000,Partial,Within Lead Time,Q1 2027
PRJ-001701-SP03,PRJ-001701,MAT-1008,2027-04-01,25,25,5,19000,475000,Partial,Within Lead Time,Q2 2027
PRJ-001701-SP04,PRJ-001701,MAT-1007,2027-12-01,74,49,32,14500,1073000,Partial,Within Lead Time,Q4 2027
PRJ-001701-SP05,PRJ-001701,MAT-1006,2027-07-01,68,67,32,6200,421600,Partial,Within Lead Time,Q3 2027
PRJ-001702-SP01,PRJ-001702,MAT-1012,2027-02-01,58,31,21,68,3944,Partial,Within Lead Time,Q1 2027
PRJ-001702-SP02,PRJ-001702,MAT-1002,2026-03-01,47,37,24,420,19740,Partial,At Risk,Q1 2026
PRJ-001702-SP03,PRJ-001702,MAT-1005,2028-08-01,79,36,11,26000,2054000,Partial,Within Lead Time,Q3 2028
PRJ-001702-SP04,PRJ-001702,MAT-1008,2028-04-01,64,46,7,19000,1216000,Partial,Within Lead Time,Q2 2028
PRJ-001702-SP05,PRJ-001702,MAT-1004,2028-05-01,3731,2751,2355,27,100737,Partial,Within Lead Time,Q2 2028
PRJ-001702-SP06,PRJ-001702,MAT-1007,2026-02-01,21,2,1,14500,304500,Partial,At Risk,Q1 2026
PRJ-001702-SP07,PRJ-001702,MAT-1005,2026-12-01,18,5,4,26000,468000,Partial,At Risk,Q4 2026
PRJ-001702-SP08,PRJ-001702,MAT-1002,2028-05-01,75,53,12,420,31500,Partial,Within Lead Time,Q2 2028
PRJ-001703-SP01,PRJ-001703,MAT-1002,2028-10-01,5,4,0,420,2100,Partial,Within Lead Time,Q4 2028
PRJ-001703-SP02,PRJ-001703,MAT-1008,2028-01-01,77,60,54,19000,1463000,Partial,Within Lead Time,Q1 2028
PRJ-001703-SP03,PRJ-001703,MAT-1009,2028-04-01,65,63,61,145,9425,Partial,Within Lead Time,Q2 2028
PRJ-001703-SP04,PRJ-001703,MAT-1002,2027-10-01,72,52,28,420,30240,Partial,Within Lead Time,Q4 2027
PRJ-001704-SP01,PRJ-001704,MAT-1001,2026-01-01,60,23,22,2100,126000,Partial,At Risk,Q1 2026
PRJ-001704-SP02,PRJ-001704,MAT-1004,2027-03-01,2972,1381,504,27,80244,Partial,Within Lead Time,Q1 2027
PRJ-001704-SP03,PRJ-001704,MAT-1008,2028-12-01,32,20,6,19000,608000,Partial,Within Lead Time,Q4 2028
PRJ-001705-SP01,PRJ-001705,MAT-1012,2027-07-01,70,23,1,68,4760,Partial,Within Lead Time,Q3 2027
PRJ-001705-SP02,PRJ-001705,MAT-1008,2027-06-01,7,1,1,19000,133000,Partial,Within Lead Time,Q2 2027
PRJ-001705-SP03,PRJ-001705,MAT-1006,2026-05-01,46,17,9,6200,285200,Partial,At Risk,Q2 2026
PRJ-001705-SP04,PRJ-001705,MAT-1002,2027-08-01,54,18,5,420,22680,Partial,Within Lead Time,Q3 2027
PRJ-001705-SP05,PRJ-001705,MAT-1009,2028-12-01,46,27,16,145,6670,Partial,Within Lead Time,Q4 2028
PRJ-001705-SP06,PRJ-001705,MAT-1002,2026-08-01,8,2,1,420,3360,Partial,At Risk,Q3 2026
PRJ-001705-SP07,PRJ-001705,MAT-1009,2028-06-01,31,23,12,145,4495,Partial,Within Lead Time,Q2 2028
PRJ-001706-SP01,PRJ-001706,MAT-1007,2027-04-01,31,6,2,14500,449500,Partial,Within Lead Time,Q2 2027
PRJ-001706-SP02,PRJ-001706,MAT-1006,2028-05-01,25,3,2,6200,155000,Partial,Within Lead Time,Q2 2028
PRJ-001706-SP03,PRJ-001706,MAT-1008,2028-08-01,56,50,12,19000,1064000,Partial,Within Lead Time,Q3 2028
PRJ-001707-SP01,PRJ-001707,MAT-1010,2026-03-01,38,35,34,980,37240,Partial,At Risk,Q1 2026
PRJ-001707-SP02,PRJ-001707,MAT-1009,2027-09-01,57,34,11,145,8265,Partial,Within Lead Time,Q3 2027
PRJ-001707-SP03,PRJ-001707,MAT-1009,2027-07-01,30,27,18,145,4350,Partial,Within Lead Time,Q3 2027
PRJ-001707-SP04,PRJ-001707,MAT-1007,2026-07-01,54,41,29,14500,783000,Partial,At Risk,Q3 2026
PRJ-001707-SP05,PRJ-001707,MAT-1005,2028-10-01,7,6,1,26000,182000,Partial,Within Lead Time,Q4 2028
PRJ-001707-SP06,PRJ-001707,MAT-1012,2026-01-01,79,34,31,68,5372,Partial,At Risk,Q1 2026
PRJ-001707-SP07,PRJ-001707,MAT-1001,2027-01-01,53,31,1,2100,111300,Partial,Within Lead Time,Q1 2027
PRJ-001708-SP01,PRJ-001708,MAT-1008,2028-07-01,76,67,35,19000,1444000,Partial,Within Lead Time,Q3 2028
PRJ-001708-SP02,PRJ-001708,MAT-1004,2027-04-01,2541,1374,903,27,68607,Partial,Within Lead Time,Q2 2027
PRJ-001708-SP03,PRJ-001708,MAT-1004,2028-07-01,3025,1781,1347,27,81675,Partial,Within Lead Time,Q3 2028
PRJ-001709-SP01,PRJ-001709,MAT-1011,2027-01-01,4,1,1,130,520,Partial,Within Lead Time,Q1 2027
PRJ-001709-SP02,PRJ-001709,MAT-1003,2026-04-01,1586,408,96,12,19032,Partial,At Risk,Q2 2026
PRJ-001709-SP03,PRJ-001709,MAT-1012,2028-04-01,55,22,10,68,3740,Partial,Within Lead Time,Q2 2028
PRJ-001710-SP01,PRJ-001710,MAT-1004,2026-01-01,3666,2894,1714,27,98982,Partial,At Risk,Q1 2026
PRJ-001710-SP02,PRJ-001710,MAT-1005,2028-02-01,59,3,2,26000,1534000,Partial,Within Lead Time,Q1 2028
PRJ-001710-SP03,PRJ-001710,MAT-1001,2028-01-01,28,16,4,2100,58800,Partial,Within Lead Time,Q1 2028
PRJ-001710-SP04,PRJ-001710,MAT-1002,2028-06-01,67,34,29,420,28140,Partial,Within Lead Time,Q2 2028
PRJ-001710-SP05,PRJ-001710,MAT-1004,2027-06-01,7750,4624,3226,27,209250,Partial,Within Lead Time,Q2 2027
PRJ-001710-SP06,PRJ-001710,MAT-1003,2028-12-01,7100,110,105,12,85200,Partial,Within Lead Time,Q4 2028
PRJ-001710-SP07,PRJ-001710,MAT-1003,2026-04-01,3000,1719,354,12,36000,Partial,At Risk,Q2 2026
PRJ-001710-SP08,PRJ-001710,MAT-1006,2027-10-01,38,1,0,6200,235600,Partial,Within Lead Time,Q4 2027
PRJ-001711-SP01,PRJ-001711,MAT-1012,2027-03-01,26,25,11,68,1768,Partial,Within Lead Time,Q1 2027
PRJ-001711-SP02,PRJ-001711,MAT-1003,2026-08-01,6117,4292,4280,12,73404,Partial,At Risk,Q3 2026
PRJ-001711-SP03,PRJ-001711,MAT-1002,2027-05-01,77,0,0,420,32340,Not Reserved,Within Lead Time,Q2 2027
PRJ-001711-SP04,PRJ-001711,MAT-1010,2026-08-01,72,22,3,980,70560,Partial,At Risk,Q3 2026
PRJ-001711-SP05,PRJ-001711,MAT-1002,2028-09-01,72,63,13,420,30240,Partial,Within Lead Time,Q3 2028
PRJ-001711-SP06,PRJ-001711,MAT-1009,2029-01-01,11,5,2,145,1595,Partial,Within Lead Time,Q1 2029
PRJ-001712-SP01,PRJ-001712,MAT-1002,2027-11-01,56,19,7,420,23520,Partial,Within Lead Time,Q4 2027
PRJ-001712-SP02,PRJ-001712,MAT-1007,2027-12-01,37,15,15,14500,536500,Partial,Within Lead Time,Q4 2027
PRJ-001712-SP03,PRJ-001712,MAT-1005,2027-02-01,43,11,6,26000,1118000,Partial,Within Lead Time,Q1 2027
PRJ-001712-SP04,PRJ-001712,MAT-1001,2027-09-01,66,58,17,2100,138600,Partial,Within Lead Time,Q3 2027
PRJ-001713-SP01,PRJ-001713,MAT-1012,2028-07-01,48,32,17,68,3264,Partial,Within Lead Time,Q3 2028
PRJ-001713-SP02,PRJ-001713,MAT-1001,2029-01-01,13,6,3,2100,27300,Partial,Within Lead Time,Q1 2029
PRJ-001713-SP03,PRJ-001713,MAT-1003,2027-11-01,4954,2852,2059,12,59448,Partial,Within Lead Time,Q4 2027
PRJ-001713-SP04,PRJ-001713,MAT-1012,2028-10-01,66,9,2,68,4488,Partial,Within Lead Time,Q4 2028
PRJ-001713-SP05,PRJ-001713,MAT-1011,2026-05-01,64,56,41,130,8320,Partial,At Risk,Q2 2026
PRJ-001714-SP01,PRJ-001714,MAT-1005,2026-05-01,46,40,15,26000,1196000,Partial,At Risk,Q2 2026
PRJ-001714-SP02,PRJ-001714,MAT-1010,2028-05-01,44,22,7,980,43120,Partial,Within Lead Time,Q2 2028
PRJ-001714-SP03,PRJ-001714,MAT-1007,2026-10-01,41,35,29,14500,594500,Partial,At Risk,Q4 2026
PRJ-001714-SP04,PRJ-001714,MAT-1006,2028-07-01,11,6,0,6200,68200,Partial,Within Lead Time,Q3 2028
PRJ-001714-SP05,PRJ-001714,MAT-1005,2029-01-01,58,13,3,26000,1508000,Partial,Within Lead Time,Q1 2029
PRJ-001714-SP06,PRJ-001714,MAT-1007,2027-03-01,48,44,20,14500,696000,Partial,Within Lead Time,Q1 2027
PRJ-001715-SP01,PRJ-001715,MAT-1009,2027-07-01,31,21,19,145,4495,Partial,Within Lead Time,Q3 2027
PRJ-001715-SP02,PRJ-001715,MAT-1002,2027-10-01,26,5,0,420,10920,Partial,Within Lead Time,Q4 2027
PRJ-001716-SP01,PRJ-001716,MAT-1005,2029-01-01,80,24,9,26000,2080000,Partial,Within Lead Time,Q1 2029
PRJ-001716-SP02,PRJ-001716,MAT-1002,2028-08-01,26,1,0,420,10920,Partial,Within Lead Time,Q3 2028
PRJ-001716-SP03,PRJ-001716,MAT-1012,2026-09-01,51,5,2,68,3468,Partial,At Risk,Q3 2026
PRJ-001716-SP04,PRJ-001716,MAT-1001,2026-10-01,63,56,13,2100,132300,Partial,At Risk,Q4 2026
PRJ-001716-SP05,PRJ-001716,MAT-1012,2026-06-01,39,24,23,68,2652,Partial,At Risk,Q2 2026
PRJ-001716-SP06,PRJ-001716,MAT-1006,2027-02-01,38,23,18,6200,235600,Partial,Within Lead Time,Q1 2027
PRJ-001716-SP07,PRJ-001716,MAT-1012,2026-07-01,25,10,0,68,1700,Partial,At Risk,Q3 2026
PRJ-001716-SP08,PRJ-001716,MAT-1005,2027-09-01,11,9,9,26000,286000,Partial,Within Lead Time,Q3 2027
PRJ-001717-SP01,PRJ-001717,MAT-1012,2026-11-01,49,22,21,68,3332,Partial,Within Lead Time,Q4 2026
PRJ-001717-SP02,PRJ-001717,MAT-1001,2026-01-01,33,32,19,2100,69300,Partial,At Risk,Q1 2026
PRJ-001717-SP03,PRJ-001717,MAT-1009,2026-09-01,15,14,8,145,2175,Partial,At Risk,Q3 2026
PRJ-001717-SP04,PRJ-001717,MAT-1001,2026-12-01,20,4,2,2100,42000,Partial,Within Lead Time,Q4 2026
PRJ-001717-SP05,PRJ-001717,MAT-1002,2027-04-01,44,18,8,420,18480,Partial,Within Lead Time,Q2 2027
PRJ-001718-SP01,PRJ-001718,MAT-1008,2026-04-01,72,54,36,19000,1368000,Partial,At Risk,Q2 2026
PRJ-001718-SP02,PRJ-001718,MAT-1004,2027-03-01,1194,202,47,27,32238,Partial,Within Lead Time,Q1 2027
PRJ-001718-SP03,PRJ-001718,MAT-1012,2027-07-01,72,54,27,68,4896,Partial,Within Lead Time,Q3 2027
PRJ-001718-SP04,PRJ-001718,MAT-1009,2027-04-01,3,2,1,145,435,Partial,Within Lead Time,Q2 2027
PRJ-001718-SP05,PRJ-001718,MAT-1008,2027-09-01,51,17,6,19000,969000,Partial,Within Lead Time,Q3 2027
PRJ-001718-SP06,PRJ-001718,MAT-1007,2026-02-01,68,12,0,14500,986000,Partial,At Risk,Q1 2026
PRJ-001718-SP07,PRJ-001718,MAT-1004,2027-03-01,8414,7471,4714,27,227178,Partial,Within Lead Time,Q1 2027
PRJ-001718-SP08,PRJ-001718,MAT-1004,2028-10-01,9552,7682,5699,27,257904,Partial,Within Lead Time,Q4 2028
PRJ-001719-SP01,PRJ-001719,MAT-1005,2028-02-01,4,0,0,26000,104000,Not Reserved,Within Lead Time,Q1 2028
PRJ-001719-SP02,PRJ-001719,MAT-1010,2028-09-01,34,31,24,980,33320,Partial,Within Lead Time,Q3 2028
PRJ-001719-SP03,PRJ-001719,MAT-1007,2028-09-01,71,13,8,14500,1029500,Partial,Within Lead Time,Q3 2028
PRJ-001719-SP04,PRJ-001719,MAT-1011,2028-01-01,34,24,6,130,4420,Partial,Within Lead Time,Q1 2028
PRJ-001719-SP05,PRJ-001719,MAT-1011,2026-07-01,8,4,4,130,1040,Partial,At Risk,Q3 2026
PRJ-001719-SP06,PRJ-001719,MAT-1001,2026-05-01,52,25,12,2100,109200,Partial,At Risk,Q2 2026
PRJ-001719-SP07,PRJ-001719,MAT-1011,2027-05-01,58,3,2,130,7540,Partial,Within Lead Time,Q2 2027
PRJ-001720-SP01,PRJ-001720,MAT-1006,2027-12-01,78,22,5,6200,483600,Partial,Within Lead Time,Q4 2027
PRJ-001720-SP02,PRJ-001720,MAT-1001,2027-01-01,35,19,15,2100,73500,Partial,Within Lead Time,Q1 2027
PRJ-001721-SP01,PRJ-001721,MAT-1003,2027-09-01,5021,1312,580,12,60252,Partial,Within Lead Time,Q3 2027
PRJ-001721-SP02,PRJ-001721,MAT-1004,2027-10-01,7822,1906,1651,27,211194,Partial,Within Lead Time,Q4 2027
PRJ-001721-SP03,PRJ-001721,MAT-1007,2027-06-01,29,13,8,14500,420500,Partial,Within Lead Time,Q2 2027
PRJ-001721-SP04,PRJ-001721,MAT-1001,2026-10-01,26,19,11,2100,54600,Partial,At Risk,Q4 2026
PRJ-001721-SP05,PRJ-001721,MAT-1002,2027-02-01,13,10,1,420,5460,Partial,Within Lead Time,Q1 2027
PRJ-001721-SP06,PRJ-001721,MAT-1011,2028-08-01,54,26,4,130,7020,Partial,Within Lead Time,Q3 2028
PRJ-001721-SP07,PRJ-001721,MAT-1003,2028-04-01,2725,670,341,12,32700,Partial,Within Lead Time,Q2 2028
PRJ-001722-SP01,PRJ-001722,MAT-1010,2026-02-01,53,31,16,980,51940,Partial,At Risk,Q1 2026
PRJ-001722-SP02,PRJ-001722,MAT-1008,2026-04-01,12,0,0,19000,228000,Not Reserved,At Risk,Q2 2026
PRJ-001722-SP03,PRJ-001722,MAT-1008,2029-01-01,50,1,1,19000,950000,Partial,Within Lead Time,Q1 2029
PRJ-001722-SP04,PRJ-001722,MAT-1003,2028-02-01,7913,2086,604,12,94956,Partial,Within Lead Time,Q1 2028
PRJ-001722-SP05,PRJ-001722,MAT-1006,2028-05-01,61,6,1,6200,378200,Partial,Within Lead Time,Q2 2028
PRJ-001723-SP01,PRJ-001723,MAT-1002,2028-09-01,69,57,24,420,28980,Partial,Within Lead Time,Q3 2028
PRJ-001723-SP02,PRJ-001723,MAT-1005,2026-02-01,36,26,18,26000,936000,Partial,At Risk,Q1 2026
PRJ-001723-SP03,PRJ-001723,MAT-1012,2026-09-01,76,27,1,68,5168,Partial,At Risk,Q3 2026
PRJ-001723-SP04,PRJ-001723,MAT-1004,2026-02-01,2936,252,96,27,79272,Partial,At Risk,Q1 2026
PRJ-001723-SP05,PRJ-001723,MAT-1004,2026-04-01,8239,4232,2205,27,222453,Partial,At Risk,Q2 2026
PRJ-001723-SP06,PRJ-001723,MAT-1004,2026-12-01,8653,6935,189,27,233631,Partial,Within Lead Time,Q4 2026
PRJ-001723-SP07,PRJ-001723,MAT-1001,2027-09-01,12,0,0,2100,25200,Not Reserved,Within Lead Time,Q3 2027
PRJ-001723-SP08,PRJ-001723,MAT-1004,2028-04-01,8166,839,627,27,220482,Partial,Within Lead Time,Q2 2028
PRJ-001724-SP01,PRJ-001724,MAT-1003,2027-08-01,2849,680,426,12,34188,Partial,Within Lead Time,Q3 2027
PRJ-001724-SP02,PRJ-001724,MAT-1001,2027-05-01,76,31,11,2100,159600,Partial,Within Lead Time,Q2 2027
PRJ-001724-SP03,PRJ-001724,MAT-1010,2028-07-01,78,52,7,980,76440,Partial,Within Lead Time,Q3 2028
PRJ-001724-SP04,PRJ-001724,MAT-1007,2027-08-01,4,1,1,14500,58000,Partial,Within Lead Time,Q3 2027
PRJ-001724-SP05,PRJ-001724,MAT-1006,2028-04-01,45,6,6,6200,279000,Partial,Within Lead Time,Q2 2028
PRJ-001724-SP06,PRJ-001724,MAT-1002,2028-09-01,53,22,20,420,22260,Partial,Within Lead Time,Q3 2028
PRJ-001725-SP01,PRJ-001725,MAT-1010,2028-01-01,38,38,20,980,37240,Partial,Within Lead Time,Q1 2028
PRJ-001725-SP02,PRJ-001725,MAT-1003,2027-06-01,9141,6836,5297,12,109692,Partial,Within Lead Time,Q2 2027
PRJ-001725-SP03,PRJ-001725,MAT-1004,2027-10-01,2154,788,533,27,58158,Partial,Within Lead Time,Q4 2027
PRJ-001726-SP01,PRJ-001726,MAT-1007,2026-04-01,45,6,0,14500,652500,Partial,At Risk,Q2 2026
PRJ-001726-SP02,PRJ-001726,MAT-1007,2027-01-01,63,1,1,14500,913500,Partial,Within Lead Time,Q1 2027
PRJ-001726-SP03,PRJ-001726,MAT-1007,2026-02-01,44,40,23,14500,638000,Partial,At Risk,Q1 2026
PRJ-001726-SP04,PRJ-001726,MAT-1007,2027-02-01,45,23,17,14500,652500,Partial,Within Lead Time,Q1 2027
PRJ-001726-SP05,PRJ-001726,MAT-1009,2028-07-01,69,57,13,145,10005,Partial,Within Lead Time,Q3 2028
PRJ-001726-SP06,PRJ-001726,MAT-1006,2026-02-01,45,30,9,6200,279000,Partial,At Risk,Q1 2026
PRJ-001727-SP01,PRJ-001727,MAT-1004,2028-09-01,6421,4505,906,27,173367,Partial,Within Lead Time,Q3 2028
PRJ-001727-SP02,PRJ-001727,MAT-1006,2028-06-01,68,16,4,6200,421600,Partial,Within Lead Time,Q2 2028
PRJ-001727-SP03,PRJ-001727,MAT-1010,2026-11-01,44,27,0,980,43120,Partial,Within Lead Time,Q4 2026
PRJ-001727-SP04,PRJ-001727,MAT-1001,2026-06-01,47,32,5,2100,98700,Partial,At Risk,Q2 2026
PRJ-001728-SP01,PRJ-001728,MAT-1010,2028-08-01,40,1,0,980,39200,Partial,Within Lead Time,Q3 2028
PRJ-001728-SP02,PRJ-001728,MAT-1005,2027-09-01,26,5,4,26000,676000,Partial,Within Lead Time,Q3 2027
PRJ-001728-SP03,PRJ-001728,MAT-1008,2027-01-01,75,47,30,19000,1425000,Partial,At Risk,Q1 2027
PRJ-001728-SP04,PRJ-001728,MAT-1001,2028-11-01,76,60,56,2100,159600,Partial,Within Lead Time,Q4 2028
PRJ-001729-SP01,PRJ-001729,MAT-1011,2028-08-01,16,8,6,130,2080,Partial,Within Lead Time,Q3 2028
PRJ-001729-SP02,PRJ-001729,MAT-1012,2027-10-01,78,33,16,68,5304,Partial,Within Lead Time,Q4 2027
PRJ-001729-SP03,PRJ-001729,MAT-1003,2028-12-01,4463,1994,1886,12,53556,Partial,Within Lead Time,Q4 2028
PRJ-001729-SP04,PRJ-001729,MAT-1012,2026-04-01,5,1,1,68,340,Partial,At Risk,Q2 2026
PRJ-001729-SP05,PRJ-001729,MAT-1006,2026-06-01,8,6,3,6200,49600,Partial,At Risk,Q2 2026
PRJ-001729-SP06,PRJ-001729,MAT-1008,2027-08-01,54,34,17,19000,1026000,Partial,Within Lead Time,Q3 2027
PRJ-001730-SP01,PRJ-001730,MAT-1002,2028-09-01,40,38,34,420,16800,Partial,Within Lead Time,Q3 2028
PRJ-001730-SP02,PRJ-001730,MAT-1001,2027-09-01,23,19,1,2100,48300,Partial,Within Lead Time,Q3 2027
PRJ-001730-SP03,PRJ-001730,MAT-1002,2028-02-01,28,21,17,420,11760,Partial,Within Lead Time,Q1 2028
PRJ-001730-SP04,PRJ-001730,MAT-1010,2026-07-01,7,4,2,980,6860,Partial,At Risk,Q3 2026
PRJ-001731-SP01,PRJ-001731,MAT-1001,2027-10-01,59,57,22,2100,123900,Partial,Within Lead Time,Q4 2027
PRJ-001731-SP02,PRJ-001731,MAT-1002,2027-05-01,48,8,4,420,20160,Partial,Within Lead Time,Q2 2027
PRJ-001731-SP03,PRJ-001731,MAT-1005,2027-11-01,62,35,24,26000,1612000,Partial,Within Lead Time,Q4 2027
PRJ-001731-SP04,PRJ-001731,MAT-1004,2027-07-01,1972,1767,438,27,53244,Partial,Within Lead Time,Q3 2027
PRJ-001731-SP05,PRJ-001731,MAT-1006,2027-07-01,54,49,39,6200,334800,Partial,Within Lead Time,Q3 2027
PRJ-001731-SP06,PRJ-001731,MAT-1008,2028-10-01,28,21,9,19000,532000,Partial,Within Lead Time,Q4 2028
PRJ-001731-SP07,PRJ-001731,MAT-1009,2028-08-01,49,49,40,145,7105,Partial,Within Lead Time,Q3 2028
PRJ-001731-SP08,PRJ-001731,MAT-1011,2028-12-01,25,9,7,130,3250,Partial,Within Lead Time,Q4 2028
PRJ-001732-SP01,PRJ-001732,MAT-1002,2027-12-01,70,67,21,420,29400,Partial,Within Lead Time,Q4 2027
PRJ-001732-SP02,PRJ-001732,MAT-1004,2026-10-01,3835,172,68,27,103545,Partial,At Risk,Q4 2026
PRJ-001733-SP01,PRJ-001733,MAT-1007,2028-08-01,56,48,23,14500,812000,Partial,Within Lead Time,Q3 2028
PRJ-001733-SP02,PRJ-001733,MAT-1003,2027-01-01,5718,650,602,12,68616,Partial,Within Lead Time,Q1 2027
PRJ-001733-SP03,PRJ-001733,MAT-1012,2026-06-01,28,26,12,68,1904,Partial,At Risk,Q2 2026
PRJ-001733-SP04,PRJ-001733,MAT-1003,2026-12-01,1923,1798,1508,12,23076,Partial,Within Lead Time,Q4 2026
PRJ-001734-SP01,PRJ-001734,MAT-1005,2028-05-01,14,11,2,26000,364000,Partial,Within Lead Time,Q2 2028
PRJ-001734-SP02,PRJ-001734,MAT-1010,2027-01-01,20,18,1,980,19600,Partial,Within Lead Time,Q1 2027
PRJ-001735-SP01,PRJ-001735,MAT-1006,2028-03-01,54,42,7,6200,334800,Partial,Within Lead Time,Q1 2028
PRJ-001735-SP02,PRJ-001735,MAT-1004,2027-11-01,1860,1546,523,27,50220,Partial,Within Lead Time,Q4 2027
PRJ-001735-SP03,PRJ-001735,MAT-1001,2026-03-01,75,25,2,2100,157500,Partial,At Risk,Q1 2026
PRJ-001735-SP04,PRJ-001735,MAT-1002,2027-12-01,27,24,13,420,11340,Partial,Within Lead Time,Q4 2027
PRJ-001735-SP05,PRJ-001735,MAT-1012,2027-05-01,37,25,14,68,2516,Partial,Within Lead Time,Q2 2027
PRJ-001735-SP06,PRJ-001735,MAT-1006,2027-04-01,43,35,15,6200,266600,Partial,Within Lead Time,Q2 2027
PRJ-001735-SP07,PRJ-001735,MAT-1003,2027-05-01,9217,1011,470,12,110604,Partial,Within Lead Time,Q2 2027
PRJ-001736-SP01,PRJ-001736,MAT-1011,2026-04-01,23,8,6,130,2990,Partial,At Risk,Q2 2026
PRJ-001736-SP02,PRJ-001736,MAT-1011,2026-12-01,26,17,6,130,3380,Partial,Within Lead Time,Q4 2026
PRJ-001736-SP03,PRJ-001736,MAT-1012,2028-04-01,55,53,3,68,3740,Partial,Within Lead Time,Q2 2028
PRJ-001736-SP04,PRJ-001736,MAT-1005,2028-07-01,68,51,20,26000,1768000,Partial,Within Lead Time,Q3 2028
PRJ-001736-SP05,PRJ-001736,MAT-1011,2028-04-01,15,4,1,130,1950,Partial,Within Lead Time,Q2 2028
PRJ-001737-SP01,PRJ-001737,MAT-1004,2027-09-01,1895,1375,390,27,51165,Partial,Within Lead Time,Q3 2027
PRJ-001737-SP02,PRJ-001737,MAT-1006,2028-04-01,65,61,13,6200,403000,Partial,Within Lead Time,Q2 2028
PRJ-001737-SP03,PRJ-001737,MAT-1010,2027-06-01,9,4,1,980,8820,Partial,Within Lead Time,Q2 2027
PRJ-001738-SP01,PRJ-001738,MAT-1012,2027-03-01,39,0,0,68,2652,Not Reserved,Within Lead Time,Q1 2027
PRJ-001738-SP02,PRJ-001738,MAT-1011,2026-05-01,54,44,16,130,7020,Partial,At Risk,Q2 2026
PRJ-001739-SP01,PRJ-001739,MAT-1005,2028-04-01,80,65,56,26000,2080000,Partial,Within Lead Time,Q2 2028
PRJ-001739-SP02,PRJ-001739,MAT-1011,2028-06-01,20,16,9,130,2600,Partial,Within Lead Time,Q2 2028
PRJ-001739-SP03,PRJ-001739,MAT-1005,2028-03-01,41,11,2,26000,1066000,Partial,Within Lead Time,Q1 2028
PRJ-001739-SP04,PRJ-001739,MAT-1011,2027-05-01,68,11,4,130,8840,Partial,Within Lead Time,Q2 2027
PRJ-001739-SP05,PRJ-001739,MAT-1001,2027-10-01,4,0,0,2100,8400,Not Reserved,Within Lead Time,Q4 2027
PRJ-001739-SP06,PRJ-001739,MAT-1012,2028-07-01,70,20,14,68,4760,Partial,Within Lead Time,Q3 2028
PRJ-001739-SP07,PRJ-001739,MAT-1003,2026-11-01,4435,2280,1852,12,53220,Partial,Within Lead Time,Q4 2026
PRJ-001740-SP01,PRJ-001740,MAT-1002,2026-01-01,45,36,22,420,18900,Partial,At Risk,Q1 2026
PRJ-001740-SP02,PRJ-001740,MAT-1012,2028-01-01,45,25,6,68,3060,Partial,Within Lead Time,Q1 2028
PRJ-001740-SP03,PRJ-001740,MAT-1009,2028-02-01,55,36,14,145,7975,Partial,Within Lead Time,Q1 2028
PRJ-001741-SP01,PRJ-001741,MAT-1004,2027-06-01,5511,3897,2182,27,148797,Partial,Within Lead Time,Q2 2027
PRJ-001741-SP02,PRJ-001741,MAT-1003,2028-07-01,2605,2580,1762,12,31260,Partial,Within Lead Time,Q3 2028
PRJ-001741-SP03,PRJ-001741,MAT-1011,2026-02-01,65,36,34,130,8450,Partial,At Risk,Q1 2026
PRJ-001741-SP04,PRJ-001741,MAT-1012,2026-05-01,80,53,4,68,5440,Partial,At Risk,Q2 2026
PRJ-001741-SP05,PRJ-001741,MAT-1012,2027-06-01,47,21,1,68,3196,Partial,Within Lead Time,Q2 2027
PRJ-001741-SP06,PRJ-001741,MAT-1012,2027-06-01,50,32,14,68,3400,Partial,Within Lead Time,Q2 2027
PRJ-001741-SP07,PRJ-001741,MAT-1003,2026-02-01,5466,5440,122,12,65592,Partial,At Risk,Q1 2026
PRJ-001742-SP01,PRJ-001742,MAT-1004,2027-05-01,1326,662,350,27,35802,Partial,Within Lead Time,Q2 2027
PRJ-001742-SP02,PRJ-001742,MAT-1010,2026-12-01,6,2,0,980,5880,Partial,Within Lead Time,Q4 2026
PRJ-001742-SP03,PRJ-001742,MAT-1007,2027-09-01,53,18,14,14500,768500,Partial,Within Lead Time,Q3 2027
PRJ-001742-SP04,PRJ-001742,MAT-1005,2027-11-01,8,2,2,26000,208000,Partial,Within Lead Time,Q4 2027
PRJ-001743-SP01,PRJ-001743,MAT-1007,2027-07-01,24,20,8,14500,348000,Partial,Within Lead Time,Q3 2027
PRJ-001743-SP02,PRJ-001743,MAT-1009,2027-06-01,68,14,8,145,9860,Partial,Within Lead Time,Q2 2027
PRJ-001743-SP03,PRJ-001743,MAT-1001,2026-06-01,37,8,7,2100,77700,Partial,At Risk,Q2 2026
PRJ-001743-SP04,PRJ-001743,MAT-1007,2027-04-01,80,23,20,14500,1160000,Partial,Within Lead Time,Q2 2027
PRJ-001743-SP05,PRJ-001743,MAT-1005,2027-09-01,47,12,2,26000,1222000,Partial,Within Lead Time,Q3 2027
PRJ-001744-SP01,PRJ-001744,MAT-1004,2026-04-01,5184,693,610,27,139968,Partial,At Risk,Q2 2026
PRJ-001744-SP02,PRJ-001744,MAT-1010,2026-11-01,38,29,14,980,37240,Partial,Within Lead Time,Q4 2026
PRJ-001745-SP01,PRJ-001745,MAT-1009,2028-11-01,16,9,9,145,2320,Partial,Within Lead Time,Q4 2028
PRJ-001745-SP02,PRJ-001745,MAT-1007,2026-03-01,21,21,0,14500,304500,Partial,At Risk,Q1 2026
PRJ-001745-SP03,PRJ-001745,MAT-1006,2028-08-01,31,8,6,6200,192200,Partial,Within Lead Time,Q3 2028
PRJ-001745-SP04,PRJ-001745,MAT-1001,2027-08-01,13,1,0,2100,27300,Partial,Within Lead Time,Q3 2027
PRJ-001745-SP05,PRJ-001745,MAT-1011,2028-09-01,10,4,1,130,1300,Partial,Within Lead Time,Q3 2028
PRJ-001746-SP01,PRJ-001746,MAT-1012,2027-11-01,5,5,5,68,340,Fulfilled,Within Lead Time,Q4 2027
PRJ-001746-SP02,PRJ-001746,MAT-1008,2029-01-01,74,19,14,19000,1406000,Partial,Within Lead Time,Q1 2029
PRJ-001747-SP01,PRJ-001747,MAT-1012,2026-05-01,20,17,14,68,1360,Partial,At Risk,Q2 2026
PRJ-001747-SP02,PRJ-001747,MAT-1003,2027-06-01,4499,2688,2252,12,53988,Partial,Within Lead Time,Q2 2027
PRJ-001747-SP03,PRJ-001747,MAT-1002,2028-07-01,38,1,1,420,15960,Partial,Within Lead Time,Q3 2028
PRJ-001748-SP01,PRJ-001748,MAT-1010,2026-11-01,65,12,1,980,63700,Partial,Within Lead Time,Q4 2026
PRJ-001748-SP02,PRJ-001748,MAT-1010,2027-03-01,28,18,13,980,27440,Partial,Within Lead Time,Q1 2027
PRJ-001748-SP03,PRJ-001748,MAT-1002,2028-03-01,30,8,1,420,12600,Partial,Within Lead Time,Q1 2028
PRJ-001748-SP04,PRJ-001748,MAT-1007,2027-07-01,20,2,1,14500,290000,Partial,Within Lead Time,Q3 2027
PRJ-001748-SP05,PRJ-001748,MAT-1001,2028-01-01,72,67,49,2100,151200,Partial,Within Lead Time,Q1 2028
PRJ-001748-SP06,PRJ-001748,MAT-1004,2029-01-01,5390,563,76,27,145530,Partial,Within Lead Time,Q1 2029
PRJ-001748-SP07,PRJ-001748,MAT-1010,2026-01-01,60,35,5,980,58800,Partial,At Risk,Q1 2026
PRJ-001748-SP08,PRJ-001748,MAT-1005,2026-08-01,17,11,4,26000,442000,Partial,At Risk,Q3 2026
PRJ-001749-SP01,PRJ-001749,MAT-1010,2027-04-01,21,20,12,980,20580,Partial,Within Lead Time,Q2 2027
PRJ-001749-SP02,PRJ-001749,MAT-1005,2026-04-01,64,44,4,26000,1664000,Partial,At Risk,Q2 2026
PRJ-001749-SP03,PRJ-001749,MAT-1005,2027-01-01,21,2,1,26000,546000,Partial,Within Lead Time,Q1 2027
PRJ-001749-SP04,PRJ-001749,MAT-1001,2028-03-01,29,16,16,2100,60900,Partial,Within Lead Time,Q1 2028
PRJ-001749-SP05,PRJ-001749,MAT-1007,2026-01-01,20,11,7,14500,290000,Partial,At Risk,Q1 2026
PRJ-001749-SP06,PRJ-001749,MAT-1002,2026-09-01,46,20,11,420,19320,Partial,At Risk,Q3 2026
PRJ-001749-SP07,PRJ-001749,MAT-1008,2026-08-01,76,74,53,19000,1444000,Partial,At Risk,Q3 2026
PRJ-001749-SP08,PRJ-001749,MAT-1007,2028-12-01,7,3,0,14500,101500,Partial,Within Lead Time,Q4 2028
PRJ-001750-SP01,PRJ-001750,MAT-1005,2026-07-01,59,3,1,26000,1534000,Partial,At Risk,Q3 2026
PRJ-001750-SP02,PRJ-001750,MAT-1005,2026-09-01,62,34,33,26000,1612000,Partial,At Risk,Q3 2026
PRJ-001750-SP03,PRJ-001750,MAT-1007,2028-06-01,46,9,5,14500,667000,Partial,Within Lead Time,Q2 2028
PRJ-001750-SP04,PRJ-001750,MAT-1008,2028-08-01,76,12,8,19000,1444000,Partial,Within Lead Time,Q3 2028
PRJ-001750-SP05,PRJ-001750,MAT-1006,2028-04-01,6,5,4,6200,37200,Partial,Within Lead Time,Q2 2028
PRJ-001751-SP01,PRJ-001751,MAT-1008,2026-09-01,21,4,3,19000,399000,Partial,At Risk,Q3 2026
PRJ-001751-SP02,PRJ-001751,MAT-1006,2026-10-01,63,56,24,6200,390600,Partial,At Risk,Q4 2026
PRJ-001751-SP03,PRJ-001751,MAT-1011,2026-02-01,31,5,4,130,4030,Partial,At Risk,Q1 2026
PRJ-001751-SP04,PRJ-001751,MAT-1001,2028-05-01,76,6,4,2100,159600,Partial,Within Lead Time,Q2 2028
PRJ-001751-SP05,PRJ-001751,MAT-1001,2026-10-01,43,42,4,2100,90300,Partial,At Risk,Q4 2026
PRJ-001751-SP06,PRJ-001751,MAT-1008,2026-05-01,5,4,4,19000,95000,Partial,At Risk,Q2 2026
PRJ-001751-SP07,PRJ-001751,MAT-1007,2026-11-01,37,33,28,14500,536500,Partial,At Risk,Q4 2026
PRJ-001751-SP08,PRJ-001751,MAT-1011,2028-06-01,8,0,0,130,1040,Not Reserved,Within Lead Time,Q2 2028
PRJ-001752-SP01,PRJ-001752,MAT-1008,2028-09-01,79,46,45,19000,1501000,Partial,Within Lead Time,Q3 2028
PRJ-001752-SP02,PRJ-001752,MAT-1010,2029-01-01,8,5,2,980,7840,Partial,Within Lead Time,Q1 2029
PRJ-001752-SP03,PRJ-001752,MAT-1011,2028-08-01,46,23,11,130,5980,Partial,Within Lead Time,Q3 2028
PRJ-001753-SP01,PRJ-001753,MAT-1011,2026-01-01,68,35,16,130,8840,Partial,At Risk,Q1 2026
PRJ-001753-SP02,PRJ-001753,MAT-1001,2026-06-01,28,17,7,2100,58800,Partial,At Risk,Q2 2026
PRJ-001753-SP03,PRJ-001753,MAT-1009,2027-11-01,29,3,0,145,4205,Partial,Within Lead Time,Q4 2027
PRJ-001753-SP04,PRJ-001753,MAT-1005,2027-04-01,78,22,16,26000,2028000,Partial,Within Lead Time,Q2 2027
PRJ-001753-SP05,PRJ-001753,MAT-1005,2027-02-01,11,3,0,26000,286000,Partial,Within Lead Time,Q1 2027
PRJ-001753-SP06,PRJ-001753,MAT-1008,2028-05-01,68,49,10,19000,1292000,Partial,Within Lead Time,Q2 2028
PRJ-001754-SP01,PRJ-001754,MAT-1005,2026-09-01,56,35,2,26000,1456000,Partial,At Risk,Q3 2026
PRJ-001754-SP02,PRJ-001754,MAT-1012,2027-01-01,24,23,22,68,1632,Partial,Within Lead Time,Q1 2027
PRJ-001754-SP03,PRJ-001754,MAT-1009,2026-10-01,79,2,1,145,11455,Partial,Within Lead Time,Q4 2026
PRJ-001754-SP04,PRJ-001754,MAT-1003,2026-10-01,2247,2150,627,12,26964,Partial,At Risk,Q4 2026
PRJ-001754-SP05,PRJ-001754,MAT-1011,2028-01-01,6,6,2,130,780,Partial,Within Lead Time,Q1 2028
PRJ-001754-SP06,PRJ-001754,MAT-1010,2026-01-01,49,48,4,980,48020,Partial,At Risk,Q1 2026
PRJ-001755-SP01,PRJ-001755,MAT-1001,2026-03-01,73,25,13,2100,153300,Partial,At Risk,Q1 2026
PRJ-001755-SP02,PRJ-001755,MAT-1009,2027-09-01,22,1,0,145,3190,Partial,Within Lead Time,Q3 2027
PRJ-001755-SP03,PRJ-001755,MAT-1010,2027-09-01,4,1,0,980,3920,Partial,Within Lead Time,Q3 2027
PRJ-001755-SP04,PRJ-001755,MAT-1011,2027-06-01,50,19,8,130,6500,Partial,Within Lead Time,Q2 2027
PRJ-001755-SP05,PRJ-001755,MAT-1002,2028-07-01,52,33,6,420,21840,Partial,Within Lead Time,Q3 2028
PRJ-001755-SP06,PRJ-001755,MAT-1002,2028-11-01,35,34,33,420,14700,Partial,Within Lead Time,Q4 2028
PRJ-001755-SP07,PRJ-001755,MAT-1008,2027-11-01,53,28,12,19000,1007000,Partial,Within Lead Time,Q4 2027
PRJ-001755-SP08,PRJ-001755,MAT-1009,2028-05-01,7,4,4,145,1015,Partial,Within Lead Time,Q2 2028
PRJ-001756-SP01,PRJ-001756,MAT-1011,2027-03-01,23,21,8,130,2990,Partial,Within Lead Time,Q1 2027
PRJ-001756-SP02,PRJ-001756,MAT-1011,2028-10-01,29,7,2,130,3770,Partial,Within Lead Time,Q4 2028
PRJ-001757-SP01,PRJ-001757,MAT-1005,2026-03-01,47,1,1,26000,1222000,Partial,At Risk,Q1 2026
PRJ-001757-SP02,PRJ-001757,MAT-1011,2027-10-01,12,7,3,130,1560,Partial,Within Lead Time,Q4 2027
PRJ-001757-SP03,PRJ-001757,MAT-1003,2026-09-01,1524,918,416,12,18288,Partial,At Risk,Q3 2026
PRJ-001757-SP04,PRJ-001757,MAT-1005,2027-11-01,22,7,4,26000,572000,Partial,Within Lead Time,Q4 2027
PRJ-001757-SP05,PRJ-001757,MAT-1010,2026-12-01,68,24,11,980,66640,Partial,Within Lead Time,Q4 2026
PRJ-001757-SP06,PRJ-001757,MAT-1011,2027-06-01,68,16,7,130,8840,Partial,Within Lead Time,Q2 2027
PRJ-001758-SP01,PRJ-001758,MAT-1004,2026-08-01,7459,5334,4773,27,201393,Partial,At Risk,Q3 2026
PRJ-001758-SP02,PRJ-001758,MAT-1005,2026-04-01,80,68,65,26000,2080000,Partial,At Risk,Q2 2026
PRJ-001758-SP03,PRJ-001758,MAT-1007,2027-09-01,63,57,36,14500,913500,Partial,Within Lead Time,Q3 2027
PRJ-001759-SP01,PRJ-001759,MAT-1010,2028-01-01,49,3,2,980,48020,Partial,Within Lead Time,Q1 2028
PRJ-001759-SP02,PRJ-001759,MAT-1007,2026-09-01,43,14,6,14500,623500,Partial,At Risk,Q3 2026
PRJ-001759-SP03,PRJ-001759,MAT-1011,2026-03-01,22,9,2,130,2860,Partial,At Risk,Q1 2026
PRJ-001759-SP04,PRJ-001759,MAT-1002,2028-09-01,67,60,18,420,28140,Partial,Within Lead Time,Q3 2028
PRJ-001760-SP01,PRJ-001760,MAT-1001,2028-11-01,27,21,6,2100,56700,Partial,Within Lead Time,Q4 2028
PRJ-001760-SP02,PRJ-001760,MAT-1010,2027-01-01,67,49,16,980,65660,Partial,Within Lead Time,Q1 2027
PRJ-001760-SP03,PRJ-001760,MAT-1011,2027-03-01,7,1,1,130,910,Partial,Within Lead Time,Q1 2027
PRJ-001760-SP04,PRJ-001760,MAT-1003,2028-04-01,8583,5631,1467,12,102996,Partial,Within Lead Time,Q2 2028
PRJ-001760-SP05,PRJ-001760,MAT-1009,2027-05-01,24,8,0,145,3480,Partial,Within Lead Time,Q2 2027
PRJ-001760-SP06,PRJ-001760,MAT-1004,2028-12-01,6702,5841,5088,27,180954,Partial,Within Lead Time,Q4 2028
PRJ-001760-SP07,PRJ-001760,MAT-1008,2026-10-01,6,1,0,19000,114000,Partial,At Risk,Q4 2026
PRJ-001760-SP08,PRJ-001760,MAT-1009,2026-11-01,49,16,12,145,7105,Partial,Within Lead Time,Q4 2026
PRJ-001761-SP01,PRJ-001761,MAT-1010,2028-05-01,37,2,1,980,36260,Partial,Within Lead Time,Q2 2028
PRJ-001761-SP02,PRJ-001761,MAT-1004,2028-06-01,9392,4420,64,27,253584,Partial,Within Lead Time,Q2 2028
PRJ-001761-SP03,PRJ-001761,MAT-1011,2027-10-01,41,32,11,130,5330,Partial,Within Lead Time,Q4 2027
PRJ-001761-SP04,PRJ-001761,MAT-1002,2027-01-01,38,27,12,420,15960,Partial,Within Lead Time,Q1 2027
PRJ-001761-SP05,PRJ-001761,MAT-1006,2026-04-01,75,4,1,6200,465000,Partial,At Risk,Q2 2026
PRJ-001761-SP06,PRJ-001761,MAT-1012,2026-04-01,37,27,7,68,2516,Partial,At Risk,Q2 2026
PRJ-001762-SP01,PRJ-001762,MAT-1010,2028-05-01,2,0,0,980,1960,Not Reserved,Within Lead Time,Q2 2028
PRJ-001762-SP02,PRJ-001762,MAT-1008,2028-07-01,5,3,2,19000,95000,Partial,Within Lead Time,Q3 2028
PRJ-001762-SP03,PRJ-001762,MAT-1007,2027-04-01,8,4,4,14500,116000,Partial,Within Lead Time,Q2 2027
PRJ-001762-SP04,PRJ-001762,MAT-1007,2028-05-01,63,4,0,14500,913500,Partial,Within Lead Time,Q2 2028
PRJ-001762-SP05,PRJ-001762,MAT-1007,2026-01-01,41,14,10,14500,594500,Partial,At Risk,Q1 2026
PRJ-001762-SP06,PRJ-001762,MAT-1001,2027-09-01,65,50,5,2100,136500,Partial,Within Lead Time,Q3 2027
PRJ-001762-SP07,PRJ-001762,MAT-1005,2026-05-01,64,27,5,26000,1664000,Partial,At Risk,Q2 2026
PRJ-001762-SP08,PRJ-001762,MAT-1004,2026-12-01,4511,1570,955,27,121797,Partial,Within Lead Time,Q4 2026
PRJ-001763-SP01,PRJ-001763,MAT-1009,2028-02-01,38,16,14,145,5510,Partial,Within Lead Time,Q1 2028
PRJ-001763-SP02,PRJ-001763,MAT-1005,2026-02-01,6,1,1,26000,156000,Partial,At Risk,Q1 2026
PRJ-001763-SP03,PRJ-001763,MAT-1007,2028-11-01,59,53,12,14500,855500,Partial,Within Lead Time,Q4 2028
PRJ-001764-SP01,PRJ-001764,MAT-1008,2026-02-01,58,6,4,19000,1102000,Partial,At Risk,Q1 2026
PRJ-001764-SP02,PRJ-001764,MAT-1005,2027-06-01,78,16,1,26000,2028000,Partial,Within Lead Time,Q2 2027
PRJ-001764-SP03,PRJ-001764,MAT-1008,2026-05-01,3,2,1,19000,57000,Partial,At Risk,Q2 2026
PRJ-001764-SP04,PRJ-001764,MAT-1001,2027-10-01,70,59,25,2100,147000,Partial,Within Lead Time,Q4 2027
PRJ-001764-SP05,PRJ-001764,MAT-1011,2027-07-01,59,11,2,130,7670,Partial,Within Lead Time,Q3 2027
PRJ-001764-SP06,PRJ-001764,MAT-1008,2026-01-01,53,7,3,19000,1007000,Partial,At Risk,Q1 2026
PRJ-001765-SP01,PRJ-001765,MAT-1004,2027-08-01,1937,1524,669,27,52299,Partial,Within Lead Time,Q3 2027
PRJ-001765-SP02,PRJ-001765,MAT-1002,2026-06-01,50,25,8,420,21000,Partial,At Risk,Q2 2026
PRJ-001765-SP03,PRJ-001765,MAT-1006,2027-02-01,70,45,28,6200,434000,Partial,Within Lead Time,Q1 2027
PRJ-001765-SP04,PRJ-001765,MAT-1012,2028-04-01,71,0,0,68,4828,Not Reserved,Within Lead Time,Q2 2028
PRJ-001765-SP05,PRJ-001765,MAT-1004,2026-12-01,4806,3459,1526,27,129762,Partial,Within Lead Time,Q4 2026
PRJ-001765-SP06,PRJ-001765,MAT-1012,2028-08-01,56,20,4,68,3808,Partial,Within Lead Time,Q3 2028
PRJ-001765-SP07,PRJ-001765,MAT-1002,2027-08-01,53,10,2,420,22260,Partial,Within Lead Time,Q3 2027
PRJ-001765-SP08,PRJ-001765,MAT-1003,2026-12-01,7142,2593,318,12,85704,Partial,Within Lead Time,Q4 2026
PRJ-001766-SP01,PRJ-001766,MAT-1001,2027-03-01,16,13,11,2100,33600,Partial,Within Lead Time,Q1 2027
PRJ-001766-SP02,PRJ-001766,MAT-1001,2029-01-01,80,53,34,2100,168000,Partial,Within Lead Time,Q1 2029
PRJ-001767-SP01,PRJ-001767,MAT-1006,2027-07-01,24,22,13,6200,148800,Partial,Within Lead Time,Q3 2027
PRJ-001767-SP02,PRJ-001767,MAT-1007,2026-11-01,57,11,4,14500,826500,Partial,At Risk,Q4 2026
PRJ-001767-SP03,PRJ-001767,MAT-1005,2026-02-01,10,3,1,26000,260000,Partial,At Risk,Q1 2026
PRJ-001767-SP04,PRJ-001767,MAT-1007,2026-03-01,5,4,3,14500,72500,Partial,At Risk,Q1 2026
PRJ-001767-SP05,PRJ-001767,MAT-1009,2027-06-01,21,8,1,145,3045,Partial,Within Lead Time,Q2 2027
PRJ-001767-SP06,PRJ-001767,MAT-1003,2027-03-01,2294,1163,1158,12,27528,Partial,Within Lead Time,Q1 2027
PRJ-001767-SP07,PRJ-001767,MAT-1008,2026-04-01,36,31,14,19000,684000,Partial,At Risk,Q2 2026
PRJ-001767-SP08,PRJ-001767,MAT-1008,2027-04-01,19,10,8,19000,361000,Partial,Within Lead Time,Q2 2027
PRJ-001768-SP01,PRJ-001768,MAT-1001,2027-03-01,48,10,6,2100,100800,Partial,Within Lead Time,Q1 2027
PRJ-001768-SP02,PRJ-001768,MAT-1007,2026-11-01,42,30,3,14500,609000,Partial,At Risk,Q4 2026
PRJ-001768-SP03,PRJ-001768,MAT-1001,2028-05-01,45,4,4,2100,94500,Partial,Within Lead Time,Q2 2028
PRJ-001768-SP04,PRJ-001768,MAT-1010,2026-01-01,78,59,30,980,76440,Partial,At Risk,Q1 2026
PRJ-001769-SP01,PRJ-001769,MAT-1011,2028-12-01,57,51,17,130,7410,Partial,Within Lead Time,Q4 2028
PRJ-001769-SP02,PRJ-001769,MAT-1009,2026-10-01,49,13,0,145,7105,Partial,Within Lead Time,Q4 2026
PRJ-001769-SP03,PRJ-001769,MAT-1006,2028-02-01,44,41,16,6200,272800,Partial,Within Lead Time,Q1 2028
PRJ-001769-SP04,PRJ-001769,MAT-1002,2027-12-01,9,4,3,420,3780,Partial,Within Lead Time,Q4 2027
PRJ-001770-SP01,PRJ-001770,MAT-1003,2027-10-01,8285,15,1,12,99420,Partial,Within Lead Time,Q4 2027
PRJ-001770-SP02,PRJ-001770,MAT-1008,2028-08-01,23,22,4,19000,437000,Partial,Within Lead Time,Q3 2028
PRJ-001771-SP01,PRJ-001771,MAT-1009,2026-04-01,34,23,11,145,4930,Partial,At Risk,Q2 2026
PRJ-001771-SP02,PRJ-001771,MAT-1006,2028-09-01,24,22,15,6200,148800,Partial,Within Lead Time,Q3 2028
PRJ-001771-SP03,PRJ-001771,MAT-1010,2028-05-01,55,49,10,980,53900,Partial,Within Lead Time,Q2 2028
PRJ-001771-SP04,PRJ-001771,MAT-1008,2026-03-01,6,4,1,19000,114000,Partial,At Risk,Q1 2026
PRJ-001771-SP05,PRJ-001771,MAT-1005,2027-02-01,70,34,22,26000,1820000,Partial,Within Lead Time,Q1 2027
PRJ-001771-SP06,PRJ-001771,MAT-1008,2026-02-01,52,51,26,19000,988000,Partial,At Risk,Q1 2026
PRJ-001771-SP07,PRJ-001771,MAT-1012,2028-01-01,6,4,2,68,408,Partial,Within Lead Time,Q1 2028
PRJ-001772-SP01,PRJ-001772,MAT-1005,2027-10-01,36,11,3,26000,936000,Partial,Within Lead Time,Q4 2027
PRJ-001772-SP02,PRJ-001772,MAT-1003,2028-09-01,964,11,10,12,11568,Partial,Within Lead Time,Q3 2028
PRJ-001772-SP03,PRJ-001772,MAT-1012,2026-02-01,20,9,7,68,1360,Partial,At Risk,Q1 2026
PRJ-001773-SP01,PRJ-001773,MAT-1009,2027-01-01,72,64,41,145,10440,Partial,Within Lead Time,Q1 2027
PRJ-001773-SP02,PRJ-001773,MAT-1005,2028-10-01,23,3,0,26000,598000,Partial,Within Lead Time,Q4 2028
PRJ-001773-SP03,PRJ-001773,MAT-1003,2027-09-01,1725,989,736,12,20700,Partial,Within Lead Time,Q3 2027
PRJ-001773-SP04,PRJ-001773,MAT-1011,2026-02-01,34,7,2,130,4420,Partial,At Risk,Q1 2026
PRJ-001773-SP05,PRJ-001773,MAT-1004,2027-05-01,9228,3843,1397,27,249156,Partial,Within Lead Time,Q2 2027
PRJ-001773-SP06,PRJ-001773,MAT-1007,2026-09-01,7,4,3,14500,101500,Partial,At Risk,Q3 2026
PRJ-001773-SP07,PRJ-001773,MAT-1011,2028-10-01,66,43,35,130,8580,Partial,Within Lead Time,Q4 2028
PRJ-001773-SP08,PRJ-001773,MAT-1007,2027-09-01,3,3,2,14500,43500,Partial,Within Lead Time,Q3 2027
PRJ-001774-SP01,PRJ-001774,MAT-1001,2028-09-01,77,65,47,2100,161700,Partial,Within Lead Time,Q3 2028
PRJ-001774-SP02,PRJ-001774,MAT-1006,2027-05-01,57,28,18,6200,353400,Partial,Within Lead Time,Q2 2027
PRJ-001775-SP01,PRJ-001775,MAT-1012,2026-11-01,21,1,0,68,1428,Partial,Within Lead Time,Q4 2026
PRJ-001775-SP02,PRJ-001775,MAT-1010,2027-07-01,22,6,3,980,21560,Partial,Within Lead Time,Q3 2027
PRJ-001776-SP01,PRJ-001776,MAT-1008,2028-02-01,69,40,18,19000,1311000,Partial,Within Lead Time,Q1 2028
PRJ-001776-SP02,PRJ-001776,MAT-1011,2027-09-01,79,19,9,130,10270,Partial,Within Lead Time,Q3 2027
PRJ-001777-SP01,PRJ-001777,MAT-1006,2026-01-01,72,70,65,6200,446400,Partial,At Risk,Q1 2026
PRJ-001777-SP02,PRJ-001777,MAT-1004,2026-05-01,2674,105,42,27,72198,Partial,At Risk,Q2 2026
PRJ-001777-SP03,PRJ-001777,MAT-1008,2026-07-01,14,12,8,19000,266000,Partial,At Risk,Q3 2026
PRJ-001777-SP04,PRJ-001777,MAT-1003,2026-08-01,3770,2608,1617,12,45240,Partial,At Risk,Q3 2026
PRJ-001777-SP05,PRJ-001777,MAT-1001,2026-10-01,76,48,40,2100,159600,Partial,At Risk,Q4 2026
PRJ-001777-SP06,PRJ-001777,MAT-1002,2029-01-01,56,41,5,420,23520,Partial,Within Lead Time,Q1 2029
PRJ-001778-SP01,PRJ-001778,MAT-1009,2028-10-01,67,23,17,145,9715,Partial,Within Lead Time,Q4 2028
PRJ-001778-SP02,PRJ-001778,MAT-1007,2026-03-01,75,14,2,14500,1087500,Partial,At Risk,Q1 2026
PRJ-001778-SP03,PRJ-001778,MAT-1002,2028-05-01,3,1,1,420,1260,Partial,Within Lead Time,Q2 2028
PRJ-001778-SP04,PRJ-001778,MAT-1004,2029-01-01,3441,975,250,27,92907,Partial,Within Lead Time,Q1 2029
PRJ-001778-SP05,PRJ-001778,MAT-1008,2027-11-01,59,43,42,19000,1121000,Partial,Within Lead Time,Q4 2027
PRJ-001778-SP06,PRJ-001778,MAT-1006,2026-03-01,22,15,13,6200,136400,Partial,At Risk,Q1 2026
PRJ-001779-SP01,PRJ-001779,MAT-1005,2028-12-01,20,10,1,26000,520000,Partial,Within Lead Time,Q4 2028
PRJ-001779-SP02,PRJ-001779,MAT-1001,2028-12-01,4,4,2,2100,8400,Partial,Within Lead Time,Q4 2028
PRJ-001779-SP03,PRJ-001779,MAT-1009,2028-11-01,79,21,11,145,11455,Partial,Within Lead Time,Q4 2028
PRJ-001780-SP01,PRJ-001780,MAT-1004,2027-09-01,9865,1817,1333,27,266355,Partial,Within Lead Time,Q3 2027
PRJ-001780-SP02,PRJ-001780,MAT-1010,2026-10-01,17,3,0,980,16660,Partial,At Risk,Q4 2026
PRJ-001781-SP01,PRJ-001781,MAT-1004,2028-09-01,9002,3472,2872,27,243054,Partial,Within Lead Time,Q3 2028
PRJ-001781-SP02,PRJ-001781,MAT-1011,2026-11-01,5,2,1,130,650,Partial,Within Lead Time,Q4 2026
PRJ-001781-SP03,PRJ-001781,MAT-1003,2027-09-01,5114,1260,346,12,61368,Partial,Within Lead Time,Q3 2027
PRJ-001782-SP01,PRJ-001782,MAT-1012,2026-10-01,54,6,4,68,3672,Partial,Within Lead Time,Q4 2026
PRJ-001782-SP02,PRJ-001782,MAT-1009,2026-07-01,59,45,32,145,8555,Partial,At Risk,Q3 2026
PRJ-001782-SP03,PRJ-001782,MAT-1011,2027-02-01,75,35,24,130,9750,Partial,Within Lead Time,Q1 2027
PRJ-001783-SP01,PRJ-001783,MAT-1002,2028-10-01,50,18,1,420,21000,Partial,Within Lead Time,Q4 2028
PRJ-001783-SP02,PRJ-001783,MAT-1012,2027-09-01,79,32,13,68,5372,Partial,Within Lead Time,Q3 2027
PRJ-001783-SP03,PRJ-001783,MAT-1004,2026-11-01,5964,3010,2960,27,161028,Partial,At Risk,Q4 2026
PRJ-001783-SP04,PRJ-001783,MAT-1006,2026-07-01,75,22,2,6200,465000,Partial,At Risk,Q3 2026
PRJ-001783-SP05,PRJ-001783,MAT-1010,2026-09-01,48,43,7,980,47040,Partial,At Risk,Q3 2026
PRJ-001783-SP06,PRJ-001783,MAT-1008,2027-06-01,38,12,9,19000,722000,Partial,Within Lead Time,Q2 2027
PRJ-001783-SP07,PRJ-001783,MAT-1008,2026-03-01,79,27,25,19000,1501000,Partial,At Risk,Q1 2026
PRJ-001784-SP01,PRJ-001784,MAT-1012,2028-06-01,49,48,27,68,3332,Partial,Within Lead Time,Q2 2028
PRJ-001784-SP02,PRJ-001784,MAT-1004,2027-10-01,5751,4411,1644,27,155277,Partial,Within Lead Time,Q4 2027
PRJ-001784-SP03,PRJ-001784,MAT-1004,2028-01-01,558,391,145,27,15066,Partial,Within Lead Time,Q1 2028
PRJ-001784-SP04,PRJ-001784,MAT-1009,2028-01-01,19,10,3,145,2755,Partial,Within Lead Time,Q1 2028
PRJ-001784-SP05,PRJ-001784,MAT-1012,2027-08-01,47,16,2,68,3196,Partial,Within Lead Time,Q3 2027
PRJ-001784-SP06,PRJ-001784,MAT-1006,2028-12-01,23,4,0,6200,142600,Partial,Within Lead Time,Q4 2028
PRJ-001784-SP07,PRJ-001784,MAT-1005,2028-03-01,49,21,3,26000,1274000,Partial,Within Lead Time,Q1 2028
PRJ-001784-SP08,PRJ-001784,MAT-1008,2027-01-01,58,40,6,19000,1102000,Partial,At Risk,Q1 2027
PRJ-001785-SP01,PRJ-001785,MAT-1010,2026-02-01,41,24,14,980,40180,Partial,At Risk,Q1 2026
PRJ-001785-SP02,PRJ-001785,MAT-1008,2028-10-01,8,3,2,19000,152000,Partial,Within Lead Time,Q4 2028
PRJ-001785-SP03,PRJ-001785,MAT-1009,2028-10-01,74,68,11,145,10730,Partial,Within Lead Time,Q4 2028
PRJ-001785-SP04,PRJ-001785,MAT-1004,2026-10-01,5333,1404,111,27,143991,Partial,At Risk,Q4 2026
PRJ-001786-SP01,PRJ-001786,MAT-1012,2027-02-01,31,0,0,68,2108,Not Reserved,Within Lead Time,Q1 2027
PRJ-001786-SP02,PRJ-001786,MAT-1007,2027-07-01,23,22,21,14500,333500,Partial,Within Lead Time,Q3 2027
PRJ-001786-SP03,PRJ-001786,MAT-1012,2026-05-01,21,15,2,68,1428,Partial,At Risk,Q2 2026
PRJ-001786-SP04,PRJ-001786,MAT-1012,2027-10-01,18,9,6,68,1224,Partial,Within Lead Time,Q4 2027
PRJ-001787-SP01,PRJ-001787,MAT-1004,2026-05-01,5048,2662,405,27,136296,Partial,At Risk,Q2 2026
PRJ-001787-SP02,PRJ-001787,MAT-1001,2026-11-01,72,53,39,2100,151200,Partial,Within Lead Time,Q4 2026
PRJ-001787-SP03,PRJ-001787,MAT-1009,2026-08-01,70,56,14,145,10150,Partial,At Risk,Q3 2026
PRJ-001787-SP04,PRJ-001787,MAT-1003,2026-12-01,6408,6305,6011,12,76896,Partial,Within Lead Time,Q4 2026
PRJ-001787-SP05,PRJ-001787,MAT-1009,2027-08-01,21,19,8,145,3045,Partial,Within Lead Time,Q3 2027
PRJ-001788-SP01,PRJ-001788,MAT-1002,2028-02-01,10,6,5,420,4200,Partial,Within Lead Time,Q1 2028
PRJ-001788-SP02,PRJ-001788,MAT-1006,2026-06-01,49,47,32,6200,303800,Partial,At Risk,Q2 2026
PRJ-001788-SP03,PRJ-001788,MAT-1011,2026-04-01,25,8,5,130,3250,Partial,At Risk,Q2 2026
PRJ-001788-SP04,PRJ-001788,MAT-1004,2027-08-01,7458,6936,6424,27,201366,Partial,Within Lead Time,Q3 2027
PRJ-001789-SP01,PRJ-001789,MAT-1008,2027-05-01,75,19,4,19000,1425000,Partial,Within Lead Time,Q2 2027
PRJ-001789-SP02,PRJ-001789,MAT-1012,2028-02-01,14,1,1,68,952,Partial,Within Lead Time,Q1 2028
PRJ-001789-SP03,PRJ-001789,MAT-1008,2028-06-01,19,9,2,19000,361000,Partial,Within Lead Time,Q2 2028
PRJ-001790-SP01,PRJ-001790,MAT-1002,2027-08-01,6,2,1,420,2520,Partial,Within Lead Time,Q3 2027
PRJ-001790-SP02,PRJ-001790,MAT-1005,2028-08-01,78,54,22,26000,2028000,Partial,Within Lead Time,Q3 2028
PRJ-001791-SP01,PRJ-001791,MAT-1012,2026-08-01,8,6,5,68,544,Partial,At Risk,Q3 2026
PRJ-001791-SP02,PRJ-001791,MAT-1012,2027-01-01,76,74,32,68,5168,Partial,Within Lead Time,Q1 2027
PRJ-001791-SP03,PRJ-001791,MAT-1004,2027-10-01,880,705,684,27,23760,Partial,Within Lead Time,Q4 2027
PRJ-001791-SP04,PRJ-001791,MAT-1008,2028-07-01,65,24,0,19000,1235000,Partial,Within Lead Time,Q3 2028
PRJ-001791-SP05,PRJ-001791,MAT-1007,2029-01-01,38,21,9,14500,551000,Partial,Within Lead Time,Q1 2029
PRJ-001791-SP06,PRJ-001791,MAT-1003,2028-01-01,2581,736,476,12,30972,Partial,Within Lead Time,Q1 2028
PRJ-001792-SP01,PRJ-001792,MAT-1002,2028-07-01,8,5,1,420,3360,Partial,Within Lead Time,Q3 2028
PRJ-001792-SP02,PRJ-001792,MAT-1007,2028-06-01,45,42,7,14500,652500,Partial,Within Lead Time,Q2 2028
PRJ-001792-SP03,PRJ-001792,MAT-1004,2027-12-01,6675,5199,2578,27,180225,Partial,Within Lead Time,Q4 2027
PRJ-001792-SP04,PRJ-001792,MAT-1005,2028-09-01,45,19,16,26000,1170000,Partial,Within Lead Time,Q3 2028
PRJ-001792-SP05,PRJ-001792,MAT-1009,2027-09-01,68,43,15,145,9860,Partial,Within Lead Time,Q3 2027
PRJ-001792-SP06,PRJ-001792,MAT-1009,2026-06-01,37,3,2,145,5365,Partial,At Risk,Q2 2026
PRJ-001792-SP07,PRJ-001792,MAT-1008,2028-02-01,35,24,23,19000,665000,Partial,Within Lead Time,Q1 2028
PRJ-001793-SP01,PRJ-001793,MAT-1008,2027-08-01,57,4,2,19000,1083000,Partial,Within Lead Time,Q3 2027
PRJ-001793-SP02,PRJ-001793,MAT-1003,2027-03-01,4281,657,389,12,51372,Partial,Within Lead Time,Q1 2027
PRJ-001793-SP03,PRJ-001793,MAT-1009,2026-09-01,60,8,2,145,8700,Partial,At Risk,Q3 2026
PRJ-001793-SP04,PRJ-001793,MAT-1004,2028-12-01,1927,350,304,27,52029,Partial,Within Lead Time,Q4 2028
PRJ-001793-SP05,PRJ-001793,MAT-1004,2027-04-01,1894,767,542,27,51138,Partial,Within Lead Time,Q2 2027
PRJ-001794-SP01,PRJ-001794,MAT-1003,2028-06-01,2641,995,914,12,31692,Partial,Within Lead Time,Q2 2028
PRJ-001794-SP02,PRJ-001794,MAT-1010,2027-07-01,56,49,8,980,54880,Partial,Within Lead Time,Q3 2027
PRJ-001794-SP03,PRJ-001794,MAT-1011,2026-03-01,30,8,4,130,3900,Partial,At Risk,Q1 2026
PRJ-001794-SP04,PRJ-001794,MAT-1012,2027-12-01,34,26,1,68,2312,Partial,Within Lead Time,Q4 2027
PRJ-001794-SP05,PRJ-001794,MAT-1005,2027-12-01,28,7,0,26000,728000,Partial,Within Lead Time,Q4 2027
PRJ-001794-SP06,PRJ-001794,MAT-1011,2026-09-01,17,1,0,130,2210,Partial,At Risk,Q3 2026
PRJ-001795-SP01,PRJ-001795,MAT-1006,2026-12-01,39,27,4,6200,241800,Partial,Within Lead Time,Q4 2026
PRJ-001795-SP02,PRJ-001795,MAT-1009,2028-08-01,12,1,0,145,1740,Partial,Within Lead Time,Q3 2028
PRJ-001796-SP01,PRJ-001796,MAT-1008,2026-08-01,66,62,1,19000,1254000,Partial,At Risk,Q3 2026
PRJ-001796-SP02,PRJ-001796,MAT-1010,2026-10-01,10,1,0,980,9800,Partial,At Risk,Q4 2026
PRJ-001796-SP03,PRJ-001796,MAT-1003,2028-01-01,3777,530,82,12,45324,Partial,Within Lead Time,Q1 2028
PRJ-001796-SP04,PRJ-001796,MAT-1005,2027-10-01,41,19,15,26000,1066000,Partial,Within Lead Time,Q4 2027
PRJ-001796-SP05,PRJ-001796,MAT-1009,2028-04-01,60,34,23,145,8700,Partial,Within Lead Time,Q2 2028
PRJ-001797-SP01,PRJ-001797,MAT-1008,2027-12-01,43,23,15,19000,817000,Partial,Within Lead Time,Q4 2027
PRJ-001797-SP02,PRJ-001797,MAT-1009,2028-01-01,48,43,21,145,6960,Partial,Within Lead Time,Q1 2028
PRJ-001797-SP03,PRJ-001797,MAT-1006,2026-12-01,68,21,12,6200,421600,Partial,Within Lead Time,Q4 2026
PRJ-001797-SP04,PRJ-001797,MAT-1002,2029-01-01,59,51,25,420,24780,Partial,Within Lead Time,Q1 2029
PRJ-001797-SP05,PRJ-001797,MAT-1003,2028-04-01,2409,1845,1178,12,28908,Partial,Within Lead Time,Q2 2028
PRJ-001797-SP06,PRJ-001797,MAT-1011,2026-10-01,29,23,1,130,3770,Partial,Within Lead Time,Q4 2026
PRJ-001798-SP01,PRJ-001798,MAT-1001,2028-04-01,23,17,9,2100,48300,Partial,Within Lead Time,Q2 2028
PRJ-001798-SP02,PRJ-001798,MAT-1010,2026-06-01,28,10,1,980,27440,Partial,At Risk,Q2 2026
PRJ-001798-SP03,PRJ-001798,MAT-1011,2027-06-01,13,2,1,130,1690,Partial,Within Lead Time,Q2 2027
PRJ-001798-SP04,PRJ-001798,MAT-1003,2026-01-01,3012,407,188,12,36144,Partial,At Risk,Q1 2026
PRJ-001798-SP05,PRJ-001798,MAT-1011,2027-03-01,74,72,35,130,9620,Partial,Within Lead Time,Q1 2027
PRJ-001798-SP06,PRJ-001798,MAT-1001,2027-01-01,22,16,4,2100,46200,Partial,Within Lead Time,Q1 2027
PRJ-001799-SP01,PRJ-001799,MAT-1005,2029-01-01,18,14,10,26000,468000,Partial,Within Lead Time,Q1 2029
PRJ-001799-SP02,PRJ-001799,MAT-1006,2028-08-01,65,59,1,6200,403000,Partial,Within Lead Time,Q3 2028
PRJ-001800-SP01,PRJ-001800,MAT-1011,2027-09-01,2,1,0,130,260,Partial,Within Lead Time,Q3 2027
PRJ-001800-SP02,PRJ-001800,MAT-1012,2028-01-01,18,13,11,68,1224,Partial,Within Lead Time,Q1 2028
PRJ-001801-SP01,PRJ-001801,MAT-1008,2027-05-01,37,28,20,19000,703000,Partial,Within Lead Time,Q2 2027
PRJ-001801-SP02,PRJ-001801,MAT-1003,2027-12-01,3113,587,421,12,37356,Partial,Within Lead Time,Q4 2027
PRJ-001801-SP03,PRJ-001801,MAT-1008,2028-07-01,17,15,8,19000,323000,Partial,Within Lead Time,Q3 2028
PRJ-001801-SP04,PRJ-001801,MAT-1006,2026-10-01,74,4,3,6200,458800,Partial,At Risk,Q4 2026
PRJ-001801-SP05,PRJ-001801,MAT-1011,2026-10-01,16,12,12,130,2080,Partial,Within Lead Time,Q4 2026
PRJ-001801-SP06,PRJ-001801,MAT-1008,2026-12-01,16,4,1,19000,304000,Partial,At Risk,Q4 2026
PRJ-001801-SP07,PRJ-001801,MAT-1004,2028-02-01,563,104,42,27,15201,Partial,Within Lead Time,Q1 2028
PRJ-001801-SP08,PRJ-001801,MAT-1006,2028-12-01,56,19,2,6200,347200,Partial,Within Lead Time,Q4 2028
PRJ-001802-SP01,PRJ-001802,MAT-1008,2028-10-01,79,20,10,19000,1501000,Partial,Within Lead Time,Q4 2028
PRJ-001802-SP02,PRJ-001802,MAT-1004,2029-01-01,6434,452,329,27,173718,Partial,Within Lead Time,Q1 2029
PRJ-001802-SP03,PRJ-001802,MAT-1003,2026-10-01,7472,713,321,12,89664,Partial,At Risk,Q4 2026
PRJ-001803-SP01,PRJ-001803,MAT-1004,2027-08-01,6903,2945,306,27,186381,Partial,Within Lead Time,Q3 2027
PRJ-001803-SP02,PRJ-001803,MAT-1005,2028-05-01,28,1,1,26000,728000,Partial,Within Lead Time,Q2 2028
PRJ-001803-SP03,PRJ-001803,MAT-1009,2028-03-01,22,7,2,145,3190,Partial,Within Lead Time,Q1 2028
PRJ-001804-SP01,PRJ-001804,MAT-1002,2027-01-01,79,32,26,420,33180,Partial,Within Lead Time,Q1 2027
PRJ-001804-SP02,PRJ-001804,MAT-1005,2026-02-01,24,1,1,26000,624000,Partial,At Risk,Q1 2026
PRJ-001804-SP03,PRJ-001804,MAT-1004,2026-06-01,7658,2440,1855,27,206766,Partial,At Risk,Q2 2026
PRJ-001804-SP04,PRJ-001804,MAT-1012,2028-08-01,8,4,3,68,544,Partial,Within Lead Time,Q3 2028
PRJ-001804-SP05,PRJ-001804,MAT-1007,2028-11-01,17,4,4,14500,246500,Partial,Within Lead Time,Q4 2028
PRJ-001804-SP06,PRJ-001804,MAT-1005,2028-12-01,79,60,31,26000,2054000,Partial,Within Lead Time,Q4 2028
PRJ-001805-SP01,PRJ-001805,MAT-1010,2027-01-01,69,64,14,980,67620,Partial,Within Lead Time,Q1 2027
PRJ-001805-SP02,PRJ-001805,MAT-1010,2027-03-01,59,18,16,980,57820,Partial,Within Lead Time,Q1 2027
PRJ-001805-SP03,PRJ-001805,MAT-1007,2027-04-01,32,30,26,14500,464000,Partial,Within Lead Time,Q2 2027
PRJ-001805-SP04,PRJ-001805,MAT-1008,2027-03-01,39,37,20,19000,741000,Partial,Within Lead Time,Q1 2027
PRJ-001805-SP05,PRJ-001805,MAT-1002,2027-12-01,60,15,9,420,25200,Partial,Within Lead Time,Q4 2027
PRJ-001805-SP06,PRJ-001805,MAT-1011,2026-10-01,60,30,22,130,7800,Partial,Within Lead Time,Q4 2026
PRJ-001805-SP07,PRJ-001805,MAT-1007,2028-04-01,61,35,2,14500,884500,Partial,Within Lead Time,Q2 2028
PRJ-001806-SP01,PRJ-001806,MAT-1002,2027-06-01,21,0,0,420,8820,Not Reserved,Within Lead Time,Q2 2027
PRJ-001806-SP02,PRJ-001806,MAT-1007,2026-11-01,22,10,5,14500,319000,Partial,At Risk,Q4 2026
PRJ-001806-SP03,PRJ-001806,MAT-1009,2028-01-01,80,25,11,145,11600,Partial,Within Lead Time,Q1 2028
PRJ-001806-SP04,PRJ-001806,MAT-1011,2026-06-01,6,5,4,130,780,Partial,At Risk,Q2 2026
PRJ-001806-SP05,PRJ-001806,MAT-1001,2028-01-01,33,30,10,2100,69300,Partial,Within Lead Time,Q1 2028
PRJ-001806-SP06,PRJ-001806,MAT-1001,2028-05-01,44,4,0,2100,92400,Partial,Within Lead Time,Q2 2028
PRJ-001806-SP07,PRJ-001806,MAT-1007,2026-11-01,59,58,1,14500,855500,Partial,At Risk,Q4 2026
PRJ-001806-SP08,PRJ-001806,MAT-1007,2026-08-01,68,37,33,14500,986000,Partial,At Risk,Q3 2026
PRJ-001807-SP01,PRJ-001807,MAT-1004,2027-11-01,5627,4391,2914,27,151929,Partial,Within Lead Time,Q4 2027
PRJ-001807-SP02,PRJ-001807,MAT-1003,2028-03-01,2598,2521,2342,12,31176,Partial,Within Lead Time,Q1 2028
PRJ-001807-SP03,PRJ-001807,MAT-1011,2028-10-01,70,26,21,130,9100,Partial,Within Lead Time,Q4 2028
PRJ-001807-SP04,PRJ-001807,MAT-1003,2027-09-01,7997,4947,4509,12,95964,Partial,Within Lead Time,Q3 2027
PRJ-001807-SP05,PRJ-001807,MAT-1006,2028-08-01,77,66,2,6200,477400,Partial,Within Lead Time,Q3 2028
PRJ-001807-SP06,PRJ-001807,MAT-1008,2026-01-01,38,20,16,19000,722000,Partial,At Risk,Q1 2026
PRJ-001807-SP07,PRJ-001807,MAT-1009,2028-02-01,38,13,5,145,5510,Partial,Within Lead Time,Q1 2028
PRJ-001808-SP01,PRJ-001808,MAT-1002,2028-05-01,43,17,6,420,18060,Partial,Within Lead Time,Q2 2028
PRJ-001808-SP02,PRJ-001808,MAT-1007,2027-12-01,16,5,1,14500,232000,Partial,Within Lead Time,Q4 2027
PRJ-001808-SP03,PRJ-001808,MAT-1003,2028-11-01,6901,1701,636,12,82812,Partial,Within Lead Time,Q4 2028
PRJ-001808-SP04,PRJ-001808,MAT-1006,2029-01-01,63,35,3,6200,390600,Partial,Within Lead Time,Q1 2029
PRJ-001808-SP05,PRJ-001808,MAT-1006,2026-07-01,27,16,11,6200,167400,Partial,At Risk,Q3 2026
PRJ-001808-SP06,PRJ-001808,MAT-1004,2027-01-01,3108,1520,197,27,83916,Partial,Within Lead Time,Q1 2027
PRJ-001808-SP07,PRJ-001808,MAT-1008,2026-07-01,14,5,5,19000,266000,Partial,At Risk,Q3 2026
PRJ-001809-SP01,PRJ-001809,MAT-1007,2026-06-01,11,6,3,14500,159500,Partial,At Risk,Q2 2026
PRJ-001809-SP02,PRJ-001809,MAT-1011,2027-11-01,26,9,6,130,3380,Partial,Within Lead Time,Q4 2027
PRJ-001809-SP03,PRJ-001809,MAT-1009,2026-09-01,23,20,15,145,3335,Partial,At Risk,Q3 2026
PRJ-001809-SP04,PRJ-001809,MAT-1010,2027-04-01,27,14,13,980,26460,Partial,Within Lead Time,Q2 2027
PRJ-001809-SP05,PRJ-001809,MAT-1003,2028-01-01,2479,558,335,12,29748,Partial,Within Lead Time,Q1 2028
PRJ-001809-SP06,PRJ-001809,MAT-1005,2028-06-01,35,14,9,26000,910000,Partial,Within Lead Time,Q2 2028
PRJ-001809-SP07,PRJ-001809,MAT-1005,2027-05-01,2,1,0,26000,52000,Partial,Within Lead Time,Q2 2027
PRJ-001809-SP08,PRJ-001809,MAT-1007,2026-07-01,49,1,1,14500,710500,Partial,At Risk,Q3 2026
PRJ-001810-SP01,PRJ-001810,MAT-1006,2028-06-01,51,8,7,6200,316200,Partial,Within Lead Time,Q2 2028
PRJ-001810-SP02,PRJ-001810,MAT-1006,2026-11-01,58,47,32,6200,359600,Partial,At Risk,Q4 2026
PRJ-001810-SP03,PRJ-001810,MAT-1010,2026-04-01,23,21,2,980,22540,Partial,At Risk,Q2 2026
PRJ-001810-SP04,PRJ-001810,MAT-1005,2026-03-01,37,25,19,26000,962000,Partial,At Risk,Q1 2026
PRJ-001810-SP05,PRJ-001810,MAT-1009,2027-12-01,65,8,1,145,9425,Partial,Within Lead Time,Q4 2027
PRJ-001810-SP06,PRJ-001810,MAT-1005,2028-06-01,62,12,10,26000,1612000,Partial,Within Lead Time,Q2 2028
PRJ-001811-SP01,PRJ-001811,MAT-1005,2027-08-01,37,19,0,26000,962000,Partial,Within Lead Time,Q3 2027
PRJ-001811-SP02,PRJ-001811,MAT-1007,2026-03-01,32,32,8,14500,464000,Partial,At Risk,Q1 2026
PRJ-001811-SP03,PRJ-001811,MAT-1008,2028-01-01,77,49,34,19000,1463000,Partial,Within Lead Time,Q1 2028
PRJ-001811-SP04,PRJ-001811,MAT-1011,2026-10-01,39,11,3,130,5070,Partial,Within Lead Time,Q4 2026
PRJ-001811-SP05,PRJ-001811,MAT-1003,2028-06-01,5038,2656,1607,12,60456,Partial,Within Lead Time,Q2 2028
PRJ-001811-SP06,PRJ-001811,MAT-1005,2027-09-01,79,75,64,26000,2054000,Partial,Within Lead Time,Q3 2027
PRJ-001812-SP01,PRJ-001812,MAT-1008,2028-05-01,8,3,1,19000,152000,Partial,Within Lead Time,Q2 2028
PRJ-001812-SP02,PRJ-001812,MAT-1007,2027-09-01,49,32,9,14500,710500,Partial,Within Lead Time,Q3 2027
PRJ-001812-SP03,PRJ-001812,MAT-1007,2028-04-01,63,23,10,14500,913500,Partial,Within Lead Time,Q2 2028
PRJ-001812-SP04,PRJ-001812,MAT-1004,2029-01-01,6058,4377,3902,27,163566,Partial,Within Lead Time,Q1 2029
PRJ-001812-SP05,PRJ-001812,MAT-1003,2028-03-01,7477,1673,1205,12,89724,Partial,Within Lead Time,Q1 2028
PRJ-001813-SP01,PRJ-001813,MAT-1011,2028-12-01,27,15,5,130,3510,Partial,Within Lead Time,Q4 2028
PRJ-001813-SP02,PRJ-001813,MAT-1003,2026-01-01,5125,3075,2578,12,61500,Partial,At Risk,Q1 2026
PRJ-001813-SP03,PRJ-001813,MAT-1001,2027-05-01,73,73,52,2100,153300,Partial,Within Lead Time,Q2 2027
PRJ-001814-SP01,PRJ-001814,MAT-1007,2026-08-01,5,5,2,14500,72500,Partial,At Risk,Q3 2026
PRJ-001814-SP02,PRJ-001814,MAT-1012,2027-03-01,58,31,4,68,3944,Partial,Within Lead Time,Q1 2027
PRJ-001815-SP01,PRJ-001815,MAT-1010,2027-12-01,74,26,11,980,72520,Partial,Within Lead Time,Q4 2027
PRJ-001815-SP02,PRJ-001815,MAT-1003,2027-10-01,9397,2958,1198,12,112764,Partial,Within Lead Time,Q4 2027
PRJ-001816-SP01,PRJ-001816,MAT-1003,2027-12-01,7064,2107,1752,12,84768,Partial,Within Lead Time,Q4 2027
PRJ-001816-SP02,PRJ-001816,MAT-1005,2026-06-01,30,26,15,26000,780000,Partial,At Risk,Q2 2026
PRJ-001816-SP03,PRJ-001816,MAT-1001,2028-05-01,26,19,16,2100,54600,Partial,Within Lead Time,Q2 2028
PRJ-001816-SP04,PRJ-001816,MAT-1007,2026-01-01,40,24,16,14500,580000,Partial,At Risk,Q1 2026
PRJ-001816-SP05,PRJ-001816,MAT-1004,2027-01-01,1286,825,471,27,34722,Partial,Within Lead Time,Q1 2027
PRJ-001816-SP06,PRJ-001816,MAT-1002,2028-01-01,59,19,16,420,24780,Partial,Within Lead Time,Q1 2028
PRJ-001816-SP07,PRJ-001816,MAT-1012,2028-05-01,68,64,45,68,4624,Partial,Within Lead Time,Q2 2028
PRJ-001816-SP08,PRJ-001816,MAT-1012,2028-08-01,52,10,0,68,3536,Partial,Within Lead Time,Q3 2028
PRJ-001817-SP01,PRJ-001817,MAT-1009,2029-01-01,2,1,0,145,290,Partial,Within Lead Time,Q1 2029
PRJ-001817-SP02,PRJ-001817,MAT-1011,2029-01-01,23,3,1,130,2990,Partial,Within Lead Time,Q1 2029
PRJ-001817-SP03,PRJ-001817,MAT-1012,2028-05-01,66,13,1,68,4488,Partial,Within Lead Time,Q2 2028
PRJ-001817-SP04,PRJ-001817,MAT-1002,2026-10-01,9,4,1,420,3780,Partial,Within Lead Time,Q4 2026
PRJ-001818-SP01,PRJ-001818,MAT-1006,2028-02-01,36,18,4,6200,223200,Partial,Within Lead Time,Q1 2028
PRJ-001818-SP02,PRJ-001818,MAT-1008,2026-03-01,51,18,2,19000,969000,Partial,At Risk,Q1 2026
PRJ-001819-SP01,PRJ-001819,MAT-1011,2026-12-01,49,3,0,130,6370,Partial,Within Lead Time,Q4 2026
PRJ-001819-SP02,PRJ-001819,MAT-1002,2027-01-01,9,2,2,420,3780,Partial,Within Lead Time,Q1 2027
PRJ-001820-SP01,PRJ-001820,MAT-1006,2026-02-01,18,11,7,6200,111600,Partial,At Risk,Q1 2026
PRJ-001820-SP02,PRJ-001820,MAT-1004,2028-09-01,4221,2911,568,27,113967,Partial,Within Lead Time,Q3 2028
PRJ-001821-SP01,PRJ-001821,MAT-1004,2027-03-01,7179,5743,590,27,193833,Partial,Within Lead Time,Q1 2027
PRJ-001821-SP02,PRJ-001821,MAT-1011,2028-07-01,54,48,26,130,7020,Partial,Within Lead Time,Q3 2028
PRJ-001821-SP03,PRJ-001821,MAT-1005,2028-10-01,67,62,38,26000,1742000,Partial,Within Lead Time,Q4 2028
PRJ-001821-SP04,PRJ-001821,MAT-1009,2027-08-01,17,15,0,145,2465,Partial,Within Lead Time,Q3 2027
PRJ-001822-SP01,PRJ-001822,MAT-1004,2027-02-01,2426,1243,418,27,65502,Partial,Within Lead Time,Q1 2027
PRJ-001822-SP02,PRJ-001822,MAT-1007,2028-03-01,12,5,3,14500,174000,Partial,Within Lead Time,Q1 2028
PRJ-001822-SP03,PRJ-001822,MAT-1006,2026-12-01,71,61,49,6200,440200,Partial,Within Lead Time,Q4 2026
PRJ-001822-SP04,PRJ-001822,MAT-1008,2028-04-01,37,32,5,19000,703000,Partial,Within Lead Time,Q2 2028
PRJ-001822-SP05,PRJ-001822,MAT-1002,2028-10-01,44,33,16,420,18480,Partial,Within Lead Time,Q4 2028
PRJ-001822-SP06,PRJ-001822,MAT-1011,2027-01-01,67,49,7,130,8710,Partial,Within Lead Time,Q1 2027
PRJ-001823-SP01,PRJ-001823,MAT-1012,2028-05-01,55,7,5,68,3740,Partial,Within Lead Time,Q2 2028
PRJ-001823-SP02,PRJ-001823,MAT-1002,2028-01-01,17,10,6,420,7140,Partial,Within Lead Time,Q1 2028
PRJ-001823-SP03,PRJ-001823,MAT-1003,2028-02-01,6070,2359,1738,12,72840,Partial,Within Lead Time,Q1 2028
PRJ-001823-SP04,PRJ-001823,MAT-1004,2026-09-01,4692,2780,1346,27,126684,Partial,At Risk,Q3 2026
PRJ-001823-SP05,PRJ-001823,MAT-1001,2026-03-01,24,22,13,2100,50400,Partial,At Risk,Q1 2026
PRJ-001823-SP06,PRJ-001823,MAT-1004,2027-03-01,2000,284,96,27,54000,Partial,Within Lead Time,Q1 2027
PRJ-001823-SP07,PRJ-001823,MAT-1002,2026-09-01,2,0,0,420,840,Not Reserved,At Risk,Q3 2026
PRJ-001824-SP01,PRJ-001824,MAT-1011,2026-08-01,35,19,9,130,4550,Partial,At Risk,Q3 2026
PRJ-001824-SP02,PRJ-001824,MAT-1010,2026-02-01,30,8,2,980,29400,Partial,At Risk,Q1 2026
PRJ-001824-SP03,PRJ-001824,MAT-1002,2026-07-01,23,10,9,420,9660,Partial,At Risk,Q3 2026
PRJ-001824-SP04,PRJ-001824,MAT-1004,2026-03-01,2558,1331,275,27,69066,Partial,At Risk,Q1 2026
PRJ-001824-SP05,PRJ-001824,MAT-1011,2028-05-01,44,35,15,130,5720,Partial,Within Lead Time,Q2 2028
PRJ-001824-SP06,PRJ-001824,MAT-1012,2026-11-01,25,23,17,68,1700,Partial,Within Lead Time,Q4 2026
PRJ-001824-SP07,PRJ-001824,MAT-1008,2028-02-01,80,22,10,19000,1520000,Partial,Within Lead Time,Q1 2028
PRJ-001825-SP01,PRJ-001825,MAT-1003,2027-10-01,5812,5142,3002,12,69744,Partial,Within Lead Time,Q4 2027
PRJ-001825-SP02,PRJ-001825,MAT-1010,2026-04-01,36,34,18,980,35280,Partial,At Risk,Q2 2026
PRJ-001825-SP03,PRJ-001825,MAT-1002,2027-08-01,35,19,15,420,14700,Partial,Within Lead Time,Q3 2027
PRJ-001825-SP04,PRJ-001825,MAT-1012,2026-10-01,36,14,1,68,2448,Partial,Within Lead Time,Q4 2026
PRJ-001825-SP05,PRJ-001825,MAT-1007,2027-12-01,42,31,25,14500,609000,Partial,Within Lead Time,Q4 2027
PRJ-001825-SP06,PRJ-001825,MAT-1004,2026-03-01,8519,6928,1480,27,230013,Partial,At Risk,Q1 2026
PRJ-001825-SP07,PRJ-001825,MAT-1002,2027-06-01,48,28,1,420,20160,Partial,Within Lead Time,Q2 2027
PRJ-001825-SP08,PRJ-001825,MAT-1002,2028-12-01,36,33,13,420,15120,Partial,Within Lead Time,Q4 2028
PRJ-001826-SP01,PRJ-001826,MAT-1001,2028-11-01,51,45,34,2100,107100,Partial,Within Lead Time,Q4 2028
PRJ-001826-SP02,PRJ-001826,MAT-1008,2026-03-01,14,3,1,19000,266000,Partial,At Risk,Q1 2026
PRJ-001826-SP03,PRJ-001826,MAT-1005,2027-01-01,16,1,1,26000,416000,Partial,Within Lead Time,Q1 2027
PRJ-001826-SP04,PRJ-001826,MAT-1003,2026-07-01,9172,171,72,12,110064,Partial,At Risk,Q3 2026
PRJ-001826-SP05,PRJ-001826,MAT-1002,2027-12-01,52,13,9,420,21840,Partial,Within Lead Time,Q4 2027
PRJ-001826-SP06,PRJ-001826,MAT-1003,2027-01-01,2221,223,210,12,26652,Partial,Within Lead Time,Q1 2027
PRJ-001826-SP07,PRJ-001826,MAT-1005,2027-06-01,73,11,8,26000,1898000,Partial,Within Lead Time,Q2 2027
PRJ-001827-SP01,PRJ-001827,MAT-1001,2027-02-01,75,8,8,2100,157500,Partial,Within Lead Time,Q1 2027
PRJ-001827-SP02,PRJ-001827,MAT-1009,2026-10-01,7,6,4,145,1015,Partial,Within Lead Time,Q4 2026
PRJ-001827-SP03,PRJ-001827,MAT-1010,2027-07-01,64,48,18,980,62720,Partial,Within Lead Time,Q3 2027
PRJ-001828-SP01,PRJ-001828,MAT-1001,2028-01-01,40,2,1,2100,84000,Partial,Within Lead Time,Q1 2028
PRJ-001828-SP02,PRJ-001828,MAT-1005,2026-06-01,17,17,15,26000,442000,Partial,At Risk,Q2 2026
PRJ-001828-SP03,PRJ-001828,MAT-1006,2026-07-01,15,9,9,6200,93000,Partial,At Risk,Q3 2026
PRJ-001828-SP04,PRJ-001828,MAT-1005,2026-05-01,74,22,5,26000,1924000,Partial,At Risk,Q2 2026
PRJ-001828-SP05,PRJ-001828,MAT-1003,2028-03-01,904,83,15,12,10848,Partial,Within Lead Time,Q1 2028
PRJ-001829-SP01,PRJ-001829,MAT-1009,2027-09-01,38,1,1,145,5510,Partial,Within Lead Time,Q3 2027
PRJ-001829-SP02,PRJ-001829,MAT-1003,2026-07-01,7106,2720,154,12,85272,Partial,At Risk,Q3 2026
PRJ-001829-SP03,PRJ-001829,MAT-1011,2027-10-01,68,39,32,130,8840,Partial,Within Lead Time,Q4 2027
PRJ-001829-SP04,PRJ-001829,MAT-1012,2028-08-01,43,20,2,68,2924,Partial,Within Lead Time,Q3 2028
PRJ-001829-SP05,PRJ-001829,MAT-1007,2028-09-01,29,26,11,14500,420500,Partial,Within Lead Time,Q3 2028
PRJ-001829-SP06,PRJ-001829,MAT-1003,2027-05-01,6767,3427,2317,12,81204,Partial,Within Lead Time,Q2 2027
PRJ-001830-SP01,PRJ-001830,MAT-1001,2027-08-01,76,6,5,2100,159600,Partial,Within Lead Time,Q3 2027
PRJ-001830-SP02,PRJ-001830,MAT-1006,2028-05-01,9,6,2,6200,55800,Partial,Within Lead Time,Q2 2028
PRJ-001830-SP03,PRJ-001830,MAT-1001,2026-03-01,35,8,3,2100,73500,Partial,At Risk,Q1 2026
PRJ-001831-SP01,PRJ-001831,MAT-1009,2026-10-01,45,20,0,145,6525,Partial,Within Lead Time,Q4 2026
PRJ-001831-SP02,PRJ-001831,MAT-1010,2027-12-01,24,5,3,980,23520,Partial,Within Lead Time,Q4 2027
PRJ-001831-SP03,PRJ-001831,MAT-1003,2027-06-01,5932,1097,980,12,71184,Partial,Within Lead Time,Q2 2027
PRJ-001831-SP04,PRJ-001831,MAT-1004,2027-09-01,1142,330,99,27,30834,Partial,Within Lead Time,Q3 2027
PRJ-001831-SP05,PRJ-001831,MAT-1002,2026-09-01,4,1,0,420,1680,Partial,At Risk,Q3 2026
PRJ-001831-SP06,PRJ-001831,MAT-1002,2028-09-01,25,14,7,420,10500,Partial,Within Lead Time,Q3 2028
PRJ-001832-SP01,PRJ-001832,MAT-1009,2027-08-01,16,4,1,145,2320,Partial,Within Lead Time,Q3 2027
PRJ-001832-SP02,PRJ-001832,MAT-1005,2027-02-01,60,22,11,26000,1560000,Partial,Within Lead Time,Q1 2027
PRJ-001833-SP01,PRJ-001833,MAT-1008,2027-01-01,78,44,24,19000,1482000,Partial,At Risk,Q1 2027
PRJ-001833-SP02,PRJ-001833,MAT-1002,2027-10-01,60,25,16,420,25200,Partial,Within Lead Time,Q4 2027
PRJ-001833-SP03,PRJ-001833,MAT-1008,2028-12-01,9,0,0,19000,171000,Not Reserved,Within Lead Time,Q4 2028
PRJ-001834-SP01,PRJ-001834,MAT-1004,2029-01-01,5765,2402,1858,27,155655,Partial,Within Lead Time,Q1 2029
PRJ-001834-SP02,PRJ-001834,MAT-1007,2027-02-01,44,6,0,14500,638000,Partial,Within Lead Time,Q1 2027
PRJ-001834-SP03,PRJ-001834,MAT-1004,2028-05-01,4866,1726,909,27,131382,Partial,Within Lead Time,Q2 2028
PRJ-001834-SP04,PRJ-001834,MAT-1005,2027-04-01,40,25,8,26000,1040000,Partial,Within Lead Time,Q2 2027
PRJ-001834-SP05,PRJ-001834,MAT-1012,2026-12-01,58,8,7,68,3944,Partial,Within Lead Time,Q4 2026
PRJ-001834-SP06,PRJ-001834,MAT-1007,2028-08-01,56,14,8,14500,812000,Partial,Within Lead Time,Q3 2028
PRJ-001834-SP07,PRJ-001834,MAT-1002,2026-07-01,16,2,2,420,6720,Partial,At Risk,Q3 2026
PRJ-001835-SP01,PRJ-001835,MAT-1003,2028-12-01,5710,4121,2266,12,68520,Partial,Within Lead Time,Q4 2028
PRJ-001835-SP02,PRJ-001835,MAT-1012,2026-10-01,39,18,5,68,2652,Partial,Within Lead Time,Q4 2026
PRJ-001835-SP03,PRJ-001835,MAT-1010,2027-07-01,33,1,1,980,32340,Partial,Within Lead Time,Q3 2027
PRJ-001835-SP04,PRJ-001835,MAT-1011,2026-08-01,78,26,10,130,10140,Partial,At Risk,Q3 2026
PRJ-001836-SP01,PRJ-001836,MAT-1004,2027-07-01,1586,138,52,27,42822,Partial,Within Lead Time,Q3 2027
PRJ-001836-SP02,PRJ-001836,MAT-1009,2028-02-01,63,38,22,145,9135,Partial,Within Lead Time,Q1 2028
PRJ-001836-SP03,PRJ-001836,MAT-1001,2027-09-01,57,20,6,2100,119700,Partial,Within Lead Time,Q3 2027
PRJ-001836-SP04,PRJ-001836,MAT-1005,2026-10-01,69,5,4,26000,1794000,Partial,At Risk,Q4 2026
PRJ-001836-SP05,PRJ-001836,MAT-1009,2028-04-01,42,2,2,145,6090,Partial,Within Lead Time,Q2 2028
PRJ-001836-SP06,PRJ-001836,MAT-1011,2028-08-01,50,6,1,130,6500,Partial,Within Lead Time,Q3 2028
PRJ-001836-SP07,PRJ-001836,MAT-1006,2026-09-01,40,18,3,6200,248000,Partial,At Risk,Q3 2026
PRJ-001836-SP08,PRJ-001836,MAT-1001,2027-12-01,77,20,9,2100,161700,Partial,Within Lead Time,Q4 2027
PRJ-001837-SP01,PRJ-001837,MAT-1009,2027-12-01,11,8,2,145,1595,Partial,Within Lead Time,Q4 2027
PRJ-001837-SP02,PRJ-001837,MAT-1006,2027-08-01,14,12,9,6200,86800,Partial,Within Lead Time,Q3 2027
PRJ-001837-SP03,PRJ-001837,MAT-1010,2027-10-01,79,8,5,980,77420,Partial,Within Lead Time,Q4 2027
PRJ-001837-SP04,PRJ-001837,MAT-1007,2028-08-01,47,22,5,14500,681500,Partial,Within Lead Time,Q3 2028
PRJ-001837-SP05,PRJ-001837,MAT-1012,2026-02-01,65,55,2,68,4420,Partial,At Risk,Q1 2026
PRJ-001837-SP06,PRJ-001837,MAT-1008,2027-11-01,9,5,3,19000,171000,Partial,Within Lead Time,Q4 2027
PRJ-001837-SP07,PRJ-001837,MAT-1008,2026-07-01,28,7,6,19000,532000,Partial,At Risk,Q3 2026
PRJ-001838-SP01,PRJ-001838,MAT-1011,2027-01-01,76,39,19,130,9880,Partial,Within Lead Time,Q1 2027
PRJ-001838-SP02,PRJ-001838,MAT-1012,2028-03-01,19,13,3,68,1292,Partial,Within Lead Time,Q1 2028
PRJ-001838-SP03,PRJ-001838,MAT-1005,2026-07-01,2,0,0,26000,52000,Not Reserved,At Risk,Q3 2026
PRJ-001839-SP01,PRJ-001839,MAT-1003,2027-04-01,691,631,242,12,8292,Partial,Within Lead Time,Q2 2027
PRJ-001839-SP02,PRJ-001839,MAT-1004,2026-01-01,7735,3922,1926,27,208845,Partial,At Risk,Q1 2026
PRJ-001839-SP03,PRJ-001839,MAT-1007,2028-02-01,67,33,28,14500,971500,Partial,Within Lead Time,Q1 2028
PRJ-001839-SP04,PRJ-001839,MAT-1007,2028-08-01,60,34,30,14500,870000,Partial,Within Lead Time,Q3 2028
PRJ-001839-SP05,PRJ-001839,MAT-1002,2028-05-01,80,38,25,420,33600,Partial,Within Lead Time,Q2 2028
PRJ-001839-SP06,PRJ-001839,MAT-1002,2026-08-01,31,23,5,420,13020,Partial,At Risk,Q3 2026
PRJ-001839-SP07,PRJ-001839,MAT-1002,2028-11-01,5,2,1,420,2100,Partial,Within Lead Time,Q4 2028
PRJ-001839-SP08,PRJ-001839,MAT-1005,2028-07-01,20,13,5,26000,520000,Partial,Within Lead Time,Q3 2028
PRJ-001840-SP01,PRJ-001840,MAT-1011,2027-12-01,51,33,18,130,6630,Partial,Within Lead Time,Q4 2027
PRJ-001840-SP02,PRJ-001840,MAT-1006,2027-09-01,38,7,6,6200,235600,Partial,Within Lead Time,Q3 2027
PRJ-001840-SP03,PRJ-001840,MAT-1011,2026-06-01,27,5,0,130,3510,Partial,At Risk,Q2 2026
PRJ-001840-SP04,PRJ-001840,MAT-1008,2027-09-01,41,15,14,19000,779000,Partial,Within Lead Time,Q3 2027
PRJ-001840-SP05,PRJ-001840,MAT-1009,2027-12-01,76,20,8,145,11020,Partial,Within Lead Time,Q4 2027
PRJ-001840-SP06,PRJ-001840,MAT-1004,2028-11-01,2313,1159,580,27,62451,Partial,Within Lead Time,Q4 2028
PRJ-001840-SP07,PRJ-001840,MAT-1005,2027-02-01,65,13,5,26000,1690000,Partial,Within Lead Time,Q1 2027
PRJ-001840-SP08,PRJ-001840,MAT-1003,2026-06-01,1006,850,610,12,12072,Partial,At Risk,Q2 2026
PRJ-001841-SP01,PRJ-001841,MAT-1012,2028-10-01,46,14,10,68,3128,Partial,Within Lead Time,Q4 2028
PRJ-001841-SP02,PRJ-001841,MAT-1011,2026-04-01,54,2,1,130,7020,Partial,At Risk,Q2 2026
PRJ-001841-SP03,PRJ-001841,MAT-1009,2027-07-01,61,51,25,145,8845,Partial,Within Lead Time,Q3 2027
PRJ-001841-SP04,PRJ-001841,MAT-1011,2028-01-01,63,30,25,130,8190,Partial,Within Lead Time,Q1 2028
PRJ-001841-SP05,PRJ-001841,MAT-1003,2028-07-01,887,655,390,12,10644,Partial,Within Lead Time,Q3 2028
PRJ-001841-SP06,PRJ-001841,MAT-1004,2029-01-01,5710,5351,2422,27,154170,Partial,Within Lead Time,Q1 2029
PRJ-001841-SP07,PRJ-001841,MAT-1001,2026-11-01,8,6,6,2100,16800,Partial,Within Lead Time,Q4 2026
PRJ-001841-SP08,PRJ-001841,MAT-1002,2027-10-01,3,1,0,420,1260,Partial,Within Lead Time,Q4 2027
PRJ-001842-SP01,PRJ-001842,MAT-1010,2027-03-01,11,2,2,980,10780,Partial,Within Lead Time,Q1 2027
PRJ-001842-SP02,PRJ-001842,MAT-1005,2028-04-01,13,3,1,26000,338000,Partial,Within Lead Time,Q2 2028
PRJ-001842-SP03,PRJ-001842,MAT-1006,2027-07-01,60,27,4,6200,372000,Partial,Within Lead Time,Q3 2027
PRJ-001842-SP04,PRJ-001842,MAT-1002,2029-01-01,22,9,4,420,9240,Partial,Within Lead Time,Q1 2029
PRJ-001843-SP01,PRJ-001843,MAT-1012,2027-07-01,65,34,11,68,4420,Partial,Within Lead Time,Q3 2027
PRJ-001843-SP02,PRJ-001843,MAT-1001,2026-01-01,8,3,3,2100,16800,Partial,At Risk,Q1 2026
PRJ-001843-SP03,PRJ-001843,MAT-1005,2028-03-01,19,14,11,26000,494000,Partial,Within Lead Time,Q1 2028
PRJ-001843-SP04,PRJ-001843,MAT-1007,2026-11-01,41,12,6,14500,594500,Partial,At Risk,Q4 2026
PRJ-001843-SP05,PRJ-001843,MAT-1009,2027-10-01,27,13,6,145,3915,Partial,Within Lead Time,Q4 2027
PRJ-001843-SP06,PRJ-001843,MAT-1010,2028-04-01,60,20,8,980,58800,Partial,Within Lead Time,Q2 2028
PRJ-001843-SP07,PRJ-001843,MAT-1002,2027-12-01,68,20,8,420,28560,Partial,Within Lead Time,Q4 2027
PRJ-001843-SP08,PRJ-001843,MAT-1002,2028-08-01,64,58,50,420,26880,Partial,Within Lead Time,Q3 2028
PRJ-001844-SP01,PRJ-001844,MAT-1008,2027-03-01,68,17,9,19000,1292000,Partial,Within Lead Time,Q1 2027
PRJ-001844-SP02,PRJ-001844,MAT-1005,2028-09-01,17,0,0,26000,442000,Not Reserved,Within Lead Time,Q3 2028
PRJ-001844-SP03,PRJ-001844,MAT-1005,2028-02-01,63,32,6,26000,1638000,Partial,Within Lead Time,Q1 2028
PRJ-001844-SP04,PRJ-001844,MAT-1009,2026-07-01,30,27,25,145,4350,Partial,At Risk,Q3 2026
PRJ-001845-SP01,PRJ-001845,MAT-1010,2028-10-01,69,27,24,980,67620,Partial,Within Lead Time,Q4 2028
PRJ-001845-SP02,PRJ-001845,MAT-1008,2027-09-01,39,1,1,19000,741000,Partial,Within Lead Time,Q3 2027
PRJ-001845-SP03,PRJ-001845,MAT-1006,2026-02-01,19,13,6,6200,117800,Partial,At Risk,Q1 2026
PRJ-001845-SP04,PRJ-001845,MAT-1008,2027-08-01,57,35,24,19000,1083000,Partial,Within Lead Time,Q3 2027
PRJ-001846-SP01,PRJ-001846,MAT-1002,2028-03-01,64,62,35,420,26880,Partial,Within Lead Time,Q1 2028
PRJ-001846-SP02,PRJ-001846,MAT-1012,2028-07-01,16,1,0,68,1088,Partial,Within Lead Time,Q3 2028
PRJ-001846-SP03,PRJ-001846,MAT-1003,2027-01-01,6309,4981,230,12,75708,Partial,Within Lead Time,Q1 2027
PRJ-001846-SP04,PRJ-001846,MAT-1009,2027-02-01,16,14,7,145,2320,Partial,Within Lead Time,Q1 2027
PRJ-001846-SP05,PRJ-001846,MAT-1006,2026-06-01,68,15,9,6200,421600,Partial,At Risk,Q2 2026
PRJ-001847-SP01,PRJ-001847,MAT-1009,2027-12-01,15,7,4,145,2175,Partial,Within Lead Time,Q4 2027
PRJ-001847-SP02,PRJ-001847,MAT-1006,2029-01-01,9,2,1,6200,55800,Partial,Within Lead Time,Q1 2029
PRJ-001847-SP03,PRJ-001847,MAT-1007,2026-06-01,42,41,7,14500,609000,Partial,At Risk,Q2 2026
PRJ-001847-SP04,PRJ-001847,MAT-1011,2028-10-01,72,68,67,130,9360,Partial,Within Lead Time,Q4 2028
PRJ-001848-SP01,PRJ-001848,MAT-1009,2028-07-01,18,17,15,145,2610,Partial,Within Lead Time,Q3 2028
PRJ-001848-SP02,PRJ-001848,MAT-1010,2026-02-01,23,21,14,980,22540,Partial,At Risk,Q1 2026
PRJ-001849-SP01,PRJ-001849,MAT-1011,2027-02-01,48,15,13,130,6240,Partial,Within Lead Time,Q1 2027
PRJ-001849-SP02,PRJ-001849,MAT-1002,2027-09-01,4,4,1,420,1680,Partial,Within Lead Time,Q3 2027
PRJ-001849-SP03,PRJ-001849,MAT-1008,2027-10-01,22,1,0,19000,418000,Partial,Within Lead Time,Q4 2027
PRJ-001849-SP04,PRJ-001849,MAT-1005,2027-07-01,60,43,31,26000,1560000,Partial,Within Lead Time,Q3 2027
PRJ-001849-SP05,PRJ-001849,MAT-1008,2028-03-01,48,24,12,19000,912000,Partial,Within Lead Time,Q1 2028
PRJ-001849-SP06,PRJ-001849,MAT-1004,2026-01-01,7502,6146,2689,27,202554,Partial,At Risk,Q1 2026
PRJ-001849-SP07,PRJ-001849,MAT-1009,2029-01-01,34,5,3,145,4930,Partial,Within Lead Time,Q1 2029
PRJ-001850-SP01,PRJ-001850,MAT-1005,2028-10-01,44,37,31,26000,1144000,Partial,Within Lead Time,Q4 2028
PRJ-001850-SP02,PRJ-001850,MAT-1010,2028-12-01,57,18,8,980,55860,Partial,Within Lead Time,Q4 2028
PRJ-001850-SP03,PRJ-001850,MAT-1002,2026-11-01,33,10,7,420,13860,Partial,Within Lead Time,Q4 2026
PRJ-001850-SP04,PRJ-001850,MAT-1006,2028-11-01,67,57,39,6200,415400,Partial,Within Lead Time,Q4 2028
PRJ-001850-SP05,PRJ-001850,MAT-1009,2027-05-01,61,6,3,145,8845,Partial,Within Lead Time,Q2 2027
PRJ-001851-SP01,PRJ-001851,MAT-1005,2029-01-01,3,1,0,26000,78000,Partial,Within Lead Time,Q1 2029
PRJ-001851-SP02,PRJ-001851,MAT-1005,2027-02-01,64,63,16,26000,1664000,Partial,Within Lead Time,Q1 2027
PRJ-001851-SP03,PRJ-001851,MAT-1010,2026-01-01,11,3,1,980,10780,Partial,At Risk,Q1 2026
PRJ-001851-SP04,PRJ-001851,MAT-1004,2027-02-01,3849,2147,1340,27,103923,Partial,Within Lead Time,Q1 2027
PRJ-001851-SP05,PRJ-001851,MAT-1004,2026-08-01,1211,418,259,27,32697,Partial,At Risk,Q3 2026
PRJ-001851-SP06,PRJ-001851,MAT-1002,2028-04-01,57,21,8,420,23940,Partial,Within Lead Time,Q2 2028
PRJ-001851-SP07,PRJ-001851,MAT-1012,2026-12-01,39,20,5,68,2652,Partial,Within Lead Time,Q4 2026
PRJ-001852-SP01,PRJ-001852,MAT-1005,2027-06-01,44,5,2,26000,1144000,Partial,Within Lead Time,Q2 2027
PRJ-001852-SP02,PRJ-001852,MAT-1006,2029-01-01,79,58,19,6200,489800,Partial,Within Lead Time,Q1 2029
PRJ-001852-SP03,PRJ-001852,MAT-1008,2028-06-01,71,0,0,19000,1349000,Not Reserved,Within Lead Time,Q2 2028
PRJ-001853-SP01,PRJ-001853,MAT-1001,2028-03-01,49,47,32,2100,102900,Partial,Within Lead Time,Q1 2028
PRJ-001853-SP02,PRJ-001853,MAT-1008,2027-04-01,11,4,3,19000,209000,Partial,Within Lead Time,Q2 2027
PRJ-001853-SP03,PRJ-001853,MAT-1004,2027-11-01,771,70,40,27,20817,Partial,Within Lead Time,Q4 2027
PRJ-001854-SP01,PRJ-001854,MAT-1003,2028-08-01,8153,3033,1227,12,97836,Partial,Within Lead Time,Q3 2028
PRJ-001854-SP02,PRJ-001854,MAT-1011,2029-01-01,15,7,6,130,1950,Partial,Within Lead Time,Q1 2029
PRJ-001854-SP03,PRJ-001854,MAT-1002,2026-10-01,71,9,2,420,29820,Partial,Within Lead Time,Q4 2026
PRJ-001854-SP04,PRJ-001854,MAT-1003,2026-12-01,5407,2958,168,12,64884,Partial,Within Lead Time,Q4 2026
PRJ-001854-SP05,PRJ-001854,MAT-1002,2027-06-01,9,7,6,420,3780,Partial,Within Lead Time,Q2 2027
PRJ-001854-SP06,PRJ-001854,MAT-1006,2028-01-01,25,12,2,6200,155000,Partial,Within Lead Time,Q1 2028
PRJ-001855-SP01,PRJ-001855,MAT-1003,2026-10-01,1641,1241,1086,12,19692,Partial,At Risk,Q4 2026
PRJ-001855-SP02,PRJ-001855,MAT-1005,2028-09-01,67,50,6,26000,1742000,Partial,Within Lead Time,Q3 2028
PRJ-001855-SP03,PRJ-001855,MAT-1009,2027-07-01,64,33,13,145,9280,Partial,Within Lead Time,Q3 2027
PRJ-001855-SP04,PRJ-001855,MAT-1003,2027-03-01,7412,5082,4042,12,88944,Partial,Within Lead Time,Q1 2027
PRJ-001855-SP05,PRJ-001855,MAT-1001,2026-08-01,39,4,0,2100,81900,Partial,At Risk,Q3 2026
PRJ-001855-SP06,PRJ-001855,MAT-1006,2027-07-01,75,70,14,6200,465000,Partial,Within Lead Time,Q3 2027
PRJ-001856-SP01,PRJ-001856,MAT-1005,2028-07-01,30,3,2,26000,780000,Partial,Within Lead Time,Q3 2028
PRJ-001856-SP02,PRJ-001856,MAT-1002,2026-06-01,62,37,30,420,26040,Partial,At Risk,Q2 2026
PRJ-001856-SP03,PRJ-001856,MAT-1007,2027-04-01,40,24,20,14500,580000,Partial,Within Lead Time,Q2 2027
PRJ-001856-SP04,PRJ-001856,MAT-1002,2026-09-01,31,13,4,420,13020,Partial,At Risk,Q3 2026
PRJ-001856-SP05,PRJ-001856,MAT-1008,2026-07-01,10,8,4,19000,190000,Partial,At Risk,Q3 2026
PRJ-001857-SP01,PRJ-001857,MAT-1012,2026-02-01,3,1,0,68,204,Partial,At Risk,Q1 2026
PRJ-001857-SP02,PRJ-001857,MAT-1005,2028-02-01,46,18,11,26000,1196000,Partial,Within Lead Time,Q1 2028
PRJ-001857-SP03,PRJ-001857,MAT-1012,2027-10-01,62,22,10,68,4216,Partial,Within Lead Time,Q4 2027
PRJ-001857-SP04,PRJ-001857,MAT-1003,2027-12-01,8712,960,24,12,104544,Partial,Within Lead Time,Q4 2027
PRJ-001857-SP05,PRJ-001857,MAT-1008,2027-05-01,17,2,2,19000,323000,Partial,Within Lead Time,Q2 2027
PRJ-001857-SP06,PRJ-001857,MAT-1003,2026-08-01,5698,3313,2620,12,68376,Partial,At Risk,Q3 2026
PRJ-001858-SP01,PRJ-001858,MAT-1009,2027-05-01,26,16,1,145,3770,Partial,Within Lead Time,Q2 2027
PRJ-001858-SP02,PRJ-001858,MAT-1008,2027-02-01,5,2,1,19000,95000,Partial,Within Lead Time,Q1 2027
PRJ-001858-SP03,PRJ-001858,MAT-1006,2028-06-01,8,4,1,6200,49600,Partial,Within Lead Time,Q2 2028
PRJ-001858-SP04,PRJ-001858,MAT-1006,2026-01-01,13,4,0,6200,80600,Partial,At Risk,Q1 2026
PRJ-001858-SP05,PRJ-001858,MAT-1010,2028-02-01,14,13,5,980,13720,Partial,Within Lead Time,Q1 2028
PRJ-001858-SP06,PRJ-001858,MAT-1005,2027-10-01,21,11,4,26000,546000,Partial,Within Lead Time,Q4 2027
PRJ-001858-SP07,PRJ-001858,MAT-1005,2026-04-01,77,46,25,26000,2002000,Partial,At Risk,Q2 2026
PRJ-001858-SP08,PRJ-001858,MAT-1004,2029-01-01,9857,7666,680,27,266139,Partial,Within Lead Time,Q1 2029
PRJ-001859-SP01,PRJ-001859,MAT-1003,2027-05-01,3088,3019,2303,12,37056,Partial,Within Lead Time,Q2 2027
PRJ-001859-SP02,PRJ-001859,MAT-1008,2026-06-01,51,38,25,19000,969000,Partial,At Risk,Q2 2026
PRJ-001859-SP03,PRJ-001859,MAT-1012,2026-08-01,75,74,28,68,5100,Partial,At Risk,Q3 2026
PRJ-001859-SP04,PRJ-001859,MAT-1009,2026-01-01,23,5,2,145,3335,Partial,At Risk,Q1 2026
PRJ-001859-SP05,PRJ-001859,MAT-1007,2028-01-01,59,2,2,14500,855500,Partial,Within Lead Time,Q1 2028
PRJ-001859-SP06,PRJ-001859,MAT-1006,2029-01-01,70,58,52,6200,434000,Partial,Within Lead Time,Q1 2029
PRJ-001859-SP07,PRJ-001859,MAT-1012,2026-06-01,42,4,2,68,2856,Partial,At Risk,Q2 2026
PRJ-001859-SP08,PRJ-001859,MAT-1002,2027-08-01,50,12,2,420,21000,Partial,Within Lead Time,Q3 2027
PRJ-001860-SP01,PRJ-001860,MAT-1003,2026-10-01,9418,3145,2939,12,113016,Partial,At Risk,Q4 2026
PRJ-001860-SP02,PRJ-001860,MAT-1008,2026-02-01,37,16,16,19000,703000,Partial,At Risk,Q1 2026
PRJ-001860-SP03,PRJ-001860,MAT-1008,2028-09-01,76,64,31,19000,1444000,Partial,Within Lead Time,Q3 2028
PRJ-001860-SP04,PRJ-001860,MAT-1007,2028-08-01,72,52,50,14500,1044000,Partial,Within Lead Time,Q3 2028
PRJ-001860-SP05,PRJ-001860,MAT-1006,2026-07-01,41,25,21,6200,254200,Partial,At Risk,Q3 2026
PRJ-001860-SP06,PRJ-001860,MAT-1006,2026-05-01,73,16,2,6200,452600,Partial,At Risk,Q2 2026
PRJ-001860-SP07,PRJ-001860,MAT-1011,2026-05-01,13,3,2,130,1690,Partial,At Risk,Q2 2026
PRJ-001860-SP08,PRJ-001860,MAT-1001,2026-02-01,10,6,0,2100,21000,Partial,At Risk,Q1 2026
PRJ-001861-SP01,PRJ-001861,MAT-1003,2026-12-01,8893,5759,533,12,106716,Partial,Within Lead Time,Q4 2026
PRJ-001861-SP02,PRJ-001861,MAT-1010,2027-07-01,3,0,0,980,2940,Not Reserved,Within Lead Time,Q3 2027
PRJ-001861-SP03,PRJ-001861,MAT-1004,2027-07-01,3179,1585,646,27,85833,Partial,Within Lead Time,Q3 2027
PRJ-001861-SP04,PRJ-001861,MAT-1005,2028-11-01,23,17,8,26000,598000,Partial,Within Lead Time,Q4 2028
PRJ-001861-SP05,PRJ-001861,MAT-1008,2026-12-01,58,43,41,19000,1102000,Partial,At Risk,Q4 2026
PRJ-001861-SP06,PRJ-001861,MAT-1008,2026-04-01,8,7,3,19000,152000,Partial,At Risk,Q2 2026
PRJ-001861-SP07,PRJ-001861,MAT-1012,2027-10-01,68,37,29,68,4624,Partial,Within Lead Time,Q4 2027
PRJ-001861-SP08,PRJ-001861,MAT-1005,2026-09-01,72,25,15,26000,1872000,Partial,At Risk,Q3 2026
PRJ-001862-SP01,PRJ-001862,MAT-1002,2027-01-01,6,4,4,420,2520,Partial,Within Lead Time,Q1 2027
PRJ-001862-SP02,PRJ-001862,MAT-1005,2028-12-01,46,17,13,26000,1196000,Partial,Within Lead Time,Q4 2028
PRJ-001862-SP03,PRJ-001862,MAT-1005,2028-02-01,17,17,10,26000,442000,Partial,Within Lead Time,Q1 2028
PRJ-001862-SP04,PRJ-001862,MAT-1001,2028-02-01,66,39,16,2100,138600,Partial,Within Lead Time,Q1 2028
PRJ-001863-SP01,PRJ-001863,MAT-1010,2027-06-01,30,20,15,980,29400,Partial,Within Lead Time,Q2 2027
PRJ-001863-SP02,PRJ-001863,MAT-1005,2026-04-01,62,8,7,26000,1612000,Partial,At Risk,Q2 2026
PRJ-001863-SP03,PRJ-001863,MAT-1004,2029-01-01,7175,2440,564,27,193725,Partial,Within Lead Time,Q1 2029
PRJ-001863-SP04,PRJ-001863,MAT-1012,2028-09-01,57,5,0,68,3876,Partial,Within Lead Time,Q3 2028
PRJ-001863-SP05,PRJ-001863,MAT-1012,2026-05-01,13,8,3,68,884,Partial,At Risk,Q2 2026
PRJ-001863-SP06,PRJ-001863,MAT-1008,2027-06-01,13,6,2,19000,247000,Partial,Within Lead Time,Q2 2027
PRJ-001863-SP07,PRJ-001863,MAT-1003,2026-09-01,7530,366,229,12,90360,Partial,At Risk,Q3 2026
PRJ-001864-SP01,PRJ-001864,MAT-1009,2026-08-01,41,23,12,145,5945,Partial,At Risk,Q3 2026
PRJ-001864-SP02,PRJ-001864,MAT-1012,2028-08-01,3,3,3,68,204,Fulfilled,Within Lead Time,Q3 2028
PRJ-001864-SP03,PRJ-001864,MAT-1005,2028-04-01,23,19,2,26000,598000,Partial,Within Lead Time,Q2 2028
PRJ-001865-SP01,PRJ-001865,MAT-1003,2027-02-01,8402,6449,3204,12,100824,Partial,Within Lead Time,Q1 2027
PRJ-001865-SP02,PRJ-001865,MAT-1012,2026-06-01,60,15,6,68,4080,Partial,At Risk,Q2 2026
PRJ-001865-SP03,PRJ-001865,MAT-1005,2027-03-01,2,1,0,26000,52000,Partial,Within Lead Time,Q1 2027
PRJ-001865-SP04,PRJ-001865,MAT-1003,2027-01-01,2583,2296,1924,12,30996,Partial,Within Lead Time,Q1 2027
PRJ-001865-SP05,PRJ-001865,MAT-1007,2027-01-01,66,62,19,14500,957000,Partial,Within Lead Time,Q1 2027
PRJ-001865-SP06,PRJ-001865,MAT-1001,2027-09-01,51,37,37,2100,107100,Partial,Within Lead Time,Q3 2027
PRJ-001865-SP07,PRJ-001865,MAT-1008,2028-05-01,21,20,7,19000,399000,Partial,Within Lead Time,Q2 2028
PRJ-001865-SP08,PRJ-001865,MAT-1004,2028-06-01,8604,7752,4244,27,232308,Partial,Within Lead Time,Q2 2028
PRJ-001866-SP01,PRJ-001866,MAT-1012,2027-03-01,41,11,10,68,2788,Partial,Within Lead Time,Q1 2027
PRJ-001866-SP02,PRJ-001866,MAT-1007,2027-05-01,72,60,48,14500,1044000,Partial,Within Lead Time,Q2 2027
PRJ-001866-SP03,PRJ-001866,MAT-1001,2028-06-01,73,70,45,2100,153300,Partial,Within Lead Time,Q2 2028
PRJ-001866-SP04,PRJ-001866,MAT-1011,2026-10-01,46,42,25,130,5980,Partial,Within Lead Time,Q4 2026
PRJ-001866-SP05,PRJ-001866,MAT-1004,2026-10-01,2692,222,29,27,72684,Partial,At Risk,Q4 2026
PRJ-001866-SP06,PRJ-001866,MAT-1004,2026-03-01,9373,5505,1325,27,253071,Partial,At Risk,Q1 2026
PRJ-001866-SP07,PRJ-001866,MAT-1004,2029-01-01,7597,3160,3078,27,205119,Partial,Within Lead Time,Q1 2029
PRJ-001866-SP08,PRJ-001866,MAT-1007,2028-03-01,2,1,1,14500,29000,Partial,Within Lead Time,Q1 2028
PRJ-001867-SP01,PRJ-001867,MAT-1007,2027-05-01,51,48,25,14500,739500,Partial,Within Lead Time,Q2 2027
PRJ-001867-SP02,PRJ-001867,MAT-1006,2027-04-01,4,1,1,6200,24800,Partial,Within Lead Time,Q2 2027
PRJ-001867-SP03,PRJ-001867,MAT-1005,2026-08-01,32,25,21,26000,832000,Partial,At Risk,Q3 2026
PRJ-001867-SP04,PRJ-001867,MAT-1005,2026-01-01,27,14,5,26000,702000,Partial,At Risk,Q1 2026
PRJ-001867-SP05,PRJ-001867,MAT-1012,2027-05-01,23,8,5,68,1564,Partial,Within Lead Time,Q2 2027
PRJ-001868-SP01,PRJ-001868,MAT-1002,2026-09-01,3,2,0,420,1260,Partial,At Risk,Q3 2026
PRJ-001868-SP02,PRJ-001868,MAT-1001,2029-01-01,31,22,7,2100,65100,Partial,Within Lead Time,Q1 2029
PRJ-001868-SP03,PRJ-001868,MAT-1001,2026-08-01,25,9,6,2100,52500,Partial,At Risk,Q3 2026
PRJ-001868-SP04,PRJ-001868,MAT-1005,2028-01-01,31,15,6,26000,806000,Partial,Within Lead Time,Q1 2028
PRJ-001868-SP05,PRJ-001868,MAT-1005,2026-03-01,20,8,1,26000,520000,Partial,At Risk,Q1 2026
PRJ-001869-SP01,PRJ-001869,MAT-1001,2027-07-01,17,4,2,2100,35700,Partial,Within Lead Time,Q3 2027
PRJ-001869-SP02,PRJ-001869,MAT-1004,2027-12-01,5518,4673,3334,27,148986,Partial,Within Lead Time,Q4 2027
PRJ-001870-SP01,PRJ-001870,MAT-1004,2027-12-01,1885,1605,998,27,50895,Partial,Within Lead Time,Q4 2027
PRJ-001870-SP02,PRJ-001870,MAT-1003,2026-12-01,6788,5714,1271,12,81456,Partial,Within Lead Time,Q4 2026
PRJ-001871-SP01,PRJ-001871,MAT-1012,2026-04-01,73,6,5,68,4964,Partial,At Risk,Q2 2026
PRJ-001871-SP02,PRJ-001871,MAT-1006,2026-01-01,7,1,0,6200,43400,Partial,At Risk,Q1 2026
PRJ-001871-SP03,PRJ-001871,MAT-1003,2027-04-01,9700,5848,4236,12,116400,Partial,Within Lead Time,Q2 2027
PRJ-001872-SP01,PRJ-001872,MAT-1003,2027-02-01,1029,652,316,12,12348,Partial,Within Lead Time,Q1 2027
PRJ-001872-SP02,PRJ-001872,MAT-1004,2029-01-01,8496,8008,316,27,229392,Partial,Within Lead Time,Q1 2029
PRJ-001873-SP01,PRJ-001873,MAT-1003,2027-06-01,8280,6051,2433,12,99360,Partial,Within Lead Time,Q2 2027
PRJ-001873-SP02,PRJ-001873,MAT-1011,2026-02-01,78,40,17,130,10140,Partial,At Risk,Q1 2026
PRJ-001873-SP03,PRJ-001873,MAT-1007,2027-10-01,73,6,5,14500,1058500,Partial,Within Lead Time,Q4 2027
PRJ-001873-SP04,PRJ-001873,MAT-1006,2027-03-01,74,5,3,6200,458800,Partial,Within Lead Time,Q1 2027
PRJ-001874-SP01,PRJ-001874,MAT-1005,2026-03-01,10,8,5,26000,260000,Partial,At Risk,Q1 2026
PRJ-001874-SP02,PRJ-001874,MAT-1011,2028-09-01,50,37,4,130,6500,Partial,Within Lead Time,Q3 2028
PRJ-001874-SP03,PRJ-001874,MAT-1008,2026-11-01,14,13,6,19000,266000,Partial,At Risk,Q4 2026
PRJ-001874-SP04,PRJ-001874,MAT-1005,2026-06-01,16,9,7,26000,416000,Partial,At Risk,Q2 2026
PRJ-001874-SP05,PRJ-001874,MAT-1011,2027-02-01,23,8,1,130,2990,Partial,Within Lead Time,Q1 2027
PRJ-001874-SP06,PRJ-001874,MAT-1001,2028-12-01,2,0,0,2100,4200,Not Reserved,Within Lead Time,Q4 2028
PRJ-001874-SP07,PRJ-001874,MAT-1011,2028-09-01,72,64,46,130,9360,Partial,Within Lead Time,Q3 2028
PRJ-001874-SP08,PRJ-001874,MAT-1010,2027-11-01,69,20,5,980,67620,Partial,Within Lead Time,Q4 2027
PRJ-001875-SP01,PRJ-001875,MAT-1004,2028-04-01,7441,2316,803,27,200907,Partial,Within Lead Time,Q2 2028
PRJ-001875-SP02,PRJ-001875,MAT-1010,2027-01-01,75,59,13,980,73500,Partial,Within Lead Time,Q1 2027
PRJ-001875-SP03,PRJ-001875,MAT-1005,2026-01-01,39,13,3,26000,1014000,Partial,At Risk,Q1 2026
PRJ-001875-SP04,PRJ-001875,MAT-1010,2027-01-01,33,26,4,980,32340,Partial,Within Lead Time,Q1 2027
PRJ-001875-SP05,PRJ-001875,MAT-1005,2026-11-01,3,2,1,26000,78000,Partial,At Risk,Q4 2026
PRJ-001875-SP06,PRJ-001875,MAT-1010,2027-10-01,39,3,2,980,38220,Partial,Within Lead Time,Q4 2027
PRJ-001876-SP01,PRJ-001876,MAT-1002,2027-01-01,72,34,13,420,30240,Partial,Within Lead Time,Q1 2027
PRJ-001876-SP02,PRJ-001876,MAT-1006,2028-04-01,79,25,12,6200,489800,Partial,Within Lead Time,Q2 2028
PRJ-001876-SP03,PRJ-001876,MAT-1009,2026-08-01,7,4,0,145,1015,Partial,At Risk,Q3 2026
PRJ-001876-SP04,PRJ-001876,MAT-1010,2027-08-01,73,29,0,980,71540,Partial,Within Lead Time,Q3 2027
PRJ-001876-SP05,PRJ-001876,MAT-1012,2026-01-01,57,14,8,68,3876,Partial,At Risk,Q1 2026
PRJ-001876-SP06,PRJ-001876,MAT-1011,2026-11-01,63,36,28,130,8190,Partial,Within Lead Time,Q4 2026
PRJ-001877-SP01,PRJ-001877,MAT-1006,2028-12-01,74,28,6,6200,458800,Partial,Within Lead Time,Q4 2028
PRJ-001877-SP02,PRJ-001877,MAT-1011,2026-04-01,38,31,10,130,4940,Partial,At Risk,Q2 2026
PRJ-001877-SP03,PRJ-001877,MAT-1004,2027-09-01,6041,2360,781,27,163107,Partial,Within Lead Time,Q3 2027
PRJ-001877-SP04,PRJ-001877,MAT-1001,2028-09-01,57,26,21,2100,119700,Partial,Within Lead Time,Q3 2028
PRJ-001877-SP05,PRJ-001877,MAT-1002,2027-03-01,61,55,12,420,25620,Partial,Within Lead Time,Q1 2027
PRJ-001877-SP06,PRJ-001877,MAT-1001,2028-12-01,16,11,8,2100,33600,Partial,Within Lead Time,Q4 2028
PRJ-001877-SP07,PRJ-001877,MAT-1005,2027-03-01,7,2,0,26000,182000,Partial,Within Lead Time,Q1 2027
PRJ-001878-SP01,PRJ-001878,MAT-1001,2027-08-01,26,23,22,2100,54600,Partial,Within Lead Time,Q3 2027
PRJ-001878-SP02,PRJ-001878,MAT-1001,2027-10-01,24,1,0,2100,50400,Partial,Within Lead Time,Q4 2027
PRJ-001879-SP01,PRJ-001879,MAT-1008,2027-07-01,72,40,2,19000,1368000,Partial,Within Lead Time,Q3 2027
PRJ-001879-SP02,PRJ-001879,MAT-1011,2028-09-01,65,17,11,130,8450,Partial,Within Lead Time,Q3 2028
PRJ-001879-SP03,PRJ-001879,MAT-1002,2026-06-01,62,60,58,420,26040,Partial,At Risk,Q2 2026
PRJ-001879-SP04,PRJ-001879,MAT-1010,2026-03-01,78,2,1,980,76440,Partial,At Risk,Q1 2026
PRJ-001879-SP05,PRJ-001879,MAT-1005,2026-08-01,19,6,0,26000,494000,Partial,At Risk,Q3 2026
PRJ-001879-SP06,PRJ-001879,MAT-1005,2027-12-01,52,39,31,26000,1352000,Partial,Within Lead Time,Q4 2027
PRJ-001880-SP01,PRJ-001880,MAT-1010,2027-11-01,34,7,2,980,33320,Partial,Within Lead Time,Q4 2027
PRJ-001880-SP02,PRJ-001880,MAT-1009,2026-04-01,62,51,33,145,8990,Partial,At Risk,Q2 2026
PRJ-001880-SP03,PRJ-001880,MAT-1011,2028-04-01,4,2,2,130,520,Partial,Within Lead Time,Q2 2028
PRJ-001880-SP04,PRJ-001880,MAT-1005,2028-02-01,25,20,9,26000,650000,Partial,Within Lead Time,Q1 2028
PRJ-001880-SP05,PRJ-001880,MAT-1011,2026-07-01,38,10,9,130,4940,Partial,At Risk,Q3 2026
PRJ-001881-SP01,PRJ-001881,MAT-1001,2028-05-01,58,35,7,2100,121800,Partial,Within Lead Time,Q2 2028
PRJ-001881-SP02,PRJ-001881,MAT-1010,2026-12-01,36,11,10,980,35280,Partial,Within Lead Time,Q4 2026
PRJ-001882-SP01,PRJ-001882,MAT-1006,2027-04-01,60,10,3,6200,372000,Partial,Within Lead Time,Q2 2027
PRJ-001882-SP02,PRJ-001882,MAT-1003,2027-05-01,1279,1114,54,12,15348,Partial,Within Lead Time,Q2 2027
PRJ-001882-SP03,PRJ-001882,MAT-1011,2026-07-01,68,53,15,130,8840,Partial,At Risk,Q3 2026
PRJ-001882-SP04,PRJ-001882,MAT-1008,2027-02-01,38,5,4,19000,722000,Partial,Within Lead Time,Q1 2027
PRJ-001882-SP05,PRJ-001882,MAT-1005,2028-04-01,15,9,8,26000,390000,Partial,Within Lead Time,Q2 2028
PRJ-001883-SP01,PRJ-001883,MAT-1002,2027-04-01,17,13,2,420,7140,Partial,Within Lead Time,Q2 2027
PRJ-001883-SP02,PRJ-001883,MAT-1002,2026-04-01,12,3,2,420,5040,Partial,At Risk,Q2 2026
PRJ-001883-SP03,PRJ-001883,MAT-1012,2026-03-01,21,1,0,68,1428,Partial,At Risk,Q1 2026
PRJ-001883-SP04,PRJ-001883,MAT-1006,2028-12-01,28,24,13,6200,173600,Partial,Within Lead Time,Q4 2028
PRJ-001883-SP05,PRJ-001883,MAT-1004,2028-05-01,8722,388,195,27,235494,Partial,Within Lead Time,Q2 2028
PRJ-001883-SP06,PRJ-001883,MAT-1009,2028-01-01,45,4,4,145,6525,Partial,Within Lead Time,Q1 2028
PRJ-001884-SP01,PRJ-001884,MAT-1004,2027-07-01,4122,1351,449,27,111294,Partial,Within Lead Time,Q3 2027
PRJ-001884-SP02,PRJ-001884,MAT-1003,2027-03-01,7675,5673,3775,12,92100,Partial,Within Lead Time,Q1 2027
PRJ-001884-SP03,PRJ-001884,MAT-1010,2027-08-01,20,16,13,980,19600,Partial,Within Lead Time,Q3 2027
PRJ-001884-SP04,PRJ-001884,MAT-1010,2027-07-01,16,5,3,980,15680,Partial,Within Lead Time,Q3 2027
PRJ-001884-SP05,PRJ-001884,MAT-1006,2027-04-01,79,78,13,6200,489800,Partial,Within Lead Time,Q2 2027
PRJ-001885-SP01,PRJ-001885,MAT-1003,2027-03-01,7429,6330,166,12,89148,Partial,Within Lead Time,Q1 2027
PRJ-001885-SP02,PRJ-001885,MAT-1002,2027-03-01,51,21,12,420,21420,Partial,Within Lead Time,Q1 2027
PRJ-001885-SP03,PRJ-001885,MAT-1005,2028-02-01,22,5,2,26000,572000,Partial,Within Lead Time,Q1 2028
PRJ-001885-SP04,PRJ-001885,MAT-1012,2026-06-01,70,44,9,68,4760,Partial,At Risk,Q2 2026
PRJ-001885-SP05,PRJ-001885,MAT-1006,2029-01-01,33,8,5,6200,204600,Partial,Within Lead Time,Q1 2029
PRJ-001885-SP06,PRJ-001885,MAT-1011,2026-11-01,34,27,25,130,4420,Partial,Within Lead Time,Q4 2026
PRJ-001885-SP07,PRJ-001885,MAT-1001,2027-05-01,57,14,11,2100,119700,Partial,Within Lead Time,Q2 2027
PRJ-001885-SP08,PRJ-001885,MAT-1007,2026-05-01,25,3,2,14500,362500,Partial,At Risk,Q2 2026
PRJ-001886-SP01,PRJ-001886,MAT-1004,2028-04-01,3220,973,441,27,86940,Partial,Within Lead Time,Q2 2028
PRJ-001886-SP02,PRJ-001886,MAT-1006,2026-12-01,19,16,1,6200,117800,Partial,Within Lead Time,Q4 2026
PRJ-001886-SP03,PRJ-001886,MAT-1009,2026-03-01,32,14,3,145,4640,Partial,At Risk,Q1 2026
PRJ-001886-SP04,PRJ-001886,MAT-1001,2027-08-01,74,65,32,2100,155400,Partial,Within Lead Time,Q3 2027
PRJ-001886-SP05,PRJ-001886,MAT-1008,2026-01-01,59,30,17,19000,1121000,Partial,At Risk,Q1 2026
PRJ-001886-SP06,PRJ-001886,MAT-1008,2029-01-01,79,70,46,19000,1501000,Partial,Within Lead Time,Q1 2029
PRJ-001886-SP07,PRJ-001886,MAT-1010,2028-08-01,26,17,9,980,25480,Partial,Within Lead Time,Q3 2028
PRJ-001886-SP08,PRJ-001886,MAT-1006,2027-04-01,2,0,0,6200,12400,Not Reserved,Within Lead Time,Q2 2027
PRJ-001887-SP01,PRJ-001887,MAT-1008,2027-07-01,47,39,23,19000,893000,Partial,Within Lead Time,Q3 2027
PRJ-001887-SP02,PRJ-001887,MAT-1007,2028-12-01,39,37,17,14500,565500,Partial,Within Lead Time,Q4 2028
PRJ-001887-SP03,PRJ-001887,MAT-1006,2028-05-01,77,1,0,6200,477400,Partial,Within Lead Time,Q2 2028
PRJ-001887-SP04,PRJ-001887,MAT-1007,2026-05-01,54,34,20,14500,783000,Partial,At Risk,Q2 2026
PRJ-001888-SP01,PRJ-001888,MAT-1007,2028-12-01,15,11,3,14500,217500,Partial,Within Lead Time,Q4 2028
PRJ-001888-SP02,PRJ-001888,MAT-1006,2027-10-01,66,33,16,6200,409200,Partial,Within Lead Time,Q4 2027
PRJ-001888-SP03,PRJ-001888,MAT-1001,2028-07-01,17,17,14,2100,35700,Partial,Within Lead Time,Q3 2028
PRJ-001888-SP04,PRJ-001888,MAT-1001,2026-06-01,14,4,0,2100,29400,Partial,At Risk,Q2 2026
PRJ-001888-SP05,PRJ-001888,MAT-1011,2026-12-01,2,2,0,130,260,Partial,Within Lead Time,Q4 2026
PRJ-001888-SP06,PRJ-001888,MAT-1001,2026-09-01,25,7,1,2100,52500,Partial,At Risk,Q3 2026
PRJ-001888-SP07,PRJ-001888,MAT-1001,2026-10-01,56,46,20,2100,117600,Partial,At Risk,Q4 2026
PRJ-001888-SP08,PRJ-001888,MAT-1003,2028-12-01,9442,9206,1284,12,113304,Partial,Within Lead Time,Q4 2028
PRJ-001889-SP01,PRJ-001889,MAT-1009,2027-03-01,58,16,11,145,8410,Partial,Within Lead Time,Q1 2027
PRJ-001889-SP02,PRJ-001889,MAT-1007,2027-01-01,52,43,9,14500,754000,Partial,Within Lead Time,Q1 2027
PRJ-001889-SP03,PRJ-001889,MAT-1002,2027-11-01,50,41,15,420,21000,Partial,Within Lead Time,Q4 2027
PRJ-001890-SP01,PRJ-001890,MAT-1004,2027-04-01,5372,2545,429,27,145044,Partial,Within Lead Time,Q2 2027
PRJ-001890-SP02,PRJ-001890,MAT-1006,2026-08-01,54,39,31,6200,334800,Partial,At Risk,Q3 2026
PRJ-001891-SP01,PRJ-001891,MAT-1010,2028-08-01,76,46,24,980,74480,Partial,Within Lead Time,Q3 2028
PRJ-001891-SP02,PRJ-001891,MAT-1009,2026-09-01,16,12,11,145,2320,Partial,At Risk,Q3 2026
PRJ-001891-SP03,PRJ-001891,MAT-1009,2028-09-01,34,13,5,145,4930,Partial,Within Lead Time,Q3 2028
PRJ-001891-SP04,PRJ-001891,MAT-1007,2027-02-01,70,6,5,14500,1015000,Partial,Within Lead Time,Q1 2027
PRJ-001891-SP05,PRJ-001891,MAT-1004,2028-10-01,6357,4186,2412,27,171639,Partial,Within Lead Time,Q4 2028
PRJ-001891-SP06,PRJ-001891,MAT-1003,2027-12-01,2863,187,106,12,34356,Partial,Within Lead Time,Q4 2027
PRJ-001892-SP01,PRJ-001892,MAT-1012,2028-10-01,73,24,6,68,4964,Partial,Within Lead Time,Q4 2028
PRJ-001892-SP02,PRJ-001892,MAT-1012,2028-07-01,49,3,2,68,3332,Partial,Within Lead Time,Q3 2028
PRJ-001892-SP03,PRJ-001892,MAT-1009,2026-04-01,65,44,26,145,9425,Partial,At Risk,Q2 2026
PRJ-001893-SP01,PRJ-001893,MAT-1010,2028-07-01,22,9,5,980,21560,Partial,Within Lead Time,Q3 2028
PRJ-001893-SP02,PRJ-001893,MAT-1007,2028-03-01,63,30,12,14500,913500,Partial,Within Lead Time,Q1 2028
PRJ-001893-SP03,PRJ-001893,MAT-1003,2026-03-01,6430,238,61,12,77160,Partial,At Risk,Q1 2026
PRJ-001893-SP04,PRJ-001893,MAT-1012,2027-04-01,27,10,6,68,1836,Partial,Within Lead Time,Q2 2027
PRJ-001894-SP01,PRJ-001894,MAT-1005,2026-05-01,10,6,3,26000,260000,Partial,At Risk,Q2 2026
PRJ-001894-SP02,PRJ-001894,MAT-1012,2028-07-01,47,21,18,68,3196,Partial,Within Lead Time,Q3 2028
PRJ-001894-SP03,PRJ-001894,MAT-1002,2028-08-01,37,1,0,420,15540,Partial,Within Lead Time,Q3 2028
PRJ-001894-SP04,PRJ-001894,MAT-1009,2028-02-01,24,2,0,145,3480,Partial,Within Lead Time,Q1 2028
PRJ-001895-SP01,PRJ-001895,MAT-1001,2027-01-01,62,41,6,2100,130200,Partial,Within Lead Time,Q1 2027
PRJ-001895-SP02,PRJ-001895,MAT-1012,2028-07-01,32,12,10,68,2176,Partial,Within Lead Time,Q3 2028
PRJ-001895-SP03,PRJ-001895,MAT-1010,2026-11-01,56,48,12,980,54880,Partial,Within Lead Time,Q4 2026
PRJ-001895-SP04,PRJ-001895,MAT-1011,2027-11-01,79,39,19,130,10270,Partial,Within Lead Time,Q4 2027
PRJ-001895-SP05,PRJ-001895,MAT-1012,2026-08-01,20,11,0,68,1360,Partial,At Risk,Q3 2026
PRJ-001895-SP06,PRJ-001895,MAT-1009,2028-12-01,44,9,0,145,6380,Partial,Within Lead Time,Q4 2028
PRJ-001896-SP01,PRJ-001896,MAT-1006,2027-06-01,80,60,51,6200,496000,Partial,Within Lead Time,Q2 2027
PRJ-001896-SP02,PRJ-001896,MAT-1009,2027-07-01,10,6,1,145,1450,Partial,Within Lead Time,Q3 2027
PRJ-001896-SP03,PRJ-001896,MAT-1001,2026-09-01,60,24,20,2100,126000,Partial,At Risk,Q3 2026
PRJ-001896-SP04,PRJ-001896,MAT-1012,2026-11-01,72,30,7,68,4896,Partial,Within Lead Time,Q4 2026
PRJ-001896-SP05,PRJ-001896,MAT-1005,2026-07-01,12,4,3,26000,312000,Partial,At Risk,Q3 2026
PRJ-001896-SP06,PRJ-001896,MAT-1002,2027-02-01,13,1,0,420,5460,Partial,Within Lead Time,Q1 2027
PRJ-001896-SP07,PRJ-001896,MAT-1008,2027-05-01,49,28,2,19000,931000,Partial,Within Lead Time,Q2 2027
PRJ-001897-SP01,PRJ-001897,MAT-1001,2026-10-01,64,30,8,2100,134400,Partial,At Risk,Q4 2026
PRJ-001897-SP02,PRJ-001897,MAT-1001,2026-05-01,13,6,6,2100,27300,Partial,At Risk,Q2 2026
PRJ-001897-SP03,PRJ-001897,MAT-1003,2026-11-01,4964,2653,73,12,59568,Partial,Within Lead Time,Q4 2026
PRJ-001897-SP04,PRJ-001897,MAT-1012,2028-12-01,17,7,1,68,1156,Partial,Within Lead Time,Q4 2028
PRJ-001897-SP05,PRJ-001897,MAT-1009,2026-06-01,61,1,1,145,8845,Partial,At Risk,Q2 2026
PRJ-001897-SP06,PRJ-001897,MAT-1003,2027-01-01,7118,321,300,12,85416,Partial,Within Lead Time,Q1 2027
PRJ-001897-SP07,PRJ-001897,MAT-1008,2028-03-01,16,15,2,19000,304000,Partial,Within Lead Time,Q1 2028
PRJ-001897-SP08,PRJ-001897,MAT-1007,2027-02-01,33,1,1,14500,478500,Partial,Within Lead Time,Q1 2027
PRJ-001898-SP01,PRJ-001898,MAT-1006,2027-11-01,44,18,10,6200,272800,Partial,Within Lead Time,Q4 2027
PRJ-001898-SP02,PRJ-001898,MAT-1002,2027-02-01,29,26,19,420,12180,Partial,Within Lead Time,Q1 2027
PRJ-001898-SP03,PRJ-001898,MAT-1004,2027-04-01,2071,1616,162,27,55917,Partial,Within Lead Time,Q2 2027
PRJ-001898-SP04,PRJ-001898,MAT-1005,2027-07-01,41,5,4,26000,1066000,Partial,Within Lead Time,Q3 2027
PRJ-001898-SP05,PRJ-001898,MAT-1012,2026-11-01,4,2,1,68,272,Partial,Within Lead Time,Q4 2026
PRJ-001898-SP06,PRJ-001898,MAT-1005,2027-10-01,29,8,4,26000,754000,Partial,Within Lead Time,Q4 2027
PRJ-001899-SP01,PRJ-001899,MAT-1012,2028-04-01,3,2,1,68,204,Partial,Within Lead Time,Q2 2028
PRJ-001899-SP02,PRJ-001899,MAT-1003,2027-10-01,9898,8940,7253,12,118776,Partial,Within Lead Time,Q4 2027
PRJ-001899-SP03,PRJ-001899,MAT-1003,2028-02-01,1245,497,16,12,14940,Partial,Within Lead Time,Q1 2028
PRJ-001899-SP04,PRJ-001899,MAT-1003,2026-05-01,564,5,0,12,6768,Partial,At Risk,Q2 2026
PRJ-001899-SP05,PRJ-001899,MAT-1010,2026-07-01,17,2,1,980,16660,Partial,At Risk,Q3 2026
PRJ-001899-SP06,PRJ-001899,MAT-1001,2027-05-01,50,26,6,2100,105000,Partial,Within Lead Time,Q2 2027
PRJ-001899-SP07,PRJ-001899,MAT-1009,2026-02-01,73,61,30,145,10585,Partial,At Risk,Q1 2026
PRJ-001899-SP08,PRJ-001899,MAT-1007,2026-01-01,74,19,8,14500,1073000,Partial,At Risk,Q1 2026
PRJ-001900-SP01,PRJ-001900,MAT-1007,2028-03-01,29,22,11,14500,420500,Partial,Within Lead Time,Q1 2028
PRJ-001900-SP02,PRJ-001900,MAT-1004,2027-07-01,1942,1641,1156,27,52434,Partial,Within Lead Time,Q3 2027
PRJ-001900-SP03,PRJ-001900,MAT-1011,2026-04-01,67,50,27,130,8710,Partial,At Risk,Q2 2026
PRJ-001900-SP04,PRJ-001900,MAT-1002,2026-07-01,25,13,2,420,10500,Partial,At Risk,Q3 2026
PRJ-001900-SP05,PRJ-001900,MAT-1004,2027-02-01,4317,166,92,27,116559,Partial,Within Lead Time,Q1 2027
PRJ-001900-SP06,PRJ-001900,MAT-1004,2028-12-01,2325,1966,1379,27,62775,Partial,Within Lead Time,Q4 2028
PRJ-001900-SP07,PRJ-001900,MAT-1008,2028-12-01,45,23,6,19000,855000,Partial,Within Lead Time,Q4 2028
PRJ-001901-SP01,PRJ-001901,MAT-1001,2027-09-01,48,33,17,2100,100800,Partial,Within Lead Time,Q3 2027
PRJ-001901-SP02,PRJ-001901,MAT-1004,2028-02-01,3361,2226,2174,27,90747,Partial,Within Lead Time,Q1 2028
PRJ-001901-SP03,PRJ-001901,MAT-1005,2029-01-01,77,27,6,26000,2002000,Partial,Within Lead Time,Q1 2029
PRJ-001901-SP04,PRJ-001901,MAT-1010,2028-11-01,10,7,3,980,9800,Partial,Within Lead Time,Q4 2028
PRJ-001901-SP05,PRJ-001901,MAT-1007,2027-11-01,25,25,5,14500,362500,Partial,Within Lead Time,Q4 2027
PRJ-001901-SP06,PRJ-001901,MAT-1005,2026-07-01,7,0,0,26000,182000,Not Reserved,At Risk,Q3 2026
PRJ-001901-SP07,PRJ-001901,MAT-1001,2028-05-01,15,9,9,2100,31500,Partial,Within Lead Time,Q2 2028
PRJ-001901-SP08,PRJ-001901,MAT-1009,2027-01-01,77,26,3,145,11165,Partial,Within Lead Time,Q1 2027
PRJ-001902-SP01,PRJ-001902,MAT-1008,2028-12-01,15,5,3,19000,285000,Partial,Within Lead Time,Q4 2028
PRJ-001902-SP02,PRJ-001902,MAT-1005,2028-11-01,68,42,15,26000,1768000,Partial,Within Lead Time,Q4 2028
PRJ-001902-SP03,PRJ-001902,MAT-1008,2027-08-01,58,37,12,19000,1102000,Partial,Within Lead Time,Q3 2027
PRJ-001902-SP04,PRJ-001902,MAT-1010,2028-08-01,17,9,3,980,16660,Partial,Within Lead Time,Q3 2028
PRJ-001902-SP05,PRJ-001902,MAT-1008,2027-04-01,3,1,1,19000,57000,Partial,Within Lead Time,Q2 2027
PRJ-001902-SP06,PRJ-001902,MAT-1005,2029-01-01,32,1,0,26000,832000,Partial,Within Lead Time,Q1 2029
PRJ-001903-SP01,PRJ-001903,MAT-1003,2027-12-01,3110,1592,298,12,37320,Partial,Within Lead Time,Q4 2027
PRJ-001903-SP02,PRJ-001903,MAT-1007,2027-08-01,38,36,14,14500,551000,Partial,Within Lead Time,Q3 2027
PRJ-001904-SP01,PRJ-001904,MAT-1004,2028-10-01,3572,2730,2101,27,96444,Partial,Within Lead Time,Q4 2028
PRJ-001904-SP02,PRJ-001904,MAT-1011,2026-10-01,38,22,4,130,4940,Partial,Within Lead Time,Q4 2026
PRJ-001904-SP03,PRJ-001904,MAT-1010,2026-08-01,63,41,29,980,61740,Partial,At Risk,Q3 2026
PRJ-001905-SP01,PRJ-001905,MAT-1005,2026-12-01,55,54,27,26000,1430000,Partial,At Risk,Q4 2026
PRJ-001905-SP02,PRJ-001905,MAT-1001,2027-07-01,12,12,8,2100,25200,Partial,Within Lead Time,Q3 2027
PRJ-001905-SP03,PRJ-001905,MAT-1007,2027-02-01,54,13,6,14500,783000,Partial,Within Lead Time,Q1 2027
PRJ-001905-SP04,PRJ-001905,MAT-1003,2026-08-01,5004,3698,102,12,60048,Partial,At Risk,Q3 2026
PRJ-001906-SP01,PRJ-001906,MAT-1001,2028-06-01,38,38,19,2100,79800,Partial,Within Lead Time,Q2 2028
PRJ-001906-SP02,PRJ-001906,MAT-1010,2028-02-01,3,3,2,980,2940,Partial,Within Lead Time,Q1 2028
PRJ-001906-SP03,PRJ-001906,MAT-1006,2028-01-01,42,2,2,6200,260400,Partial,Within Lead Time,Q1 2028
PRJ-001906-SP04,PRJ-001906,MAT-1004,2028-10-01,5994,5795,2152,27,161838,Partial,Within Lead Time,Q4 2028
PRJ-001906-SP05,PRJ-001906,MAT-1001,2027-08-01,50,30,4,2100,105000,Partial,Within Lead Time,Q3 2027
PRJ-001906-SP06,PRJ-001906,MAT-1001,2026-01-01,73,29,1,2100,153300,Partial,At Risk,Q1 2026
PRJ-001906-SP07,PRJ-001906,MAT-1011,2027-11-01,34,4,3,130,4420,Partial,Within Lead Time,Q4 2027
PRJ-001907-SP01,PRJ-001907,MAT-1004,2027-04-01,1937,1870,1728,27,52299,Partial,Within Lead Time,Q2 2027
PRJ-001907-SP02,PRJ-001907,MAT-1012,2027-04-01,72,26,6,68,4896,Partial,Within Lead Time,Q2 2027
PRJ-001907-SP03,PRJ-001907,MAT-1001,2027-12-01,31,25,13,2100,65100,Partial,Within Lead Time,Q4 2027
PRJ-001907-SP04,PRJ-001907,MAT-1003,2029-01-01,2451,1720,1181,12,29412,Partial,Within Lead Time,Q1 2029
PRJ-001908-SP01,PRJ-001908,MAT-1006,2027-08-01,55,21,16,6200,341000,Partial,Within Lead Time,Q3 2027
PRJ-001908-SP02,PRJ-001908,MAT-1004,2026-04-01,6591,3874,697,27,177957,Partial,At Risk,Q2 2026
PRJ-001909-SP01,PRJ-001909,MAT-1012,2028-12-01,11,8,6,68,748,Partial,Within Lead Time,Q4 2028
PRJ-001909-SP02,PRJ-001909,MAT-1004,2028-05-01,6543,5183,4563,27,176661,Partial,Within Lead Time,Q2 2028
PRJ-001909-SP03,PRJ-001909,MAT-1010,2028-03-01,59,40,18,980,57820,Partial,Within Lead Time,Q1 2028
PRJ-001909-SP04,PRJ-001909,MAT-1002,2026-11-01,43,19,2,420,18060,Partial,Within Lead Time,Q4 2026
PRJ-001909-SP05,PRJ-001909,MAT-1012,2028-02-01,7,1,1,68,476,Partial,Within Lead Time,Q1 2028
PRJ-001910-SP01,PRJ-001910,MAT-1002,2027-06-01,28,6,2,420,11760,Partial,Within Lead Time,Q2 2027
PRJ-001910-SP02,PRJ-001910,MAT-1006,2027-07-01,15,15,12,6200,93000,Partial,Within Lead Time,Q3 2027
PRJ-001910-SP03,PRJ-001910,MAT-1001,2026-06-01,32,17,10,2100,67200,Partial,At Risk,Q2 2026
PRJ-001910-SP04,PRJ-001910,MAT-1002,2027-02-01,41,18,9,420,17220,Partial,Within Lead Time,Q1 2027
PRJ-001910-SP05,PRJ-001910,MAT-1003,2027-12-01,6827,1907,165,12,81924,Partial,Within Lead Time,Q4 2027
PRJ-001910-SP06,PRJ-001910,MAT-1010,2028-10-01,78,17,14,980,76440,Partial,Within Lead Time,Q4 2028
PRJ-001911-SP01,PRJ-001911,MAT-1007,2028-03-01,37,31,23,14500,536500,Partial,Within Lead Time,Q1 2028
PRJ-001911-SP02,PRJ-001911,MAT-1007,2026-06-01,32,6,1,14500,464000,Partial,At Risk,Q2 2026
PRJ-001911-SP03,PRJ-001911,MAT-1001,2027-05-01,50,23,1,2100,105000,Partial,Within Lead Time,Q2 2027
PRJ-001911-SP04,PRJ-001911,MAT-1002,2027-11-01,49,33,5,420,20580,Partial,Within Lead Time,Q4 2027
PRJ-001911-SP05,PRJ-001911,MAT-1002,2028-07-01,58,26,23,420,24360,Partial,Within Lead Time,Q3 2028
PRJ-001911-SP06,PRJ-001911,MAT-1006,2028-08-01,79,55,28,6200,489800,Partial,Within Lead Time,Q3 2028
PRJ-001911-SP07,PRJ-001911,MAT-1006,2028-03-01,62,30,18,6200,384400,Partial,Within Lead Time,Q1 2028
PRJ-001911-SP08,PRJ-001911,MAT-1009,2027-04-01,32,7,4,145,4640,Partial,Within Lead Time,Q2 2027
PRJ-001912-SP01,PRJ-001912,MAT-1012,2028-09-01,48,27,14,68,3264,Partial,Within Lead Time,Q3 2028
PRJ-001912-SP02,PRJ-001912,MAT-1004,2026-02-01,6854,3759,2113,27,185058,Partial,At Risk,Q1 2026
PRJ-001912-SP03,PRJ-001912,MAT-1004,2029-01-01,843,515,183,27,22761,Partial,Within Lead Time,Q1 2029
PRJ-001913-SP01,PRJ-001913,MAT-1009,2026-10-01,75,40,6,145,10875,Partial,Within Lead Time,Q4 2026
PRJ-001913-SP02,PRJ-001913,MAT-1008,2028-01-01,28,10,6,19000,532000,Partial,Within Lead Time,Q1 2028
PRJ-001913-SP03,PRJ-001913,MAT-1009,2026-12-01,43,25,19,145,6235,Partial,Within Lead Time,Q4 2026
PRJ-001913-SP04,PRJ-001913,MAT-1008,2027-06-01,51,36,14,19000,969000,Partial,Within Lead Time,Q2 2027
PRJ-001914-SP01,PRJ-001914,MAT-1007,2026-05-01,7,3,0,14500,101500,Partial,At Risk,Q2 2026
PRJ-001914-SP02,PRJ-001914,MAT-1008,2028-11-01,21,4,2,19000,399000,Partial,Within Lead Time,Q4 2028
PRJ-001914-SP03,PRJ-001914,MAT-1009,2028-09-01,19,8,3,145,2755,Partial,Within Lead Time,Q3 2028
PRJ-001914-SP04,PRJ-001914,MAT-1003,2026-06-01,4117,1452,524,12,49404,Partial,At Risk,Q2 2026
PRJ-001914-SP05,PRJ-001914,MAT-1011,2026-11-01,53,25,19,130,6890,Partial,Within Lead Time,Q4 2026
PRJ-001915-SP01,PRJ-001915,MAT-1001,2026-01-01,29,21,3,2100,60900,Partial,At Risk,Q1 2026
PRJ-001915-SP02,PRJ-001915,MAT-1010,2028-11-01,44,36,36,980,43120,Partial,Within Lead Time,Q4 2028
PRJ-001915-SP03,PRJ-001915,MAT-1007,2027-05-01,55,53,9,14500,797500,Partial,Within Lead Time,Q2 2027
PRJ-001915-SP04,PRJ-001915,MAT-1011,2026-06-01,73,27,5,130,9490,Partial,At Risk,Q2 2026
PRJ-001915-SP05,PRJ-001915,MAT-1008,2027-03-01,31,13,2,19000,589000,Partial,Within Lead Time,Q1 2027
PRJ-001916-SP01,PRJ-001916,MAT-1001,2028-09-01,70,8,8,2100,147000,Partial,Within Lead Time,Q3 2028
PRJ-001916-SP02,PRJ-001916,MAT-1012,2027-12-01,13,4,2,68,884,Partial,Within Lead Time,Q4 2027
PRJ-001916-SP03,PRJ-001916,MAT-1012,2026-02-01,65,48,34,68,4420,Partial,At Risk,Q1 2026
PRJ-001916-SP04,PRJ-001916,MAT-1009,2027-01-01,10,4,4,145,1450,Partial,Within Lead Time,Q1 2027
PRJ-001916-SP05,PRJ-001916,MAT-1001,2028-09-01,14,1,0,2100,29400,Partial,Within Lead Time,Q3 2028
PRJ-001916-SP06,PRJ-001916,MAT-1005,2027-10-01,57,8,2,26000,1482000,Partial,Within Lead Time,Q4 2027
PRJ-001916-SP07,PRJ-001916,MAT-1011,2027-01-01,4,2,1,130,520,Partial,Within Lead Time,Q1 2027
PRJ-001916-SP08,PRJ-001916,MAT-1001,2028-09-01,64,21,8,2100,134400,Partial,Within Lead Time,Q3 2028
PRJ-001917-SP01,PRJ-001917,MAT-1004,2026-06-01,918,846,503,27,24786,Partial,At Risk,Q2 2026
PRJ-001917-SP02,PRJ-001917,MAT-1003,2028-09-01,7669,3556,1644,12,92028,Partial,Within Lead Time,Q3 2028
PRJ-001917-SP03,PRJ-001917,MAT-1003,2027-06-01,3844,167,134,12,46128,Partial,Within Lead Time,Q2 2027
PRJ-001917-SP04,PRJ-001917,MAT-1002,2026-09-01,68,64,53,420,28560,Partial,At Risk,Q3 2026
PRJ-001918-SP01,PRJ-001918,MAT-1007,2028-11-01,80,69,15,14500,1160000,Partial,Within Lead Time,Q4 2028
PRJ-001918-SP02,PRJ-001918,MAT-1002,2027-01-01,79,13,1,420,33180,Partial,Within Lead Time,Q1 2027
PRJ-001918-SP03,PRJ-001918,MAT-1006,2027-05-01,6,2,1,6200,37200,Partial,Within Lead Time,Q2 2027
PRJ-001918-SP04,PRJ-001918,MAT-1005,2027-08-01,64,37,12,26000,1664000,Partial,Within Lead Time,Q3 2027
PRJ-001918-SP05,PRJ-001918,MAT-1001,2029-01-01,16,4,3,2100,33600,Partial,Within Lead Time,Q1 2029
PRJ-001919-SP01,PRJ-001919,MAT-1009,2027-10-01,45,25,16,145,6525,Partial,Within Lead Time,Q4 2027
PRJ-001919-SP02,PRJ-001919,MAT-1012,2026-12-01,67,53,34,68,4556,Partial,Within Lead Time,Q4 2026
PRJ-001919-SP03,PRJ-001919,MAT-1004,2026-10-01,6809,1479,1418,27,183843,Partial,At Risk,Q4 2026
PRJ-001920-SP01,PRJ-001920,MAT-1002,2026-12-01,18,14,2,420,7560,Partial,Within Lead Time,Q4 2026
PRJ-001920-SP02,PRJ-001920,MAT-1005,2027-06-01,7,1,1,26000,182000,Partial,Within Lead Time,Q2 2027
PRJ-001921-SP01,PRJ-001921,MAT-1007,2028-10-01,2,1,1,14500,29000,Partial,Within Lead Time,Q4 2028
PRJ-001921-SP02,PRJ-001921,MAT-1010,2028-09-01,73,59,10,980,71540,Partial,Within Lead Time,Q3 2028
PRJ-001921-SP03,PRJ-001921,MAT-1006,2028-02-01,42,8,1,6200,260400,Partial,Within Lead Time,Q1 2028
PRJ-001921-SP04,PRJ-001921,MAT-1001,2026-03-01,45,8,8,2100,94500,Partial,At Risk,Q1 2026
PRJ-001922-SP01,PRJ-001922,MAT-1001,2028-05-01,61,59,41,2100,128100,Partial,Within Lead Time,Q2 2028
PRJ-001922-SP02,PRJ-001922,MAT-1009,2028-02-01,4,4,2,145,580,Partial,Within Lead Time,Q1 2028
PRJ-001922-SP03,PRJ-001922,MAT-1004,2026-03-01,7512,2760,1406,27,202824,Partial,At Risk,Q1 2026
PRJ-001922-SP04,PRJ-001922,MAT-1010,2026-08-01,26,4,4,980,25480,Partial,At Risk,Q3 2026
PRJ-001922-SP05,PRJ-001922,MAT-1007,2026-06-01,8,1,1,14500,116000,Partial,At Risk,Q2 2026
PRJ-001923-SP01,PRJ-001923,MAT-1007,2027-11-01,3,0,0,14500,43500,Not Reserved,Within Lead Time,Q4 2027
PRJ-001923-SP02,PRJ-001923,MAT-1010,2026-04-01,61,36,27,980,59780,Partial,At Risk,Q2 2026
PRJ-001923-SP03,PRJ-001923,MAT-1007,2026-03-01,80,49,2,14500,1160000,Partial,At Risk,Q1 2026
PRJ-001924-SP01,PRJ-001924,MAT-1008,2026-10-01,8,5,1,19000,152000,Partial,At Risk,Q4 2026
PRJ-001924-SP02,PRJ-001924,MAT-1012,2027-11-01,78,43,8,68,5304,Partial,Within Lead Time,Q4 2027
PRJ-001924-SP03,PRJ-001924,MAT-1010,2026-02-01,75,22,9,980,73500,Partial,At Risk,Q1 2026
PRJ-001924-SP04,PRJ-001924,MAT-1009,2027-10-01,78,20,14,145,11310,Partial,Within Lead Time,Q4 2027
PRJ-001924-SP05,PRJ-001924,MAT-1011,2026-06-01,24,12,1,130,3120,Partial,At Risk,Q2 2026
PRJ-001924-SP06,PRJ-001924,MAT-1002,2026-11-01,44,25,24,420,18480,Partial,Within Lead Time,Q4 2026
PRJ-001925-SP01,PRJ-001925,MAT-1001,2026-04-01,76,64,27,2100,159600,Partial,At Risk,Q2 2026
PRJ-001925-SP02,PRJ-001925,MAT-1004,2027-07-01,2355,2108,54,27,63585,Partial,Within Lead Time,Q3 2027
PRJ-001925-SP03,PRJ-001925,MAT-1001,2027-12-01,75,51,21,2100,157500,Partial,Within Lead Time,Q4 2027
PRJ-001925-SP04,PRJ-001925,MAT-1007,2026-11-01,80,65,1,14500,1160000,Partial,At Risk,Q4 2026
PRJ-001926-SP01,PRJ-001926,MAT-1008,2026-01-01,24,7,4,19000,456000,Partial,At Risk,Q1 2026
PRJ-001926-SP02,PRJ-001926,MAT-1005,2027-01-01,69,3,2,26000,1794000,Partial,Within Lead Time,Q1 2027
PRJ-001927-SP01,PRJ-001927,MAT-1008,2026-07-01,6,5,3,19000,114000,Partial,At Risk,Q3 2026
PRJ-001927-SP02,PRJ-001927,MAT-1007,2027-02-01,33,5,1,14500,478500,Partial,Within Lead Time,Q1 2027
PRJ-001927-SP03,PRJ-001927,MAT-1004,2026-10-01,7445,2031,1304,27,201015,Partial,At Risk,Q4 2026
PRJ-001927-SP04,PRJ-001927,MAT-1005,2028-08-01,37,1,0,26000,962000,Partial,Within Lead Time,Q3 2028
PRJ-001927-SP05,PRJ-001927,MAT-1003,2028-07-01,1071,956,419,12,12852,Partial,Within Lead Time,Q3 2028
PRJ-001928-SP01,PRJ-001928,MAT-1006,2027-01-01,5,4,0,6200,31000,Partial,Within Lead Time,Q1 2027
PRJ-001928-SP02,PRJ-001928,MAT-1010,2026-05-01,50,42,23,980,49000,Partial,At Risk,Q2 2026
PRJ-001928-SP03,PRJ-001928,MAT-1010,2028-03-01,34,28,3,980,33320,Partial,Within Lead Time,Q1 2028
PRJ-001929-SP01,PRJ-001929,MAT-1010,2027-03-01,61,17,11,980,59780,Partial,Within Lead Time,Q1 2027
PRJ-001929-SP02,PRJ-001929,MAT-1012,2027-02-01,9,3,1,68,612,Partial,Within Lead Time,Q1 2027
PRJ-001929-SP03,PRJ-001929,MAT-1001,2027-11-01,3,1,0,2100,6300,Partial,Within Lead Time,Q4 2027
PRJ-001929-SP04,PRJ-001929,MAT-1008,2026-09-01,68,27,19,19000,1292000,Partial,At Risk,Q3 2026
PRJ-001929-SP05,PRJ-001929,MAT-1005,2026-08-01,35,7,2,26000,910000,Partial,At Risk,Q3 2026
PRJ-001929-SP06,PRJ-001929,MAT-1010,2026-10-01,4,2,0,980,3920,Partial,At Risk,Q4 2026
PRJ-001929-SP07,PRJ-001929,MAT-1001,2028-05-01,25,10,9,2100,52500,Partial,Within Lead Time,Q2 2028
PRJ-001930-SP01,PRJ-001930,MAT-1009,2027-07-01,78,66,46,145,11310,Partial,Within Lead Time,Q3 2027
PRJ-001930-SP02,PRJ-001930,MAT-1011,2026-03-01,36,23,6,130,4680,Partial,At Risk,Q1 2026
PRJ-001931-SP01,PRJ-001931,MAT-1006,2026-05-01,6,4,0,6200,37200,Partial,At Risk,Q2 2026
PRJ-001931-SP02,PRJ-001931,MAT-1010,2026-02-01,61,51,30,980,59780,Partial,At Risk,Q1 2026
PRJ-001931-SP03,PRJ-001931,MAT-1004,2026-08-01,8311,4358,414,27,224397,Partial,At Risk,Q3 2026
PRJ-001931-SP04,PRJ-001931,MAT-1006,2026-12-01,18,4,4,6200,111600,Partial,Within Lead Time,Q4 2026
PRJ-001931-SP05,PRJ-001931,MAT-1003,2026-08-01,5137,3476,1368,12,61644,Partial,At Risk,Q3 2026
PRJ-001931-SP06,PRJ-001931,MAT-1007,2028-04-01,20,20,17,14500,290000,Partial,Within Lead Time,Q2 2028
PRJ-001931-SP07,PRJ-001931,MAT-1009,2028-10-01,64,53,46,145,9280,Partial,Within Lead Time,Q4 2028
PRJ-001932-SP01,PRJ-001932,MAT-1011,2028-02-01,53,14,7,130,6890,Partial,Within Lead Time,Q1 2028
PRJ-001932-SP02,PRJ-001932,MAT-1004,2027-06-01,1989,384,151,27,53703,Partial,Within Lead Time,Q2 2027
PRJ-001932-SP03,PRJ-001932,MAT-1012,2026-07-01,33,8,4,68,2244,Partial,At Risk,Q3 2026
PRJ-001932-SP04,PRJ-001932,MAT-1006,2026-07-01,37,28,3,6200,229400,Partial,At Risk,Q3 2026
PRJ-001932-SP05,PRJ-001932,MAT-1003,2028-11-01,5408,703,136,12,64896,Partial,Within Lead Time,Q4 2028
PRJ-001933-SP01,PRJ-001933,MAT-1004,2027-08-01,4434,1677,128,27,119718,Partial,Within Lead Time,Q3 2027
PRJ-001933-SP02,PRJ-001933,MAT-1006,2027-11-01,40,18,1,6200,248000,Partial,Within Lead Time,Q4 2027
PRJ-001933-SP03,PRJ-001933,MAT-1010,2028-06-01,18,2,1,980,17640,Partial,Within Lead Time,Q2 2028
PRJ-001933-SP04,PRJ-001933,MAT-1003,2026-08-01,6675,5548,2116,12,80100,Partial,At Risk,Q3 2026
PRJ-001933-SP05,PRJ-001933,MAT-1008,2027-07-01,5,4,1,19000,95000,Partial,Within Lead Time,Q3 2027
PRJ-001933-SP06,PRJ-001933,MAT-1007,2028-09-01,44,37,5,14500,638000,Partial,Within Lead Time,Q3 2028
PRJ-001933-SP07,PRJ-001933,MAT-1002,2028-09-01,70,44,8,420,29400,Partial,Within Lead Time,Q3 2028
PRJ-001934-SP01,PRJ-001934,MAT-1012,2026-11-01,22,3,0,68,1496,Partial,Within Lead Time,Q4 2026
PRJ-001934-SP02,PRJ-001934,MAT-1004,2026-01-01,6653,763,452,27,179631,Partial,At Risk,Q1 2026
PRJ-001934-SP03,PRJ-001934,MAT-1003,2026-12-01,8320,4614,867,12,99840,Partial,Within Lead Time,Q4 2026
PRJ-001934-SP04,PRJ-001934,MAT-1003,2026-04-01,1122,143,19,12,13464,Partial,At Risk,Q2 2026
PRJ-001935-SP01,PRJ-001935,MAT-1002,2028-06-01,49,0,0,420,20580,Not Reserved,Within Lead Time,Q2 2028
PRJ-001935-SP02,PRJ-001935,MAT-1012,2027-02-01,28,16,12,68,1904,Partial,Within Lead Time,Q1 2027
PRJ-001935-SP03,PRJ-001935,MAT-1007,2027-09-01,77,21,19,14500,1116500,Partial,Within Lead Time,Q3 2027
PRJ-001935-SP04,PRJ-001935,MAT-1008,2028-06-01,52,41,24,19000,988000,Partial,Within Lead Time,Q2 2028
PRJ-001935-SP05,PRJ-001935,MAT-1007,2026-08-01,50,13,3,14500,725000,Partial,At Risk,Q3 2026
PRJ-001935-SP06,PRJ-001935,MAT-1011,2028-06-01,7,1,0,130,910,Partial,Within Lead Time,Q2 2028
PRJ-001935-SP07,PRJ-001935,MAT-1008,2028-12-01,13,7,4,19000,247000,Partial,Within Lead Time,Q4 2028
PRJ-001935-SP08,PRJ-001935,MAT-1005,2026-02-01,74,69,44,26000,1924000,Partial,At Risk,Q1 2026
PRJ-001936-SP01,PRJ-001936,MAT-1003,2028-08-01,1546,139,1,12,18552,Partial,Within Lead Time,Q3 2028
PRJ-001936-SP02,PRJ-001936,MAT-1011,2028-06-01,72,66,34,130,9360,Partial,Within Lead Time,Q2 2028
PRJ-001936-SP03,PRJ-001936,MAT-1001,2028-09-01,32,6,4,2100,67200,Partial,Within Lead Time,Q3 2028
PRJ-001936-SP04,PRJ-001936,MAT-1008,2027-11-01,12,0,0,19000,228000,Not Reserved,Within Lead Time,Q4 2027
PRJ-001936-SP05,PRJ-001936,MAT-1004,2027-08-01,8358,556,357,27,225666,Partial,Within Lead Time,Q3 2027
PRJ-001937-SP01,PRJ-001937,MAT-1001,2026-12-01,12,1,0,2100,25200,Partial,Within Lead Time,Q4 2026
PRJ-001937-SP02,PRJ-001937,MAT-1008,2028-03-01,68,55,35,19000,1292000,Partial,Within Lead Time,Q1 2028
PRJ-001937-SP03,PRJ-001937,MAT-1008,2027-04-01,11,7,5,19000,209000,Partial,Within Lead Time,Q2 2027
PRJ-001937-SP04,PRJ-001937,MAT-1012,2027-09-01,27,25,16,68,1836,Partial,Within Lead Time,Q3 2027
PRJ-001937-SP05,PRJ-001937,MAT-1012,2029-01-01,67,30,23,68,4556,Partial,Within Lead Time,Q1 2029
PRJ-001937-SP06,PRJ-001937,MAT-1008,2027-04-01,8,3,1,19000,152000,Partial,Within Lead Time,Q2 2027
PRJ-001937-SP07,PRJ-001937,MAT-1008,2026-02-01,44,29,11,19000,836000,Partial,At Risk,Q1 2026
PRJ-001937-SP08,PRJ-001937,MAT-1012,2027-03-01,59,58,14,68,4012,Partial,Within Lead Time,Q1 2027
PRJ-001938-SP01,PRJ-001938,MAT-1006,2026-11-01,22,15,2,6200,136400,Partial,At Risk,Q4 2026
PRJ-001938-SP02,PRJ-001938,MAT-1004,2026-11-01,8844,928,827,27,238788,Partial,At Risk,Q4 2026
PRJ-001938-SP03,PRJ-001938,MAT-1001,2026-11-01,46,43,31,2100,96600,Partial,Within Lead Time,Q4 2026
PRJ-001938-SP04,PRJ-001938,MAT-1004,2028-10-01,3531,77,19,27,95337,Partial,Within Lead Time,Q4 2028
PRJ-001939-SP01,PRJ-001939,MAT-1007,2027-03-01,69,7,5,14500,1000500,Partial,Within Lead Time,Q1 2027
PRJ-001939-SP02,PRJ-001939,MAT-1012,2027-11-01,41,25,4,68,2788,Partial,Within Lead Time,Q4 2027
PRJ-001939-SP03,PRJ-001939,MAT-1005,2028-04-01,57,22,8,26000,1482000,Partial,Within Lead Time,Q2 2028
PRJ-001939-SP04,PRJ-001939,MAT-1009,2029-01-01,13,5,1,145,1885,Partial,Within Lead Time,Q1 2029
PRJ-001939-SP05,PRJ-001939,MAT-1001,2028-10-01,65,55,54,2100,136500,Partial,Within Lead Time,Q4 2028
PRJ-001939-SP06,PRJ-001939,MAT-1008,2028-02-01,78,41,4,19000,1482000,Partial,Within Lead Time,Q1 2028
PRJ-001939-SP07,PRJ-001939,MAT-1009,2026-02-01,59,17,11,145,8555,Partial,At Risk,Q1 2026
PRJ-001940-SP01,PRJ-001940,MAT-1011,2027-03-01,47,37,34,130,6110,Partial,Within Lead Time,Q1 2027
PRJ-001940-SP02,PRJ-001940,MAT-1011,2027-12-01,78,47,13,130,10140,Partial,Within Lead Time,Q4 2027
PRJ-001940-SP03,PRJ-001940,MAT-1010,2027-09-01,48,7,4,980,47040,Partial,Within Lead Time,Q3 2027
PRJ-001940-SP04,PRJ-001940,MAT-1011,2026-05-01,68,43,41,130,8840,Partial,At Risk,Q2 2026
PRJ-001940-SP05,PRJ-001940,MAT-1007,2028-11-01,70,68,52,14500,1015000,Partial,Within Lead Time,Q4 2028
PRJ-001940-SP06,PRJ-001940,MAT-1009,2027-10-01,10,5,0,145,1450,Partial,Within Lead Time,Q4 2027
PRJ-001941-SP01,PRJ-001941,MAT-1003,2027-11-01,9393,4730,3339,12,112716,Partial,Within Lead Time,Q4 2027
PRJ-001941-SP02,PRJ-001941,MAT-1007,2026-01-01,75,22,19,14500,1087500,Partial,At Risk,Q1 2026
PRJ-001941-SP03,PRJ-001941,MAT-1009,2027-05-01,38,9,4,145,5510,Partial,Within Lead Time,Q2 2027
PRJ-001941-SP04,PRJ-001941,MAT-1011,2027-12-01,42,33,33,130,5460,Partial,Within Lead Time,Q4 2027
PRJ-001941-SP05,PRJ-001941,MAT-1012,2026-01-01,14,9,1,68,952,Partial,At Risk,Q1 2026
PRJ-001941-SP06,PRJ-001941,MAT-1008,2028-04-01,8,2,2,19000,152000,Partial,Within Lead Time,Q2 2028
PRJ-001941-SP07,PRJ-001941,MAT-1012,2026-08-01,70,16,6,68,4760,Partial,At Risk,Q3 2026
PRJ-001941-SP08,PRJ-001941,MAT-1009,2027-12-01,33,31,4,145,4785,Partial,Within Lead Time,Q4 2027
PRJ-001942-SP01,PRJ-001942,MAT-1008,2028-08-01,50,11,0,19000,950000,Partial,Within Lead Time,Q3 2028
PRJ-001942-SP02,PRJ-001942,MAT-1006,2027-07-01,75,11,4,6200,465000,Partial,Within Lead Time,Q3 2027
PRJ-001942-SP03,PRJ-001942,MAT-1012,2026-12-01,5,1,1,68,340,Partial,Within Lead Time,Q4 2026
PRJ-001943-SP01,PRJ-001943,MAT-1005,2027-02-01,74,42,6,26000,1924000,Partial,Within Lead Time,Q1 2027
PRJ-001943-SP02,PRJ-001943,MAT-1005,2028-09-01,70,30,9,26000,1820000,Partial,Within Lead Time,Q3 2028
PRJ-001943-SP03,PRJ-001943,MAT-1001,2026-08-01,37,10,2,2100,77700,Partial,At Risk,Q3 2026
PRJ-001943-SP04,PRJ-001943,MAT-1009,2026-09-01,2,0,0,145,290,Not Reserved,At Risk,Q3 2026
PRJ-001943-SP05,PRJ-001943,MAT-1002,2028-05-01,41,21,4,420,17220,Partial,Within Lead Time,Q2 2028
PRJ-001944-SP01,PRJ-001944,MAT-1003,2027-09-01,1442,1413,55,12,17304,Partial,Within Lead Time,Q3 2027
PRJ-001944-SP02,PRJ-001944,MAT-1011,2028-02-01,62,37,35,130,8060,Partial,Within Lead Time,Q1 2028
PRJ-001944-SP03,PRJ-001944,MAT-1011,2028-10-01,66,46,11,130,8580,Partial,Within Lead Time,Q4 2028
PRJ-001944-SP04,PRJ-001944,MAT-1009,2026-08-01,26,21,0,145,3770,Partial,At Risk,Q3 2026
PRJ-001944-SP05,PRJ-001944,MAT-1005,2026-06-01,18,11,2,26000,468000,Partial,At Risk,Q2 2026
PRJ-001944-SP06,PRJ-001944,MAT-1003,2027-08-01,1590,1580,652,12,19080,Partial,Within Lead Time,Q3 2027
PRJ-001944-SP07,PRJ-001944,MAT-1011,2027-05-01,64,40,9,130,8320,Partial,Within Lead Time,Q2 2027
PRJ-001944-SP08,PRJ-001944,MAT-1007,2028-05-01,55,25,25,14500,797500,Partial,Within Lead Time,Q2 2028
PRJ-001945-SP01,PRJ-001945,MAT-1012,2028-01-01,72,32,31,68,4896,Partial,Within Lead Time,Q1 2028
PRJ-001945-SP02,PRJ-001945,MAT-1005,2028-04-01,58,27,20,26000,1508000,Partial,Within Lead Time,Q2 2028
PRJ-001945-SP03,PRJ-001945,MAT-1008,2027-10-01,71,1,1,19000,1349000,Partial,Within Lead Time,Q4 2027
PRJ-001946-SP01,PRJ-001946,MAT-1006,2026-08-01,72,63,19,6200,446400,Partial,At Risk,Q3 2026
PRJ-001946-SP02,PRJ-001946,MAT-1005,2026-06-01,47,12,10,26000,1222000,Partial,At Risk,Q2 2026
PRJ-001946-SP03,PRJ-001946,MAT-1007,2027-03-01,77,72,1,14500,1116500,Partial,Within Lead Time,Q1 2027
PRJ-001946-SP04,PRJ-001946,MAT-1009,2026-05-01,37,29,10,145,5365,Partial,At Risk,Q2 2026
PRJ-001946-SP05,PRJ-001946,MAT-1006,2028-06-01,69,59,23,6200,427800,Partial,Within Lead Time,Q2 2028
PRJ-001946-SP06,PRJ-001946,MAT-1010,2028-06-01,78,74,38,980,76440,Partial,Within Lead Time,Q2 2028
PRJ-001946-SP07,PRJ-001946,MAT-1003,2028-09-01,1999,1281,311,12,23988,Partial,Within Lead Time,Q3 2028
PRJ-001946-SP08,PRJ-001946,MAT-1006,2028-11-01,35,26,19,6200,217000,Partial,Within Lead Time,Q4 2028
PRJ-001947-SP01,PRJ-001947,MAT-1007,2027-10-01,53,18,15,14500,768500,Partial,Within Lead Time,Q4 2027
PRJ-001947-SP02,PRJ-001947,MAT-1002,2026-06-01,11,10,7,420,4620,Partial,At Risk,Q2 2026
PRJ-001947-SP03,PRJ-001947,MAT-1010,2028-01-01,63,62,47,980,61740,Partial,Within Lead Time,Q1 2028
PRJ-001947-SP04,PRJ-001947,MAT-1006,2026-10-01,5,5,5,6200,31000,Fulfilled,At Risk,Q4 2026
PRJ-001947-SP05,PRJ-001947,MAT-1012,2027-09-01,52,4,1,68,3536,Partial,Within Lead Time,Q3 2027
PRJ-001947-SP06,PRJ-001947,MAT-1007,2026-07-01,63,30,0,14500,913500,Partial,At Risk,Q3 2026
PRJ-001947-SP07,PRJ-001947,MAT-1002,2026-03-01,77,54,49,420,32340,Partial,At Risk,Q1 2026
PRJ-001947-SP08,PRJ-001947,MAT-1008,2028-10-01,77,62,16,19000,1463000,Partial,Within Lead Time,Q4 2028
PRJ-001948-SP01,PRJ-001948,MAT-1002,2026-12-01,26,26,9,420,10920,Partial,Within Lead Time,Q4 2026
PRJ-001948-SP02,PRJ-001948,MAT-1010,2028-10-01,38,6,5,980,37240,Partial,Within Lead Time,Q4 2028
PRJ-001948-SP03,PRJ-001948,MAT-1002,2027-10-01,57,53,4,420,23940,Partial,Within Lead Time,Q4 2027
PRJ-001948-SP04,PRJ-001948,MAT-1004,2028-10-01,5058,2877,1876,27,136566,Partial,Within Lead Time,Q4 2028
PRJ-001948-SP05,PRJ-001948,MAT-1010,2028-08-01,73,66,28,980,71540,Partial,Within Lead Time,Q3 2028
PRJ-001949-SP01,PRJ-001949,MAT-1001,2029-01-01,55,39,22,2100,115500,Partial,Within Lead Time,Q1 2029
PRJ-001949-SP02,PRJ-001949,MAT-1002,2027-11-01,62,27,23,420,26040,Partial,Within Lead Time,Q4 2027
PRJ-001949-SP03,PRJ-001949,MAT-1012,2026-09-01,26,11,5,68,1768,Partial,At Risk,Q3 2026
PRJ-001949-SP04,PRJ-001949,MAT-1009,2028-12-01,53,16,8,145,7685,Partial,Within Lead Time,Q4 2028
PRJ-001949-SP05,PRJ-001949,MAT-1003,2029-01-01,4704,3335,2776,12,56448,Partial,Within Lead Time,Q1 2029
PRJ-001949-SP06,PRJ-001949,MAT-1003,2027-11-01,4248,3325,737,12,50976,Partial,Within Lead Time,Q4 2027
PRJ-001949-SP07,PRJ-001949,MAT-1001,2027-03-01,37,30,17,2100,77700,Partial,Within Lead Time,Q1 2027
PRJ-001950-SP01,PRJ-001950,MAT-1005,2027-08-01,35,29,9,26000,910000,Partial,Within Lead Time,Q3 2027
PRJ-001950-SP02,PRJ-001950,MAT-1008,2026-02-01,26,18,8,19000,494000,Partial,At Risk,Q1 2026
PRJ-001950-SP03,PRJ-001950,MAT-1009,2027-05-01,74,33,4,145,10730,Partial,Within Lead Time,Q2 2027
PRJ-001950-SP04,PRJ-001950,MAT-1001,2028-05-01,12,1,0,2100,25200,Partial,Within Lead Time,Q2 2028
PRJ-001950-SP05,PRJ-001950,MAT-1002,2028-06-01,58,28,27,420,24360,Partial,Within Lead Time,Q2 2028
PRJ-001951-SP01,PRJ-001951,MAT-1010,2027-01-01,68,62,37,980,66640,Partial,Within Lead Time,Q1 2027
PRJ-001951-SP02,PRJ-001951,MAT-1001,2028-12-01,3,2,2,2100,6300,Partial,Within Lead Time,Q4 2028
PRJ-001951-SP03,PRJ-001951,MAT-1010,2028-07-01,40,16,12,980,39200,Partial,Within Lead Time,Q3 2028
PRJ-001951-SP04,PRJ-001951,MAT-1002,2028-05-01,6,1,1,420,2520,Partial,Within Lead Time,Q2 2028
PRJ-001951-SP05,PRJ-001951,MAT-1001,2028-08-01,66,59,57,2100,138600,Partial,Within Lead Time,Q3 2028
PRJ-001951-SP06,PRJ-001951,MAT-1010,2026-03-01,71,46,14,980,69580,Partial,At Risk,Q1 2026
PRJ-001952-SP01,PRJ-001952,MAT-1006,2028-02-01,11,9,7,6200,68200,Partial,Within Lead Time,Q1 2028
PRJ-001952-SP02,PRJ-001952,MAT-1004,2026-04-01,6715,2666,1917,27,181305,Partial,At Risk,Q2 2026
PRJ-001952-SP03,PRJ-001952,MAT-1011,2028-05-01,60,23,9,130,7800,Partial,Within Lead Time,Q2 2028
PRJ-001952-SP04,PRJ-001952,MAT-1005,2027-07-01,47,10,9,26000,1222000,Partial,Within Lead Time,Q3 2027
PRJ-001952-SP05,PRJ-001952,MAT-1006,2028-09-01,68,58,25,6200,421600,Partial,Within Lead Time,Q3 2028
PRJ-001952-SP06,PRJ-001952,MAT-1006,2026-11-01,46,38,14,6200,285200,Partial,At Risk,Q4 2026
PRJ-001952-SP07,PRJ-001952,MAT-1011,2028-09-01,68,56,6,130,8840,Partial,Within Lead Time,Q3 2028
PRJ-001952-SP08,PRJ-001952,MAT-1010,2026-09-01,25,7,5,980,24500,Partial,At Risk,Q3 2026
PRJ-001953-SP01,PRJ-001953,MAT-1010,2029-01-01,73,52,47,980,71540,Partial,Within Lead Time,Q1 2029
PRJ-001953-SP02,PRJ-001953,MAT-1005,2028-07-01,12,1,0,26000,312000,Partial,Within Lead Time,Q3 2028
PRJ-001953-SP03,PRJ-001953,MAT-1010,2027-04-01,19,11,11,980,18620,Partial,Within Lead Time,Q2 2027
PRJ-001953-SP04,PRJ-001953,MAT-1010,2028-12-01,27,20,12,980,26460,Partial,Within Lead Time,Q4 2028
PRJ-001953-SP05,PRJ-001953,MAT-1006,2027-03-01,61,52,49,6200,378200,Partial,Within Lead Time,Q1 2027
PRJ-001953-SP06,PRJ-001953,MAT-1010,2026-01-01,55,20,9,980,53900,Partial,At Risk,Q1 2026
PRJ-001953-SP07,PRJ-001953,MAT-1006,2028-07-01,76,52,3,6200,471200,Partial,Within Lead Time,Q3 2028
PRJ-001954-SP01,PRJ-001954,MAT-1005,2026-05-01,69,30,30,26000,1794000,Partial,At Risk,Q2 2026
PRJ-001954-SP02,PRJ-001954,MAT-1002,2027-03-01,49,19,6,420,20580,Partial,Within Lead Time,Q1 2027
PRJ-001954-SP03,PRJ-001954,MAT-1009,2027-03-01,67,32,9,145,9715,Partial,Within Lead Time,Q1 2027
PRJ-001954-SP04,PRJ-001954,MAT-1004,2028-10-01,7810,4317,81,27,210870,Partial,Within Lead Time,Q4 2028
PRJ-001955-SP01,PRJ-001955,MAT-1001,2029-01-01,39,3,1,2100,81900,Partial,Within Lead Time,Q1 2029
PRJ-001955-SP02,PRJ-001955,MAT-1012,2027-07-01,74,58,45,68,5032,Partial,Within Lead Time,Q3 2027
PRJ-001955-SP03,PRJ-001955,MAT-1003,2028-04-01,3516,2958,2427,12,42192,Partial,Within Lead Time,Q2 2028
PRJ-001955-SP04,PRJ-001955,MAT-1007,2027-08-01,58,27,13,14500,841000,Partial,Within Lead Time,Q3 2027
PRJ-001955-SP05,PRJ-001955,MAT-1010,2027-12-01,69,23,3,980,67620,Partial,Within Lead Time,Q4 2027
PRJ-001955-SP06,PRJ-001955,MAT-1003,2027-04-01,3140,772,578,12,37680,Partial,Within Lead Time,Q2 2027
PRJ-001956-SP01,PRJ-001956,MAT-1006,2026-11-01,20,7,2,6200,124000,Partial,At Risk,Q4 2026
PRJ-001956-SP02,PRJ-001956,MAT-1005,2026-08-01,4,2,1,26000,104000,Partial,At Risk,Q3 2026
PRJ-001956-SP03,PRJ-001956,MAT-1005,2027-03-01,30,18,11,26000,780000,Partial,Within Lead Time,Q1 2027
PRJ-001956-SP04,PRJ-001956,MAT-1010,2028-05-01,66,63,1,980,64680,Partial,Within Lead Time,Q2 2028
PRJ-001956-SP05,PRJ-001956,MAT-1011,2029-01-01,20,2,1,130,2600,Partial,Within Lead Time,Q1 2029
PRJ-001956-SP06,PRJ-001956,MAT-1006,2028-10-01,3,0,0,6200,18600,Not Reserved,Within Lead Time,Q4 2028
PRJ-001956-SP07,PRJ-001956,MAT-1008,2028-03-01,43,29,5,19000,817000,Partial,Within Lead Time,Q1 2028
PRJ-001957-SP01,PRJ-001957,MAT-1003,2026-08-01,3097,753,159,12,37164,Partial,At Risk,Q3 2026
PRJ-001957-SP02,PRJ-001957,MAT-1009,2029-01-01,77,19,4,145,11165,Partial,Within Lead Time,Q1 2029
PRJ-001957-SP03,PRJ-001957,MAT-1006,2028-02-01,27,6,2,6200,167400,Partial,Within Lead Time,Q1 2028
PRJ-001957-SP04,PRJ-001957,MAT-1012,2026-02-01,26,3,2,68,1768,Partial,At Risk,Q1 2026
PRJ-001957-SP05,PRJ-001957,MAT-1001,2027-06-01,80,41,15,2100,168000,Partial,Within Lead Time,Q2 2027
PRJ-001957-SP06,PRJ-001957,MAT-1003,2028-04-01,7140,5217,1426,12,85680,Partial,Within Lead Time,Q2 2028
PRJ-001958-SP01,PRJ-001958,MAT-1012,2026-11-01,67,65,5,68,4556,Partial,Within Lead Time,Q4 2026
PRJ-001958-SP02,PRJ-001958,MAT-1004,2027-11-01,4384,770,649,27,118368,Partial,Within Lead Time,Q4 2027
PRJ-001958-SP03,PRJ-001958,MAT-1003,2026-03-01,8354,8313,7156,12,100248,Partial,At Risk,Q1 2026
PRJ-001958-SP04,PRJ-001958,MAT-1003,2028-01-01,905,443,96,12,10860,Partial,Within Lead Time,Q1 2028
PRJ-001959-SP01,PRJ-001959,MAT-1012,2026-12-01,44,33,6,68,2992,Partial,Within Lead Time,Q4 2026
PRJ-001959-SP02,PRJ-001959,MAT-1005,2027-11-01,15,10,5,26000,390000,Partial,Within Lead Time,Q4 2027
PRJ-001959-SP03,PRJ-001959,MAT-1012,2026-11-01,75,66,6,68,5100,Partial,Within Lead Time,Q4 2026
PRJ-001959-SP04,PRJ-001959,MAT-1010,2027-02-01,18,16,10,980,17640,Partial,Within Lead Time,Q1 2027
PRJ-001959-SP05,PRJ-001959,MAT-1010,2028-07-01,20,17,7,980,19600,Partial,Within Lead Time,Q3 2028
PRJ-001959-SP06,PRJ-001959,MAT-1006,2027-12-01,55,32,31,6200,341000,Partial,Within Lead Time,Q4 2027
PRJ-001959-SP07,PRJ-001959,MAT-1008,2027-12-01,70,26,25,19000,1330000,Partial,Within Lead Time,Q4 2027
PRJ-001960-SP01,PRJ-001960,MAT-1008,2028-12-01,39,31,10,19000,741000,Partial,Within Lead Time,Q4 2028
PRJ-001960-SP02,PRJ-001960,MAT-1002,2026-10-01,9,4,2,420,3780,Partial,Within Lead Time,Q4 2026
PRJ-001960-SP03,PRJ-001960,MAT-1006,2026-04-01,45,41,24,6200,279000,Partial,At Risk,Q2 2026
PRJ-001960-SP04,PRJ-001960,MAT-1012,2027-06-01,58,49,31,68,3944,Partial,Within Lead Time,Q2 2027
PRJ-001960-SP05,PRJ-001960,MAT-1010,2026-07-01,15,8,8,980,14700,Partial,At Risk,Q3 2026
PRJ-001960-SP06,PRJ-001960,MAT-1008,2026-06-01,32,0,0,19000,608000,Not Reserved,At Risk,Q2 2026
PRJ-001960-SP07,PRJ-001960,MAT-1009,2026-08-01,46,11,6,145,6670,Partial,At Risk,Q3 2026
PRJ-001961-SP01,PRJ-001961,MAT-1010,2028-11-01,70,34,18,980,68600,Partial,Within Lead Time,Q4 2028
PRJ-001961-SP02,PRJ-001961,MAT-1012,2026-04-01,7,3,1,68,476,Partial,At Risk,Q2 2026
PRJ-001961-SP03,PRJ-001961,MAT-1008,2026-07-01,13,4,2,19000,247000,Partial,At Risk,Q3 2026
PRJ-001961-SP04,PRJ-001961,MAT-1002,2026-10-01,51,30,12,420,21420,Partial,Within Lead Time,Q4 2026
PRJ-001961-SP05,PRJ-001961,MAT-1012,2028-07-01,20,17,5,68,1360,Partial,Within Lead Time,Q3 2028
PRJ-001961-SP06,PRJ-001961,MAT-1004,2026-02-01,5493,4304,3219,27,148311,Partial,At Risk,Q1 2026
PRJ-001962-SP01,PRJ-001962,MAT-1008,2026-03-01,67,26,20,19000,1273000,Partial,At Risk,Q1 2026
PRJ-001962-SP02,PRJ-001962,MAT-1010,2026-10-01,44,43,39,980,43120,Partial,At Risk,Q4 2026
PRJ-001962-SP03,PRJ-001962,MAT-1011,2028-12-01,13,0,0,130,1690,Not Reserved,Within Lead Time,Q4 2028
PRJ-001962-SP04,PRJ-001962,MAT-1005,2026-10-01,44,20,11,26000,1144000,Partial,At Risk,Q4 2026
PRJ-001963-SP01,PRJ-001963,MAT-1004,2029-01-01,1673,840,233,27,45171,Partial,Within Lead Time,Q1 2029
PRJ-001963-SP02,PRJ-001963,MAT-1006,2027-09-01,48,47,29,6200,297600,Partial,Within Lead Time,Q3 2027
PRJ-001963-SP03,PRJ-001963,MAT-1005,2028-04-01,32,31,14,26000,832000,Partial,Within Lead Time,Q2 2028
PRJ-001963-SP04,PRJ-001963,MAT-1007,2026-12-01,58,12,4,14500,841000,Partial,At Risk,Q4 2026
PRJ-001963-SP05,PRJ-001963,MAT-1010,2027-11-01,47,13,7,980,46060,Partial,Within Lead Time,Q4 2027
PRJ-001964-SP01,PRJ-001964,MAT-1005,2028-10-01,16,1,0,26000,416000,Partial,Within Lead Time,Q4 2028
PRJ-001964-SP02,PRJ-001964,MAT-1002,2026-04-01,47,7,1,420,19740,Partial,At Risk,Q2 2026
PRJ-001964-SP03,PRJ-001964,MAT-1003,2027-08-01,1448,511,60,12,17376,Partial,Within Lead Time,Q3 2027
PRJ-001964-SP04,PRJ-001964,MAT-1005,2028-05-01,67,27,7,26000,1742000,Partial,Within Lead Time,Q2 2028
PRJ-001964-SP05,PRJ-001964,MAT-1008,2026-12-01,71,18,6,19000,1349000,Partial,At Risk,Q4 2026
PRJ-001964-SP06,PRJ-001964,MAT-1011,2027-09-01,12,1,1,130,1560,Partial,Within Lead Time,Q3 2027
PRJ-001965-SP01,PRJ-001965,MAT-1006,2026-10-01,32,14,11,6200,198400,Partial,At Risk,Q4 2026
PRJ-001965-SP02,PRJ-001965,MAT-1003,2028-04-01,2507,1453,791,12,30084,Partial,Within Lead Time,Q2 2028
PRJ-001965-SP03,PRJ-001965,MAT-1007,2027-09-01,75,70,29,14500,1087500,Partial,Within Lead Time,Q3 2027
PRJ-001966-SP01,PRJ-001966,MAT-1006,2028-09-01,19,13,11,6200,117800,Partial,Within Lead Time,Q3 2028
PRJ-001966-SP02,PRJ-001966,MAT-1012,2028-11-01,24,13,7,68,1632,Partial,Within Lead Time,Q4 2028
PRJ-001966-SP03,PRJ-001966,MAT-1005,2027-12-01,13,6,2,26000,338000,Partial,Within Lead Time,Q4 2027
PRJ-001966-SP04,PRJ-001966,MAT-1004,2026-02-01,8096,6578,1764,27,218592,Partial,At Risk,Q1 2026
PRJ-001966-SP05,PRJ-001966,MAT-1009,2028-04-01,7,2,1,145,1015,Partial,Within Lead Time,Q2 2028
PRJ-001966-SP06,PRJ-001966,MAT-1012,2028-08-01,69,4,4,68,4692,Partial,Within Lead Time,Q3 2028
PRJ-001966-SP07,PRJ-001966,MAT-1011,2028-06-01,52,4,1,130,6760,Partial,Within Lead Time,Q2 2028
PRJ-001966-SP08,PRJ-001966,MAT-1005,2028-06-01,8,5,4,26000,208000,Partial,Within Lead Time,Q2 2028
PRJ-001967-SP01,PRJ-001967,MAT-1012,2027-01-01,76,36,27,68,5168,Partial,Within Lead Time,Q1 2027
PRJ-001967-SP02,PRJ-001967,MAT-1010,2028-12-01,74,40,32,980,72520,Partial,Within Lead Time,Q4 2028
PRJ-001967-SP03,PRJ-001967,MAT-1009,2026-05-01,30,17,2,145,4350,Partial,At Risk,Q2 2026
PRJ-001967-SP04,PRJ-001967,MAT-1007,2028-12-01,78,21,11,14500,1131000,Partial,Within Lead Time,Q4 2028
PRJ-001967-SP05,PRJ-001967,MAT-1010,2027-03-01,66,48,31,980,64680,Partial,Within Lead Time,Q1 2027
PRJ-001967-SP06,PRJ-001967,MAT-1003,2026-04-01,9312,4490,131,12,111744,Partial,At Risk,Q2 2026
PRJ-001968-SP01,PRJ-001968,MAT-1006,2026-11-01,57,9,5,6200,353400,Partial,At Risk,Q4 2026
PRJ-001968-SP02,PRJ-001968,MAT-1008,2026-02-01,54,53,5,19000,1026000,Partial,At Risk,Q1 2026
PRJ-001969-SP01,PRJ-001969,MAT-1006,2027-03-01,22,2,2,6200,136400,Partial,Within Lead Time,Q1 2027
PRJ-001969-SP02,PRJ-001969,MAT-1007,2027-03-01,76,66,44,14500,1102000,Partial,Within Lead Time,Q1 2027
PRJ-001969-SP03,PRJ-001969,MAT-1002,2028-02-01,24,8,5,420,10080,Partial,Within Lead Time,Q1 2028
PRJ-001970-SP01,PRJ-001970,MAT-1005,2026-12-01,43,34,3,26000,1118000,Partial,At Risk,Q4 2026
PRJ-001970-SP02,PRJ-001970,MAT-1002,2027-09-01,60,51,16,420,25200,Partial,Within Lead Time,Q3 2027
PRJ-001970-SP03,PRJ-001970,MAT-1007,2027-08-01,31,12,3,14500,449500,Partial,Within Lead Time,Q3 2027
PRJ-001970-SP04,PRJ-001970,MAT-1001,2028-07-01,33,5,2,2100,69300,Partial,Within Lead Time,Q3 2028
PRJ-001970-SP05,PRJ-001970,MAT-1010,2028-08-01,69,69,62,980,67620,Partial,Within Lead Time,Q3 2028
PRJ-001970-SP06,PRJ-001970,MAT-1002,2028-11-01,30,7,4,420,12600,Partial,Within Lead Time,Q4 2028
PRJ-001970-SP07,PRJ-001970,MAT-1010,2027-03-01,23,18,5,980,22540,Partial,Within Lead Time,Q1 2027
PRJ-001971-SP01,PRJ-001971,MAT-1009,2026-04-01,68,41,13,145,9860,Partial,At Risk,Q2 2026
PRJ-001971-SP02,PRJ-001971,MAT-1007,2026-03-01,32,16,9,14500,464000,Partial,At Risk,Q1 2026
PRJ-001971-SP03,PRJ-001971,MAT-1001,2028-01-01,35,20,15,2100,73500,Partial,Within Lead Time,Q1 2028
PRJ-001971-SP04,PRJ-001971,MAT-1010,2027-04-01,55,2,1,980,53900,Partial,Within Lead Time,Q2 2027
PRJ-001971-SP05,PRJ-001971,MAT-1001,2026-12-01,29,15,11,2100,60900,Partial,Within Lead Time,Q4 2026
PRJ-001971-SP06,PRJ-001971,MAT-1008,2028-07-01,16,6,1,19000,304000,Partial,Within Lead Time,Q3 2028
PRJ-001972-SP01,PRJ-001972,MAT-1011,2028-10-01,3,1,0,130,390,Partial,Within Lead Time,Q4 2028
PRJ-001972-SP02,PRJ-001972,MAT-1012,2026-11-01,14,3,1,68,952,Partial,Within Lead Time,Q4 2026
PRJ-001972-SP03,PRJ-001972,MAT-1007,2028-01-01,29,19,8,14500,420500,Partial,Within Lead Time,Q1 2028
PRJ-001972-SP04,PRJ-001972,MAT-1010,2026-06-01,18,6,4,980,17640,Partial,At Risk,Q2 2026
PRJ-001972-SP05,PRJ-001972,MAT-1003,2028-02-01,5598,1537,1495,12,67176,Partial,Within Lead Time,Q1 2028
PRJ-001973-SP01,PRJ-001973,MAT-1002,2027-09-01,64,50,1,420,26880,Partial,Within Lead Time,Q3 2027
PRJ-001973-SP02,PRJ-001973,MAT-1007,2027-06-01,40,10,1,14500,580000,Partial,Within Lead Time,Q2 2027
PRJ-001973-SP03,PRJ-001973,MAT-1007,2026-02-01,10,0,0,14500,145000,Not Reserved,At Risk,Q1 2026
PRJ-001973-SP04,PRJ-001973,MAT-1009,2026-02-01,40,15,6,145,5800,Partial,At Risk,Q1 2026
PRJ-001973-SP05,PRJ-001973,MAT-1011,2028-07-01,63,10,5,130,8190,Partial,Within Lead Time,Q3 2028
PRJ-001974-SP01,PRJ-001974,MAT-1003,2026-01-01,6696,1946,1059,12,80352,Partial,At Risk,Q1 2026
PRJ-001974-SP02,PRJ-001974,MAT-1002,2026-09-01,38,8,2,420,15960,Partial,At Risk,Q3 2026
PRJ-001974-SP03,PRJ-001974,MAT-1007,2028-08-01,21,12,9,14500,304500,Partial,Within Lead Time,Q3 2028
PRJ-001974-SP04,PRJ-001974,MAT-1012,2027-02-01,35,31,13,68,2380,Partial,Within Lead Time,Q1 2027
PRJ-001975-SP01,PRJ-001975,MAT-1006,2028-08-01,45,42,16,6200,279000,Partial,Within Lead Time,Q3 2028
PRJ-001975-SP02,PRJ-001975,MAT-1001,2026-12-01,46,15,3,2100,96600,Partial,Within Lead Time,Q4 2026
PRJ-001975-SP03,PRJ-001975,MAT-1002,2027-10-01,28,22,15,420,11760,Partial,Within Lead Time,Q4 2027
PRJ-001975-SP04,PRJ-001975,MAT-1011,2026-06-01,54,24,15,130,7020,Partial,At Risk,Q2 2026
PRJ-001975-SP05,PRJ-001975,MAT-1006,2028-10-01,55,6,4,6200,341000,Partial,Within Lead Time,Q4 2028
PRJ-001975-SP06,PRJ-001975,MAT-1012,2026-11-01,32,24,15,68,2176,Partial,Within Lead Time,Q4 2026
PRJ-001975-SP07,PRJ-001975,MAT-1011,2027-04-01,57,16,4,130,7410,Partial,Within Lead Time,Q2 2027
PRJ-001975-SP08,PRJ-001975,MAT-1010,2027-03-01,49,4,1,980,48020,Partial,Within Lead Time,Q1 2027
PRJ-001976-SP01,PRJ-001976,MAT-1004,2026-11-01,8316,1336,637,27,224532,Partial,At Risk,Q4 2026
PRJ-001976-SP02,PRJ-001976,MAT-1011,2028-10-01,40,14,13,130,5200,Partial,Within Lead Time,Q4 2028
PRJ-001976-SP03,PRJ-001976,MAT-1009,2026-12-01,74,45,7,145,10730,Partial,Within Lead Time,Q4 2026
PRJ-001976-SP04,PRJ-001976,MAT-1010,2028-05-01,62,56,24,980,60760,Partial,Within Lead Time,Q2 2028
PRJ-001977-SP01,PRJ-001977,MAT-1001,2028-02-01,41,13,3,2100,86100,Partial,Within Lead Time,Q1 2028
